college_code,college_name,district,college_type,branch_code,branch_name,oc,bc,bcm,mbc,sc,sca,st,oc_partial,bc_partial,bcm_partial,mbc_partial,sc_partial,sca_partial,st_partial
1,"University Departments of Anna University, Chennai - CEG Campus, Sardar Patel Road, Guindy, Chennai 600 025",CHENNAI,CEG DEPTS,BY,BIO MEDICAL ENGINEERING  (SS),2185,4606,3299,5537,12621,22764,3890,0,0,0,0,0,0,0
1,"University Departments of Anna University, Chennai - CEG Campus, Sardar Patel Road, Guindy, Chennai 600 025",CHENNAI,CEG DEPTS,CE,CIVIL  ENGINEERING,3937,6219,11998,9441,16167,28667,,0,0,0,0,0,0,0
1,"University Departments of Anna University, Chennai - CEG Campus, Sardar Patel Road, Guindy, Chennai 600 025",CHENNAI,CEG DEPTS,CM,COMPUTER SCIENCE AND ENGINEERING (SS),139,227,709,663,3330,8459,9198,0,0,0,0,0,0,0
1,"University Departments of Anna University, Chennai - CEG Campus, Sardar Patel Road, Guindy, Chennai 600 025",CHENNAI,CEG DEPTS,CS,COMPUTER SCIENCE AND ENGINEERING,22,102,318,291,1013,1121,,0,0,0,0,0,0,0
1,"University Departments of Anna University, Chennai - CEG Campus, Sardar Patel Road, Guindy, Chennai 600 025",CHENNAI,CEG DEPTS,EC,ELECTRONICS AND COMMUNICATION ENGINEERING,180,326,829,773,3692,14390,,0,0,0,0,0,0,0
1,"University Departments of Anna University, Chennai - CEG Campus, Sardar Patel Road, Guindy, Chennai 600 025",CHENNAI,CEG DEPTS,EE,ELECTRICAL AND ELECTRONICS ENGINEERING,1012,1561,3348,2407,8578,18228,,0,0,0,0,0,0,0
1,"University Departments of Anna University, Chennai - CEG Campus, Sardar Patel Road, Guindy, Chennai 600 025",CHENNAI,CEG DEPTS,EM,ELECTRONICS AND COMMUNICATION ENGINEERING (SS),476,585,2299,1623,6489,,10795,0,0,0,0,0,0,0
1,"University Departments of Anna University, Chennai - CEG Campus, Sardar Patel Road, Guindy, Chennai 600 025",CHENNAI,CEG DEPTS,GI,GEO INFORMATICS,4669,8176,9880,8842,23803,19509,,0,0,0,0,0,0,0
1,"University Departments of Anna University, Chennai - CEG Campus, Sardar Patel Road, Guindy, Chennai 600 025",CHENNAI,CEG DEPTS,IE,INDUSTRIAL ENGINEERING,6317,10419,17154,14049,27211,15018,47733,0,0,0,0,0,0,0
1,"University Departments of Anna University, Chennai - CEG Campus, Sardar Patel Road, Guindy, Chennai 600 025",CHENNAI,CEG DEPTS,IM,INFORMATION TECHNOLOGY (SS),359,559,1182,1706,5635,11014,14024,0,0,0,0,0,0,0
1,"University Departments of Anna University, Chennai - CEG Campus, Sardar Patel Road, Guindy, Chennai 600 025",CHENNAI,CEG DEPTS,MA,MATERIAL SCIENCE AND ENGINEERING (SS),6271,10588,14321,11249,29963,33578,,0,0,0,0,0,0,0
1,"University Departments of Anna University, Chennai - CEG Campus, Sardar Patel Road, Guindy, Chennai 600 025",CHENNAI,CEG DEPTS,ME,MECHANICAL ENGINEERING,2408,4554,6047,7655,14245,14787,49450,0,0,0,0,0,0,0
1,"University Departments of Anna University, Chennai - CEG Campus, Sardar Patel Road, Guindy, Chennai 600 025",CHENNAI,CEG DEPTS,MI,MINING ENGINEERING,8348,17005,17571,20797,28214,50747,95204,0,0,0,0,0,0,0
1,"University Departments of Anna University, Chennai - CEG Campus, Sardar Patel Road, Guindy, Chennai 600 025",CHENNAI,CEG DEPTS,MN,MANUFACTURING ENGINEERING,8904,13185,12435,17390,24509,56585,,0,0,0,0,0,0,0
1,"University Departments of Anna University, Chennai - CEG Campus, Sardar Patel Road, Guindy, Chennai 600 025",CHENNAI,CEG DEPTS,PT,PRINTING AND PACKING TECHNOLOGY,12098,22201,12331,22874,32302,81318,,0,0,0,0,0,0,0
1,"University Departments of Anna University, Chennai - CEG Campus, Sardar Patel Road, Guindy, Chennai 600 025",CHENNAI,CEG DEPTS,XC,CIVIL ENGINEERING (TAMIL MEDIUM),19134,30510,83967,39557,33512,133182,,0,0,0,0,0,0,0
1,"University Departments of Anna University, Chennai - CEG Campus, Sardar Patel Road, Guindy, Chennai 600 025",CHENNAI,CEG DEPTS,XM,MECHANICAL ENGINEERING (TAMIL MEDIUM),13412,26746,18547,33503,35007,82575,,0,0,0,0,0,0,0
2,"University Departments of Anna University, Chennai - ACT Campus, Sardar Patel Road, Guindy, Chennai 600 025",CHENNAI,CEG DEPTS,AP,APPAREL TECHNOLOGY (SS),35337,65046,64864,53432,54827,43476,,0,0,0,0,0,0,0
2,"University Departments of Anna University, Chennai - ACT Campus, Sardar Patel Road, Guindy, Chennai 600 025",CHENNAI,CEG DEPTS,CH,CHEMICAL  ENGINEERING,3451,7014,21408,12336,19612,20187,48677,0,0,0,0,0,0,0
2,"University Departments of Anna University, Chennai - ACT Campus, Sardar Patel Road, Guindy, Chennai 600 025",CHENNAI,CEG DEPTS,CL,CHEMICAL  ENGINEERING (SS),7626,9079,21617,14131,32692,63561,,0,0,0,0,0,0,0
2,"University Departments of Anna University, Chennai - ACT Campus, Sardar Patel Road, Guindy, Chennai 600 025",CHENNAI,CEG DEPTS,CR,CERAMIC TECHNOLOGY (SS),30197,46508,43472,54084,60278,145950,,0,0,0,0,0,0,0
2,"University Departments of Anna University, Chennai - ACT Campus, Sardar Patel Road, Guindy, Chennai 600 025",CHENNAI,CEG DEPTS,FS,FOOD TECHNOLOGY (SS),7064,11439,8622,13417,34433,36834,42587,0,0,0,0,0,0,0
2,"University Departments of Anna University, Chennai - ACT Campus, Sardar Patel Road, Guindy, Chennai 600 025",CHENNAI,CEG DEPTS,IB,INDUSTRIAL BIO TECHNOLOGY,3737,6199,12365,12588,27348,39427,,0,0,0,0,0,0,0
2,"University Departments of Anna University, Chennai - ACT Campus, Sardar Patel Road, Guindy, Chennai 600 025",CHENNAI,CEG DEPTS,IS,INDUSTRIAL BIO TECHNOLOGY (SS),5024,7961,,15486,30711,,,0,0,0,0,0,0,0
2,"University Departments of Anna University, Chennai - ACT Campus, Sardar Patel Road, Guindy, Chennai 600 025",CHENNAI,CEG DEPTS,LE,LEATHER TECHNOLOGY,34622,47384,38652,48919,61053,75812,,0,0,0,0,0,0,0
2,"University Departments of Anna University, Chennai - ACT Campus, Sardar Patel Road, Guindy, Chennai 600 025",CHENNAI,CEG DEPTS,PM,PHARMACEUTICAL TECHNOLOGY (SS),14379,24216,26234,21449,45135,32301,59329,0,0,0,0,0,0,0
2,"University Departments of Anna University, Chennai - ACT Campus, Sardar Patel Road, Guindy, Chennai 600 025",CHENNAI,CEG DEPTS,PP,PETROLEUM ENGINEERING AND TECHNOLOGY (SS),18082,31401,24171,32820,46885,77352,,0,0,0,0,0,0,0
2,"University Departments of Anna University, Chennai - ACT Campus, Sardar Patel Road, Guindy, Chennai 600 025",CHENNAI,CEG DEPTS,TX,TEXTILE TECHNOLOGY,25625,40645,29108,50953,55458,103325,92551,0,0,0,0,0,0,0
3,"School of Architecture and Planning, Anna University,Chennai 600025",CHENNAI,CEG DEPTS,BP,B.Plan,6388,12635,15821,20696,35180,76252,19121,0,0,0,0,0,0,0
4,"University Departments of Anna University, Chennai - MIT Campus, Chrompet, Tambaram Taluk, Chengalpattu District 600 044",CHENGALPET,CEG DEPTS,AE,AERONAUTICAL ENGINEERING,3080,4736,5490,7868,10932,30744,,0,0,0,0,0,0,0
4,"University Departments of Anna University, Chennai - MIT Campus, Chrompet, Tambaram Taluk, Chengalpattu District 600 044",CHENGALPET,CEG DEPTS,AT,ARTIFICIAL INTELLIGENCE AND DATA SCIENCE (SS),1108,1405,2142,2258,9090,26200,,0,0,0,0,0,0,0
4,"University Departments of Anna University, Chennai - MIT Campus, Chrompet, Tambaram Taluk, Chengalpattu District 600 044",CHENGALPET,CEG DEPTS,AU,AUTOMOBILE ENGINEERING,6099,11606,20594,13393,30858,42114,,0,0,0,0,0,0,0
4,"University Departments of Anna University, Chennai - MIT Campus, Chrompet, Tambaram Taluk, Chengalpattu District 600 044",CHENGALPET,CEG DEPTS,CM,COMPUTER SCIENCE AND ENGINEERING (SS),598,730,1406,1527,6547,17603,,0,0,0,0,0,0,0
4,"University Departments of Anna University, Chennai - MIT Campus, Chrompet, Tambaram Taluk, Chengalpattu District 600 044",CHENGALPET,CEG DEPTS,CS,COMPUTER SCIENCE AND ENGINEERING,350,615,973,1007,4798,14822,,0,0,0,0,0,0,0
4,"University Departments of Anna University, Chennai - MIT Campus, Chrompet, Tambaram Taluk, Chengalpattu District 600 044",CHENGALPET,CEG DEPTS,EC,ELECTRONICS AND COMMUNICATION ENGINEERING,757,1001,2693,1787,7227,23336,23593,0,0,0,0,0,0,0
4,"University Departments of Anna University, Chennai - MIT Campus, Chrompet, Tambaram Taluk, Chengalpattu District 600 044",CHENGALPET,CEG DEPTS,EI,ELECTRONICS AND INSTRUMENTATION ENGINEERING,1708,2331,6152,5044,15909,,31497,0,0,0,0,0,0,0
4,"University Departments of Anna University, Chennai - MIT Campus, Chrompet, Tambaram Taluk, Chengalpattu District 600 044",CHENGALPET,CEG DEPTS,EM,ELECTRONICS AND COMMUNICATION ENGINEERING (SS),1034,1344,2082,2385,9254,20232,12313,0,0,0,0,0,0,0
4,"University Departments of Anna University, Chennai - MIT Campus, Chrompet, Tambaram Taluk, Chengalpattu District 600 044",CHENGALPET,CEG DEPTS,IM,INFORMATION TECHNOLOGY (SS),877,1143,2027,2354,11156,19371,15765,0,0,0,0,0,0,0
4,"University Departments of Anna University, Chennai - MIT Campus, Chrompet, Tambaram Taluk, Chengalpattu District 600 044",CHENGALPET,CEG DEPTS,PR,PRODUCTION ENGINEERING,9437,14519,15208,18488,31714,44052,37548,0,0,0,0,0,0,0
4,"University Departments of Anna University, Chennai - MIT Campus, Chrompet, Tambaram Taluk, Chengalpattu District 600 044",CHENGALPET,CEG DEPTS,RA,ROBOTICS AND AUTOMATION (SS),2103,2746,4769,4584,14413,14429,,0,0,0,0,0,0,0
4,"University Departments of Anna University, Chennai - MIT Campus, Chrompet, Tambaram Taluk, Chengalpattu District 600 044",CHENGALPET,CEG DEPTS,RP,RUBBER AND PLASTIC TECHNOLOGY,18271,33119,21767,35225,54406,54649,64572,0,0,0,0,0,0,0
1516,"Thanthai Periyar Government Institute of Technology, Bagayam, Vellore District 632002",VELLORE,GOVERNMENT ENGG COLLEGES,CE,CIVIL  ENGINEERING,71287,151604,,107162,151268,,,0,1,0,0,0,0,0
1516,"Thanthai Periyar Government Institute of Technology, Bagayam, Vellore District 632002",VELLORE,GOVERNMENT ENGG COLLEGES,CS,COMPUTER SCIENCE AND ENGINEERING,13188,26145,28647,16721,40732,51693,,0,0,0,0,0,0,0
1516,"Thanthai Periyar Government Institute of Technology, Bagayam, Vellore District 632002",VELLORE,GOVERNMENT ENGG COLLEGES,EC,ELECTRONICS AND COMMUNICATION ENGINEERING,25038,39498,92734,43737,70307,101502,47922,0,0,0,0,0,0,0
1516,"Thanthai Periyar Government Institute of Technology, Bagayam, Vellore District 632002",VELLORE,GOVERNMENT ENGG COLLEGES,EE,ELECTRICAL AND ELECTRONICS ENGINEERING,34243,56265,96960,68420,96033,131578,113891,0,0,0,0,0,1,0
1516,"Thanthai Periyar Government Institute of Technology, Bagayam, Vellore District 632002",VELLORE,GOVERNMENT ENGG COLLEGES,ME,MECHANICAL ENGINEERING,76665,134134,128366,123174,150240,120235,,0,0,0,0,1,0,0
2005,"Government College of Technology (Autonomous), Thadagam Road, Coimbatore District 641013",COIMBATORE,GOVERNMENT ENGG COLLEGES,CE,CIVIL  ENGINEERING,18836,29306,32451,33600,45942,74776,53375,0,0,0,0,0,0,0
2005,"Government College of Technology (Autonomous), Thadagam Road, Coimbatore District 641013",COIMBATORE,GOVERNMENT ENGG COLLEGES,CS,COMPUTER SCIENCE AND ENGINEERING,1883,2330,5720,3488,12740,20115,,0,0,0,0,0,0,0
2005,"Government College of Technology (Autonomous), Thadagam Road, Coimbatore District 641013",COIMBATORE,GOVERNMENT ENGG COLLEGES,EC,ELECTRONICS AND COMMUNICATION ENGINEERING,2496,3141,3213,4696,15947,39674,,0,0,0,0,0,0,0
2005,"Government College of Technology (Autonomous), Thadagam Road, Coimbatore District 641013",COIMBATORE,GOVERNMENT ENGG COLLEGES,EE,ELECTRICAL AND ELECTRONICS ENGINEERING,4540,6020,6991,9599,22102,25022,,0,0,0,0,0,0,0
2005,"Government College of Technology (Autonomous), Thadagam Road, Coimbatore District 641013",COIMBATORE,GOVERNMENT ENGG COLLEGES,EI,ELECTRONICS AND INSTRUMENTATION ENGINEERING,5440,8492,9949,14397,30836,63853,,0,0,0,0,0,0,0
2005,"Government College of Technology (Autonomous), Thadagam Road, Coimbatore District 641013",COIMBATORE,GOVERNMENT ENGG COLLEGES,IB,INDUSTRIAL BIO TECHNOLOGY,14483,23404,56014,36875,72580,93627,131214,0,0,0,0,0,0,0
2005,"Government College of Technology (Autonomous), Thadagam Road, Coimbatore District 641013",COIMBATORE,GOVERNMENT ENGG COLLEGES,IT,INFORMATION TECHNOLOGY,2587,3468,2745,3982,13991,18245,45608,0,0,0,0,0,0,0
2005,"Government College of Technology (Autonomous), Thadagam Road, Coimbatore District 641013",COIMBATORE,GOVERNMENT ENGG COLLEGES,ME,MECHANICAL ENGINEERING,13909,20623,29002,27001,58968,76635,36683,0,0,0,0,0,0,0
2005,"Government College of Technology (Autonomous), Thadagam Road, Coimbatore District 641013",COIMBATORE,GOVERNMENT ENGG COLLEGES,PR,PRODUCTION ENGINEERING,21501,32412,42678,35682,77669,109355,,0,0,0,0,0,0,0
2369,"Government College of Engineering, Chettikkarai Post, Dharmapuri District 635704",DHARMAPURI,GOVERNMENT ENGG COLLEGES,CE,CIVIL  ENGINEERING,78428,137575,87272,139566,115663,,,0,1,1,0,0,0,0
2369,"Government College of Engineering, Chettikkarai Post, Dharmapuri District 635704",DHARMAPURI,GOVERNMENT ENGG COLLEGES,CS,COMPUTER SCIENCE AND ENGINEERING,19464,30183,45298,34069,67750,89545,,0,0,0,0,0,0,0
2369,"Government College of Engineering, Chettikkarai Post, Dharmapuri District 635704",DHARMAPURI,GOVERNMENT ENGG COLLEGES,EC,ELECTRONICS AND COMMUNICATION ENGINEERING,29713,45059,60608,43731,79877,83475,41782,0,0,0,0,0,0,0
2369,"Government College of Engineering, Chettikkarai Post, Dharmapuri District 635704",DHARMAPURI,GOVERNMENT ENGG COLLEGES,EE,ELECTRICAL AND ELECTRONICS ENGINEERING,45446,69051,55540,67292,111584,126441,,0,0,0,0,0,0,0
2369,"Government College of Engineering, Chettikkarai Post, Dharmapuri District 635704",DHARMAPURI,GOVERNMENT ENGG COLLEGES,ME,MECHANICAL ENGINEERING,77448,141712,143614,141236,145584,78072,,0,0,1,0,1,0,0
2603,"Government College of Engineering (Autonomous), Bargur, Krishnagiri District 635104",KRISHNAGIRI,GOVERNMENT ENGG COLLEGES,CS,COMPUTER SCIENCE AND ENGINEERING,11882,18293,32525,18789,34189,78203,,0,0,0,0,0,0,0
2603,"Government College of Engineering (Autonomous), Bargur, Krishnagiri District 635104",KRISHNAGIRI,GOVERNMENT ENGG COLLEGES,EC,ELECTRONICS AND COMMUNICATION ENGINEERING,20081,27486,49445,31223,56624,142131,,0,0,0,0,0,0,0
2603,"Government College of Engineering (Autonomous), Bargur, Krishnagiri District 635104",KRISHNAGIRI,GOVERNMENT ENGG COLLEGES,EE,ELECTRICAL AND ELECTRONICS ENGINEERING,32217,48786,50697,45152,81153,145087,112009,0,0,0,0,0,0,0
2603,"Government College of Engineering (Autonomous), Bargur, Krishnagiri District 635104",KRISHNAGIRI,GOVERNMENT ENGG COLLEGES,ME,MECHANICAL ENGINEERING,58353,93642,126174,84870,143000,149483,,0,0,0,0,0,0,0
2615,"Government College of Engineering (Autonomous), Karuppur, Salem District 636011",SALEM,GOVERNMENT ENGG COLLEGES,CE,CIVIL  ENGINEERING,34672,56869,102632,53071,60118,75551,103211,0,0,0,0,0,0,0
2615,"Government College of Engineering (Autonomous), Karuppur, Salem District 636011",SALEM,GOVERNMENT ENGG COLLEGES,CS,COMPUTER SCIENCE AND ENGINEERING,3925,5367,6215,8444,19005,22789,,0,0,0,0,0,0,0
2615,"Government College of Engineering (Autonomous), Karuppur, Salem District 636011",SALEM,GOVERNMENT ENGG COLLEGES,EC,ELECTRONICS AND COMMUNICATION ENGINEERING,6231,7645,19870,10736,27036,40461,,0,0,0,0,0,0,0
2615,"Government College of Engineering (Autonomous), Karuppur, Salem District 636011",SALEM,GOVERNMENT ENGG COLLEGES,EE,ELECTRICAL AND ELECTRONICS ENGINEERING,10532,14059,32909,14738,41532,39662,39690,0,0,0,0,0,0,0
2615,"Government College of Engineering (Autonomous), Karuppur, Salem District 636011",SALEM,GOVERNMENT ENGG COLLEGES,ME,MECHANICAL ENGINEERING,28949,44588,65014,51644,74489,72476,73247,0,0,0,0,0,0,0
2615,"Government College of Engineering (Autonomous), Karuppur, Salem District 636011",SALEM,GOVERNMENT ENGG COLLEGES,MT,METALLURGICAL ENGINEERING,29866,53453,39332,49074,130255,100856,,0,0,0,0,0,0,0
2709,"Government College of Engineering (Formerly Institute of Road and Transport Technology), Vasavi College Post, Erode District 638316",ERODE,GOVERNMENT ENGG COLLEGES,AU,AUTOMOBILE ENGINEERING,82421,107307,,145273,,,,0,0,0,0,0,0,0
2709,"Government College of Engineering (Formerly Institute of Road and Transport Technology), Vasavi College Post, Erode District 638316",ERODE,GOVERNMENT ENGG COLLEGES,CE,CIVIL  ENGINEERING,55575,87795,110101,71770,122427,150777,,0,0,0,0,1,0,0
2709,"Government College of Engineering (Formerly Institute of Road and Transport Technology), Vasavi College Post, Erode District 638316",ERODE,GOVERNMENT ENGG COLLEGES,CS,COMPUTER SCIENCE AND ENGINEERING,9554,14075,27702,15493,35929,45944,73206,0,0,0,0,0,0,0
2709,"Government College of Engineering (Formerly Institute of Road and Transport Technology), Vasavi College Post, Erode District 638316",ERODE,GOVERNMENT ENGG COLLEGES,EC,ELECTRONICS AND COMMUNICATION ENGINEERING,16352,19611,29818,23967,60326,64989,,0,0,0,0,0,0,0
2709,"Government College of Engineering (Formerly Institute of Road and Transport Technology), Vasavi College Post, Erode District 638316",ERODE,GOVERNMENT ENGG COLLEGES,EE,ELECTRICAL AND ELECTRONICS ENGINEERING,25233,30521,53945,40346,63821,57509,63365,0,0,0,0,0,0,0
2709,"Government College of Engineering (Formerly Institute of Road and Transport Technology), Vasavi College Post, Erode District 638316",ERODE,GOVERNMENT ENGG COLLEGES,IT,INFORMATION TECHNOLOGY,11997,17000,32985,14512,38442,50917,,0,0,0,0,0,0,0
2709,"Government College of Engineering (Formerly Institute of Road and Transport Technology), Vasavi College Post, Erode District 638316",ERODE,GOVERNMENT ENGG COLLEGES,ME,MECHANICAL ENGINEERING,44476,60167,80844,75851,126870,85646,138907,0,0,0,0,0,0,0
3464,"Government College of Engineering, Gandarvakottai Road, Sengipatti, Thanjavur District 613402",THANJAVUR,GOVERNMENT ENGG COLLEGES,CE,CIVIL  ENGINEERING,111943,142280,,143649,134449,125735,,0,1,0,1,0,1,0
3464,"Government College of Engineering, Gandarvakottai Road, Sengipatti, Thanjavur District 613402",THANJAVUR,GOVERNMENT ENGG COLLEGES,CS,COMPUTER SCIENCE AND ENGINEERING,23335,35141,52033,37808,53428,60454,136711,0,0,0,0,0,0,0
3464,"Government College of Engineering, Gandarvakottai Road, Sengipatti, Thanjavur District 613402",THANJAVUR,GOVERNMENT ENGG COLLEGES,EC,ELECTRONICS AND COMMUNICATION ENGINEERING,36915,59262,66605,48506,87687,113933,,0,0,0,0,0,1,0
3464,"Government College of Engineering, Gandarvakottai Road, Sengipatti, Thanjavur District 613402",THANJAVUR,GOVERNMENT ENGG COLLEGES,EE,ELECTRICAL AND ELECTRONICS ENGINEERING,66638,93998,121351,117037,140550,147951,,0,0,1,0,0,1,0
3464,"Government College of Engineering, Gandarvakottai Road, Sengipatti, Thanjavur District 613402",THANJAVUR,GOVERNMENT ENGG COLLEGES,ME,MECHANICAL ENGINEERING,103433,153058,,145680,142014,,,0,1,0,1,1,0,0
3465,"Government College of Engineering, Srirangam, Sethurappatti, Tiruchirappalli District 620012",TIRUCHIRAPALLI,GOVERNMENT ENGG COLLEGES,CE,CIVIL  ENGINEERING,73555,149079,,151979,136313,132189,,0,1,0,1,0,1,0
3465,"Government College of Engineering, Srirangam, Sethurappatti, Tiruchirappalli District 620012",TIRUCHIRAPALLI,GOVERNMENT ENGG COLLEGES,CS,COMPUTER SCIENCE AND ENGINEERING,17641,23568,28243,28038,40005,38427,,0,0,0,0,0,0,0
3465,"Government College of Engineering, Srirangam, Sethurappatti, Tiruchirappalli District 620012",TIRUCHIRAPALLI,GOVERNMENT ENGG COLLEGES,EC,ELECTRONICS AND COMMUNICATION ENGINEERING,27561,43676,63123,50720,85929,119288,146168,0,0,0,0,0,0,0
3465,"Government College of Engineering, Srirangam, Sethurappatti, Tiruchirappalli District 620012",TIRUCHIRAPALLI,GOVERNMENT ENGG COLLEGES,EE,ELECTRICAL AND ELECTRONICS ENGINEERING,43498,67017,114012,88378,116657,137418,72066,0,0,0,0,0,0,0
3465,"Government College of Engineering, Srirangam, Sethurappatti, Tiruchirappalli District 620012",TIRUCHIRAPALLI,GOVERNMENT ENGG COLLEGES,ME,MECHANICAL ENGINEERING,73254,124936,141581,116776,133120,,,0,0,0,1,1,0,0
4974,"Government College of Engineering, Tirunelveli District 627007",TIRUNELVELI,GOVERNMENT ENGG COLLEGES,CE,CIVIL  ENGINEERING,33948,67168,72891,70342,75332,104553,,0,0,0,0,0,1,0
4974,"Government College of Engineering, Tirunelveli District 627007",TIRUNELVELI,GOVERNMENT ENGG COLLEGES,CS,COMPUTER SCIENCE AND ENGINEERING,6192,12808,10123,17722,27208,59849,,0,0,0,0,0,0,0
4974,"Government College of Engineering, Tirunelveli District 627007",TIRUNELVELI,GOVERNMENT ENGG COLLEGES,EC,ELECTRONICS AND COMMUNICATION ENGINEERING,13231,18407,17360,29711,61794,89555,,0,0,0,0,0,0,0
4974,"Government College of Engineering, Tirunelveli District 627007",TIRUNELVELI,GOVERNMENT ENGG COLLEGES,EE,ELECTRICAL AND ELECTRONICS ENGINEERING,19694,28772,36036,41891,49117,139103,,0,0,0,0,0,0,0
4974,"Government College of Engineering, Tirunelveli District 627007",TIRUNELVELI,GOVERNMENT ENGG COLLEGES,ME,MECHANICAL ENGINEERING,54652,79882,79374,111722,93615,134852,,0,0,0,0,0,1,0
5009,"Government College of Engineering, Melachokkanathapuram, Bodinayakkanur, Theni District 625582",THENI,GOVERNMENT ENGG COLLEGES,CE,CIVIL  ENGINEERING,117976,147688,,151061,154543,133114,,0,1,0,1,1,1,0
5009,"Government College of Engineering, Melachokkanathapuram, Bodinayakkanur, Theni District 625582",THENI,GOVERNMENT ENGG COLLEGES,CS,COMPUTER SCIENCE AND ENGINEERING,25859,39462,48793,50929,74123,47816,,0,0,0,0,0,0,0
5009,"Government College of Engineering, Melachokkanathapuram, Bodinayakkanur, Theni District 625582",THENI,GOVERNMENT ENGG COLLEGES,EC,ELECTRONICS AND COMMUNICATION ENGINEERING,40059,57911,118811,58935,77916,93588,121029,0,0,0,0,0,0,0
5009,"Government College of Engineering, Melachokkanathapuram, Bodinayakkanur, Theni District 625582",THENI,GOVERNMENT ENGG COLLEGES,EE,ELECTRICAL AND ELECTRONICS ENGINEERING,62462,139935,141978,119064,130139,,,0,0,0,0,1,0,0
5009,"Government College of Engineering, Melachokkanathapuram, Bodinayakkanur, Theni District 625582",THENI,GOVERNMENT ENGG COLLEGES,ME,MECHANICAL ENGINEERING,113693,131390,,154078,135739,132084,,0,1,0,1,1,0,0
5901,"Alagappa Chettair Government College of Engineering and Technology (Autonomous), Karaikudi, Sivagangai District 630004",SIVAGANGAI,GOVERNMENT ENGG COLLEGES,CE,CIVIL  ENGINEERING,25783,40746,57078,53741,54391,107882,,0,0,0,0,0,0,0
5901,"Alagappa Chettair Government College of Engineering and Technology (Autonomous), Karaikudi, Sivagangai District 630004",SIVAGANGAI,GOVERNMENT ENGG COLLEGES,CS,COMPUTER SCIENCE AND ENGINEERING,4908,7657,5555,10327,28649,40314,,0,0,0,0,0,0,0
5901,"Alagappa Chettair Government College of Engineering and Technology (Autonomous), Karaikudi, Sivagangai District 630004",SIVAGANGAI,GOVERNMENT ENGG COLLEGES,EC,ELECTRONICS AND COMMUNICATION ENGINEERING,7736,10083,11420,12557,33847,144125,71477,0,0,0,0,0,0,0
5901,"Alagappa Chettair Government College of Engineering and Technology (Autonomous), Karaikudi, Sivagangai District 630004",SIVAGANGAI,GOVERNMENT ENGG COLLEGES,EE,ELECTRICAL AND ELECTRONICS ENGINEERING,17525,22355,40846,36186,49141,125581,81649,0,0,0,0,0,0,0
5901,"Alagappa Chettair Government College of Engineering and Technology (Autonomous), Karaikudi, Sivagangai District 630004",SIVAGANGAI,GOVERNMENT ENGG COLLEGES,ME,MECHANICAL ENGINEERING,35511,53736,47941,54713,71975,119433,119203,0,0,0,0,0,0,1
2006,"PSG College of Technology (Autonomous), Peelamedu, Coimbatore District 641004",COIMBATORE,GOVERNMENT AIDED COLLEGES,AS,AUTOMOBILE ENGINEERING (SS),16178,22783,32669,32922,71067,92298,,0,0,0,0,0,0,0
2006,"PSG College of Technology (Autonomous), Peelamedu, Coimbatore District 641004",COIMBATORE,GOVERNMENT AIDED COLLEGES,BS,BIO TECHNOLOGY (SS),4699,6912,14471,9457,34020,30939,,0,0,0,0,0,0,0
2006,"PSG College of Technology (Autonomous), Peelamedu, Coimbatore District 641004",COIMBATORE,GOVERNMENT AIDED COLLEGES,BY,BIO MEDICAL ENGINEERING  (SS),5101,7040,11391,12920,37716,38532,,0,0,0,0,0,0,0
2006,"PSG College of Technology (Autonomous), Peelamedu, Coimbatore District 641004",COIMBATORE,GOVERNMENT AIDED COLLEGES,CE,CIVIL  ENGINEERING,4624,6811,13225,15580,31055,20484,,0,0,0,0,0,0,0
2006,"PSG College of Technology (Autonomous), Peelamedu, Coimbatore District 641004",COIMBATORE,GOVERNMENT AIDED COLLEGES,CG,Computer Science and Engineering (Artificial Intelligence and Machine Learning) (SS),1085,1420,2624,2529,13459,25042,17655,0,0,0,0,0,0,0
2006,"PSG College of Technology (Autonomous), Peelamedu, Coimbatore District 641004",COIMBATORE,GOVERNMENT AIDED COLLEGES,CM,COMPUTER SCIENCE AND ENGINEERING (SS),256,537,1541,1932,12762,22980,13980,0,0,0,0,0,0,0
2006,"PSG College of Technology (Autonomous), Peelamedu, Coimbatore District 641004",COIMBATORE,GOVERNMENT AIDED COLLEGES,CN,CIVIL  ENGINEERING (SS),7782,9376,31469,23921,40398,68330,,0,0,0,0,0,0,0
2006,"PSG College of Technology (Autonomous), Peelamedu, Coimbatore District 641004",COIMBATORE,GOVERNMENT AIDED COLLEGES,EC,ELECTRONICS AND COMMUNICATION ENGINEERING,535,876,2054,2609,14078,2848,16547,0,0,0,0,0,0,0
2006,"PSG College of Technology (Autonomous), Peelamedu, Coimbatore District 641004",COIMBATORE,GOVERNMENT AIDED COLLEGES,EE,ELECTRICAL AND ELECTRONICS ENGINEERING,1620,2006,4026,5273,17030,11326,11236,0,0,0,0,0,0,0
2006,"PSG College of Technology (Autonomous), Peelamedu, Coimbatore District 641004",COIMBATORE,GOVERNMENT AIDED COLLEGES,EM,ELECTRONICS AND COMMUNICATION ENGINEERING (SS),1104,1294,3859,3500,21823,22223,,0,0,0,0,0,0,0
2006,"PSG College of Technology (Autonomous), Peelamedu, Coimbatore District 641004",COIMBATORE,GOVERNMENT AIDED COLLEGES,ES,ELECTRICAL AND ELECTRONICS (SANDWICH) (SS),6652,8443,8276,17595,46399,34533,42527,0,0,0,0,0,0,0
2006,"PSG College of Technology (Autonomous), Peelamedu, Coimbatore District 641004",COIMBATORE,GOVERNMENT AIDED COLLEGES,FY,FASHION TECHNOLOGY (SS),30192,38111,35456,64651,81480,80104,108292,0,0,0,0,0,0,0
2006,"PSG College of Technology (Autonomous), Peelamedu, Coimbatore District 641004",COIMBATORE,GOVERNMENT AIDED COLLEGES,IM,INFORMATION TECHNOLOGY (SS),766,1096,2085,3259,16233,21850,19495,0,0,0,0,0,0,0
2006,"PSG College of Technology (Autonomous), Peelamedu, Coimbatore District 641004",COIMBATORE,GOVERNMENT AIDED COLLEGES,IY,INSTRUMENTATION AND CONTROL ENGINEERING (SS),5711,7079,8525,13662,37562,67730,103930,0,0,0,0,0,0,0
2006,"PSG College of Technology (Autonomous), Peelamedu, Coimbatore District 641004",COIMBATORE,GOVERNMENT AIDED COLLEGES,ME,MECHANICAL ENGINEERING,3570,5233,11791,8656,25077,33495,36960,0,0,0,0,0,0,0
2006,"PSG College of Technology (Autonomous), Peelamedu, Coimbatore District 641004",COIMBATORE,GOVERNMENT AIDED COLLEGES,MF,MECHANICAL ENGINEERING (SS),6820,8713,10671,13949,36033,48341,,0,0,0,0,0,0,0
2006,"PSG College of Technology (Autonomous), Peelamedu, Coimbatore District 641004",COIMBATORE,GOVERNMENT AIDED COLLEGES,MS,MECHANICAL ENGINEERING (SANDWICH) (SS),17827,22698,20898,25366,60922,124989,52791,0,0,0,0,0,0,0
2006,"PSG College of Technology (Autonomous), Peelamedu, Coimbatore District 641004",COIMBATORE,GOVERNMENT AIDED COLLEGES,MT,METALLURGICAL ENGINEERING,9955,20487,28187,23997,42558,81477,,0,0,0,0,0,0,0
2006,"PSG College of Technology (Autonomous), Peelamedu, Coimbatore District 641004",COIMBATORE,GOVERNMENT AIDED COLLEGES,MY,METALLURGICAL ENGINEERING (SS),16917,26634,29020,31691,73588,117280,,0,0,0,0,0,0,0
2006,"PSG College of Technology (Autonomous), Peelamedu, Coimbatore District 641004",COIMBATORE,GOVERNMENT AIDED COLLEGES,PN,PRODUCTION ENGINEERING (SS),13831,21497,20103,20044,53355,69541,,0,0,0,0,0,0,0
2006,"PSG College of Technology (Autonomous), Peelamedu, Coimbatore District 641004",COIMBATORE,GOVERNMENT AIDED COLLEGES,PR,PRODUCTION ENGINEERING,9747,14718,17115,15669,49910,53989,,0,0,0,0,0,0,0
2006,"PSG College of Technology (Autonomous), Peelamedu, Coimbatore District 641004",COIMBATORE,GOVERNMENT AIDED COLLEGES,PS,PRODUCTION ENGINEERING (SANDWICH) (SS),25505,35788,35333,49693,100541,147462,,0,0,0,0,0,0,0
2006,"PSG College of Technology (Autonomous), Peelamedu, Coimbatore District 641004",COIMBATORE,GOVERNMENT AIDED COLLEGES,RA,ROBOTICS AND AUTOMATION (SS),3274,4566,5222,9885,29710,,39434,0,0,0,0,0,0,0
2006,"PSG College of Technology (Autonomous), Peelamedu, Coimbatore District 641004",COIMBATORE,GOVERNMENT AIDED COLLEGES,TT,TEXTILE TECHNOLOGY (SS),34605,43284,40893,52519,79484,,,0,0,0,0,0,0,0
2006,"PSG College of Technology (Autonomous), Peelamedu, Coimbatore District 641004",COIMBATORE,GOVERNMENT AIDED COLLEGES,TX,TEXTILE TECHNOLOGY,14985,40834,15566,37593,70448,,,0,0,0,0,0,0,0
2007,"Coimbatore Institute of Technology (Autonomous), Civil Aerodrome Post, Coimbatore District 641014",COIMBATORE,GOVERNMENT AIDED COLLEGES,AT,ARTIFICIAL INTELLIGENCE AND DATA SCIENCE (SS),2250,2681,,5439,20146,32712,40239,0,0,0,0,0,0,0
2007,"Coimbatore Institute of Technology (Autonomous), Civil Aerodrome Post, Coimbatore District 641014",COIMBATORE,GOVERNMENT AIDED COLLEGES,CE,CIVIL  ENGINEERING,13235,21706,36751,32501,38026,,,0,0,0,0,0,0,0
2007,"Coimbatore Institute of Technology (Autonomous), Civil Aerodrome Post, Coimbatore District 641014",COIMBATORE,GOVERNMENT AIDED COLLEGES,CH,CHEMICAL  ENGINEERING,10232,13206,23911,14959,44301,104941,,0,0,0,0,0,0,0
2007,"Coimbatore Institute of Technology (Autonomous), Civil Aerodrome Post, Coimbatore District 641014",COIMBATORE,GOVERNMENT AIDED COLLEGES,CL,CHEMICAL  ENGINEERING (SS),11736,16176,28206,17013,45730,,,0,0,0,0,0,0,0
2007,"Coimbatore Institute of Technology (Autonomous), Civil Aerodrome Post, Coimbatore District 641014",COIMBATORE,GOVERNMENT AIDED COLLEGES,CM,COMPUTER SCIENCE AND ENGINEERING (SS),1662,1880,3219,4689,16964,22228,,0,0,0,0,0,0,0
2007,"Coimbatore Institute of Technology (Autonomous), Civil Aerodrome Post, Coimbatore District 641014",COIMBATORE,GOVERNMENT AIDED COLLEGES,CN,CIVIL  ENGINEERING (SS),18728,27528,,32693,45626,74436,,0,0,0,0,0,0,0
2007,"Coimbatore Institute of Technology (Autonomous), Civil Aerodrome Post, Coimbatore District 641014",COIMBATORE,GOVERNMENT AIDED COLLEGES,CS,COMPUTER SCIENCE AND ENGINEERING,1288,1650,2339,3804,15931,16179,14888,0,0,0,0,0,0,0
2007,"Coimbatore Institute of Technology (Autonomous), Civil Aerodrome Post, Coimbatore District 641014",COIMBATORE,GOVERNMENT AIDED COLLEGES,EC,ELECTRONICS AND COMMUNICATION ENGINEERING,1779,2228,3387,4931,18871,23124,,0,0,0,0,0,0,0
2007,"Coimbatore Institute of Technology (Autonomous), Civil Aerodrome Post, Coimbatore District 641014",COIMBATORE,GOVERNMENT AIDED COLLEGES,EE,ELECTRICAL AND ELECTRONICS ENGINEERING,3669,4455,5403,9038,23547,32770,65783,0,0,0,0,0,0,0
2007,"Coimbatore Institute of Technology (Autonomous), Civil Aerodrome Post, Coimbatore District 641014",COIMBATORE,GOVERNMENT AIDED COLLEGES,EM,ELECTRONICS AND COMMUNICATION ENGINEERING (SS),2466,2945,5817,5901,23633,40435,,0,0,0,0,0,0,0
2007,"Coimbatore Institute of Technology (Autonomous), Civil Aerodrome Post, Coimbatore District 641014",COIMBATORE,GOVERNMENT AIDED COLLEGES,EY,ELECTRICAL AND ELECTRONICS ENGINEERING (SS),5481,6363,6551,9945,35296,56683,43681,0,0,0,0,0,0,0
2007,"Coimbatore Institute of Technology (Autonomous), Civil Aerodrome Post, Coimbatore District 641014",COIMBATORE,GOVERNMENT AIDED COLLEGES,IM,INFORMATION TECHNOLOGY (SS),2003,2126,3284,5228,19042,24485,24050,0,0,0,0,0,0,0
2007,"Coimbatore Institute of Technology (Autonomous), Civil Aerodrome Post, Coimbatore District 641014",COIMBATORE,GOVERNMENT AIDED COLLEGES,ME,MECHANICAL ENGINEERING,10225,13754,20781,19224,43241,52488,68017,0,0,0,0,0,0,0
2007,"Coimbatore Institute of Technology (Autonomous), Civil Aerodrome Post, Coimbatore District 641014",COIMBATORE,GOVERNMENT AIDED COLLEGES,MF,MECHANICAL ENGINEERING (SS),14369,18474,19150,24195,51220,97927,,0,0,0,0,0,0,0
5008,"Thiagarajar College of Engineering (Autonomous),Tirupparankundram, Madurai District 625015",MADURAI,GOVERNMENT AIDED COLLEGES,CE,CIVIL  ENGINEERING,9002,14773,,17523,49484,47157,,0,0,0,0,0,0,0
5008,"Thiagarajar College of Engineering (Autonomous),Tirupparankundram, Madurai District 625015",MADURAI,GOVERNMENT AIDED COLLEGES,CM,COMPUTER SCIENCE AND ENGINEERING (SS),1893,2243,3324,5964,24047,26032,45903,0,0,0,0,0,0,0
5008,"Thiagarajar College of Engineering (Autonomous),Tirupparankundram, Madurai District 625015",MADURAI,GOVERNMENT AIDED COLLEGES,CN,CIVIL  ENGINEERING (SS),16675,26028,27088,31307,70175,92658,,0,0,0,0,0,0,0
5008,"Thiagarajar College of Engineering (Autonomous),Tirupparankundram, Madurai District 625015",MADURAI,GOVERNMENT AIDED COLLEGES,CS,COMPUTER SCIENCE AND ENGINEERING,813,1363,1031,2654,12603,8458,,0,0,0,0,0,0,0
5008,"Thiagarajar College of Engineering (Autonomous),Tirupparankundram, Madurai District 625015",MADURAI,GOVERNMENT AIDED COLLEGES,CW,Computer Science and Business System (SS),3360,3892,8375,8605,34920,105182,41706,0,0,0,0,0,0,0
5008,"Thiagarajar College of Engineering (Autonomous),Tirupparankundram, Madurai District 625015",MADURAI,GOVERNMENT AIDED COLLEGES,EC,ELECTRONICS AND COMMUNICATION ENGINEERING,1414,2098,3572,4640,16290,21333,,0,0,0,0,0,0,0
5008,"Thiagarajar College of Engineering (Autonomous),Tirupparankundram, Madurai District 625015",MADURAI,GOVERNMENT AIDED COLLEGES,EE,ELECTRICAL AND ELECTRONICS ENGINEERING,4014,4556,7616,11455,20485,30541,35408,0,0,0,0,0,0,0
5008,"Thiagarajar College of Engineering (Autonomous),Tirupparankundram, Madurai District 625015",MADURAI,GOVERNMENT AIDED COLLEGES,EM,ELECTRONICS AND COMMUNICATION ENGINEERING (SS),2565,3481,7965,7458,23542,49349,,0,0,0,0,0,0,0
5008,"Thiagarajar College of Engineering (Autonomous),Tirupparankundram, Madurai District 625015",MADURAI,GOVERNMENT AIDED COLLEGES,EY,ELECTRICAL AND ELECTRONICS ENGINEERING (SS),5591,6574,8972,14050,40303,39874,,0,0,0,0,0,0,0
5008,"Thiagarajar College of Engineering (Autonomous),Tirupparankundram, Madurai District 625015",MADURAI,GOVERNMENT AIDED COLLEGES,IM,INFORMATION TECHNOLOGY (SS),2722,3392,3375,7104,26568,47900,80209,0,0,0,0,0,0,0
5008,"Thiagarajar College of Engineering (Autonomous),Tirupparankundram, Madurai District 625015",MADURAI,GOVERNMENT AIDED COLLEGES,ME,MECHANICAL ENGINEERING,8483,12680,16282,18807,41975,67602,71702,0,0,0,0,0,0,0
5008,"Thiagarajar College of Engineering (Autonomous),Tirupparankundram, Madurai District 625015",MADURAI,GOVERNMENT AIDED COLLEGES,MF,MECHANICAL ENGINEERING (SS),13394,15962,18102,22207,55071,,,0,0,0,0,0,0,0
5008,"Thiagarajar College of Engineering (Autonomous),Tirupparankundram, Madurai District 625015",MADURAI,GOVERNMENT AIDED COLLEGES,MG,MECHATRONICS (SS),8553,11242,10254,14296,52327,52999,,0,0,0,0,0,0,0
1321,"Central Institute of Petrochemicals Engineering and Technology (Formerly Central Institute of Plastics Engineering and Technology) (CIPET), Guindy, Chennai 600032",CHENNAI,CENTRAL GOVERNMENT ENGG COLLEGES COLLEGES,MN,MANUFACTURING ENGINEERING,35647,53857,41456,62628,67091,111864,,0,0,0,0,0,0,0
1321,"Central Institute of Petrochemicals Engineering and Technology (Formerly Central Institute of Plastics Engineering and Technology) (CIPET), Guindy, Chennai 600032",CHENNAI,CENTRAL GOVERNMENT ENGG COLLEGES COLLEGES,PA,PLASTIC TECHNOLOGY,37860,50126,53416,68795,76548,142974,,0,0,0,0,0,0,0
2343,"Indian Institute of Handloom Technology, Foulke's Compound, Thillai Nagar, Salem District 636001",SALEM,CENTRAL GOVERNMENT ENGG COLLEGES COLLEGES,HT,HANDLOOM AND TEXTILE TECHNOLOGY,34905,70351,,70259,80491,116327,,0,0,0,0,0,0,0
5012,"Central Electrochemical Research Institute CECRI), Karaikudi, Sivagangai District 630006",SIVAGANGAI,CENTRAL GOVERNMENT ENGG COLLEGES COLLEGES,CC,CHEMICAL AND ELECTRO CHEMICAL  ENGINEERING (SS),3104,4302,5242,10197,29821,47919,,0,0,0,0,0,0,0
1013,"University College of Engineering, Villupuram, Kakuppam, Villupuram District 605103",VILUPPURAM,UNIV CONSTITUENT COLLEGES,CS,COMPUTER SCIENCE AND ENGINEERING,24821,50053,38417,35084,79383,66749,,0,0,0,0,0,0,0
1013,"University College of Engineering, Villupuram, Kakuppam, Villupuram District 605103",VILUPPURAM,UNIV CONSTITUENT COLLEGES,EC,ELECTRONICS AND COMMUNICATION ENGINEERING,40914,72712,58531,74098,121158,92468,,0,0,0,0,0,1,0
1013,"University College of Engineering, Villupuram, Kakuppam, Villupuram District 605103",VILUPPURAM,UNIV CONSTITUENT COLLEGES,IT,INFORMATION TECHNOLOGY,30082,57563,65953,54258,85732,87597,,0,0,0,0,0,1,0
1013,"University College of Engineering, Villupuram, Kakuppam, Villupuram District 605103",VILUPPURAM,UNIV CONSTITUENT COLLEGES,ME,MECHANICAL ENGINEERING,118027,142281,,133098,,,,0,1,0,1,0,0,0
1013,"University College of Engineering, Villupuram, Kakuppam, Villupuram District 605103",VILUPPURAM,UNIV CONSTITUENT COLLEGES,XM,MECHANICAL ENGINEERING (TAMIL MEDIUM),154542,,,,,,,1,0,0,0,0,0,0
1014,"University College of Engineering, Tindivanam, Melpakkam, Tindivanam, Villupuram District 604001",VILUPPURAM,UNIV CONSTITUENT COLLEGES,CE,CIVIL  ENGINEERING,133015,,,,151389,,,0,0,0,0,1,0,0
1014,"University College of Engineering, Tindivanam, Melpakkam, Tindivanam, Villupuram District 604001",VILUPPURAM,UNIV CONSTITUENT COLLEGES,CS,COMPUTER SCIENCE AND ENGINEERING,38762,63734,87704,57042,72433,91327,,0,0,0,0,0,1,0
1014,"University College of Engineering, Tindivanam, Melpakkam, Tindivanam, Villupuram District 604001",VILUPPURAM,UNIV CONSTITUENT COLLEGES,EC,ELECTRONICS AND COMMUNICATION ENGINEERING,64649,105077,92742,105536,123182,126814,119136,0,0,0,0,0,1,0
1014,"University College of Engineering, Tindivanam, Melpakkam, Tindivanam, Villupuram District 604001",VILUPPURAM,UNIV CONSTITUENT COLLEGES,IT,INFORMATION TECHNOLOGY,39779,67610,82387,71383,94803,88978,,0,0,0,0,0,0,0
1014,"University College of Engineering, Tindivanam, Melpakkam, Tindivanam, Villupuram District 604001",VILUPPURAM,UNIV CONSTITUENT COLLEGES,XC,CIVIL ENGINEERING (TAMIL MEDIUM),151237,,,,,,,1,0,0,0,0,0,0
1015,"University College of Engineering, Arni, Arni to Devikapuram Road, Thatchur, Arni, Thiruvannamalai District 632326",THIRUVANNAMALAI,UNIV CONSTITUENT COLLEGES,CS,COMPUTER SCIENCE AND ENGINEERING,34160,61598,67798,55419,113589,125822,,0,0,0,0,0,1,0
1015,"University College of Engineering, Arni, Arni to Devikapuram Road, Thatchur, Arni, Thiruvannamalai District 632326",THIRUVANNAMALAI,UNIV CONSTITUENT COLLEGES,EC,ELECTRONICS AND COMMUNICATION ENGINEERING,65082,96375,109565,93975,142812,,,0,0,1,0,1,0,0
1015,"University College of Engineering, Arni, Arni to Devikapuram Road, Thatchur, Arni, Thiruvannamalai District 632326",THIRUVANNAMALAI,UNIV CONSTITUENT COLLEGES,EE,ELECTRICAL AND ELECTRONICS ENGINEERING,109931,139344,,130170,142155,,,0,1,0,1,1,0,0
1015,"University College of Engineering, Arni, Arni to Devikapuram Road, Thatchur, Arni, Thiruvannamalai District 632326",THIRUVANNAMALAI,UNIV CONSTITUENT COLLEGES,ME,MECHANICAL ENGINEERING,151016,,,,,,,1,0,0,0,0,0,0
1015,"University College of Engineering, Arni, Arni to Devikapuram Road, Thatchur, Arni, Thiruvannamalai District 632326",THIRUVANNAMALAI,UNIV CONSTITUENT COLLEGES,XM,MECHANICAL ENGINEERING (TAMIL MEDIUM),,,,,,,,0,0,0,0,0,0,0
1026,"University College of Engineering, Kancheepuram, Ponnerikarai Campus, NH4, Chennai-Bangalore Highway, Karaipettai Village & Post, Kancheepuram District 631552",KANCHEEPURAM,UNIV CONSTITUENT COLLEGES,CS,COMPUTER SCIENCE AND ENGINEERING,18502,46190,30809,33753,70424,92649,,0,0,0,0,0,0,0
1026,"University College of Engineering, Kancheepuram, Ponnerikarai Campus, NH4, Chennai-Bangalore Highway, Karaipettai Village & Post, Kancheepuram District 631552",KANCHEEPURAM,UNIV CONSTITUENT COLLEGES,EC,ELECTRONICS AND COMMUNICATION ENGINEERING,41310,64918,108074,54196,116667,,,0,0,0,0,0,0,0
1026,"University College of Engineering, Kancheepuram, Ponnerikarai Campus, NH4, Chennai-Bangalore Highway, Karaipettai Village & Post, Kancheepuram District 631552",KANCHEEPURAM,UNIV CONSTITUENT COLLEGES,EE,ELECTRICAL AND ELECTRONICS ENGINEERING,66647,136157,127811,147930,153269,,,0,0,0,0,0,0,0
1026,"University College of Engineering, Kancheepuram, Ponnerikarai Campus, NH4, Chennai-Bangalore Highway, Karaipettai Village & Post, Kancheepuram District 631552",KANCHEEPURAM,UNIV CONSTITUENT COLLEGES,ME,MECHANICAL ENGINEERING,111362,131795,132828,129437,141550,,,0,1,1,1,1,0,0
2025,"Anna University Regional Campus - Coimbatore, Maruthamalai Main Road, Navavoor Bharathiyar University Post, Somayampalayam, Coimbatore District 641046",COIMBATORE,UNIV CONSTITUENT COLLEGES,AD,ARTIFICIAL INTELLIGENCE AND DATA SCIENCE,13900,22206,55716,24282,43791,38871,,0,0,0,0,0,0,0
2025,"Anna University Regional Campus - Coimbatore, Maruthamalai Main Road, Navavoor Bharathiyar University Post, Somayampalayam, Coimbatore District 641046",COIMBATORE,UNIV CONSTITUENT COLLEGES,CS,COMPUTER SCIENCE AND ENGINEERING,10564,14248,20275,13653,35154,68798,,0,0,0,0,0,0,0
2025,"Anna University Regional Campus - Coimbatore, Maruthamalai Main Road, Navavoor Bharathiyar University Post, Somayampalayam, Coimbatore District 641046",COIMBATORE,UNIV CONSTITUENT COLLEGES,EC,ELECTRONICS AND COMMUNICATION ENGINEERING,14571,27747,49643,33466,45397,112924,118678,0,0,0,0,0,0,0
2025,"Anna University Regional Campus - Coimbatore, Maruthamalai Main Road, Navavoor Bharathiyar University Post, Somayampalayam, Coimbatore District 641046",COIMBATORE,UNIV CONSTITUENT COLLEGES,EE,ELECTRICAL AND ELECTRONICS ENGINEERING,28341,45065,70334,54268,56135,83997,,0,0,0,0,0,0,0
2025,"Anna University Regional Campus - Coimbatore, Maruthamalai Main Road, Navavoor Bharathiyar University Post, Somayampalayam, Coimbatore District 641046",COIMBATORE,UNIV CONSTITUENT COLLEGES,ME,MECHANICAL ENGINEERING,52163,81920,72138,88560,107152,129842,93542,0,0,0,0,0,0,0
3011,"University College of Engineering, Tiruchirappalli, (Bharathidasan Institute of Technology), Tiruchirappalli District 620024",TIRUCHIRAPALLI,UNIV CONSTITUENT COLLEGES,AU,AUTOMOBILE ENGINEERING,144777,,,,,,,1,0,0,0,0,0,0
3011,"University College of Engineering, Tiruchirappalli, (Bharathidasan Institute of Technology), Tiruchirappalli District 620024",TIRUCHIRAPALLI,UNIV CONSTITUENT COLLEGES,BT,BIO TECHNOLOGY,40627,58622,44867,93842,85879,94652,,0,0,0,0,0,1,0
3011,"University College of Engineering, Tiruchirappalli, (Bharathidasan Institute of Technology), Tiruchirappalli District 620024",TIRUCHIRAPALLI,UNIV CONSTITUENT COLLEGES,CE,CIVIL  ENGINEERING,129602,145020,130462,138343,148293,,,0,1,1,1,1,0,0
3011,"University College of Engineering, Tiruchirappalli, (Bharathidasan Institute of Technology), Tiruchirappalli District 620024",TIRUCHIRAPALLI,UNIV CONSTITUENT COLLEGES,CS,COMPUTER SCIENCE AND ENGINEERING,16560,32288,39935,27735,53172,116252,108935,0,0,0,0,0,0,0
3011,"University College of Engineering, Tiruchirappalli, (Bharathidasan Institute of Technology), Tiruchirappalli District 620024",TIRUCHIRAPALLI,UNIV CONSTITUENT COLLEGES,EC,ELECTRONICS AND COMMUNICATION ENGINEERING,34277,50867,88993,56528,83675,145100,121216,0,0,0,0,0,1,1
3011,"University College of Engineering, Tiruchirappalli, (Bharathidasan Institute of Technology), Tiruchirappalli District 620024",TIRUCHIRAPALLI,UNIV CONSTITUENT COLLEGES,EE,ELECTRICAL AND ELECTRONICS ENGINEERING,66418,106995,121300,120927,123984,83641,,0,0,0,0,0,1,0
3011,"University College of Engineering, Tiruchirappalli, (Bharathidasan Institute of Technology), Tiruchirappalli District 620024",TIRUCHIRAPALLI,UNIV CONSTITUENT COLLEGES,IT,INFORMATION TECHNOLOGY,25089,41989,35240,41670,70937,149757,114622,0,0,0,0,0,0,0
3011,"University College of Engineering, Tiruchirappalli, (Bharathidasan Institute of Technology), Tiruchirappalli District 620024",TIRUCHIRAPALLI,UNIV CONSTITUENT COLLEGES,ME,MECHANICAL ENGINEERING,99158,154327,139612,146102,143275,,,0,1,1,1,1,0,0
3011,"University College of Engineering, Tiruchirappalli, (Bharathidasan Institute of Technology), Tiruchirappalli District 620024",TIRUCHIRAPALLI,UNIV CONSTITUENT COLLEGES,PC,PETRO CHEMICAL TECHNOLOGY,86016,147655,97598,151468,133074,,,0,1,1,1,1,0,0
3011,"University College of Engineering, Tiruchirappalli, (Bharathidasan Institute of Technology), Tiruchirappalli District 620024",TIRUCHIRAPALLI,UNIV CONSTITUENT COLLEGES,PH,PHARMACEUTICAL TECHNOLOGY,67364,131499,,148137,119576,107061,,0,1,0,1,1,0,0
3011,"University College of Engineering, Tiruchirappalli, (Bharathidasan Institute of Technology), Tiruchirappalli District 620024",TIRUCHIRAPALLI,UNIV CONSTITUENT COLLEGES,XC,CIVIL ENGINEERING (TAMIL MEDIUM),153902,,,154590,,,,0,0,0,1,0,0,0
3011,"University College of Engineering, Tiruchirappalli, (Bharathidasan Institute of Technology), Tiruchirappalli District 620024",TIRUCHIRAPALLI,UNIV CONSTITUENT COLLEGES,XM,MECHANICAL ENGINEERING (TAMIL MEDIUM),149599,,,,,,,1,0,0,0,0,0,0
3016,"University College of Engineering, Ariyalur, Kathankudikadu Village, Thelur Post, Ariyalur District 621704",ARIYALUR,UNIV CONSTITUENT COLLEGES,CE,CIVIL  ENGINEERING,107644,,,,,,,1,0,0,0,0,0,0
3016,"University College of Engineering, Ariyalur, Kathankudikadu Village, Thelur Post, Ariyalur District 621704",ARIYALUR,UNIV CONSTITUENT COLLEGES,CS,COMPUTER SCIENCE AND ENGINEERING,57535,115110,112555,80906,107268,143248,,0,0,0,0,0,0,0
3016,"University College of Engineering, Ariyalur, Kathankudikadu Village, Thelur Post, Ariyalur District 621704",ARIYALUR,UNIV CONSTITUENT COLLEGES,EC,ELECTRONICS AND COMMUNICATION ENGINEERING,99618,144991,122545,144760,152899,,,0,0,1,1,1,0,0
3016,"University College of Engineering, Ariyalur, Kathankudikadu Village, Thelur Post, Ariyalur District 621704",ARIYALUR,UNIV CONSTITUENT COLLEGES,EE,ELECTRICAL AND ELECTRONICS ENGINEERING,154941,,,,,,,1,0,0,0,0,0,0
3016,"University College of Engineering, Ariyalur, Kathankudikadu Village, Thelur Post, Ariyalur District 621704",ARIYALUR,UNIV CONSTITUENT COLLEGES,ME,MECHANICAL ENGINEERING,149404,,,,,,,1,0,0,0,0,0,0
3016,"University College of Engineering, Ariyalur, Kathankudikadu Village, Thelur Post, Ariyalur District 621704",ARIYALUR,UNIV CONSTITUENT COLLEGES,XC,CIVIL ENGINEERING (TAMIL MEDIUM),130658,,,,,,,1,0,0,0,0,0,0
3016,"University College of Engineering, Ariyalur, Kathankudikadu Village, Thelur Post, Ariyalur District 621704",ARIYALUR,UNIV CONSTITUENT COLLEGES,XM,MECHANICAL ENGINEERING (TAMIL MEDIUM),,,,,,,,0,0,0,0,0,0,0
3018,"University College of Engineering, Thirukkuvalai, Nagappattinam District 610204",NAGAPATTINAM,UNIV CONSTITUENT COLLEGES,CE,CIVIL  ENGINEERING,90754,,,,,,,1,0,0,0,0,0,0
3018,"University College of Engineering, Thirukkuvalai, Nagappattinam District 610204",NAGAPATTINAM,UNIV CONSTITUENT COLLEGES,CS,COMPUTER SCIENCE AND ENGINEERING,74154,117784,149392,97042,126012,,,0,0,0,0,0,0,0
3018,"University College of Engineering, Thirukkuvalai, Nagappattinam District 610204",NAGAPATTINAM,UNIV CONSTITUENT COLLEGES,EC,ELECTRONICS AND COMMUNICATION ENGINEERING,122372,148710,,147709,136602,,,0,1,0,1,1,0,0
3018,"University College of Engineering, Thirukkuvalai, Nagappattinam District 610204",NAGAPATTINAM,UNIV CONSTITUENT COLLEGES,EE,ELECTRICAL AND ELECTRONICS ENGINEERING,146421,,,,,,,1,0,0,0,0,0,0
3018,"University College of Engineering, Thirukkuvalai, Nagappattinam District 610204",NAGAPATTINAM,UNIV CONSTITUENT COLLEGES,ME,MECHANICAL ENGINEERING,145241,,,,,,,1,0,0,0,0,0,0
3018,"University College of Engineering, Thirukkuvalai, Nagappattinam District 610204",NAGAPATTINAM,UNIV CONSTITUENT COLLEGES,XC,CIVIL ENGINEERING (TAMIL MEDIUM),115158,,,,,,,1,0,0,0,0,0,0
3018,"University College of Engineering, Thirukkuvalai, Nagappattinam District 610204",NAGAPATTINAM,UNIV CONSTITUENT COLLEGES,XM,MECHANICAL ENGINEERING (TAMIL MEDIUM),151630,,,,,,,1,0,0,0,0,0,0
3019,"University College of Engineering, Panruti, Chennai-Kumbakonam Highway, Panikkankuppam, Panruti, Cuddalore District 607106",CUDDALORE,UNIV CONSTITUENT COLLEGES,CE,CIVIL  ENGINEERING,148627,,,,,,,1,0,0,0,0,0,0
3019,"University College of Engineering, Panruti, Chennai-Kumbakonam Highway, Panikkankuppam, Panruti, Cuddalore District 607106",CUDDALORE,UNIV CONSTITUENT COLLEGES,CS,COMPUTER SCIENCE AND ENGINEERING,45533,87620,108939,75547,110128,,,0,0,0,0,0,0,0
3019,"University College of Engineering, Panruti, Chennai-Kumbakonam Highway, Panikkankuppam, Panruti, Cuddalore District 607106",CUDDALORE,UNIV CONSTITUENT COLLEGES,EC,ELECTRONICS AND COMMUNICATION ENGINEERING,79704,133740,,98080,126847,,,0,0,0,0,0,0,0
3019,"University College of Engineering, Panruti, Chennai-Kumbakonam Highway, Panikkankuppam, Panruti, Cuddalore District 607106",CUDDALORE,UNIV CONSTITUENT COLLEGES,EE,ELECTRICAL AND ELECTRONICS ENGINEERING,107888,155106,,153485,140859,,,0,1,0,0,1,0,0
3019,"University College of Engineering, Panruti, Chennai-Kumbakonam Highway, Panikkankuppam, Panruti, Cuddalore District 607106",CUDDALORE,UNIV CONSTITUENT COLLEGES,ME,MECHANICAL ENGINEERING,155794,,,,,,,1,0,0,0,0,0,0
3019,"University College of Engineering, Panruti, Chennai-Kumbakonam Highway, Panikkankuppam, Panruti, Cuddalore District 607106",CUDDALORE,UNIV CONSTITUENT COLLEGES,XC,CIVIL ENGINEERING (TAMIL MEDIUM),,,,,,,,0,0,0,0,0,0,0
3019,"University College of Engineering, Panruti, Chennai-Kumbakonam Highway, Panikkankuppam, Panruti, Cuddalore District 607106",CUDDALORE,UNIV CONSTITUENT COLLEGES,XM,MECHANICAL ENGINEERING (TAMIL MEDIUM),125929,,,,,,,1,0,0,0,0,0,0
3021,"University College of Engineering, Pattukkottai, ECR Road, Rajamadam, Pattukkottai Taluk, Thanjavur District 614701",THANJAVUR,UNIV CONSTITUENT COLLEGES,CE,CIVIL  ENGINEERING,97619,,,,,,,1,0,0,0,0,0,0
3021,"University College of Engineering, Pattukkottai, ECR Road, Rajamadam, Pattukkottai Taluk, Thanjavur District 614701",THANJAVUR,UNIV CONSTITUENT COLLEGES,CS,COMPUTER SCIENCE AND ENGINEERING,56069,93245,119303,85345,86104,155272,,0,0,0,0,0,1,0
3021,"University College of Engineering, Pattukkottai, ECR Road, Rajamadam, Pattukkottai Taluk, Thanjavur District 614701",THANJAVUR,UNIV CONSTITUENT COLLEGES,EC,ELECTRONICS AND COMMUNICATION ENGINEERING,96352,145691,107310,139492,153813,,,0,1,0,1,1,0,0
3021,"University College of Engineering, Pattukkottai, ECR Road, Rajamadam, Pattukkottai Taluk, Thanjavur District 614701",THANJAVUR,UNIV CONSTITUENT COLLEGES,EE,ELECTRICAL AND ELECTRONICS ENGINEERING,154878,,,,,,,1,0,0,0,0,0,0
3021,"University College of Engineering, Pattukkottai, ECR Road, Rajamadam, Pattukkottai Taluk, Thanjavur District 614701",THANJAVUR,UNIV CONSTITUENT COLLEGES,ME,MECHANICAL ENGINEERING,135343,,,,,,,1,0,0,0,0,0,0
3021,"University College of Engineering, Pattukkottai, ECR Road, Rajamadam, Pattukkottai Taluk, Thanjavur District 614701",THANJAVUR,UNIV CONSTITUENT COLLEGES,XC,CIVIL ENGINEERING (TAMIL MEDIUM),,,,,,,,0,0,0,0,0,0,0
3021,"University College of Engineering, Pattukkottai, ECR Road, Rajamadam, Pattukkottai Taluk, Thanjavur District 614701",THANJAVUR,UNIV CONSTITUENT COLLEGES,XM,MECHANICAL ENGINEERING (TAMIL MEDIUM),,,,,,,,0,0,0,0,0,0,0
4020,"Anna University Regional Campus - Tirunelveli, Trivandrum Road, Palayamkottai, Tirunelveli District 627007",TIRUNELVELI,UNIV CONSTITUENT COLLEGES,CS,COMPUTER SCIENCE AND ENGINEERING,21586,36938,44485,41414,93894,103773,,0,0,0,0,0,0,0
4020,"Anna University Regional Campus - Tirunelveli, Trivandrum Road, Palayamkottai, Tirunelveli District 627007",TIRUNELVELI,UNIV CONSTITUENT COLLEGES,EC,ELECTRONICS AND COMMUNICATION ENGINEERING,42988,69831,59997,82842,94668,,,0,0,0,0,0,0,0
4020,"Anna University Regional Campus - Tirunelveli, Trivandrum Road, Palayamkottai, Tirunelveli District 627007",TIRUNELVELI,UNIV CONSTITUENT COLLEGES,GI,GEO INFORMATICS,93571,138719,97529,123826,119760,,,0,0,1,1,1,0,0
4020,"Anna University Regional Campus - Tirunelveli, Trivandrum Road, Palayamkottai, Tirunelveli District 627007",TIRUNELVELI,UNIV CONSTITUENT COLLEGES,ME,MECHANICAL ENGINEERING,105075,154640,122039,128787,139970,,,0,1,0,1,1,0,0
4023,"University College of Engineering, Nagercoil, Nagercoil Industrial Estate, Konam, Kanyakumari District 629004",KANYAKUMARI,UNIV CONSTITUENT COLLEGES,CE,CIVIL  ENGINEERING,126726,150326,151590,127841,133606,,,0,1,1,1,1,0,0
4023,"University College of Engineering, Nagercoil, Nagercoil Industrial Estate, Konam, Kanyakumari District 629004",KANYAKUMARI,UNIV CONSTITUENT COLLEGES,CS,COMPUTER SCIENCE AND ENGINEERING,25997,48768,40697,84090,149001,137255,,0,0,0,0,0,1,0
4023,"University College of Engineering, Nagercoil, Nagercoil Industrial Estate, Konam, Kanyakumari District 629004",KANYAKUMARI,UNIV CONSTITUENT COLLEGES,EC,ELECTRONICS AND COMMUNICATION ENGINEERING,40831,57262,48851,128917,136506,,,0,0,0,0,1,0,0
4023,"University College of Engineering, Nagercoil, Nagercoil Industrial Estate, Konam, Kanyakumari District 629004",KANYAKUMARI,UNIV CONSTITUENT COLLEGES,EE,ELECTRICAL AND ELECTRONICS ENGINEERING,82211,133955,121579,140991,,,,0,0,0,1,0,0,0
4023,"University College of Engineering, Nagercoil, Nagercoil Industrial Estate, Konam, Kanyakumari District 629004",KANYAKUMARI,UNIV CONSTITUENT COLLEGES,IT,INFORMATION TECHNOLOGY,41993,52900,48253,93498,100675,,,0,0,0,0,0,0,0
4023,"University College of Engineering, Nagercoil, Nagercoil Industrial Estate, Konam, Kanyakumari District 629004",KANYAKUMARI,UNIV CONSTITUENT COLLEGES,ME,MECHANICAL ENGINEERING,105047,155385,113058,143581,,,,0,1,0,1,0,0,0
4023,"University College of Engineering, Nagercoil, Nagercoil Industrial Estate, Konam, Kanyakumari District 629004",KANYAKUMARI,UNIV CONSTITUENT COLLEGES,XC,CIVIL ENGINEERING (TAMIL MEDIUM),104504,,,,,,,1,0,0,0,0,0,0
4023,"University College of Engineering, Nagercoil, Nagercoil Industrial Estate, Konam, Kanyakumari District 629004",KANYAKUMARI,UNIV CONSTITUENT COLLEGES,XM,MECHANICAL ENGINEERING (TAMIL MEDIUM),147938,,,,,,,1,0,0,0,0,0,0
4024,"University V.O.C. College of Engineering, Thoothukudi, Near V.O.C. College, Millerpuram, Thoothukudi District 628008",TUTICORIN,UNIV CONSTITUENT COLLEGES,CE,CIVIL  ENGINEERING,152282,,,,,,,1,0,0,0,0,0,0
4024,"University V.O.C. College of Engineering, Thoothukudi, Near V.O.C. College, Millerpuram, Thoothukudi District 628008",TUTICORIN,UNIV CONSTITUENT COLLEGES,EC,ELECTRONICS AND COMMUNICATION ENGINEERING,58438,111024,73175,125779,120843,,,0,0,0,1,0,0,0
4024,"University V.O.C. College of Engineering, Thoothukudi, Near V.O.C. College, Millerpuram, Thoothukudi District 628008",TUTICORIN,UNIV CONSTITUENT COLLEGES,EE,ELECTRICAL AND ELECTRONICS ENGINEERING,139889,,,,143644,,,0,0,0,0,1,0,0
4024,"University V.O.C. College of Engineering, Thoothukudi, Near V.O.C. College, Millerpuram, Thoothukudi District 628008",TUTICORIN,UNIV CONSTITUENT COLLEGES,ME,MECHANICAL ENGINEERING,153643,,,,,,,1,0,0,0,0,0,0
4024,"University V.O.C. College of Engineering, Thoothukudi, Near V.O.C. College, Millerpuram, Thoothukudi District 628008",TUTICORIN,UNIV CONSTITUENT COLLEGES,XC,CIVIL ENGINEERING (TAMIL MEDIUM),93741,,,,,,,1,0,0,0,0,0,0
4024,"University V.O.C. College of Engineering, Thoothukudi, Near V.O.C. College, Millerpuram, Thoothukudi District 628008",TUTICORIN,UNIV CONSTITUENT COLLEGES,XM,MECHANICAL ENGINEERING (TAMIL MEDIUM),112724,,,,,,,1,0,0,0,0,0,0
5010,"Anna University Regional Campus - Madurai, Kanyakumari National Highway, Keelakuilkudi, Madurai District 625019",MADURAI,UNIV CONSTITUENT COLLEGES,CE,CIVIL  ENGINEERING,133112,152230,,147109,149266,,,0,1,0,1,1,0,0
5010,"Anna University Regional Campus - Madurai, Kanyakumari National Highway, Keelakuilkudi, Madurai District 625019",MADURAI,UNIV CONSTITUENT COLLEGES,CS,COMPUTER SCIENCE AND ENGINEERING,19066,30150,37141,42155,76172,136431,,0,0,0,0,0,0,0
5010,"Anna University Regional Campus - Madurai, Kanyakumari National Highway, Keelakuilkudi, Madurai District 625019",MADURAI,UNIV CONSTITUENT COLLEGES,EC,ELECTRONICS AND COMMUNICATION ENGINEERING,35222,55263,67007,61843,99938,57469,,0,0,0,0,1,1,0
5010,"Anna University Regional Campus - Madurai, Kanyakumari National Highway, Keelakuilkudi, Madurai District 625019",MADURAI,UNIV CONSTITUENT COLLEGES,EE,ELECTRICAL AND ELECTRONICS ENGINEERING,62565,94218,100171,82696,130021,,,0,0,0,0,1,0,0
5010,"Anna University Regional Campus - Madurai, Kanyakumari National Highway, Keelakuilkudi, Madurai District 625019",MADURAI,UNIV CONSTITUENT COLLEGES,ME,MECHANICAL ENGINEERING,94283,145630,,120871,138279,124556,,0,1,0,1,1,0,0
5017,"University College of Engineering, Ramanathapuram, Pullangudi, Ramanathapuram District 623513",RAMANATHAPURAM,UNIV CONSTITUENT COLLEGES,CE,CIVIL  ENGINEERING,148415,,,,,,,1,0,0,0,0,0,0
5017,"University College of Engineering, Ramanathapuram, Pullangudi, Ramanathapuram District 623513",RAMANATHAPURAM,UNIV CONSTITUENT COLLEGES,CS,COMPUTER SCIENCE AND ENGINEERING,72802,124548,101145,101482,146837,,,0,0,0,0,1,0,0
5017,"University College of Engineering, Ramanathapuram, Pullangudi, Ramanathapuram District 623513",RAMANATHAPURAM,UNIV CONSTITUENT COLLEGES,EC,ELECTRONICS AND COMMUNICATION ENGINEERING,154600,,,,,,,0,0,0,0,0,0,0
5017,"University College of Engineering, Ramanathapuram, Pullangudi, Ramanathapuram District 623513",RAMANATHAPURAM,UNIV CONSTITUENT COLLEGES,ME,MECHANICAL ENGINEERING,138251,,,,,,,1,0,0,0,0,0,0
5017,"University College of Engineering, Ramanathapuram, Pullangudi, Ramanathapuram District 623513",RAMANATHAPURAM,UNIV CONSTITUENT COLLEGES,XC,CIVIL ENGINEERING (TAMIL MEDIUM),51902,,,,,,,1,0,0,0,0,0,0
5017,"University College of Engineering, Ramanathapuram, Pullangudi, Ramanathapuram District 623513",RAMANATHAPURAM,UNIV CONSTITUENT COLLEGES,XM,MECHANICAL ENGINEERING (TAMIL MEDIUM),,,,,,,,0,0,0,0,0,0,0
5022,"University College of Engineering, Dindigul, Mangarai Pirivu, Reddiyarchathiram, Dindigul District 624622",DINDIGUL,UNIV CONSTITUENT COLLEGES,CE,CIVIL  ENGINEERING,114318,,,,,,,1,0,0,0,0,0,0
5022,"University College of Engineering, Dindigul, Mangarai Pirivu, Reddiyarchathiram, Dindigul District 624622",DINDIGUL,UNIV CONSTITUENT COLLEGES,CS,COMPUTER SCIENCE AND ENGINEERING,41553,58071,52587,94396,95677,152378,,0,0,0,0,0,1,0
5022,"University College of Engineering, Dindigul, Mangarai Pirivu, Reddiyarchathiram, Dindigul District 624622",DINDIGUL,UNIV CONSTITUENT COLLEGES,EC,ELECTRONICS AND COMMUNICATION ENGINEERING,73500,104002,86124,108623,135643,120895,,0,0,0,0,1,1,0
5022,"University College of Engineering, Dindigul, Mangarai Pirivu, Reddiyarchathiram, Dindigul District 624622",DINDIGUL,UNIV CONSTITUENT COLLEGES,EE,ELECTRICAL AND ELECTRONICS ENGINEERING,127336,149852,,152970,,,,0,1,0,1,0,0,0
5022,"University College of Engineering, Dindigul, Mangarai Pirivu, Reddiyarchathiram, Dindigul District 624622",DINDIGUL,UNIV CONSTITUENT COLLEGES,ME,MECHANICAL ENGINEERING,146177,,,,,,,1,0,0,0,0,0,0
5022,"University College of Engineering, Dindigul, Mangarai Pirivu, Reddiyarchathiram, Dindigul District 624622",DINDIGUL,UNIV CONSTITUENT COLLEGES,XC,CIVIL ENGINEERING (TAMIL MEDIUM),137853,,,,,,,1,0,0,0,0,0,0
5022,"University College of Engineering, Dindigul, Mangarai Pirivu, Reddiyarchathiram, Dindigul District 624622",DINDIGUL,UNIV CONSTITUENT COLLEGES,XM,MECHANICAL ENGINEERING (TAMIL MEDIUM),148244,,,,,,,1,0,0,0,0,0,0
5,"Annamalai University Faculty of Engineering and Technology,Annamalai nagar,Cuddalore",CUDDALORE,ANNAMALAI UNIV,AM,COMPUTER SCIENCE AND ENGINEERING (ARTIFICIAL INTELLIGENCE AND MACHINE LEARNING),49183,105367,95668,72737,95816,89103,,0,0,0,0,0,1,0
5,"Annamalai University Faculty of Engineering and Technology,Annamalai nagar,Cuddalore",CUDDALORE,ANNAMALAI UNIV,CE,CIVIL  ENGINEERING,101438,102755,146038,148344,142633,,,0,1,1,1,1,0,0
5,"Annamalai University Faculty of Engineering and Technology,Annamalai nagar,Cuddalore",CUDDALORE,ANNAMALAI UNIV,CF,COMPUTER SCIENCE AND ENGINEERING (DATA SCIENCE),45485,110233,100178,76908,100905,126240,,0,0,0,0,0,0,0
5,"Annamalai University Faculty of Engineering and Technology,Annamalai nagar,Cuddalore",CUDDALORE,ANNAMALAI UNIV,CH,CHEMICAL  ENGINEERING,103748,136866,146506,151163,152246,,116136,0,1,1,1,1,0,1
5,"Annamalai University Faculty of Engineering and Technology,Annamalai nagar,Cuddalore",CUDDALORE,ANNAMALAI UNIV,CS,COMPUTER SCIENCE AND ENGINEERING,33272,83563,79939,70979,84630,109901,,0,0,0,0,0,1,0
5,"Annamalai University Faculty of Engineering and Technology,Annamalai nagar,Cuddalore",CUDDALORE,ANNAMALAI UNIV,CZ,CIVIL AND STRUCTUTURAL ENGINEERING,155597,,,,,,,1,0,0,0,0,0,0
5,"Annamalai University Faculty of Engineering and Technology,Annamalai nagar,Cuddalore",CUDDALORE,ANNAMALAI UNIV,EC,ELECTRONICS AND COMMUNICATION ENGINEERING,63393,104644,116806,82838,135784,,,0,0,0,0,0,0,0
5,"Annamalai University Faculty of Engineering and Technology,Annamalai nagar,Cuddalore",CUDDALORE,ANNAMALAI UNIV,EE,ELECTRICAL AND ELECTRONICS ENGINEERING,108763,154713,136692,142692,154238,,,0,1,1,1,1,0,0
5,"Annamalai University Faculty of Engineering and Technology,Annamalai nagar,Cuddalore",CUDDALORE,ANNAMALAI UNIV,EI,ELECTRONICS AND INSTRUMENTATION ENGINEERING,107622,151714,147295,151896,143632,,,0,1,0,1,1,0,0
5,"Annamalai University Faculty of Engineering and Technology,Annamalai nagar,Cuddalore",CUDDALORE,ANNAMALAI UNIV,IT,INFORMATION TECHNOLOGY,50340,90515,94634,77795,97904,155043,114719,0,0,0,0,0,0,0
5,"Annamalai University Faculty of Engineering and Technology,Annamalai nagar,Cuddalore",CUDDALORE,ANNAMALAI UNIV,ME,MECHANICAL ENGINEERING,129833,147754,,156001,146926,,151222,0,1,0,1,1,0,1
5,"Annamalai University Faculty of Engineering and Technology,Annamalai nagar,Cuddalore",CUDDALORE,ANNAMALAI UNIV,MM,MECHANICAL ENGINEERING (MANUFACTURING),148471,,,,,,,1,0,0,0,0,0,0
1101,"Aalim Muhammed Salegh College of Engineering, Muthapudupet, Avadi IAF, Chennai 600055",THIRUVALLUR,SELF FINANCING COLLEGES TIER 3,AD,ARTIFICIAL INTELLIGENCE AND DATA SCIENCE,83668,131010,93259,,145682,,,0,1,0,0,1,0,0
1101,"Aalim Muhammed Salegh College of Engineering, Muthapudupet, Avadi IAF, Chennai 600055",THIRUVALLUR,SELF FINANCING COLLEGES TIER 3,CE,CIVIL  ENGINEERING,146873,,,,,,,1,0,0,0,0,0,0
1101,"Aalim Muhammed Salegh College of Engineering, Muthapudupet, Avadi IAF, Chennai 600055",THIRUVALLUR,SELF FINANCING COLLEGES TIER 3,CS,COMPUTER SCIENCE AND ENGINEERING,68229,130677,82139,154044,130294,93895,,0,1,0,1,1,0,0
1101,"Aalim Muhammed Salegh College of Engineering, Muthapudupet, Avadi IAF, Chennai 600055",THIRUVALLUR,SELF FINANCING COLLEGES TIER 3,EC,ELECTRONICS AND COMMUNICATION ENGINEERING,84778,144176,86177,,149926,,,0,1,0,0,1,0,0
1101,"Aalim Muhammed Salegh College of Engineering, Muthapudupet, Avadi IAF, Chennai 600055",THIRUVALLUR,SELF FINANCING COLLEGES TIER 3,EE,ELECTRICAL AND ELECTRONICS ENGINEERING,147032,,,,,,,0,0,0,0,0,0,0
1101,"Aalim Muhammed Salegh College of Engineering, Muthapudupet, Avadi IAF, Chennai 600055",THIRUVALLUR,SELF FINANCING COLLEGES TIER 3,IT,INFORMATION TECHNOLOGY,62477,115265,82529,113338,152386,,,0,1,0,1,1,0,0
1101,"Aalim Muhammed Salegh College of Engineering, Muthapudupet, Avadi IAF, Chennai 600055",THIRUVALLUR,SELF FINANCING COLLEGES TIER 3,ME,MECHANICAL ENGINEERING,148385,,,,,,,1,0,0,0,0,0,0
1106,"Jaya Engineering College, Thirunindravur, Chennai 602024",THIRUVALLUR,SELF FINANCING COLLEGES TIER 3,AE,AERONAUTICAL ENGINEERING,137335,,,,,,,1,0,0,0,0,0,0
1106,"Jaya Engineering College, Thirunindravur, Chennai 602024",THIRUVALLUR,SELF FINANCING COLLEGES TIER 3,CE,CIVIL  ENGINEERING,154666,,,,,,,1,0,0,0,0,0,0
1106,"Jaya Engineering College, Thirunindravur, Chennai 602024",THIRUVALLUR,SELF FINANCING COLLEGES TIER 3,CS,COMPUTER SCIENCE AND ENGINEERING,80964,118936,112847,151859,138134,,,0,0,0,0,1,0,0
1106,"Jaya Engineering College, Thirunindravur, Chennai 602024",THIRUVALLUR,SELF FINANCING COLLEGES TIER 3,EC,ELECTRONICS AND COMMUNICATION ENGINEERING,147280,,,,149169,,,0,0,0,0,1,0,0
1106,"Jaya Engineering College, Thirunindravur, Chennai 602024",THIRUVALLUR,SELF FINANCING COLLEGES TIER 3,EE,ELECTRICAL AND ELECTRONICS ENGINEERING,150139,,,,,,,1,0,0,0,0,0,0
1106,"Jaya Engineering College, Thirunindravur, Chennai 602024",THIRUVALLUR,SELF FINANCING COLLEGES TIER 3,EI,ELECTRONICS AND INSTRUMENTATION ENGINEERING,,,,,,,,0,0,0,0,0,0,0
1106,"Jaya Engineering College, Thirunindravur, Chennai 602024",THIRUVALLUR,SELF FINANCING COLLEGES TIER 3,IT,INFORMATION TECHNOLOGY,96771,151143,152889,149643,148277,,,0,0,1,1,1,0,0
1106,"Jaya Engineering College, Thirunindravur, Chennai 602024",THIRUVALLUR,SELF FINANCING COLLEGES TIER 3,ME,MECHANICAL ENGINEERING,,,,,,,,0,0,0,0,0,0,0
1106,"Jaya Engineering College, Thirunindravur, Chennai 602024",THIRUVALLUR,SELF FINANCING COLLEGES TIER 3,TX,TEXTILE TECHNOLOGY,148500,,,,,,,1,0,0,0,0,0,0
1107,"Jaya Institute of Technology, Kanchipadi Post, Thiruvallur-Tiruttani NH  Road, Thiruvallur District 631204",THIRUVALLUR,SELF FINANCING COLLEGES TIER 3,CS,COMPUTER SCIENCE AND ENGINEERING,,,,,,,,0,0,0,0,0,0,0
1107,"Jaya Institute of Technology, Kanchipadi Post, Thiruvallur-Tiruttani NH  Road, Thiruvallur District 631204",THIRUVALLUR,SELF FINANCING COLLEGES TIER 3,EC,ELECTRONICS AND COMMUNICATION ENGINEERING,,,,,,,,0,0,0,0,0,0,0
1107,"Jaya Institute of Technology, Kanchipadi Post, Thiruvallur-Tiruttani NH  Road, Thiruvallur District 631204",THIRUVALLUR,SELF FINANCING COLLEGES TIER 3,EE,ELECTRICAL AND ELECTRONICS ENGINEERING,,,,,,,,0,0,0,0,0,0,0
1107,"Jaya Institute of Technology, Kanchipadi Post, Thiruvallur-Tiruttani NH  Road, Thiruvallur District 631204",THIRUVALLUR,SELF FINANCING COLLEGES TIER 3,FD,FOOD TECHNOLOGY,142474,,,,,,,1,0,0,0,0,0,0
1107,"Jaya Institute of Technology, Kanchipadi Post, Thiruvallur-Tiruttani NH  Road, Thiruvallur District 631204",THIRUVALLUR,SELF FINANCING COLLEGES TIER 3,ME,MECHANICAL ENGINEERING,,,,,,,,0,0,0,0,0,0,0
1110,"Prathyusha Engineering college, Aranvoyalkuppam, Thiruvallur District 602025",THIRUVALLUR,SELF FINANCING COLLEGES TIER 2,AD,ARTIFICIAL INTELLIGENCE AND DATA SCIENCE,66457,97826,99988,106915,147340,,,0,0,0,0,1,0,0
1110,"Prathyusha Engineering college, Aranvoyalkuppam, Thiruvallur District 602025",THIRUVALLUR,SELF FINANCING COLLEGES TIER 2,BT,BIO TECHNOLOGY,87177,142244,,90069,138151,125765,,0,1,0,1,1,0,0
1110,"Prathyusha Engineering college, Aranvoyalkuppam, Thiruvallur District 602025",THIRUVALLUR,SELF FINANCING COLLEGES TIER 2,CS,COMPUTER SCIENCE AND ENGINEERING,54315,81278,75602,102146,144084,,,0,0,0,0,1,0,0
1110,"Prathyusha Engineering college, Aranvoyalkuppam, Thiruvallur District 602025",THIRUVALLUR,SELF FINANCING COLLEGES TIER 2,EC,ELECTRONICS AND COMMUNICATION ENGINEERING,75050,88819,95886,128945,149109,,,0,0,0,0,1,0,0
1110,"Prathyusha Engineering college, Aranvoyalkuppam, Thiruvallur District 602025",THIRUVALLUR,SELF FINANCING COLLEGES TIER 2,EE,ELECTRICAL AND ELECTRONICS ENGINEERING,136835,154575,,,,,,0,1,0,0,0,0,0
1110,"Prathyusha Engineering college, Aranvoyalkuppam, Thiruvallur District 602025",THIRUVALLUR,SELF FINANCING COLLEGES TIER 2,IT,INFORMATION TECHNOLOGY,56341,83248,88626,111738,124366,,,0,0,0,0,0,0,0
1110,"Prathyusha Engineering college, Aranvoyalkuppam, Thiruvallur District 602025",THIRUVALLUR,SELF FINANCING COLLEGES TIER 2,ME,MECHANICAL ENGINEERING,139653,,,,,,,1,0,0,0,0,0,0
1110,"Prathyusha Engineering college, Aranvoyalkuppam, Thiruvallur District 602025",THIRUVALLUR,SELF FINANCING COLLEGES TIER 2,MZ,Mechatronics Engineering,131276,,,,,,,1,0,0,0,0,0,0
1112,"R M D Engineering College (Autonomous), Kavaraipettai, Gummidipoondi, Thiruvallur District 601206",THIRUVALLUR,SELF FINANCING COLLEGES TIER 1,AL,Artificial Intelligence and Machine Learning,21928,29913,37753,34885,76461,,,0,0,0,0,0,0,0
1112,"R M D Engineering College (Autonomous), Kavaraipettai, Gummidipoondi, Thiruvallur District 601206",THIRUVALLUR,SELF FINANCING COLLEGES TIER 1,CB,COMPUTER SCIENCE AND BUSSINESS SYSTEM,24053,30665,43852,44558,92036,,,0,0,0,0,0,0,0
1112,"R M D Engineering College (Autonomous), Kavaraipettai, Gummidipoondi, Thiruvallur District 601206",THIRUVALLUR,SELF FINANCING COLLEGES TIER 1,CS,COMPUTER SCIENCE AND ENGINEERING,12467,17740,33026,20901,81620,79434,95222,0,0,0,0,0,1,0
1112,"R M D Engineering College (Autonomous), Kavaraipettai, Gummidipoondi, Thiruvallur District 601206",THIRUVALLUR,SELF FINANCING COLLEGES TIER 1,EC,ELECTRONICS AND COMMUNICATION ENGINEERING,20691,29426,46045,43331,108218,,,0,0,0,0,0,0,0
1112,"R M D Engineering College (Autonomous), Kavaraipettai, Gummidipoondi, Thiruvallur District 601206",THIRUVALLUR,SELF FINANCING COLLEGES TIER 1,IT,INFORMATION TECHNOLOGY,15225,19702,,25198,61442,,,0,0,0,0,0,0,0
1113,"R M K Engineering College (Autonomous), Kavaraipettai, Gummidipoondi, Thiruvallur District 601206",THIRUVALLUR,SELF FINANCING COLLEGES TIER 1,AD,ARTIFICIAL INTELLIGENCE AND DATA SCIENCE,7605,11206,18816,18168,47421,,,0,0,0,0,0,0,0
1113,"R M K Engineering College (Autonomous), Kavaraipettai, Gummidipoondi, Thiruvallur District 601206",THIRUVALLUR,SELF FINANCING COLLEGES TIER 1,CB,COMPUTER SCIENCE AND BUSSINESS SYSTEM,11621,12423,18811,18974,78343,129462,,0,0,0,0,0,0,0
1113,"R M K Engineering College (Autonomous), Kavaraipettai, Gummidipoondi, Thiruvallur District 601206",THIRUVALLUR,SELF FINANCING COLLEGES TIER 1,CD,COMPUTER SCIENCE AND DESIGN,14955,19590,23877,21194,80004,111803,,0,0,0,0,0,0,0
1113,"R M K Engineering College (Autonomous), Kavaraipettai, Gummidipoondi, Thiruvallur District 601206",THIRUVALLUR,SELF FINANCING COLLEGES TIER 1,CE,CIVIL  ENGINEERING,39731,54463,,55939,146340,,,0,0,0,0,0,0,0
1113,"R M K Engineering College (Autonomous), Kavaraipettai, Gummidipoondi, Thiruvallur District 601206",THIRUVALLUR,SELF FINANCING COLLEGES TIER 1,CS,COMPUTER SCIENCE AND ENGINEERING,5124,7636,16172,11959,39939,73215,78086,0,0,0,0,0,0,0
1113,"R M K Engineering College (Autonomous), Kavaraipettai, Gummidipoondi, Thiruvallur District 601206",THIRUVALLUR,SELF FINANCING COLLEGES TIER 1,EC,ELECTRONICS AND COMMUNICATION ENGINEERING,10345,13606,20610,18713,49686,108941,114534,0,0,0,0,0,1,0
1113,"R M K Engineering College (Autonomous), Kavaraipettai, Gummidipoondi, Thiruvallur District 601206",THIRUVALLUR,SELF FINANCING COLLEGES TIER 1,EE,ELECTRICAL AND ELECTRONICS ENGINEERING,19515,23162,,36017,95376,,,0,0,0,0,0,0,0
1113,"R M K Engineering College (Autonomous), Kavaraipettai, Gummidipoondi, Thiruvallur District 601206",THIRUVALLUR,SELF FINANCING COLLEGES TIER 1,IT,INFORMATION TECHNOLOGY,8704,10752,17597,16671,37560,74864,,0,0,0,0,0,0,0
1113,"R M K Engineering College (Autonomous), Kavaraipettai, Gummidipoondi, Thiruvallur District 601206",THIRUVALLUR,SELF FINANCING COLLEGES TIER 1,ME,MECHANICAL ENGINEERING,30194,35294,,51371,109664,,,0,0,0,0,0,0,0
1114,"S A Engineering College (Autonomous), Thiruverkadu, Chennai 600077",THIRUVALLUR,SELF FINANCING COLLEGES TIER 2,AD,ARTIFICIAL INTELLIGENCE AND DATA SCIENCE,57579,70802,76036,76421,132823,,,0,0,0,0,0,0,0
1114,"S A Engineering College (Autonomous), Thiruverkadu, Chennai 600077",THIRUVALLUR,SELF FINANCING COLLEGES TIER 2,AM,COMPUTER SCIENCE AND ENGINEERING (ARTIFICIAL INTELLIGENCE AND MACHINE LEARNING),64580,72241,70196,84129,151732,,,0,0,0,0,0,0,0
1114,"S A Engineering College (Autonomous), Thiruverkadu, Chennai 600077",THIRUVALLUR,SELF FINANCING COLLEGES TIER 2,CB,COMPUTER SCIENCE AND BUSSINESS SYSTEM,58744,80040,83364,93396,133146,,,0,0,0,0,0,0,0
1114,"S A Engineering College (Autonomous), Thiruverkadu, Chennai 600077",THIRUVALLUR,SELF FINANCING COLLEGES TIER 2,CE,CIVIL  ENGINEERING,148087,,,,,,,1,0,0,0,0,0,0
1114,"S A Engineering College (Autonomous), Thiruverkadu, Chennai 600077",THIRUVALLUR,SELF FINANCING COLLEGES TIER 2,CS,COMPUTER SCIENCE AND ENGINEERING,45557,57200,63619,72223,119768,130443,,0,0,0,0,0,1,0
1114,"S A Engineering College (Autonomous), Thiruverkadu, Chennai 600077",THIRUVALLUR,SELF FINANCING COLLEGES TIER 2,EC,ELECTRONICS AND COMMUNICATION ENGINEERING,63697,77120,94693,101259,150070,,,0,0,0,0,1,0,0
1114,"S A Engineering College (Autonomous), Thiruverkadu, Chennai 600077",THIRUVALLUR,SELF FINANCING COLLEGES TIER 2,EE,ELECTRICAL AND ELECTRONICS ENGINEERING,96164,152822,124997,142429,,,,0,1,1,1,0,0,0
1114,"S A Engineering College (Autonomous), Thiruverkadu, Chennai 600077",THIRUVALLUR,SELF FINANCING COLLEGES TIER 2,IT,INFORMATION TECHNOLOGY,51391,60583,59903,73670,116603,,,0,0,0,0,0,0,0
1114,"S A Engineering College (Autonomous), Thiruverkadu, Chennai 600077",THIRUVALLUR,SELF FINANCING COLLEGES TIER 2,ME,MECHANICAL ENGINEERING,135518,148193,148070,155750,,,,0,1,0,1,0,0,0
1115,"Sri Ram Engineering College, Perumalpattu, Veppampattu (R S), Thiruvallur District 602 024",THIRUVALLUR,SELF FINANCING COLLEGES TIER 3,AD,ARTIFICIAL INTELLIGENCE AND DATA SCIENCE,90567,133609,,144414,97466,,,0,1,0,1,1,0,0
1115,"Sri Ram Engineering College, Perumalpattu, Veppampattu (R S), Thiruvallur District 602 024",THIRUVALLUR,SELF FINANCING COLLEGES TIER 3,CH,CHEMICAL  ENGINEERING,,,,,,,,0,0,0,0,0,0,0
1115,"Sri Ram Engineering College, Perumalpattu, Veppampattu (R S), Thiruvallur District 602 024",THIRUVALLUR,SELF FINANCING COLLEGES TIER 3,CS,COMPUTER SCIENCE AND ENGINEERING,48927,79098,,76525,148931,,,0,0,0,0,1,0,0
1115,"Sri Ram Engineering College, Perumalpattu, Veppampattu (R S), Thiruvallur District 602 024",THIRUVALLUR,SELF FINANCING COLLEGES TIER 3,EC,ELECTRONICS AND COMMUNICATION ENGINEERING,144127,,,,,,,1,0,0,0,0,0,0
1115,"Sri Ram Engineering College, Perumalpattu, Veppampattu (R S), Thiruvallur District 602 024",THIRUVALLUR,SELF FINANCING COLLEGES TIER 3,EE,ELECTRICAL AND ELECTRONICS ENGINEERING,141602,,,,,,,1,0,0,0,0,0,0
1115,"Sri Ram Engineering College, Perumalpattu, Veppampattu (R S), Thiruvallur District 602 024",THIRUVALLUR,SELF FINANCING COLLEGES TIER 3,ME,MECHANICAL ENGINEERING,,,,,,,,0,0,0,0,0,0,0
1116,"Sri Venkateswara College of Engineering and Technology, Thirupachur, Thiruvallur District 631203",THIRUVALLUR,SELF FINANCING COLLEGES TIER 3,CE,CIVIL  ENGINEERING,152636,,,,,,,1,0,0,0,0,0,0
1116,"Sri Venkateswara College of Engineering and Technology, Thirupachur, Thiruvallur District 631203",THIRUVALLUR,SELF FINANCING COLLEGES TIER 3,CS,COMPUTER SCIENCE AND ENGINEERING,62800,90097,77931,155537,121133,153451,,0,0,0,1,1,0,0
1116,"Sri Venkateswara College of Engineering and Technology, Thirupachur, Thiruvallur District 631203",THIRUVALLUR,SELF FINANCING COLLEGES TIER 3,EC,ELECTRONICS AND COMMUNICATION ENGINEERING,137420,152021,,149741,146618,,,0,1,0,1,1,0,0
1116,"Sri Venkateswara College of Engineering and Technology, Thirupachur, Thiruvallur District 631203",THIRUVALLUR,SELF FINANCING COLLEGES TIER 3,EE,ELECTRICAL AND ELECTRONICS ENGINEERING,153847,,,,,,,1,0,0,0,0,0,0
1116,"Sri Venkateswara College of Engineering and Technology, Thirupachur, Thiruvallur District 631203",THIRUVALLUR,SELF FINANCING COLLEGES TIER 3,ME,MECHANICAL ENGINEERING,155222,,,,,,,1,0,0,0,0,0,0
1118,"Vel Tech Multi Tech Dr. Rangarajan Dr. Sakunthala Engineering College (Autonomous), Avadi-Alamathi Road, Chennai 600 062",THIRUVALLUR,SELF FINANCING COLLEGES TIER 3,AD,ARTIFICIAL INTELLIGENCE AND DATA SCIENCE,42367,49740,43373,60918,115654,,,0,0,0,0,0,0,0
1118,"Vel Tech Multi Tech Dr. Rangarajan Dr. Sakunthala Engineering College (Autonomous), Avadi-Alamathi Road, Chennai 600 062",THIRUVALLUR,SELF FINANCING COLLEGES TIER 3,BM,BIO MEDICAL ENGINEERING,37391,73076,81413,93520,137035,92527,,0,0,0,0,0,0,0
1118,"Vel Tech Multi Tech Dr. Rangarajan Dr. Sakunthala Engineering College (Autonomous), Avadi-Alamathi Road, Chennai 600 062",THIRUVALLUR,SELF FINANCING COLLEGES TIER 3,CB,COMPUTER SCIENCE AND BUSSINESS SYSTEM,44669,53422,59119,68828,129226,,,0,0,0,0,0,0,0
1118,"Vel Tech Multi Tech Dr. Rangarajan Dr. Sakunthala Engineering College (Autonomous), Avadi-Alamathi Road, Chennai 600 062",THIRUVALLUR,SELF FINANCING COLLEGES TIER 3,CS,COMPUTER SCIENCE AND ENGINEERING,29442,45457,58673,55151,108103,129982,,0,0,0,0,0,1,0
1118,"Vel Tech Multi Tech Dr. Rangarajan Dr. Sakunthala Engineering College (Autonomous), Avadi-Alamathi Road, Chennai 600 062",THIRUVALLUR,SELF FINANCING COLLEGES TIER 3,EC,ELECTRONICS AND COMMUNICATION ENGINEERING,38123,56326,77374,58470,138917,,,0,0,0,0,0,0,0
1118,"Vel Tech Multi Tech Dr. Rangarajan Dr. Sakunthala Engineering College (Autonomous), Avadi-Alamathi Road, Chennai 600 062",THIRUVALLUR,SELF FINANCING COLLEGES TIER 3,EE,ELECTRICAL AND ELECTRONICS ENGINEERING,57533,74386,104823,83058,95585,,,0,0,0,0,1,0,0
1118,"Vel Tech Multi Tech Dr. Rangarajan Dr. Sakunthala Engineering College (Autonomous), Avadi-Alamathi Road, Chennai 600 062",THIRUVALLUR,SELF FINANCING COLLEGES TIER 3,IT,INFORMATION TECHNOLOGY,34930,48771,50766,56252,112931,137981,,0,0,0,0,0,1,0
1118,"Vel Tech Multi Tech Dr. Rangarajan Dr. Sakunthala Engineering College (Autonomous), Avadi-Alamathi Road, Chennai 600 062",THIRUVALLUR,SELF FINANCING COLLEGES TIER 3,ME,MECHANICAL ENGINEERING,91137,141114,122153,139557,133605,142989,,0,0,0,1,0,0,0
1120,"Velammal Engineering College (Autonomous), Ambattur-Redhills Road, Chennai 600066",THIRUVALLUR,SELF FINANCING COLLEGES TIER 1,AD,ARTIFICIAL INTELLIGENCE AND DATA SCIENCE,32010,48225,53158,52297,109745,,112746,0,0,0,0,0,0,0
1120,"Velammal Engineering College (Autonomous), Ambattur-Redhills Road, Chennai 600066",THIRUVALLUR,SELF FINANCING COLLEGES TIER 1,AU,AUTOMOBILE ENGINEERING,107916,,,108408,,,,0,0,0,1,0,0,0
1120,"Velammal Engineering College (Autonomous), Ambattur-Redhills Road, Chennai 600066",THIRUVALLUR,SELF FINANCING COLLEGES TIER 1,CE,CIVIL  ENGINEERING,151380,,,,,,,1,0,0,0,0,0,0
1120,"Velammal Engineering College (Autonomous), Ambattur-Redhills Road, Chennai 600066",THIRUVALLUR,SELF FINANCING COLLEGES TIER 1,CS,COMPUTER SCIENCE AND ENGINEERING,23062,38546,39432,49873,88569,140915,124752,0,0,0,0,0,0,0
1120,"Velammal Engineering College (Autonomous), Ambattur-Redhills Road, Chennai 600066",THIRUVALLUR,SELF FINANCING COLLEGES TIER 1,EC,ELECTRONICS AND COMMUNICATION ENGINEERING,35993,49070,71376,60262,126601,,132259,0,0,0,0,0,0,0
1120,"Velammal Engineering College (Autonomous), Ambattur-Redhills Road, Chennai 600066",THIRUVALLUR,SELF FINANCING COLLEGES TIER 1,EE,ELECTRICAL AND ELECTRONICS ENGINEERING,56746,70031,115941,90852,155275,,,0,0,0,0,1,0,0
1120,"Velammal Engineering College (Autonomous), Ambattur-Redhills Road, Chennai 600066",THIRUVALLUR,SELF FINANCING COLLEGES TIER 1,EI,ELECTRONICS AND INSTRUMENTATION ENGINEERING,54724,64787,74600,96122,150251,,,0,0,0,0,1,0,0
1120,"Velammal Engineering College (Autonomous), Ambattur-Redhills Road, Chennai 600066",THIRUVALLUR,SELF FINANCING COLLEGES TIER 1,IT,INFORMATION TECHNOLOGY,28779,42572,52134,54850,100188,,,0,0,0,0,0,0,0
1120,"Velammal Engineering College (Autonomous), Ambattur-Redhills Road, Chennai 600066",THIRUVALLUR,SELF FINANCING COLLEGES TIER 1,ME,MECHANICAL ENGINEERING,117909,141676,126719,156142,125504,,,0,1,0,1,1,0,0
1121,"Sri Venkateswara Institute of Science and Technology, Kozhundalur, Thiruvallur District 631203",THIRUVALLUR,SELF FINANCING COLLEGES TIER 3,CE,CIVIL  ENGINEERING,,,,,,,,0,0,0,0,0,0,0
1121,"Sri Venkateswara Institute of Science and Technology, Kozhundalur, Thiruvallur District 631203",THIRUVALLUR,SELF FINANCING COLLEGES TIER 3,CS,COMPUTER SCIENCE AND ENGINEERING,130919,139456,,,,,,0,1,0,0,0,0,0
1121,"Sri Venkateswara Institute of Science and Technology, Kozhundalur, Thiruvallur District 631203",THIRUVALLUR,SELF FINANCING COLLEGES TIER 3,EC,ELECTRONICS AND COMMUNICATION ENGINEERING,,,,,,,,0,0,0,0,0,0,0
1121,"Sri Venkateswara Institute of Science and Technology, Kozhundalur, Thiruvallur District 631203",THIRUVALLUR,SELF FINANCING COLLEGES TIER 3,EE,ELECTRICAL AND ELECTRONICS ENGINEERING,,,,,,,,0,0,0,0,0,0,0
1121,"Sri Venkateswara Institute of Science and Technology, Kozhundalur, Thiruvallur District 631203",THIRUVALLUR,SELF FINANCING COLLEGES TIER 3,ME,MECHANICAL ENGINEERING,,,,,,,,0,0,0,0,0,0,0
1122,"Vel Tech High Tech Dr. Rangarajan Dr. Sakunthala Engineering College (Autonomous), Avadi-Alamathi Road, Chennai 600 062",THIRUVALLUR,SELF FINANCING COLLEGES TIER 2,AD,ARTIFICIAL INTELLIGENCE AND DATA SCIENCE,43894,59219,55167,64797,85317,,,0,0,0,0,0,0,0
1122,"Vel Tech High Tech Dr. Rangarajan Dr. Sakunthala Engineering College (Autonomous), Avadi-Alamathi Road, Chennai 600 062",THIRUVALLUR,SELF FINANCING COLLEGES TIER 2,AM,COMPUTER SCIENCE AND ENGINEERING (ARTIFICIAL INTELLIGENCE AND MACHINE LEARNING),46642,58601,47828,66393,117971,,,0,0,0,0,0,0,0
1122,"Vel Tech High Tech Dr. Rangarajan Dr. Sakunthala Engineering College (Autonomous), Avadi-Alamathi Road, Chennai 600 062",THIRUVALLUR,SELF FINANCING COLLEGES TIER 2,BT,BIO TECHNOLOGY,59595,77805,147780,134529,141848,,,0,0,1,0,0,0,0
1122,"Vel Tech High Tech Dr. Rangarajan Dr. Sakunthala Engineering College (Autonomous), Avadi-Alamathi Road, Chennai 600 062",THIRUVALLUR,SELF FINANCING COLLEGES TIER 2,CE,CIVIL  ENGINEERING,152392,154895,,,,,,0,1,0,0,0,0,0
1122,"Vel Tech High Tech Dr. Rangarajan Dr. Sakunthala Engineering College (Autonomous), Avadi-Alamathi Road, Chennai 600 062",THIRUVALLUR,SELF FINANCING COLLEGES TIER 2,CH,CHEMICAL  ENGINEERING,83719,122004,99044,143336,146681,140099,,0,1,0,1,1,0,0
1122,"Vel Tech High Tech Dr. Rangarajan Dr. Sakunthala Engineering College (Autonomous), Avadi-Alamathi Road, Chennai 600 062",THIRUVALLUR,SELF FINANCING COLLEGES TIER 2,CS,COMPUTER SCIENCE AND ENGINEERING,41645,53296,50909,61556,98115,107570,,0,0,0,0,0,1,0
1122,"Vel Tech High Tech Dr. Rangarajan Dr. Sakunthala Engineering College (Autonomous), Avadi-Alamathi Road, Chennai 600 062",THIRUVALLUR,SELF FINANCING COLLEGES TIER 2,EC,ELECTRONICS AND COMMUNICATION ENGINEERING,51492,61683,81796,71379,138101,,,0,0,0,0,0,0,0
1122,"Vel Tech High Tech Dr. Rangarajan Dr. Sakunthala Engineering College (Autonomous), Avadi-Alamathi Road, Chennai 600 062",THIRUVALLUR,SELF FINANCING COLLEGES TIER 2,IT,INFORMATION TECHNOLOGY,43816,55101,66234,58505,99671,137041,,0,0,0,0,0,1,0
1122,"Vel Tech High Tech Dr. Rangarajan Dr. Sakunthala Engineering College (Autonomous), Avadi-Alamathi Road, Chennai 600 062",THIRUVALLUR,SELF FINANCING COLLEGES TIER 2,ME,MECHANICAL ENGINEERING,129097,155498,154894,146638,154305,,,0,1,1,1,1,0,0
1123,"Gojan School of Business and Technology, Alamathi, Chennai 600062",THIRUVALLUR,SELF FINANCING COLLEGES TIER 3,AE,AERONAUTICAL ENGINEERING,117109,153707,,153119,,,,0,1,0,1,0,0,0
1123,"Gojan School of Business and Technology, Alamathi, Chennai 600062",THIRUVALLUR,SELF FINANCING COLLEGES TIER 3,AM,COMPUTER SCIENCE AND ENGINEERING (ARTIFICIAL INTELLIGENCE AND MACHINE LEARNING),100834,114076,,140784,145387,,,0,1,0,1,0,0,0
1123,"Gojan School of Business and Technology, Alamathi, Chennai 600062",THIRUVALLUR,SELF FINANCING COLLEGES TIER 3,CS,COMPUTER SCIENCE AND ENGINEERING,91789,155204,,154214,127049,,,0,1,0,1,0,0,0
1123,"Gojan School of Business and Technology, Alamathi, Chennai 600062",THIRUVALLUR,SELF FINANCING COLLEGES TIER 3,EC,ELECTRONICS AND COMMUNICATION ENGINEERING,149569,152672,155827,155067,155107,,,0,1,0,1,1,0,0
1123,"Gojan School of Business and Technology, Alamathi, Chennai 600062",THIRUVALLUR,SELF FINANCING COLLEGES TIER 3,IT,INFORMATION TECHNOLOGY,80999,138138,156271,139600,147813,,,0,0,0,0,0,0,0
1123,"Gojan School of Business and Technology, Alamathi, Chennai 600062",THIRUVALLUR,SELF FINANCING COLLEGES TIER 3,MD,MEDICAL ELECTRONICS ENGINEERING,97827,152918,,155012,124112,,,0,1,0,0,1,0,0
1123,"Gojan School of Business and Technology, Alamathi, Chennai 600062",THIRUVALLUR,SELF FINANCING COLLEGES TIER 3,MU,MECHANICAL AND AUTOMATION ENGINEERING,156151,,,,,,,1,0,0,0,0,0,0
1123,"Gojan School of Business and Technology, Alamathi, Chennai 600062",THIRUVALLUR,SELF FINANCING COLLEGES TIER 3,SC,Computer Science and Engineering (Cyber Security),127660,147469,148692,153210,139775,153207,,0,1,0,0,0,0,0
1124,"SAMS College of Engineering and Technology, Panappakkam, Chennai-Tirupathi Road, Uthukkottai Taluk, Thiruvallur District 601102",THIRUVALLUR,SELF FINANCING COLLEGES TIER 3,ME,MECHANICAL ENGINEERING,,,,,,,,0,0,0,0,0,0,0
1124,"SAMS College of Engineering and Technology, Panappakkam, Chennai-Tirupathi Road, Uthukkottai Taluk, Thiruvallur District 601102",THIRUVALLUR,SELF FINANCING COLLEGES TIER 3,MR,MARINE ENGINEERING,114377,,,,,,,1,0,0,0,0,0,0
1125,"PMR Engineering College,Adayalampattu, Chennai-600095",CHENNAI,SELF FINANCING COLLEGES TIER 3,AE,AERONAUTICAL ENGINEERING,,,,,,,,0,0,0,0,0,0,0
1125,"PMR Engineering College,Adayalampattu, Chennai-600095",CHENNAI,SELF FINANCING COLLEGES TIER 3,CE,CIVIL  ENGINEERING,,,,,,,,0,0,0,0,0,0,0
1125,"PMR Engineering College,Adayalampattu, Chennai-600095",CHENNAI,SELF FINANCING COLLEGES TIER 3,CS,COMPUTER SCIENCE AND ENGINEERING,152268,,,,,,,0,0,0,0,0,0,0
1125,"PMR Engineering College,Adayalampattu, Chennai-600095",CHENNAI,SELF FINANCING COLLEGES TIER 3,EC,ELECTRONICS AND COMMUNICATION ENGINEERING,,,,,,,,0,0,0,0,0,0,0
1125,"PMR Engineering College,Adayalampattu, Chennai-600095",CHENNAI,SELF FINANCING COLLEGES TIER 3,EE,ELECTRICAL AND ELECTRONICS ENGINEERING,,,,,,,,0,0,0,0,0,0,0
1125,"PMR Engineering College,Adayalampattu, Chennai-600095",CHENNAI,SELF FINANCING COLLEGES TIER 3,ME,MECHANICAL ENGINEERING,,,,,,,,0,0,0,0,0,0,0
1126,"J N N Institute of Engineering, Ushaa Garden, Kannigaipair Village, Uthukottai Taluk, Thiruvallur District 601102",THIRUVALLUR,SELF FINANCING COLLEGES TIER 3,AD,ARTIFICIAL INTELLIGENCE AND DATA SCIENCE,111700,136734,,125209,117069,,,0,1,0,1,1,0,0
1126,"J N N Institute of Engineering, Ushaa Garden, Kannigaipair Village, Uthukottai Taluk, Thiruvallur District 601102",THIRUVALLUR,SELF FINANCING COLLEGES TIER 3,AG,AGRICULTURAL ENGINEERING,109627,,,,,,,1,0,0,0,0,0,0
1126,"J N N Institute of Engineering, Ushaa Garden, Kannigaipair Village, Uthukottai Taluk, Thiruvallur District 601102",THIRUVALLUR,SELF FINANCING COLLEGES TIER 3,BM,BIO MEDICAL ENGINEERING,146355,148100,,152630,,,,0,1,0,1,0,0,0
1126,"J N N Institute of Engineering, Ushaa Garden, Kannigaipair Village, Uthukottai Taluk, Thiruvallur District 601102",THIRUVALLUR,SELF FINANCING COLLEGES TIER 3,CS,COMPUTER SCIENCE AND ENGINEERING,92120,115759,,139315,151797,,,0,1,0,1,0,0,0
1126,"J N N Institute of Engineering, Ushaa Garden, Kannigaipair Village, Uthukottai Taluk, Thiruvallur District 601102",THIRUVALLUR,SELF FINANCING COLLEGES TIER 3,EC,ELECTRONICS AND COMMUNICATION ENGINEERING,135098,155776,,137965,,,,0,1,0,1,0,0,0
1126,"J N N Institute of Engineering, Ushaa Garden, Kannigaipair Village, Uthukottai Taluk, Thiruvallur District 601102",THIRUVALLUR,SELF FINANCING COLLEGES TIER 3,RM,ROBOTICS AND AUTOMATION,144447,,,,,,,1,0,0,0,0,0,0
1126,"J N N Institute of Engineering, Ushaa Garden, Kannigaipair Village, Uthukottai Taluk, Thiruvallur District 601102",THIRUVALLUR,SELF FINANCING COLLEGES TIER 3,SC,Computer Science and Engineering (Cyber Security),153054,,,,,,,0,0,0,0,0,0,0
1127,"St. Peters College of Engineering and Technology, College Road, Avadi, Chennai 600 054",THIRUVALLUR,SELF FINANCING COLLEGES TIER 3,AE,AERONAUTICAL ENGINEERING,73244,,,,,,,1,0,0,0,0,0,0
1127,"St. Peters College of Engineering and Technology, College Road, Avadi, Chennai 600 054",THIRUVALLUR,SELF FINANCING COLLEGES TIER 3,BT,BIO TECHNOLOGY,154324,,,,,,,1,0,0,0,0,0,0
1127,"St. Peters College of Engineering and Technology, College Road, Avadi, Chennai 600 054",THIRUVALLUR,SELF FINANCING COLLEGES TIER 3,CE,CIVIL  ENGINEERING,,,,,,,,0,0,0,0,0,0,0
1127,"St. Peters College of Engineering and Technology, College Road, Avadi, Chennai 600 054",THIRUVALLUR,SELF FINANCING COLLEGES TIER 3,CH,CHEMICAL  ENGINEERING,144321,,,,,,,1,0,0,0,0,0,0
1127,"St. Peters College of Engineering and Technology, College Road, Avadi, Chennai 600 054",THIRUVALLUR,SELF FINANCING COLLEGES TIER 3,CS,COMPUTER SCIENCE AND ENGINEERING,75599,115500,90142,108486,146042,,,0,0,0,0,0,0,0
1127,"St. Peters College of Engineering and Technology, College Road, Avadi, Chennai 600 054",THIRUVALLUR,SELF FINANCING COLLEGES TIER 3,EC,ELECTRONICS AND COMMUNICATION ENGINEERING,121957,128693,126192,152199,154168,,,0,1,0,1,1,0,0
1127,"St. Peters College of Engineering and Technology, College Road, Avadi, Chennai 600 054",THIRUVALLUR,SELF FINANCING COLLEGES TIER 3,EE,ELECTRICAL AND ELECTRONICS ENGINEERING,148260,,,,,,,1,0,0,0,0,0,0
1127,"St. Peters College of Engineering and Technology, College Road, Avadi, Chennai 600 054",THIRUVALLUR,SELF FINANCING COLLEGES TIER 3,IT,INFORMATION TECHNOLOGY,75292,118483,94479,122008,109229,,,0,0,0,0,0,0,0
1127,"St. Peters College of Engineering and Technology, College Road, Avadi, Chennai 600 054",THIRUVALLUR,SELF FINANCING COLLEGES TIER 3,ME,MECHANICAL ENGINEERING,,,,,,,,0,0,0,0,0,0,0
1128,"R M K College of Engineering and Technology (Autonomous), Puduvoyal, Gummidipoondi Taluk, Thiruvallur District 601206",THIRUVALLUR,SELF FINANCING COLLEGES TIER 1,AD,ARTIFICIAL INTELLIGENCE AND DATA SCIENCE,25461,36461,41835,48038,95576,134986,,0,0,0,0,0,1,0
1128,"R M K College of Engineering and Technology (Autonomous), Puduvoyal, Gummidipoondi Taluk, Thiruvallur District 601206",THIRUVALLUR,SELF FINANCING COLLEGES TIER 1,CS,COMPUTER SCIENCE AND ENGINEERING,21042,28282,43212,39525,105749,101061,110846,0,0,0,0,0,1,0
1128,"R M K College of Engineering and Technology (Autonomous), Puduvoyal, Gummidipoondi Taluk, Thiruvallur District 601206",THIRUVALLUR,SELF FINANCING COLLEGES TIER 1,EC,ELECTRONICS AND COMMUNICATION ENGINEERING,29103,36725,47987,48837,95268,,,0,0,0,0,0,0,0
1128,"R M K College of Engineering and Technology (Autonomous), Puduvoyal, Gummidipoondi Taluk, Thiruvallur District 601206",THIRUVALLUR,SELF FINANCING COLLEGES TIER 1,SC,Computer Science and Engineering (Cyber Security),25789,37385,35799,45759,93727,,,0,0,0,0,0,0,0
1133,"Annai Veilankannis College of Engineering, Gandhi Road, Nedungundram, Chennai 600048",KANCHEEPURAM,SELF FINANCING COLLEGES TIER 3,CE,CIVIL  ENGINEERING,55391,,,,,,,1,0,0,0,0,0,0
1133,"Annai Veilankannis College of Engineering, Gandhi Road, Nedungundram, Chennai 600048",KANCHEEPURAM,SELF FINANCING COLLEGES TIER 3,CS,COMPUTER SCIENCE AND ENGINEERING,109873,154650,,133610,131496,137375,,0,1,0,1,1,1,0
1133,"Annai Veilankannis College of Engineering, Gandhi Road, Nedungundram, Chennai 600048",KANCHEEPURAM,SELF FINANCING COLLEGES TIER 3,EC,ELECTRONICS AND COMMUNICATION ENGINEERING,155772,,,155870,,,,0,0,0,1,0,0,0
1133,"Annai Veilankannis College of Engineering, Gandhi Road, Nedungundram, Chennai 600048",KANCHEEPURAM,SELF FINANCING COLLEGES TIER 3,ME,MECHANICAL ENGINEERING,87602,,,,,,,1,0,0,0,0,0,0
1137,"Annai Mira College of Engineering and Technology, Arcot Road, Arappakkam Village, Walaja Taulk, Ranipet District 632 517",RANIPET,SELF FINANCING COLLEGES TIER 3,AD,ARTIFICIAL INTELLIGENCE AND DATA SCIENCE,70191,100854,,120317,148780,146429,,0,0,0,0,0,0,0
1137,"Annai Mira College of Engineering and Technology, Arcot Road, Arappakkam Village, Walaja Taulk, Ranipet District 632 517",RANIPET,SELF FINANCING COLLEGES TIER 3,CE,CIVIL  ENGINEERING,154887,,,,,,,1,0,0,0,0,0,0
1137,"Annai Mira College of Engineering and Technology, Arcot Road, Arappakkam Village, Walaja Taulk, Ranipet District 632 517",RANIPET,SELF FINANCING COLLEGES TIER 3,CS,COMPUTER SCIENCE AND ENGINEERING,44942,82762,99784,93943,130904,153926,,0,0,0,0,1,0,0
1137,"Annai Mira College of Engineering and Technology, Arcot Road, Arappakkam Village, Walaja Taulk, Ranipet District 632 517",RANIPET,SELF FINANCING COLLEGES TIER 3,EC,ELECTRONICS AND COMMUNICATION ENGINEERING,120586,153027,,154013,154700,143583,,0,1,0,0,0,0,0
1137,"Annai Mira College of Engineering and Technology, Arcot Road, Arappakkam Village, Walaja Taulk, Ranipet District 632 517",RANIPET,SELF FINANCING COLLEGES TIER 3,EE,ELECTRICAL AND ELECTRONICS ENGINEERING,155491,,,,,,,1,0,0,0,0,0,0
1137,"Annai Mira College of Engineering and Technology, Arcot Road, Arappakkam Village, Walaja Taulk, Ranipet District 632 517",RANIPET,SELF FINANCING COLLEGES TIER 3,ME,MECHANICAL ENGINEERING,145283,,,,,,,1,0,0,0,0,0,0
1140,"Jeppiaar Institute of Technology,kunnam Village,Sriperumpudur Taulk,Kancheepuram District 631604",KANCHEEPURAM,SELF FINANCING COLLEGES TIER 3,AD,ARTIFICIAL INTELLIGENCE AND DATA SCIENCE,40556,63142,87886,66663,137747,,,0,0,0,0,1,0,0
1140,"Jeppiaar Institute of Technology,kunnam Village,Sriperumpudur Taulk,Kancheepuram District 631604",KANCHEEPURAM,SELF FINANCING COLLEGES TIER 3,CB,COMPUTER SCIENCE AND BUSSINESS SYSTEM,55917,65865,97750,69880,125210,,,0,0,0,0,1,0,0
1140,"Jeppiaar Institute of Technology,kunnam Village,Sriperumpudur Taulk,Kancheepuram District 631604",KANCHEEPURAM,SELF FINANCING COLLEGES TIER 3,CS,COMPUTER SCIENCE AND ENGINEERING,38231,53383,55446,61388,110195,,,0,0,0,0,0,0,0
1140,"Jeppiaar Institute of Technology,kunnam Village,Sriperumpudur Taulk,Kancheepuram District 631604",KANCHEEPURAM,SELF FINANCING COLLEGES TIER 3,EC,ELECTRONICS AND COMMUNICATION ENGINEERING,46315,65834,74041,71646,145697,,,0,0,0,0,1,0,0
1140,"Jeppiaar Institute of Technology,kunnam Village,Sriperumpudur Taulk,Kancheepuram District 631604",KANCHEEPURAM,SELF FINANCING COLLEGES TIER 3,IT,INFORMATION TECHNOLOGY,46603,58416,75927,63521,138806,,,0,0,0,0,0,0,0
1140,"Jeppiaar Institute of Technology,kunnam Village,Sriperumpudur Taulk,Kancheepuram District 631604",KANCHEEPURAM,SELF FINANCING COLLEGES TIER 3,ME,MECHANICAL ENGINEERING,76576,98793,,129233,,,,0,1,0,1,0,0,0
1149,"St. Josephs Institute of Technology (Autonomous), Jeppiaar Nagar, Old Mahabalipuram Road (OMR), Chennai 600119",CHENGALPET,SELF FINANCING COLLEGES TIER 1,AD,ARTIFICIAL INTELLIGENCE AND DATA SCIENCE,30277,44579,31848,48986,116243,,,0,0,0,0,0,0,0
1149,"St. Josephs Institute of Technology (Autonomous), Jeppiaar Nagar, Old Mahabalipuram Road (OMR), Chennai 600119",CHENGALPET,SELF FINANCING COLLEGES TIER 1,CS,COMPUTER SCIENCE AND ENGINEERING,17578,30145,39882,36951,88317,,110340,0,0,0,0,0,0,0
1149,"St. Josephs Institute of Technology (Autonomous), Jeppiaar Nagar, Old Mahabalipuram Road (OMR), Chennai 600119",CHENGALPET,SELF FINANCING COLLEGES TIER 1,EC,ELECTRONICS AND COMMUNICATION ENGINEERING,31262,46086,63626,59013,143658,,,0,0,0,0,0,0,0
1149,"St. Josephs Institute of Technology (Autonomous), Jeppiaar Nagar, Old Mahabalipuram Road (OMR), Chennai 600119",CHENGALPET,SELF FINANCING COLLEGES TIER 1,EE,ELECTRICAL AND ELECTRONICS ENGINEERING,43301,60362,72014,68929,144852,,,0,0,0,0,1,0,0
1149,"St. Josephs Institute of Technology (Autonomous), Jeppiaar Nagar, Old Mahabalipuram Road (OMR), Chennai 600119",CHENGALPET,SELF FINANCING COLLEGES TIER 1,IT,INFORMATION TECHNOLOGY,22508,33909,51411,33433,96075,,,0,0,0,0,0,0,0
1149,"St. Josephs Institute of Technology (Autonomous), Jeppiaar Nagar, Old Mahabalipuram Road (OMR), Chennai 600119",CHENGALPET,SELF FINANCING COLLEGES TIER 1,ME,MECHANICAL ENGINEERING,121261,127582,,151154,,,,0,1,0,1,0,0,0
1150,"Sri Jayaram Institute of Engineering and Technology, 51 N, Elavur, 58N, Natham, Gummidipoondi Taluk, Thiruvallur District 601201",THIRUVALLUR,SELF FINANCING COLLEGES TIER 3,AG,AGRICULTURAL ENGINEERING,156203,,,,,,,1,0,0,0,0,0,0
1150,"Sri Jayaram Institute of Engineering and Technology, 51 N, Elavur, 58N, Natham, Gummidipoondi Taluk, Thiruvallur District 601201",THIRUVALLUR,SELF FINANCING COLLEGES TIER 3,BM,BIO MEDICAL ENGINEERING,155805,,,,,,,1,0,0,0,0,0,0
1150,"Sri Jayaram Institute of Engineering and Technology, 51 N, Elavur, 58N, Natham, Gummidipoondi Taluk, Thiruvallur District 601201",THIRUVALLUR,SELF FINANCING COLLEGES TIER 3,EC,ELECTRONICS AND COMMUNICATION ENGINEERING,,,,,,,,0,0,0,0,0,0,0
1150,"Sri Jayaram Institute of Engineering and Technology, 51 N, Elavur, 58N, Natham, Gummidipoondi Taluk, Thiruvallur District 601201",THIRUVALLUR,SELF FINANCING COLLEGES TIER 3,FD,FOOD TECHNOLOGY,109117,,,,,,,1,0,0,0,0,0,0
1150,"Sri Jayaram Institute of Engineering and Technology, 51 N, Elavur, 58N, Natham, Gummidipoondi Taluk, Thiruvallur District 601201",THIRUVALLUR,SELF FINANCING COLLEGES TIER 3,ME,MECHANICAL ENGINEERING,,,,,,,,0,0,0,0,0,0,0
1202,"D M I College of Engineering, Palanchoor, Nazrethpet, Chennai 602103",KANCHEEPURAM,SELF FINANCING COLLEGES TIER 3,AD,ARTIFICIAL INTELLIGENCE AND DATA SCIENCE,73907,103419,120884,150638,137125,,,0,0,0,0,0,0,0
1202,"D M I College of Engineering, Palanchoor, Nazrethpet, Chennai 602103",KANCHEEPURAM,SELF FINANCING COLLEGES TIER 3,CS,COMPUTER SCIENCE AND ENGINEERING,80131,110898,116620,150488,126527,106942,,0,0,0,0,0,1,0
1202,"D M I College of Engineering, Palanchoor, Nazrethpet, Chennai 602103",KANCHEEPURAM,SELF FINANCING COLLEGES TIER 3,EC,ELECTRONICS AND COMMUNICATION ENGINEERING,93861,123688,133721,123297,144808,,,0,1,0,1,0,0,0
1202,"D M I College of Engineering, Palanchoor, Nazrethpet, Chennai 602103",KANCHEEPURAM,SELF FINANCING COLLEGES TIER 3,EE,ELECTRICAL AND ELECTRONICS ENGINEERING,127352,133336,144311,131281,151602,,,0,1,0,1,0,0,0
1202,"D M I College of Engineering, Palanchoor, Nazrethpet, Chennai 602103",KANCHEEPURAM,SELF FINANCING COLLEGES TIER 3,IT,INFORMATION TECHNOLOGY,72974,108989,123812,135927,113738,,,0,0,0,0,0,0,0
1202,"D M I College of Engineering, Palanchoor, Nazrethpet, Chennai 602103",KANCHEEPURAM,SELF FINANCING COLLEGES TIER 3,ME,MECHANICAL ENGINEERING,137624,155980,137828,148948,,,,0,1,0,0,0,0,0
1205,"Lord Venkateshwaraa Engineering College, Walajabad Post, Kancheepuram District 631605",KANCHEEPURAM,SELF FINANCING COLLEGES TIER 3,CE,CIVIL  ENGINEERING,,,,,,,,0,0,0,0,0,0,0
1205,"Lord Venkateshwaraa Engineering College, Walajabad Post, Kancheepuram District 631605",KANCHEEPURAM,SELF FINANCING COLLEGES TIER 3,CS,COMPUTER SCIENCE AND ENGINEERING,150208,,,,,,,1,0,0,0,0,0,0
1205,"Lord Venkateshwaraa Engineering College, Walajabad Post, Kancheepuram District 631605",KANCHEEPURAM,SELF FINANCING COLLEGES TIER 3,EC,ELECTRONICS AND COMMUNICATION ENGINEERING,,,,,,,,0,0,0,0,0,0,0
1205,"Lord Venkateshwaraa Engineering College, Walajabad Post, Kancheepuram District 631605",KANCHEEPURAM,SELF FINANCING COLLEGES TIER 3,EE,ELECTRICAL AND ELECTRONICS ENGINEERING,,,,,,,,0,0,0,0,0,0,0
1205,"Lord Venkateshwaraa Engineering College, Walajabad Post, Kancheepuram District 631605",KANCHEEPURAM,SELF FINANCING COLLEGES TIER 3,ME,MECHANICAL ENGINEERING,,,,,,,,0,0,0,0,0,0,0
1207,"Kings Engineering College, Sriperumpudur Taluk, Kancheepuram District 602105",KANCHEEPURAM,SELF FINANCING COLLEGES TIER 3,AD,ARTIFICIAL INTELLIGENCE AND DATA SCIENCE,108757,138764,,151940,153178,,,0,0,0,1,1,0,0
1207,"Kings Engineering College, Sriperumpudur Taluk, Kancheepuram District 602105",KANCHEEPURAM,SELF FINANCING COLLEGES TIER 3,AM,COMPUTER SCIENCE AND ENGINEERING (ARTIFICIAL INTELLIGENCE AND MACHINE LEARNING),113826,153758,,127817,,,,0,0,0,1,0,0,0
1207,"Kings Engineering College, Sriperumpudur Taluk, Kancheepuram District 602105",KANCHEEPURAM,SELF FINANCING COLLEGES TIER 3,BM,BIO MEDICAL ENGINEERING,125624,152485,,143258,156090,,,0,1,0,1,1,0,0
1207,"Kings Engineering College, Sriperumpudur Taluk, Kancheepuram District 602105",KANCHEEPURAM,SELF FINANCING COLLEGES TIER 3,CS,COMPUTER SCIENCE AND ENGINEERING,89033,130323,148417,130938,114768,144614,,0,0,0,0,1,1,0
1207,"Kings Engineering College, Sriperumpudur Taluk, Kancheepuram District 602105",KANCHEEPURAM,SELF FINANCING COLLEGES TIER 3,EC,ELECTRONICS AND COMMUNICATION ENGINEERING,117846,155603,,155584,143642,,,0,1,0,1,1,0,0
1207,"Kings Engineering College, Sriperumpudur Taluk, Kancheepuram District 602105",KANCHEEPURAM,SELF FINANCING COLLEGES TIER 3,IT,INFORMATION TECHNOLOGY,84863,126043,128397,145727,154464,,,0,0,0,0,0,0,0
1207,"Kings Engineering College, Sriperumpudur Taluk, Kancheepuram District 602105",KANCHEEPURAM,SELF FINANCING COLLEGES TIER 3,ME,MECHANICAL ENGINEERING,154432,,,,,,,0,0,0,0,0,0,0
1207,"Kings Engineering College, Sriperumpudur Taluk, Kancheepuram District 602105",KANCHEEPURAM,SELF FINANCING COLLEGES TIER 3,RM,ROBOTICS AND AUTOMATION,153063,,,,155727,,,0,0,0,0,1,0,0
1209,"Pallavan College of Engineering, Thimmasamudram, Kancheepuram District 631502",KANCHEEPURAM,SELF FINANCING COLLEGES TIER 3,CE,CIVIL  ENGINEERING,153512,,,,,,,1,0,0,0,0,0,0
1209,"Pallavan College of Engineering, Thimmasamudram, Kancheepuram District 631502",KANCHEEPURAM,SELF FINANCING COLLEGES TIER 3,CS,COMPUTER SCIENCE AND ENGINEERING,151467,,,,,,,1,0,0,0,0,0,0
1209,"Pallavan College of Engineering, Thimmasamudram, Kancheepuram District 631502",KANCHEEPURAM,SELF FINANCING COLLEGES TIER 3,EC,ELECTRONICS AND COMMUNICATION ENGINEERING,,,,,,,,0,0,0,0,0,0,0
1209,"Pallavan College of Engineering, Thimmasamudram, Kancheepuram District 631502",KANCHEEPURAM,SELF FINANCING COLLEGES TIER 3,EE,ELECTRICAL AND ELECTRONICS ENGINEERING,,,,,,,,0,0,0,0,0,0,0
1209,"Pallavan College of Engineering, Thimmasamudram, Kancheepuram District 631502",KANCHEEPURAM,SELF FINANCING COLLEGES TIER 3,IT,INFORMATION TECHNOLOGY,124785,,,,,,,1,0,0,0,0,0,0
1209,"Pallavan College of Engineering, Thimmasamudram, Kancheepuram District 631502",KANCHEEPURAM,SELF FINANCING COLLEGES TIER 3,ME,MECHANICAL ENGINEERING,,,,,,,,0,0,0,0,0,0,0
1210,"Panimalar Engineering College (Autonomous), Nazarethpet, Poonamallee, Chennai 602123",THIRUVALLUR,SELF FINANCING COLLEGES TIER 1,AD,ARTIFICIAL INTELLIGENCE AND DATA SCIENCE,31160,43554,66131,50777,109376,,,0,0,0,0,0,0,0
1210,"Panimalar Engineering College (Autonomous), Nazarethpet, Poonamallee, Chennai 602123",THIRUVALLUR,SELF FINANCING COLLEGES TIER 1,AL,Artificial Intelligence and Machine Learning,24758,45299,41015,44393,142795,,,0,0,0,0,0,0,0
1210,"Panimalar Engineering College (Autonomous), Nazarethpet, Poonamallee, Chennai 602123",THIRUVALLUR,SELF FINANCING COLLEGES TIER 1,CB,COMPUTER SCIENCE AND BUSSINESS SYSTEM,33256,47003,66602,50124,147967,,,0,0,0,0,1,0,0
1210,"Panimalar Engineering College (Autonomous), Nazarethpet, Poonamallee, Chennai 602123",THIRUVALLUR,SELF FINANCING COLLEGES TIER 1,CS,COMPUTER SCIENCE AND ENGINEERING,20611,34576,58746,45128,89235,94381,122507,0,0,0,0,0,1,1
1210,"Panimalar Engineering College (Autonomous), Nazarethpet, Poonamallee, Chennai 602123",THIRUVALLUR,SELF FINANCING COLLEGES TIER 1,EC,ELECTRONICS AND COMMUNICATION ENGINEERING,33915,47894,77514,53697,115397,,,0,0,0,0,0,0,0
1210,"Panimalar Engineering College (Autonomous), Nazarethpet, Poonamallee, Chennai 602123",THIRUVALLUR,SELF FINANCING COLLEGES TIER 1,EE,ELECTRICAL AND ELECTRONICS ENGINEERING,49339,60560,96705,70616,152684,,,0,0,0,0,1,0,0
1210,"Panimalar Engineering College (Autonomous), Nazarethpet, Poonamallee, Chennai 602123",THIRUVALLUR,SELF FINANCING COLLEGES TIER 1,IT,INFORMATION TECHNOLOGY,26888,39885,34952,44392,100498,121950,127843,0,0,0,0,0,1,1
1210,"Panimalar Engineering College (Autonomous), Nazarethpet, Poonamallee, Chennai 602123",THIRUVALLUR,SELF FINANCING COLLEGES TIER 1,ME,MECHANICAL ENGINEERING,94055,150387,135561,141748,153802,,,0,1,1,1,1,0,0
1211,"Rajalakshmi Engineering College (Autonomous), Thandalam, Sriperumpudur Taluk, Kancheepuram District 602105",KANCHEEPURAM,SELF FINANCING COLLEGES TIER 1,AD,ARTIFICIAL INTELLIGENCE AND DATA SCIENCE,6537,8931,8193,9979,43806,88196,,0,0,0,0,0,0,0
1211,"Rajalakshmi Engineering College (Autonomous), Thandalam, Sriperumpudur Taluk, Kancheepuram District 602105",KANCHEEPURAM,SELF FINANCING COLLEGES TIER 1,AE,AERONAUTICAL ENGINEERING,20384,42270,39104,57652,84354,,,0,0,0,0,0,0,0
1211,"Rajalakshmi Engineering College (Autonomous), Thandalam, Sriperumpudur Taluk, Kancheepuram District 602105",KANCHEEPURAM,SELF FINANCING COLLEGES TIER 1,AL,Artificial Intelligence and Machine Learning,8230,11682,23461,18086,47635,96833,116698,0,0,0,0,0,1,0
1211,"Rajalakshmi Engineering College (Autonomous), Thandalam, Sriperumpudur Taluk, Kancheepuram District 602105",KANCHEEPURAM,SELF FINANCING COLLEGES TIER 1,AU,AUTOMOBILE ENGINEERING,46739,54814,84692,88416,,,,0,0,0,0,0,0,0
1211,"Rajalakshmi Engineering College (Autonomous), Thandalam, Sriperumpudur Taluk, Kancheepuram District 602105",KANCHEEPURAM,SELF FINANCING COLLEGES TIER 1,BM,BIO MEDICAL ENGINEERING,18249,31484,32018,52374,76244,,,0,0,0,0,0,0,0
1211,"Rajalakshmi Engineering College (Autonomous), Thandalam, Sriperumpudur Taluk, Kancheepuram District 602105",KANCHEEPURAM,SELF FINANCING COLLEGES TIER 1,BT,BIO TECHNOLOGY,17503,37323,58562,62067,77096,96497,28541,0,0,0,0,0,1,0
1211,"Rajalakshmi Engineering College (Autonomous), Thandalam, Sriperumpudur Taluk, Kancheepuram District 602105",KANCHEEPURAM,SELF FINANCING COLLEGES TIER 1,CB,COMPUTER SCIENCE AND BUSSINESS SYSTEM,9856,11532,14969,17435,42955,83418,,0,0,0,0,0,0,0
1211,"Rajalakshmi Engineering College (Autonomous), Thandalam, Sriperumpudur Taluk, Kancheepuram District 602105",KANCHEEPURAM,SELF FINANCING COLLEGES TIER 1,CD,COMPUTER SCIENCE AND DESIGN,9803,13147,13151,17645,48415,87106,,0,0,0,0,0,0,0
1211,"Rajalakshmi Engineering College (Autonomous), Thandalam, Sriperumpudur Taluk, Kancheepuram District 602105",KANCHEEPURAM,SELF FINANCING COLLEGES TIER 1,CE,CIVIL  ENGINEERING,45927,64729,152611,65969,84118,,,0,0,0,0,0,0,0
1211,"Rajalakshmi Engineering College (Autonomous), Thandalam, Sriperumpudur Taluk, Kancheepuram District 602105",KANCHEEPURAM,SELF FINANCING COLLEGES TIER 1,CH,CHEMICAL  ENGINEERING,29991,43066,40672,64593,106198,,,0,0,0,0,1,0,0
1211,"Rajalakshmi Engineering College (Autonomous), Thandalam, Sriperumpudur Taluk, Kancheepuram District 602105",KANCHEEPURAM,SELF FINANCING COLLEGES TIER 1,CS,COMPUTER SCIENCE AND ENGINEERING,4350,7054,8524,10694,31092,113914,87450,0,0,0,0,0,0,0
1211,"Rajalakshmi Engineering College (Autonomous), Thandalam, Sriperumpudur Taluk, Kancheepuram District 602105",KANCHEEPURAM,SELF FINANCING COLLEGES TIER 1,EC,ELECTRONICS AND COMMUNICATION ENGINEERING,7587,10474,15070,15372,46724,135557,109875,0,0,0,0,0,0,1
1211,"Rajalakshmi Engineering College (Autonomous), Thandalam, Sriperumpudur Taluk, Kancheepuram District 602105",KANCHEEPURAM,SELF FINANCING COLLEGES TIER 1,EE,ELECTRICAL AND ELECTRONICS ENGINEERING,15604,21912,30356,29537,58985,,,0,0,0,0,0,0,0
1211,"Rajalakshmi Engineering College (Autonomous), Thandalam, Sriperumpudur Taluk, Kancheepuram District 602105",KANCHEEPURAM,SELF FINANCING COLLEGES TIER 1,FD,FOOD TECHNOLOGY,30564,44258,106583,61769,70738,80380,,0,0,0,0,0,0,0
1211,"Rajalakshmi Engineering College (Autonomous), Thandalam, Sriperumpudur Taluk, Kancheepuram District 602105",KANCHEEPURAM,SELF FINANCING COLLEGES TIER 1,IT,INFORMATION TECHNOLOGY,6341,8839,11463,12396,41923,129039,56595,0,0,0,0,0,0,0
1211,"Rajalakshmi Engineering College (Autonomous), Thandalam, Sriperumpudur Taluk, Kancheepuram District 602105",KANCHEEPURAM,SELF FINANCING COLLEGES TIER 1,ME,MECHANICAL ENGINEERING,28390,43104,40219,50858,97495,140019,,0,0,0,0,0,0,0
1211,"Rajalakshmi Engineering College (Autonomous), Thandalam, Sriperumpudur Taluk, Kancheepuram District 602105",KANCHEEPURAM,SELF FINANCING COLLEGES TIER 1,MZ,Mechatronics Engineering,23205,33153,29784,46553,91427,,,0,0,0,0,0,0,0
1211,"Rajalakshmi Engineering College (Autonomous), Thandalam, Sriperumpudur Taluk, Kancheepuram District 602105",KANCHEEPURAM,SELF FINANCING COLLEGES TIER 1,RM,ROBOTICS AND AUTOMATION,17105,28096,,53580,71736,,,0,0,0,0,0,0,0
1212,"Rajiv Gandhi College of Engineering, Nemili, Sriperumpudur Taluk, Kancheepuram District 602105",KANCHEEPURAM,SELF FINANCING COLLEGES TIER 3,AU,AUTOMOBILE ENGINEERING,,,,,,,,0,0,0,0,0,0,0
1212,"Rajiv Gandhi College of Engineering, Nemili, Sriperumpudur Taluk, Kancheepuram District 602105",KANCHEEPURAM,SELF FINANCING COLLEGES TIER 3,BM,BIO MEDICAL ENGINEERING,153912,,,,,,,1,0,0,0,0,0,0
1212,"Rajiv Gandhi College of Engineering, Nemili, Sriperumpudur Taluk, Kancheepuram District 602105",KANCHEEPURAM,SELF FINANCING COLLEGES TIER 3,CS,COMPUTER SCIENCE AND ENGINEERING,76598,144341,,141642,148797,,,0,1,0,1,1,0,0
1212,"Rajiv Gandhi College of Engineering, Nemili, Sriperumpudur Taluk, Kancheepuram District 602105",KANCHEEPURAM,SELF FINANCING COLLEGES TIER 3,EC,ELECTRONICS AND COMMUNICATION ENGINEERING,151024,,,152333,,,,0,0,0,1,0,0,0
1212,"Rajiv Gandhi College of Engineering, Nemili, Sriperumpudur Taluk, Kancheepuram District 602105",KANCHEEPURAM,SELF FINANCING COLLEGES TIER 3,EE,ELECTRICAL AND ELECTRONICS ENGINEERING,151173,,,,,,,1,0,0,0,0,0,0
1212,"Rajiv Gandhi College of Engineering, Nemili, Sriperumpudur Taluk, Kancheepuram District 602105",KANCHEEPURAM,SELF FINANCING COLLEGES TIER 3,ME,MECHANICAL ENGINEERING,143909,,,,,,,1,0,0,0,0,0,0
1212,"Rajiv Gandhi College of Engineering, Nemili, Sriperumpudur Taluk, Kancheepuram District 602105",KANCHEEPURAM,SELF FINANCING COLLEGES TIER 3,PE,PETROLEUM ENGINEERING,143438,,,,,,,1,0,0,0,0,0,0
1213,"S K R Engineering College, Poonamallee, Chennai 600123",THIRUVALLUR,SELF FINANCING COLLEGES TIER 3,BM,BIO MEDICAL ENGINEERING,155761,,,,,,,1,0,0,0,0,0,0
1213,"S K R Engineering College, Poonamallee, Chennai 600123",THIRUVALLUR,SELF FINANCING COLLEGES TIER 3,CB,COMPUTER SCIENCE AND BUSSINESS SYSTEM,152762,,,,,,,1,0,0,0,0,0,0
1213,"S K R Engineering College, Poonamallee, Chennai 600123",THIRUVALLUR,SELF FINANCING COLLEGES TIER 3,CS,COMPUTER SCIENCE AND ENGINEERING,104205,116542,149294,126869,138120,,,0,1,0,1,1,0,0
1213,"S K R Engineering College, Poonamallee, Chennai 600123",THIRUVALLUR,SELF FINANCING COLLEGES TIER 3,EC,ELECTRONICS AND COMMUNICATION ENGINEERING,155007,,,,,,,1,0,0,0,0,0,0
1213,"S K R Engineering College, Poonamallee, Chennai 600123",THIRUVALLUR,SELF FINANCING COLLEGES TIER 3,EE,ELECTRICAL AND ELECTRONICS ENGINEERING,137327,,,,,,,1,0,0,0,0,0,0
1213,"S K R Engineering College, Poonamallee, Chennai 600123",THIRUVALLUR,SELF FINANCING COLLEGES TIER 3,IT,INFORMATION TECHNOLOGY,129906,151226,130939,140411,,,,0,1,0,1,0,0,0
1213,"S K R Engineering College, Poonamallee, Chennai 600123",THIRUVALLUR,SELF FINANCING COLLEGES TIER 3,ME,MECHANICAL ENGINEERING,,,,,,,,0,0,0,0,0,0,0
1216,"Saveetha Engineering College (Autonomous), Thandalam, Sriperumpudur Taluk, Kancheepuram District 602105",KANCHEEPURAM,SELF FINANCING COLLEGES TIER 1,AD,ARTIFICIAL INTELLIGENCE AND DATA SCIENCE,27542,40055,34805,51298,111082,,,0,0,0,0,0,0,0
1216,"Saveetha Engineering College (Autonomous), Thandalam, Sriperumpudur Taluk, Kancheepuram District 602105",KANCHEEPURAM,SELF FINANCING COLLEGES TIER 1,AG,AGRICULTURAL ENGINEERING,55658,75112,,76515,126788,,,0,0,0,0,0,0,0
1216,"Saveetha Engineering College (Autonomous), Thandalam, Sriperumpudur Taluk, Kancheepuram District 602105",KANCHEEPURAM,SELF FINANCING COLLEGES TIER 1,AL,Artificial Intelligence and Machine Learning,32807,46272,38418,55154,126121,,,0,0,0,0,0,0,0
1216,"Saveetha Engineering College (Autonomous), Thandalam, Sriperumpudur Taluk, Kancheepuram District 602105",KANCHEEPURAM,SELF FINANCING COLLEGES TIER 1,BM,BIO MEDICAL ENGINEERING,24012,41032,25835,53635,122346,,,0,0,0,0,0,0,0
1216,"Saveetha Engineering College (Autonomous), Thandalam, Sriperumpudur Taluk, Kancheepuram District 602105",KANCHEEPURAM,SELF FINANCING COLLEGES TIER 1,CE,CIVIL  ENGINEERING,78656,114387,,128700,,,,0,0,0,1,0,0,0
1216,"Saveetha Engineering College (Autonomous), Thandalam, Sriperumpudur Taluk, Kancheepuram District 602105",KANCHEEPURAM,SELF FINANCING COLLEGES TIER 1,CH,CHEMICAL  ENGINEERING,57359,64209,65649,82821,133564,,,0,0,0,0,1,0,0
1216,"Saveetha Engineering College (Autonomous), Thandalam, Sriperumpudur Taluk, Kancheepuram District 602105",KANCHEEPURAM,SELF FINANCING COLLEGES TIER 1,CI,Computer Science and Engineering (Internet of Things),39453,43920,48495,50685,115852,,,0,0,0,0,0,0,0
1216,"Saveetha Engineering College (Autonomous), Thandalam, Sriperumpudur Taluk, Kancheepuram District 602105",KANCHEEPURAM,SELF FINANCING COLLEGES TIER 1,CS,COMPUTER SCIENCE AND ENGINEERING,18773,29392,43527,32756,94478,124900,127377,0,0,0,0,0,1,0
1216,"Saveetha Engineering College (Autonomous), Thandalam, Sriperumpudur Taluk, Kancheepuram District 602105",KANCHEEPURAM,SELF FINANCING COLLEGES TIER 1,EC,ELECTRONICS AND COMMUNICATION ENGINEERING,34127,47651,67276,51536,126827,,,0,0,0,0,0,0,0
1216,"Saveetha Engineering College (Autonomous), Thandalam, Sriperumpudur Taluk, Kancheepuram District 602105",KANCHEEPURAM,SELF FINANCING COLLEGES TIER 1,EE,ELECTRICAL AND ELECTRONICS ENGINEERING,43086,53632,43211,63733,125458,,,0,0,0,0,1,0,0
1216,"Saveetha Engineering College (Autonomous), Thandalam, Sriperumpudur Taluk, Kancheepuram District 602105",KANCHEEPURAM,SELF FINANCING COLLEGES TIER 1,EI,ELECTRONICS AND INSTRUMENTATION ENGINEERING,39252,48340,61851,69233,48325,,,0,0,0,0,1,0,0
1216,"Saveetha Engineering College (Autonomous), Thandalam, Sriperumpudur Taluk, Kancheepuram District 602105",KANCHEEPURAM,SELF FINANCING COLLEGES TIER 1,IT,INFORMATION TECHNOLOGY,23916,34999,40842,39923,100111,,136346,0,0,0,0,0,0,0
1216,"Saveetha Engineering College (Autonomous), Thandalam, Sriperumpudur Taluk, Kancheepuram District 602105",KANCHEEPURAM,SELF FINANCING COLLEGES TIER 1,MD,MEDICAL ELECTRONICS ENGINEERING,63388,74064,81312,92934,,,,0,0,0,0,0,0,0
1216,"Saveetha Engineering College (Autonomous), Thandalam, Sriperumpudur Taluk, Kancheepuram District 602105",KANCHEEPURAM,SELF FINANCING COLLEGES TIER 1,ME,MECHANICAL ENGINEERING,70370,106362,87957,98297,122270,,,0,0,0,0,1,0,0
1216,"Saveetha Engineering College (Autonomous), Thandalam, Sriperumpudur Taluk, Kancheepuram District 602105",KANCHEEPURAM,SELF FINANCING COLLEGES TIER 1,SC,Computer Science and Engineering (Cyber Security),27498,40168,35632,51919,94942,,,0,0,0,0,0,0,0
1217,"Sree Sastha Institute of Engineering and Technology, Chembarambakkam, Chennai 600103",THIRUVALLUR,SELF FINANCING COLLEGES TIER 3,AD,ARTIFICIAL INTELLIGENCE AND DATA SCIENCE,94412,137665,,153025,109586,116918,,0,1,0,1,1,1,0
1217,"Sree Sastha Institute of Engineering and Technology, Chembarambakkam, Chennai 600103",THIRUVALLUR,SELF FINANCING COLLEGES TIER 3,AU,AUTOMOBILE ENGINEERING,,,,,,,,0,0,0,0,0,0,0
1217,"Sree Sastha Institute of Engineering and Technology, Chembarambakkam, Chennai 600103",THIRUVALLUR,SELF FINANCING COLLEGES TIER 3,BM,BIO MEDICAL ENGINEERING,83158,,,,,,,1,0,0,0,0,0,0
1217,"Sree Sastha Institute of Engineering and Technology, Chembarambakkam, Chennai 600103",THIRUVALLUR,SELF FINANCING COLLEGES TIER 3,BT,BIO TECHNOLOGY,134190,,,,,,,1,0,0,0,0,0,0
1217,"Sree Sastha Institute of Engineering and Technology, Chembarambakkam, Chennai 600103",THIRUVALLUR,SELF FINANCING COLLEGES TIER 3,CE,CIVIL  ENGINEERING,,,,,,,,0,0,0,0,0,0,0
1217,"Sree Sastha Institute of Engineering and Technology, Chembarambakkam, Chennai 600103",THIRUVALLUR,SELF FINANCING COLLEGES TIER 3,CS,COMPUTER SCIENCE AND ENGINEERING,74945,87840,113148,108059,101501,,,0,0,0,0,1,0,0
1217,"Sree Sastha Institute of Engineering and Technology, Chembarambakkam, Chennai 600103",THIRUVALLUR,SELF FINANCING COLLEGES TIER 3,EC,ELECTRONICS AND COMMUNICATION ENGINEERING,152895,,,,,,,1,0,0,0,0,0,0
1217,"Sree Sastha Institute of Engineering and Technology, Chembarambakkam, Chennai 600103",THIRUVALLUR,SELF FINANCING COLLEGES TIER 3,EE,ELECTRICAL AND ELECTRONICS ENGINEERING,,,,,,,,0,0,0,0,0,0,0
1217,"Sree Sastha Institute of Engineering and Technology, Chembarambakkam, Chennai 600103",THIRUVALLUR,SELF FINANCING COLLEGES TIER 3,FD,FOOD TECHNOLOGY,146060,,,,,,,1,0,0,0,0,0,0
1217,"Sree Sastha Institute of Engineering and Technology, Chembarambakkam, Chennai 600103",THIRUVALLUR,SELF FINANCING COLLEGES TIER 3,MH,MECHANICAL ENGINEERING (SANDWICH),,,,,,,,0,0,0,0,0,0,0
1217,"Sree Sastha Institute of Engineering and Technology, Chembarambakkam, Chennai 600103",THIRUVALLUR,SELF FINANCING COLLEGES TIER 3,MU,MECHANICAL AND AUTOMATION ENGINEERING,,,,,,,,0,0,0,0,0,0,0
1218,"Sri Muthukumaran Institute of Technology, Near Mangadu, Chennai 600069",KANCHEEPURAM,SELF FINANCING COLLEGES TIER 3,AD,ARTIFICIAL INTELLIGENCE AND DATA SCIENCE,120566,148973,145000,,,,,0,1,1,0,0,0,0
1218,"Sri Muthukumaran Institute of Technology, Near Mangadu, Chennai 600069",KANCHEEPURAM,SELF FINANCING COLLEGES TIER 3,BM,BIO MEDICAL ENGINEERING,129279,,,,,,,1,0,0,0,0,0,0
1218,"Sri Muthukumaran Institute of Technology, Near Mangadu, Chennai 600069",KANCHEEPURAM,SELF FINANCING COLLEGES TIER 3,CE,CIVIL  ENGINEERING,,,,,,,,0,0,0,0,0,0,0
1218,"Sri Muthukumaran Institute of Technology, Near Mangadu, Chennai 600069",KANCHEEPURAM,SELF FINANCING COLLEGES TIER 3,CS,COMPUTER SCIENCE AND ENGINEERING,114906,144854,,147756,155812,,,0,1,0,1,1,0,0
1218,"Sri Muthukumaran Institute of Technology, Near Mangadu, Chennai 600069",KANCHEEPURAM,SELF FINANCING COLLEGES TIER 3,EC,ELECTRONICS AND COMMUNICATION ENGINEERING,153578,,,,,,,1,0,0,0,0,0,0
1218,"Sri Muthukumaran Institute of Technology, Near Mangadu, Chennai 600069",KANCHEEPURAM,SELF FINANCING COLLEGES TIER 3,EE,ELECTRICAL AND ELECTRONICS ENGINEERING,145473,,,,,,,1,0,0,0,0,0,0
1218,"Sri Muthukumaran Institute of Technology, Near Mangadu, Chennai 600069",KANCHEEPURAM,SELF FINANCING COLLEGES TIER 3,IT,INFORMATION TECHNOLOGY,115802,138115,135103,143090,135216,,,0,1,0,1,1,0,0
1218,"Sri Muthukumaran Institute of Technology, Near Mangadu, Chennai 600069",KANCHEEPURAM,SELF FINANCING COLLEGES TIER 3,ME,MECHANICAL ENGINEERING,155972,,,,,,,1,0,0,0,0,0,0
1218,"Sri Muthukumaran Institute of Technology, Near Mangadu, Chennai 600069",KANCHEEPURAM,SELF FINANCING COLLEGES TIER 3,MZ,Mechatronics Engineering,93304,,,,,,,1,0,0,0,0,0,0
1218,"Sri Muthukumaran Institute of Technology, Near Mangadu, Chennai 600069",KANCHEEPURAM,SELF FINANCING COLLEGES TIER 3,PH,PHARMACEUTICAL TECHNOLOGY,112983,,,,,,,1,0,0,0,0,0,0
1218,"Sri Muthukumaran Institute of Technology, Near Mangadu, Chennai 600069",KANCHEEPURAM,SELF FINANCING COLLEGES TIER 3,RM,ROBOTICS AND AUTOMATION,,,,,,,,0,0,0,0,0,0,0
1219,"Sri Venkateswara College of Engineering (Autonomous), Post Bag No.1, Chennai-Bengaluru High Road, Pennalur, Irungattukottai S.O., Sriperumbudur Taluk, Kancheepuram District 602105",KANCHEEPURAM,SELF FINANCING COLLEGES TIER 1,AD,ARTIFICIAL INTELLIGENCE AND DATA SCIENCE,6120,7383,15499,16535,41039,107806,,0,0,0,0,0,0,0
1219,"Sri Venkateswara College of Engineering (Autonomous), Post Bag No.1, Chennai-Bengaluru High Road, Pennalur, Irungattukottai S.O., Sriperumbudur Taluk, Kancheepuram District 602105",KANCHEEPURAM,SELF FINANCING COLLEGES TIER 1,AU,AUTOMOBILE ENGINEERING,47443,59817,67567,69125,139757,,,0,0,0,0,0,0,0
1219,"Sri Venkateswara College of Engineering (Autonomous), Post Bag No.1, Chennai-Bengaluru High Road, Pennalur, Irungattukottai S.O., Sriperumbudur Taluk, Kancheepuram District 602105",KANCHEEPURAM,SELF FINANCING COLLEGES TIER 1,BT,BIO TECHNOLOGY,8698,16454,23754,44252,51374,,,0,0,0,0,0,0,0
1219,"Sri Venkateswara College of Engineering (Autonomous), Post Bag No.1, Chennai-Bengaluru High Road, Pennalur, Irungattukottai S.O., Sriperumbudur Taluk, Kancheepuram District 602105",KANCHEEPURAM,SELF FINANCING COLLEGES TIER 1,CE,CIVIL  ENGINEERING,36183,69710,,62599,72717,,59043,0,0,0,0,0,0,0
1219,"Sri Venkateswara College of Engineering (Autonomous), Post Bag No.1, Chennai-Bengaluru High Road, Pennalur, Irungattukottai S.O., Sriperumbudur Taluk, Kancheepuram District 602105",KANCHEEPURAM,SELF FINANCING COLLEGES TIER 1,CH,CHEMICAL  ENGINEERING,22277,46212,23723,72299,142072,,,0,0,0,0,0,0,0
1219,"Sri Venkateswara College of Engineering (Autonomous), Post Bag No.1, Chennai-Bengaluru High Road, Pennalur, Irungattukottai S.O., Sriperumbudur Taluk, Kancheepuram District 602105",KANCHEEPURAM,SELF FINANCING COLLEGES TIER 1,CS,COMPUTER SCIENCE AND ENGINEERING,2606,4331,8990,7830,26983,60693,32664,0,0,0,0,0,0,0
1219,"Sri Venkateswara College of Engineering (Autonomous), Post Bag No.1, Chennai-Bengaluru High Road, Pennalur, Irungattukottai S.O., Sriperumbudur Taluk, Kancheepuram District 602105",KANCHEEPURAM,SELF FINANCING COLLEGES TIER 1,EC,ELECTRONICS AND COMMUNICATION ENGINEERING,5986,9143,21003,16118,47500,115283,120983,0,0,0,0,0,1,0
1219,"Sri Venkateswara College of Engineering (Autonomous), Post Bag No.1, Chennai-Bengaluru High Road, Pennalur, Irungattukottai S.O., Sriperumbudur Taluk, Kancheepuram District 602105",KANCHEEPURAM,SELF FINANCING COLLEGES TIER 1,EE,ELECTRICAL AND ELECTRONICS ENGINEERING,13089,15956,34316,21380,69374,,,0,0,0,0,0,0,0
1219,"Sri Venkateswara College of Engineering (Autonomous), Post Bag No.1, Chennai-Bengaluru High Road, Pennalur, Irungattukottai S.O., Sriperumbudur Taluk, Kancheepuram District 602105",KANCHEEPURAM,SELF FINANCING COLLEGES TIER 1,IT,INFORMATION TECHNOLOGY,4511,5761,11435,10851,38836,106701,,0,0,0,0,0,0,0
1219,"Sri Venkateswara College of Engineering (Autonomous), Post Bag No.1, Chennai-Bengaluru High Road, Pennalur, Irungattukottai S.O., Sriperumbudur Taluk, Kancheepuram District 602105",KANCHEEPURAM,SELF FINANCING COLLEGES TIER 1,ME,MECHANICAL ENGINEERING,20292,33822,33199,45807,76952,128688,,0,0,0,0,0,0,0
1219,"Sri Venkateswara College of Engineering (Autonomous), Post Bag No.1, Chennai-Bengaluru High Road, Pennalur, Irungattukottai S.O., Sriperumbudur Taluk, Kancheepuram District 602105",KANCHEEPURAM,SELF FINANCING COLLEGES TIER 1,MR,MARINE ENGINEERING,38176,55883,,81731,89379,,,0,0,0,0,1,0,0
1219,"Sri Venkateswara College of Engineering (Autonomous), Post Bag No.1, Chennai-Bengaluru High Road, Pennalur, Irungattukottai S.O., Sriperumbudur Taluk, Kancheepuram District 602105",KANCHEEPURAM,SELF FINANCING COLLEGES TIER 1,MU,MECHANICAL AND AUTOMATION ENGINEERING,40074,45460,,60789,97497,91869,,0,0,0,0,0,0,0
1221,"Jaya College of Engineering and Technology, Parivakkam, Poonamallee, Chennai 600056",THIRUVALLUR,SELF FINANCING COLLEGES TIER 3,CS,COMPUTER SCIENCE AND ENGINEERING,90915,150895,,117771,,,,0,1,0,1,0,0,0
1221,"Jaya College of Engineering and Technology, Parivakkam, Poonamallee, Chennai 600056",THIRUVALLUR,SELF FINANCING COLLEGES TIER 3,EC,ELECTRONICS AND COMMUNICATION ENGINEERING,35066,,,,,,,1,0,0,0,0,0,0
1221,"Jaya College of Engineering and Technology, Parivakkam, Poonamallee, Chennai 600056",THIRUVALLUR,SELF FINANCING COLLEGES TIER 3,MD,MEDICAL ELECTRONICS ENGINEERING,134603,,,,,,,1,0,0,0,0,0,0
1221,"Jaya College of Engineering and Technology, Parivakkam, Poonamallee, Chennai 600056",THIRUVALLUR,SELF FINANCING COLLEGES TIER 3,ME,MECHANICAL ENGINEERING,,,,,,,,0,0,0,0,0,0,0
1222,"P B College of Engineering, Irungkattukottai, Sriperumpudur Taluk, Kancheepuram District 602117",KANCHEEPURAM,SELF FINANCING COLLEGES TIER 3,AE,AERONAUTICAL ENGINEERING,155471,,,,,,,1,0,0,0,0,0,0
1222,"P B College of Engineering, Irungkattukottai, Sriperumpudur Taluk, Kancheepuram District 602117",KANCHEEPURAM,SELF FINANCING COLLEGES TIER 3,AU,AUTOMOBILE ENGINEERING,,,,,,,,0,0,0,0,0,0,0
1222,"P B College of Engineering, Irungkattukottai, Sriperumpudur Taluk, Kancheepuram District 602117",KANCHEEPURAM,SELF FINANCING COLLEGES TIER 3,CE,CIVIL  ENGINEERING,,,,,,,,0,0,0,0,0,0,0
1222,"P B College of Engineering, Irungkattukottai, Sriperumpudur Taluk, Kancheepuram District 602117",KANCHEEPURAM,SELF FINANCING COLLEGES TIER 3,CS,COMPUTER SCIENCE AND ENGINEERING,103471,152320,,151382,150969,,,0,1,0,1,1,0,0
1222,"P B College of Engineering, Irungkattukottai, Sriperumpudur Taluk, Kancheepuram District 602117",KANCHEEPURAM,SELF FINANCING COLLEGES TIER 3,EC,ELECTRONICS AND COMMUNICATION ENGINEERING,152858,,,,,,,1,0,0,0,0,0,0
1222,"P B College of Engineering, Irungkattukottai, Sriperumpudur Taluk, Kancheepuram District 602117",KANCHEEPURAM,SELF FINANCING COLLEGES TIER 3,EE,ELECTRICAL AND ELECTRONICS ENGINEERING,138574,,,,,,,1,0,0,0,0,0,0
1222,"P B College of Engineering, Irungkattukottai, Sriperumpudur Taluk, Kancheepuram District 602117",KANCHEEPURAM,SELF FINANCING COLLEGES TIER 3,IT,INFORMATION TECHNOLOGY,103408,146749,149154,150521,150285,152657,,0,1,0,1,0,1,0
1222,"P B College of Engineering, Irungkattukottai, Sriperumpudur Taluk, Kancheepuram District 602117",KANCHEEPURAM,SELF FINANCING COLLEGES TIER 3,ME,MECHANICAL ENGINEERING,132796,,,,,,,1,0,0,0,0,0,0
1225,"Loyola Institute of Technology, Mevaloorkuppam, B Village, Palanchoor, Nazarethpet Post, Chennai 600123",KANCHEEPURAM,SELF FINANCING COLLEGES TIER 3,AD,ARTIFICIAL INTELLIGENCE AND DATA SCIENCE,52102,64017,65161,81725,120807,,,0,0,0,0,0,0,0
1225,"Loyola Institute of Technology, Mevaloorkuppam, B Village, Palanchoor, Nazarethpet Post, Chennai 600123",KANCHEEPURAM,SELF FINANCING COLLEGES TIER 3,CS,COMPUTER SCIENCE AND ENGINEERING,43058,60700,73813,70871,107313,105236,,0,0,0,0,0,0,0
1225,"Loyola Institute of Technology, Mevaloorkuppam, B Village, Palanchoor, Nazarethpet Post, Chennai 600123",KANCHEEPURAM,SELF FINANCING COLLEGES TIER 3,EC,ELECTRONICS AND COMMUNICATION ENGINEERING,66164,75966,110692,89253,131772,,,0,0,0,0,0,0,0
1225,"Loyola Institute of Technology, Mevaloorkuppam, B Village, Palanchoor, Nazarethpet Post, Chennai 600123",KANCHEEPURAM,SELF FINANCING COLLEGES TIER 3,EE,ELECTRICAL AND ELECTRONICS ENGINEERING,89115,108064,,134223,136874,,,0,0,0,0,1,0,0
1225,"Loyola Institute of Technology, Mevaloorkuppam, B Village, Palanchoor, Nazarethpet Post, Chennai 600123",KANCHEEPURAM,SELF FINANCING COLLEGES TIER 3,IT,INFORMATION TECHNOLOGY,40604,60386,59449,80141,92241,,,0,0,0,0,0,0,0
1225,"Loyola Institute of Technology, Mevaloorkuppam, B Village, Palanchoor, Nazarethpet Post, Chennai 600123",KANCHEEPURAM,SELF FINANCING COLLEGES TIER 3,ME,MECHANICAL ENGINEERING,149014,153276,,,156021,,,0,1,0,0,1,0,0
1226,"P T Lee Chengalvaraya Naicker College of Engineering and Technology, Oovery, Veliyur Post, Kancheepuram District 631 502",KANCHEEPURAM,SELF FINANCING COLLEGES TIER 3,CS,COMPUTER SCIENCE AND ENGINEERING,94174,153023,,114705,138136,,,0,1,0,0,1,0,0
1226,"P T Lee Chengalvaraya Naicker College of Engineering and Technology, Oovery, Veliyur Post, Kancheepuram District 631 502",KANCHEEPURAM,SELF FINANCING COLLEGES TIER 3,EC,ELECTRONICS AND COMMUNICATION ENGINEERING,94920,149216,151178,110643,,,,0,1,1,0,0,0,0
1226,"P T Lee Chengalvaraya Naicker College of Engineering and Technology, Oovery, Veliyur Post, Kancheepuram District 631 502",KANCHEEPURAM,SELF FINANCING COLLEGES TIER 3,EE,ELECTRICAL AND ELECTRONICS ENGINEERING,126550,141268,,143450,,,,0,1,0,0,0,0,0
1226,"P T Lee Chengalvaraya Naicker College of Engineering and Technology, Oovery, Veliyur Post, Kancheepuram District 631 502",KANCHEEPURAM,SELF FINANCING COLLEGES TIER 3,IT,INFORMATION TECHNOLOGY,70941,151821,,134689,155411,,,0,1,0,0,1,0,0
1226,"P T Lee Chengalvaraya Naicker College of Engineering and Technology, Oovery, Veliyur Post, Kancheepuram District 631 502",KANCHEEPURAM,SELF FINANCING COLLEGES TIER 3,ME,MECHANICAL ENGINEERING,139835,,,147555,152412,,,0,0,0,0,1,0,0
1228,"Alpha College of Engineering, No.34, Udayavar Koil Street, Poonamallee, Thirumazhisai, Chennai - 600124",CHENNAI,SELF FINANCING COLLEGES TIER 3,BM,BIO MEDICAL ENGINEERING,129862,,,,,,,1,0,0,0,0,0,0
1228,"Alpha College of Engineering, No.34, Udayavar Koil Street, Poonamallee, Thirumazhisai, Chennai - 600124",CHENNAI,SELF FINANCING COLLEGES TIER 3,CS,COMPUTER SCIENCE AND ENGINEERING,88562,136260,,145819,142693,124129,,0,0,0,1,1,0,0
1228,"Alpha College of Engineering, No.34, Udayavar Koil Street, Poonamallee, Thirumazhisai, Chennai - 600124",CHENNAI,SELF FINANCING COLLEGES TIER 3,EC,ELECTRONICS AND COMMUNICATION ENGINEERING,125797,142721,,,141854,,,0,1,0,0,1,0,0
1228,"Alpha College of Engineering, No.34, Udayavar Koil Street, Poonamallee, Thirumazhisai, Chennai - 600124",CHENNAI,SELF FINANCING COLLEGES TIER 3,IT,INFORMATION TECHNOLOGY,94303,134233,97957,151436,102681,129931,,0,0,0,0,1,1,0
1228,"Alpha College of Engineering, No.34, Udayavar Koil Street, Poonamallee, Thirumazhisai, Chennai - 600124",CHENNAI,SELF FINANCING COLLEGES TIER 3,ME,MECHANICAL ENGINEERING,,,,,,,,0,0,0,0,0,0,0
1229,"Indira Institute of Engineering and Technology, VGR Gardens, Pandur, Thiruvallur District 631203",THIRUVALLUR,SELF FINANCING COLLEGES TIER 3,CE,CIVIL  ENGINEERING,,,,,,,,0,0,0,0,0,0,0
1229,"Indira Institute of Engineering and Technology, VGR Gardens, Pandur, Thiruvallur District 631203",THIRUVALLUR,SELF FINANCING COLLEGES TIER 3,CS,COMPUTER SCIENCE AND ENGINEERING,120411,146567,,120727,147924,127831,,0,1,0,1,1,1,0
1229,"Indira Institute of Engineering and Technology, VGR Gardens, Pandur, Thiruvallur District 631203",THIRUVALLUR,SELF FINANCING COLLEGES TIER 3,EC,ELECTRONICS AND COMMUNICATION ENGINEERING,148213,,,,,,,1,0,0,0,0,0,0
1229,"Indira Institute of Engineering and Technology, VGR Gardens, Pandur, Thiruvallur District 631203",THIRUVALLUR,SELF FINANCING COLLEGES TIER 3,EE,ELECTRICAL AND ELECTRONICS ENGINEERING,152249,,,,,,,1,0,0,0,0,0,0
1229,"Indira Institute of Engineering and Technology, VGR Gardens, Pandur, Thiruvallur District 631203",THIRUVALLUR,SELF FINANCING COLLEGES TIER 3,ME,MECHANICAL ENGINEERING,142625,,,,,,,1,0,0,0,0,0,0
1230,"Apollo Engineering College, Mevaloorkuppam, Valarpuram Post, Sriperumpudur, Kancheepuram District 602105",KANCHEEPURAM,SELF FINANCING COLLEGES TIER 3,AE,AERONAUTICAL ENGINEERING,155857,,,,,,,1,0,0,0,0,0,0
1230,"Apollo Engineering College, Mevaloorkuppam, Valarpuram Post, Sriperumpudur, Kancheepuram District 602105",KANCHEEPURAM,SELF FINANCING COLLEGES TIER 3,CS,COMPUTER SCIENCE AND ENGINEERING,83169,120256,141649,131776,131653,,,0,1,0,1,0,0,0
1230,"Apollo Engineering College, Mevaloorkuppam, Valarpuram Post, Sriperumpudur, Kancheepuram District 602105",KANCHEEPURAM,SELF FINANCING COLLEGES TIER 3,EC,ELECTRONICS AND COMMUNICATION ENGINEERING,147741,153180,,,149073,,,0,1,0,0,1,0,0
1230,"Apollo Engineering College, Mevaloorkuppam, Valarpuram Post, Sriperumpudur, Kancheepuram District 602105",KANCHEEPURAM,SELF FINANCING COLLEGES TIER 3,EE,ELECTRICAL AND ELECTRONICS ENGINEERING,154356,,,,,,,1,0,0,0,0,0,0
1230,"Apollo Engineering College, Mevaloorkuppam, Valarpuram Post, Sriperumpudur, Kancheepuram District 602105",KANCHEEPURAM,SELF FINANCING COLLEGES TIER 3,ME,MECHANICAL ENGINEERING,155077,,,,,,,1,0,0,0,0,0,0
1232,"A R M College of Engineering and Technology, Sattamangalam, Maraimalainagar, Chengalpattu District 603209",CHENGALPET,SELF FINANCING COLLEGES TIER 3,CE,CIVIL  ENGINEERING,,,,,,,,0,0,0,0,0,0,0
1232,"A R M College of Engineering and Technology, Sattamangalam, Maraimalainagar, Chengalpattu District 603209",CHENGALPET,SELF FINANCING COLLEGES TIER 3,CS,COMPUTER SCIENCE AND ENGINEERING,142356,,,,,,,1,0,0,0,0,0,0
1232,"A R M College of Engineering and Technology, Sattamangalam, Maraimalainagar, Chengalpattu District 603209",CHENGALPET,SELF FINANCING COLLEGES TIER 3,EC,ELECTRONICS AND COMMUNICATION ENGINEERING,,,,,,,,0,0,0,0,0,0,0
1232,"A R M College of Engineering and Technology, Sattamangalam, Maraimalainagar, Chengalpattu District 603209",CHENGALPET,SELF FINANCING COLLEGES TIER 3,EE,ELECTRICAL AND ELECTRONICS ENGINEERING,145376,,,,,,,1,0,0,0,0,0,0
1232,"A R M College of Engineering and Technology, Sattamangalam, Maraimalainagar, Chengalpattu District 603209",CHENGALPET,SELF FINANCING COLLEGES TIER 3,IT,INFORMATION TECHNOLOGY,64409,,,,,,,1,0,0,0,0,0,0
1232,"A R M College of Engineering and Technology, Sattamangalam, Maraimalainagar, Chengalpattu District 603209",CHENGALPET,SELF FINANCING COLLEGES TIER 3,ME,MECHANICAL ENGINEERING,,,,,,,,0,0,0,0,0,0,0
1233,"Adhi College of Engineering and Technology, Pazhayaseevaram, Madura Sankarapuram Village, Kancheepuram District 631605",KANCHEEPURAM,SELF FINANCING COLLEGES TIER 3,AD,ARTIFICIAL INTELLIGENCE AND DATA SCIENCE,90380,138527,114223,121626,138460,,,0,1,0,0,1,0,0
1233,"Adhi College of Engineering and Technology, Pazhayaseevaram, Madura Sankarapuram Village, Kancheepuram District 631605",KANCHEEPURAM,SELF FINANCING COLLEGES TIER 3,CE,CIVIL  ENGINEERING,,,,,,,,0,0,0,0,0,0,0
1233,"Adhi College of Engineering and Technology, Pazhayaseevaram, Madura Sankarapuram Village, Kancheepuram District 631605",KANCHEEPURAM,SELF FINANCING COLLEGES TIER 3,CS,COMPUTER SCIENCE AND ENGINEERING,60661,86846,,144528,120789,,,0,0,0,0,0,0,0
1233,"Adhi College of Engineering and Technology, Pazhayaseevaram, Madura Sankarapuram Village, Kancheepuram District 631605",KANCHEEPURAM,SELF FINANCING COLLEGES TIER 3,EC,ELECTRONICS AND COMMUNICATION ENGINEERING,85579,140030,,137310,154427,,,0,1,0,0,1,0,0
1233,"Adhi College of Engineering and Technology, Pazhayaseevaram, Madura Sankarapuram Village, Kancheepuram District 631605",KANCHEEPURAM,SELF FINANCING COLLEGES TIER 3,EE,ELECTRICAL AND ELECTRONICS ENGINEERING,130312,138670,,,,,,0,1,0,0,0,0,0
1233,"Adhi College of Engineering and Technology, Pazhayaseevaram, Madura Sankarapuram Village, Kancheepuram District 631605",KANCHEEPURAM,SELF FINANCING COLLEGES TIER 3,IT,INFORMATION TECHNOLOGY,69476,91494,,114096,133649,,,0,0,0,0,0,0,0
1233,"Adhi College of Engineering and Technology, Pazhayaseevaram, Madura Sankarapuram Village, Kancheepuram District 631605",KANCHEEPURAM,SELF FINANCING COLLEGES TIER 3,ME,MECHANICAL ENGINEERING,151106,154507,,,,,,0,1,0,0,0,0,0
1235,"Jei Mathaajee College of Engineering, Vishaandikuppam,Karappettai (via), Siruvakkam, Kancheepuram District 631 552",KANCHEEPURAM,SELF FINANCING COLLEGES TIER 3,CE,CIVIL  ENGINEERING,,,,,,,,0,0,0,0,0,0,0
1235,"Jei Mathaajee College of Engineering, Vishaandikuppam,Karappettai (via), Siruvakkam, Kancheepuram District 631 552",KANCHEEPURAM,SELF FINANCING COLLEGES TIER 3,CS,COMPUTER SCIENCE AND ENGINEERING,,,,,,,,0,0,0,0,0,0,0
1235,"Jei Mathaajee College of Engineering, Vishaandikuppam,Karappettai (via), Siruvakkam, Kancheepuram District 631 552",KANCHEEPURAM,SELF FINANCING COLLEGES TIER 3,EC,ELECTRONICS AND COMMUNICATION ENGINEERING,,,,,,,,0,0,0,0,0,0,0
1235,"Jei Mathaajee College of Engineering, Vishaandikuppam,Karappettai (via), Siruvakkam, Kancheepuram District 631 552",KANCHEEPURAM,SELF FINANCING COLLEGES TIER 3,EE,ELECTRICAL AND ELECTRONICS ENGINEERING,,,,,,,,0,0,0,0,0,0,0
1235,"Jei Mathaajee College of Engineering, Vishaandikuppam,Karappettai (via), Siruvakkam, Kancheepuram District 631 552",KANCHEEPURAM,SELF FINANCING COLLEGES TIER 3,IT,INFORMATION TECHNOLOGY,,,,,,,,0,0,0,0,0,0,0
1235,"Jei Mathaajee College of Engineering, Vishaandikuppam,Karappettai (via), Siruvakkam, Kancheepuram District 631 552",KANCHEEPURAM,SELF FINANCING COLLEGES TIER 3,ME,MECHANICAL ENGINEERING,,,,,,,,0,0,0,0,0,0,0
1237,"Velammal Institute of Technology, Chennai-Kolkatta Highway, Panchetti Village, Ponneri Taluk, Thiruvallur District 601204",THIRUVALLUR,SELF FINANCING COLLEGES TIER 2,AD,ARTIFICIAL INTELLIGENCE AND DATA SCIENCE,54013,63164,74627,88641,152010,,,0,0,0,0,1,0,0
1237,"Velammal Institute of Technology, Chennai-Kolkatta Highway, Panchetti Village, Ponneri Taluk, Thiruvallur District 601204",THIRUVALLUR,SELF FINANCING COLLEGES TIER 2,CS,COMPUTER SCIENCE AND ENGINEERING,44309,59560,66335,73297,155188,,,0,0,0,0,1,0,0
1237,"Velammal Institute of Technology, Chennai-Kolkatta Highway, Panchetti Village, Ponneri Taluk, Thiruvallur District 601204",THIRUVALLUR,SELF FINANCING COLLEGES TIER 2,EC,ELECTRONICS AND COMMUNICATION ENGINEERING,57479,69395,88363,93361,145017,,,0,0,0,0,1,0,0
1237,"Velammal Institute of Technology, Chennai-Kolkatta Highway, Panchetti Village, Ponneri Taluk, Thiruvallur District 601204",THIRUVALLUR,SELF FINANCING COLLEGES TIER 2,EE,ELECTRICAL AND ELECTRONICS ENGINEERING,78493,87543,96027,117690,128184,,,0,0,0,0,1,0,0
1237,"Velammal Institute of Technology, Chennai-Kolkatta Highway, Panchetti Village, Ponneri Taluk, Thiruvallur District 601204",THIRUVALLUR,SELF FINANCING COLLEGES TIER 2,IT,INFORMATION TECHNOLOGY,47483,57194,70322,70124,143585,,,0,0,0,0,0,0,0
1237,"Velammal Institute of Technology, Chennai-Kolkatta Highway, Panchetti Village, Ponneri Taluk, Thiruvallur District 601204",THIRUVALLUR,SELF FINANCING COLLEGES TIER 2,ME,MECHANICAL ENGINEERING,134292,,,,,,,1,0,0,0,0,0,0
1237,"Velammal Institute of Technology, Chennai-Kolkatta Highway, Panchetti Village, Ponneri Taluk, Thiruvallur District 601204",THIRUVALLUR,SELF FINANCING COLLEGES TIER 2,MZ,Mechatronics Engineering,116012,136672,134310,135096,145836,,,0,1,0,1,1,0,0
1238,"G R T Institute of Engineering and Technology, GRT Mahalakshmi Nagar, Chennai-Tirupathi Highway, Tiruttani Taluk, Thiruvallur District 631209",THIRUVALLUR,SELF FINANCING COLLEGES TIER 3,AD,ARTIFICIAL INTELLIGENCE AND DATA SCIENCE,70202,138927,,116920,151009,,,0,0,0,0,1,0,0
1238,"G R T Institute of Engineering and Technology, GRT Mahalakshmi Nagar, Chennai-Tirupathi Highway, Tiruttani Taluk, Thiruvallur District 631209",THIRUVALLUR,SELF FINANCING COLLEGES TIER 3,BM,BIO MEDICAL ENGINEERING,152935,,,,,,,1,0,0,0,0,0,0
1238,"G R T Institute of Engineering and Technology, GRT Mahalakshmi Nagar, Chennai-Tirupathi Highway, Tiruttani Taluk, Thiruvallur District 631209",THIRUVALLUR,SELF FINANCING COLLEGES TIER 3,CS,COMPUTER SCIENCE AND ENGINEERING,62494,117611,131116,108718,104905,122482,,0,0,0,0,0,0,0
1238,"G R T Institute of Engineering and Technology, GRT Mahalakshmi Nagar, Chennai-Tirupathi Highway, Tiruttani Taluk, Thiruvallur District 631209",THIRUVALLUR,SELF FINANCING COLLEGES TIER 3,EC,ELECTRONICS AND COMMUNICATION ENGINEERING,88923,143934,104349,106757,155944,,,0,1,0,1,0,0,0
1238,"G R T Institute of Engineering and Technology, GRT Mahalakshmi Nagar, Chennai-Tirupathi Highway, Tiruttani Taluk, Thiruvallur District 631209",THIRUVALLUR,SELF FINANCING COLLEGES TIER 3,EE,ELECTRICAL AND ELECTRONICS ENGINEERING,140218,,,,,,,1,0,0,0,0,0,0
1238,"G R T Institute of Engineering and Technology, GRT Mahalakshmi Nagar, Chennai-Tirupathi Highway, Tiruttani Taluk, Thiruvallur District 631209",THIRUVALLUR,SELF FINANCING COLLEGES TIER 3,ME,MECHANICAL ENGINEERING,152463,,,,,,,1,0,0,0,0,0,0
1241,"T J S Engineering College, Peruvoyal, Near Kavaraipettai, Gummidipoondi Taluk, Thiruvallur District 601206",THIRUVALLUR,SELF FINANCING COLLEGES TIER 3,AD,ARTIFICIAL INTELLIGENCE AND DATA SCIENCE,122337,149264,,151837,141090,,,0,1,0,1,0,0,0
1241,"T J S Engineering College, Peruvoyal, Near Kavaraipettai, Gummidipoondi Taluk, Thiruvallur District 601206",THIRUVALLUR,SELF FINANCING COLLEGES TIER 3,CS,COMPUTER SCIENCE AND ENGINEERING,93597,148667,122310,144230,135397,,112600,0,1,0,0,1,0,0
1241,"T J S Engineering College, Peruvoyal, Near Kavaraipettai, Gummidipoondi Taluk, Thiruvallur District 601206",THIRUVALLUR,SELF FINANCING COLLEGES TIER 3,EC,ELECTRONICS AND COMMUNICATION ENGINEERING,151868,,,,,,,0,0,0,0,0,0,0
1241,"T J S Engineering College, Peruvoyal, Near Kavaraipettai, Gummidipoondi Taluk, Thiruvallur District 601206",THIRUVALLUR,SELF FINANCING COLLEGES TIER 3,EE,ELECTRICAL AND ELECTRONICS ENGINEERING,149824,,,,155302,,,0,0,0,0,1,0,0
1241,"T J S Engineering College, Peruvoyal, Near Kavaraipettai, Gummidipoondi Taluk, Thiruvallur District 601206",THIRUVALLUR,SELF FINANCING COLLEGES TIER 3,ME,MECHANICAL ENGINEERING,154419,,,,,,,1,0,0,0,0,0,0
1243,"Madha Institute of Engineering and Technology, Erandamkattalai Village, Sadhananthapuram, Thandalam Post, Chennai  602101",KANCHEEPURAM,SELF FINANCING COLLEGES TIER 3,AD,ARTIFICIAL INTELLIGENCE AND DATA SCIENCE,139395,,,,,,,1,0,0,0,0,0,0
1243,"Madha Institute of Engineering and Technology, Erandamkattalai Village, Sadhananthapuram, Thandalam Post, Chennai  602101",KANCHEEPURAM,SELF FINANCING COLLEGES TIER 3,CE,CIVIL  ENGINEERING,,,,,,,,0,0,0,0,0,0,0
1243,"Madha Institute of Engineering and Technology, Erandamkattalai Village, Sadhananthapuram, Thandalam Post, Chennai  602101",KANCHEEPURAM,SELF FINANCING COLLEGES TIER 3,CS,COMPUTER SCIENCE AND ENGINEERING,151443,,,154275,,,,0,0,0,1,0,0,0
1243,"Madha Institute of Engineering and Technology, Erandamkattalai Village, Sadhananthapuram, Thandalam Post, Chennai  602101",KANCHEEPURAM,SELF FINANCING COLLEGES TIER 3,EC,ELECTRONICS AND COMMUNICATION ENGINEERING,151424,,,,,,,1,0,0,0,0,0,0
1243,"Madha Institute of Engineering and Technology, Erandamkattalai Village, Sadhananthapuram, Thandalam Post, Chennai  602101",KANCHEEPURAM,SELF FINANCING COLLEGES TIER 3,EE,ELECTRICAL AND ELECTRONICS ENGINEERING,,,,,,,,0,0,0,0,0,0,0
1243,"Madha Institute of Engineering and Technology, Erandamkattalai Village, Sadhananthapuram, Thandalam Post, Chennai  602101",KANCHEEPURAM,SELF FINANCING COLLEGES TIER 3,IT,INFORMATION TECHNOLOGY,151738,,,,,,,0,0,0,0,0,0,0
1243,"Madha Institute of Engineering and Technology, Erandamkattalai Village, Sadhananthapuram, Thandalam Post, Chennai  602101",KANCHEEPURAM,SELF FINANCING COLLEGES TIER 3,ME,MECHANICAL ENGINEERING,134814,,,,,,,1,0,0,0,0,0,0
1243,"Madha Institute of Engineering and Technology, Erandamkattalai Village, Sadhananthapuram, Thandalam Post, Chennai  602101",KANCHEEPURAM,SELF FINANCING COLLEGES TIER 3,SC,Computer Science and Engineering (Cyber Security),135075,,,,,,,1,0,0,0,0,0,0
1301,"Mohammed Sathak A J College of Engineering, Old Mahabalipuram Road (OMR), Egattur, Chengalpattu District 603103",CHENGALPET,SELF FINANCING COLLEGES TIER 3,AD,ARTIFICIAL INTELLIGENCE AND DATA SCIENCE,66111,128657,70216,134149,138140,,,0,0,0,0,0,0,0
1301,"Mohammed Sathak A J College of Engineering, Old Mahabalipuram Road (OMR), Egattur, Chengalpattu District 603103",CHENGALPET,SELF FINANCING COLLEGES TIER 3,CB,COMPUTER SCIENCE AND BUSSINESS SYSTEM,79855,127722,95713,153062,137671,,,0,1,0,1,0,0,0
1301,"Mohammed Sathak A J College of Engineering, Old Mahabalipuram Road (OMR), Egattur, Chengalpattu District 603103",CHENGALPET,SELF FINANCING COLLEGES TIER 3,CE,CIVIL  ENGINEERING,146552,,,,,,,1,0,0,0,0,0,0
1301,"Mohammed Sathak A J College of Engineering, Old Mahabalipuram Road (OMR), Egattur, Chengalpattu District 603103",CHENGALPET,SELF FINANCING COLLEGES TIER 3,CS,COMPUTER SCIENCE AND ENGINEERING,58684,122970,89343,125254,134623,,,0,0,0,0,1,0,0
1301,"Mohammed Sathak A J College of Engineering, Old Mahabalipuram Road (OMR), Egattur, Chengalpattu District 603103",CHENGALPET,SELF FINANCING COLLEGES TIER 3,EC,ELECTRONICS AND COMMUNICATION ENGINEERING,87791,114917,93942,125622,155887,,,0,1,0,0,1,0,0
1301,"Mohammed Sathak A J College of Engineering, Old Mahabalipuram Road (OMR), Egattur, Chengalpattu District 603103",CHENGALPET,SELF FINANCING COLLEGES TIER 3,EE,ELECTRICAL AND ELECTRONICS ENGINEERING,120820,,,,,,,1,0,0,0,0,0,0
1301,"Mohammed Sathak A J College of Engineering, Old Mahabalipuram Road (OMR), Egattur, Chengalpattu District 603103",CHENGALPET,SELF FINANCING COLLEGES TIER 3,IT,INFORMATION TECHNOLOGY,70072,138091,71320,123996,133922,,,0,0,0,0,0,0,0
1301,"Mohammed Sathak A J College of Engineering, Old Mahabalipuram Road (OMR), Egattur, Chengalpattu District 603103",CHENGALPET,SELF FINANCING COLLEGES TIER 3,ME,MECHANICAL ENGINEERING,152338,,,,,,,1,0,0,0,0,0,0
1303,"Anand Institute of Higher Technology, Old Mahabalipuram Road (OMR), Kazhipattur, Chengalpattu District  603103",CHENGALPET,SELF FINANCING COLLEGES TIER 3,AD,ARTIFICIAL INTELLIGENCE AND DATA SCIENCE,75490,144459,92105,151393,129076,,,0,1,1,1,1,0,0
1303,"Anand Institute of Higher Technology, Old Mahabalipuram Road (OMR), Kazhipattur, Chengalpattu District  603103",CHENGALPET,SELF FINANCING COLLEGES TIER 3,AG,AGRICULTURAL ENGINEERING,149229,,,,,,,1,0,0,0,0,0,0
1303,"Anand Institute of Higher Technology, Old Mahabalipuram Road (OMR), Kazhipattur, Chengalpattu District  603103",CHENGALPET,SELF FINANCING COLLEGES TIER 3,BT,BIO TECHNOLOGY,131674,152418,150118,,155089,,,0,1,0,0,1,0,0
1303,"Anand Institute of Higher Technology, Old Mahabalipuram Road (OMR), Kazhipattur, Chengalpattu District  603103",CHENGALPET,SELF FINANCING COLLEGES TIER 3,CB,COMPUTER SCIENCE AND BUSSINESS SYSTEM,108937,139065,,148191,155071,,,0,1,0,1,1,0,0
1303,"Anand Institute of Higher Technology, Old Mahabalipuram Road (OMR), Kazhipattur, Chengalpattu District  603103",CHENGALPET,SELF FINANCING COLLEGES TIER 3,CS,COMPUTER SCIENCE AND ENGINEERING,56619,105720,136975,82202,152583,,,0,0,0,0,0,0,0
1303,"Anand Institute of Higher Technology, Old Mahabalipuram Road (OMR), Kazhipattur, Chengalpattu District  603103",CHENGALPET,SELF FINANCING COLLEGES TIER 3,EC,ELECTRONICS AND COMMUNICATION ENGINEERING,98944,140560,,139960,127230,,,0,1,0,1,0,0,0
1303,"Anand Institute of Higher Technology, Old Mahabalipuram Road (OMR), Kazhipattur, Chengalpattu District  603103",CHENGALPET,SELF FINANCING COLLEGES TIER 3,EE,ELECTRICAL AND ELECTRONICS ENGINEERING,141249,149925,,144703,149802,,,0,1,0,1,0,0,0
1303,"Anand Institute of Higher Technology, Old Mahabalipuram Road (OMR), Kazhipattur, Chengalpattu District  603103",CHENGALPET,SELF FINANCING COLLEGES TIER 3,IT,INFORMATION TECHNOLOGY,71152,116897,104669,108080,117349,,,0,0,0,0,0,0,0
1303,"Anand Institute of Higher Technology, Old Mahabalipuram Road (OMR), Kazhipattur, Chengalpattu District  603103",CHENGALPET,SELF FINANCING COLLEGES TIER 3,ME,MECHANICAL ENGINEERING,155308,,,,,,,1,0,0,0,0,0,0
1304,"Easwari Engineering College (Autonomous), Ramapuram, Chennai 600089",THIRUVALLUR,SELF FINANCING COLLEGES TIER 1,AD,ARTIFICIAL INTELLIGENCE AND DATA SCIENCE,8929,14374,21983,24041,38659,85593,,0,0,0,0,0,0,0
1304,"Easwari Engineering College (Autonomous), Ramapuram, Chennai 600089",THIRUVALLUR,SELF FINANCING COLLEGES TIER 1,AM,COMPUTER SCIENCE AND ENGINEERING (ARTIFICIAL INTELLIGENCE AND MACHINE LEARNING),13903,19380,17516,25513,72765,,,0,0,0,0,0,0,0
1304,"Easwari Engineering College (Autonomous), Ramapuram, Chennai 600089",THIRUVALLUR,SELF FINANCING COLLEGES TIER 1,AU,AUTOMOBILE ENGINEERING,72951,87938,73392,108203,132393,128309,,0,0,0,1,1,0,0
1304,"Easwari Engineering College (Autonomous), Ramapuram, Chennai 600089",THIRUVALLUR,SELF FINANCING COLLEGES TIER 1,BM,BIO MEDICAL ENGINEERING,21186,41574,32957,61004,114578,,,0,0,0,0,0,0,0
1304,"Easwari Engineering College (Autonomous), Ramapuram, Chennai 600089",THIRUVALLUR,SELF FINANCING COLLEGES TIER 1,CE,CIVIL  ENGINEERING,82286,125473,94519,141924,111240,,,0,0,0,1,0,0,0
1304,"Easwari Engineering College (Autonomous), Ramapuram, Chennai 600089",THIRUVALLUR,SELF FINANCING COLLEGES TIER 1,CS,COMPUTER SCIENCE AND ENGINEERING,8453,13675,13024,15551,45909,126975,,0,0,0,0,0,0,0
1304,"Easwari Engineering College (Autonomous), Ramapuram, Chennai 600089",THIRUVALLUR,SELF FINANCING COLLEGES TIER 1,EC,ELECTRONICS AND COMMUNICATION ENGINEERING,14548,21848,25011,28246,73764,,,0,0,0,0,0,0,0
1304,"Easwari Engineering College (Autonomous), Ramapuram, Chennai 600089",THIRUVALLUR,SELF FINANCING COLLEGES TIER 1,EE,ELECTRICAL AND ELECTRONICS ENGINEERING,26610,36490,,44877,102510,,,0,0,0,0,0,0,0
1304,"Easwari Engineering College (Autonomous), Ramapuram, Chennai 600089",THIRUVALLUR,SELF FINANCING COLLEGES TIER 1,IT,INFORMATION TECHNOLOGY,12832,18041,23854,21174,58998,38856,,0,0,0,0,0,0,0
1304,"Easwari Engineering College (Autonomous), Ramapuram, Chennai 600089",THIRUVALLUR,SELF FINANCING COLLEGES TIER 1,ME,MECHANICAL ENGINEERING,55634,76131,62959,80736,130651,,,0,0,0,0,1,0,0
1304,"Easwari Engineering College (Autonomous), Ramapuram, Chennai 600089",THIRUVALLUR,SELF FINANCING COLLEGES TIER 1,RM,ROBOTICS AND AUTOMATION,29589,40830,43007,44127,99338,,,0,0,0,0,0,0,0
1304,"Easwari Engineering College (Autonomous), Ramapuram, Chennai 600089",THIRUVALLUR,SELF FINANCING COLLEGES TIER 1,SC,Computer Science and Engineering (Cyber Security),15468,20010,24390,25798,49265,,,0,0,0,0,0,0,0
1306,"Jeppiaar Engineering College, Old Mahabalipuram Road (OMR), Chennai 600119",CHENGALPET,SELF FINANCING COLLEGES TIER 3,AD,ARTIFICIAL INTELLIGENCE AND DATA SCIENCE,34245,45716,,55357,119858,,,0,0,0,0,0,0,0
1306,"Jeppiaar Engineering College, Old Mahabalipuram Road (OMR), Chennai 600119",CHENGALPET,SELF FINANCING COLLEGES TIER 3,BT,BIO TECHNOLOGY,43898,62440,,52761,129991,,,0,0,0,0,0,0,0
1306,"Jeppiaar Engineering College, Old Mahabalipuram Road (OMR), Chennai 600119",CHENGALPET,SELF FINANCING COLLEGES TIER 3,CS,COMPUTER SCIENCE AND ENGINEERING,29477,39133,53606,50943,92465,,,0,0,0,0,0,0,0
1306,"Jeppiaar Engineering College, Old Mahabalipuram Road (OMR), Chennai 600119",CHENGALPET,SELF FINANCING COLLEGES TIER 3,EC,ELECTRONICS AND COMMUNICATION ENGINEERING,39365,52808,68597,58752,146288,148459,,0,0,0,0,0,1,0
1306,"Jeppiaar Engineering College, Old Mahabalipuram Road (OMR), Chennai 600119",CHENGALPET,SELF FINANCING COLLEGES TIER 3,IT,INFORMATION TECHNOLOGY,34602,49542,45519,49755,103246,91940,130660,0,0,0,0,0,0,0
1306,"Jeppiaar Engineering College, Old Mahabalipuram Road (OMR), Chennai 600119",CHENGALPET,SELF FINANCING COLLEGES TIER 3,ME,MECHANICAL ENGINEERING,80829,105380,,128246,147612,,,0,1,0,1,1,0,0
1307,"Jerusalem College of Engineering (Autonomous), Narayanapuram, Pallikaranai, Chennai 600 100",CHENGALPET,SELF FINANCING COLLEGES TIER 3,AD,ARTIFICIAL INTELLIGENCE AND DATA SCIENCE,54193,65559,92586,81256,127412,,,0,0,0,0,0,0,0
1307,"Jerusalem College of Engineering (Autonomous), Narayanapuram, Pallikaranai, Chennai 600 100",CHENGALPET,SELF FINANCING COLLEGES TIER 3,AM,COMPUTER SCIENCE AND ENGINEERING (ARTIFICIAL INTELLIGENCE AND MACHINE LEARNING),60900,81845,87750,90778,125119,,86605,0,0,0,0,0,0,0
1307,"Jerusalem College of Engineering (Autonomous), Narayanapuram, Pallikaranai, Chennai 600 100",CHENGALPET,SELF FINANCING COLLEGES TIER 3,BM,BIO MEDICAL ENGINEERING,75984,151787,83098,112463,154780,,,0,1,0,0,1,0,0
1307,"Jerusalem College of Engineering (Autonomous), Narayanapuram, Pallikaranai, Chennai 600 100",CHENGALPET,SELF FINANCING COLLEGES TIER 3,CB,COMPUTER SCIENCE AND BUSSINESS SYSTEM,63147,78347,79504,83032,139452,,,0,0,0,0,0,0,0
1307,"Jerusalem College of Engineering (Autonomous), Narayanapuram, Pallikaranai, Chennai 600 100",CHENGALPET,SELF FINANCING COLLEGES TIER 3,CS,COMPUTER SCIENCE AND ENGINEERING,46839,61871,101597,63587,106764,146234,,0,0,0,0,0,0,0
1307,"Jerusalem College of Engineering (Autonomous), Narayanapuram, Pallikaranai, Chennai 600 100",CHENGALPET,SELF FINANCING COLLEGES TIER 3,EC,ELECTRONICS AND COMMUNICATION ENGINEERING,64290,79318,97490,84484,150732,69863,,0,0,0,0,0,0,0
1307,"Jerusalem College of Engineering (Autonomous), Narayanapuram, Pallikaranai, Chennai 600 100",CHENGALPET,SELF FINANCING COLLEGES TIER 3,EE,ELECTRICAL AND ELECTRONICS ENGINEERING,83114,112147,,104795,,,,0,0,0,0,0,0,0
1307,"Jerusalem College of Engineering (Autonomous), Narayanapuram, Pallikaranai, Chennai 600 100",CHENGALPET,SELF FINANCING COLLEGES TIER 3,IT,INFORMATION TECHNOLOGY,54061,68782,65965,76337,100176,,,0,0,0,0,0,0,0
1307,"Jerusalem College of Engineering (Autonomous), Narayanapuram, Pallikaranai, Chennai 600 100",CHENGALPET,SELF FINANCING COLLEGES TIER 3,SC,Computer Science and Engineering (Cyber Security),64436,81887,90022,97172,125557,,,0,0,0,0,0,0,0
1309,"Meenakshi Sundararajan Engineering College, Kodambakkam, Chennai 600024",CHENNAI,SELF FINANCING COLLEGES TIER 3,AD,ARTIFICIAL INTELLIGENCE AND DATA SCIENCE,21214,31763,22273,48326,67284,57419,,0,0,0,0,0,0,0
1309,"Meenakshi Sundararajan Engineering College, Kodambakkam, Chennai 600024",CHENNAI,SELF FINANCING COLLEGES TIER 3,CE,CIVIL  ENGINEERING,114637,127091,,115845,126776,,,0,1,0,1,1,0,0
1309,"Meenakshi Sundararajan Engineering College, Kodambakkam, Chennai 600024",CHENNAI,SELF FINANCING COLLEGES TIER 3,CS,COMPUTER SCIENCE AND ENGINEERING,11697,20444,13609,27527,49782,111784,,0,0,0,0,0,0,0
1309,"Meenakshi Sundararajan Engineering College, Kodambakkam, Chennai 600024",CHENNAI,SELF FINANCING COLLEGES TIER 3,EC,ELECTRONICS AND COMMUNICATION ENGINEERING,26762,38140,36064,52733,99898,118146,,0,0,0,0,0,0,0
1309,"Meenakshi Sundararajan Engineering College, Kodambakkam, Chennai 600024",CHENNAI,SELF FINANCING COLLEGES TIER 3,EE,ELECTRICAL AND ELECTRONICS ENGINEERING,47420,63001,60691,84615,149885,153945,149847,0,0,0,0,0,0,0
1309,"Meenakshi Sundararajan Engineering College, Kodambakkam, Chennai 600024",CHENNAI,SELF FINANCING COLLEGES TIER 3,IT,INFORMATION TECHNOLOGY,18047,24776,26227,32327,65525,57379,,0,0,0,0,0,0,0
1309,"Meenakshi Sundararajan Engineering College, Kodambakkam, Chennai 600024",CHENNAI,SELF FINANCING COLLEGES TIER 3,ME,MECHANICAL ENGINEERING,71207,141151,120246,127389,144889,,,0,1,1,0,1,0,0
1310,"Misrimal Navajee Munoth Jain Engineering College, Rajiv Gandhi Salai (OMR), Thorappakkam, Chennai 600096",CHENGALPET,SELF FINANCING COLLEGES TIER 3,AD,ARTIFICIAL INTELLIGENCE AND DATA SCIENCE,60824,86660,129860,69443,,,,0,0,0,0,0,0,0
1310,"Misrimal Navajee Munoth Jain Engineering College, Rajiv Gandhi Salai (OMR), Thorappakkam, Chennai 600096",CHENGALPET,SELF FINANCING COLLEGES TIER 3,CB,COMPUTER SCIENCE AND BUSSINESS SYSTEM,63086,82182,,109752,91360,,,0,0,0,0,1,0,0
1310,"Misrimal Navajee Munoth Jain Engineering College, Rajiv Gandhi Salai (OMR), Thorappakkam, Chennai 600096",CHENGALPET,SELF FINANCING COLLEGES TIER 3,CE,CIVIL  ENGINEERING,,,,,,,,0,0,0,0,0,0,0
1310,"Misrimal Navajee Munoth Jain Engineering College, Rajiv Gandhi Salai (OMR), Thorappakkam, Chennai 600096",CHENGALPET,SELF FINANCING COLLEGES TIER 3,CS,COMPUTER SCIENCE AND ENGINEERING,35751,69819,110812,76363,92686,,,0,0,0,0,0,0,0
1310,"Misrimal Navajee Munoth Jain Engineering College, Rajiv Gandhi Salai (OMR), Thorappakkam, Chennai 600096",CHENGALPET,SELF FINANCING COLLEGES TIER 3,EC,ELECTRONICS AND COMMUNICATION ENGINEERING,69868,101874,136055,102891,133733,,,0,0,0,0,1,0,0
1310,"Misrimal Navajee Munoth Jain Engineering College, Rajiv Gandhi Salai (OMR), Thorappakkam, Chennai 600096",CHENGALPET,SELF FINANCING COLLEGES TIER 3,EE,ELECTRICAL AND ELECTRONICS ENGINEERING,136696,,,,,,,1,0,0,0,0,0,0
1310,"Misrimal Navajee Munoth Jain Engineering College, Rajiv Gandhi Salai (OMR), Thorappakkam, Chennai 600096",CHENGALPET,SELF FINANCING COLLEGES TIER 3,IT,INFORMATION TECHNOLOGY,56368,81348,75142,64839,102513,,,0,0,0,0,0,0,0
1310,"Misrimal Navajee Munoth Jain Engineering College, Rajiv Gandhi Salai (OMR), Thorappakkam, Chennai 600096",CHENGALPET,SELF FINANCING COLLEGES TIER 3,ME,MECHANICAL ENGINEERING,75054,,,,,,,1,0,0,0,0,0,0
1311,"K C G College of Technology, Karappakkam, Chennai 600096",CHENGALPET,SELF FINANCING COLLEGES TIER 3,AD,ARTIFICIAL INTELLIGENCE AND DATA SCIENCE,29200,48969,36252,48582,92858,,,0,0,0,0,0,0,0
1311,"K C G College of Technology, Karappakkam, Chennai 600096",CHENGALPET,SELF FINANCING COLLEGES TIER 3,AE,AERONAUTICAL ENGINEERING,51639,90800,75692,97799,133619,,,0,0,0,0,1,0,0
1311,"K C G College of Technology, Karappakkam, Chennai 600096",CHENGALPET,SELF FINANCING COLLEGES TIER 3,AO,AEROSPACE ENGINEERING,41263,84984,49739,92942,124220,,,0,0,0,0,1,0,0
1311,"K C G College of Technology, Karappakkam, Chennai 600096",CHENGALPET,SELF FINANCING COLLEGES TIER 3,AU,AUTOMOBILE ENGINEERING,95602,,,152539,,,,0,0,0,1,0,0,0
1311,"K C G College of Technology, Karappakkam, Chennai 600096",CHENGALPET,SELF FINANCING COLLEGES TIER 3,CE,CIVIL  ENGINEERING,135092,,,,,,,1,0,0,0,0,0,0
1311,"K C G College of Technology, Karappakkam, Chennai 600096",CHENGALPET,SELF FINANCING COLLEGES TIER 3,CS,COMPUTER SCIENCE AND ENGINEERING,30134,45129,55752,48747,89511,,,0,0,0,0,0,0,0
1311,"K C G College of Technology, Karappakkam, Chennai 600096",CHENGALPET,SELF FINANCING COLLEGES TIER 3,EC,ELECTRONICS AND COMMUNICATION ENGINEERING,39439,52592,82509,53718,148238,,,0,0,0,0,0,0,0
1311,"K C G College of Technology, Karappakkam, Chennai 600096",CHENGALPET,SELF FINANCING COLLEGES TIER 3,EE,ELECTRICAL AND ELECTRONICS ENGINEERING,52410,74391,,88275,,,,0,0,0,0,0,0,0
1311,"K C G College of Technology, Karappakkam, Chennai 600096",CHENGALPET,SELF FINANCING COLLEGES TIER 3,FT,FASHION TECHNOLOGY,124579,,,,,,,1,0,0,0,0,0,0
1311,"K C G College of Technology, Karappakkam, Chennai 600096",CHENGALPET,SELF FINANCING COLLEGES TIER 3,IT,INFORMATION TECHNOLOGY,38247,48370,49605,43711,95535,,,0,0,0,0,0,0,0
1311,"K C G College of Technology, Karappakkam, Chennai 600096",CHENGALPET,SELF FINANCING COLLEGES TIER 3,ME,MECHANICAL ENGINEERING,87941,114370,,130340,,,,0,1,0,1,0,0,0
1311,"K C G College of Technology, Karappakkam, Chennai 600096",CHENGALPET,SELF FINANCING COLLEGES TIER 3,MZ,Mechatronics Engineering,76935,93484,,99859,,147885,,0,0,0,0,0,0,0
1313,"Shree Motilal Kanhaiyalal (SMK)Fomra Institute of Technology, Old Mahabalipuram Road (OMR), Kelambakkam, Chengalpattu District 603103",CHENGALPET,SELF FINANCING COLLEGES TIER 3,BM,BIO MEDICAL ENGINEERING,155817,,,,,,,1,0,0,0,0,0,0
1313,"Shree Motilal Kanhaiyalal (SMK)Fomra Institute of Technology, Old Mahabalipuram Road (OMR), Kelambakkam, Chengalpattu District 603103",CHENGALPET,SELF FINANCING COLLEGES TIER 3,CS,COMPUTER SCIENCE AND ENGINEERING,134301,155451,,135727,155951,,,0,1,0,1,1,0,0
1313,"Shree Motilal Kanhaiyalal (SMK)Fomra Institute of Technology, Old Mahabalipuram Road (OMR), Kelambakkam, Chengalpattu District 603103",CHENGALPET,SELF FINANCING COLLEGES TIER 3,EC,ELECTRONICS AND COMMUNICATION ENGINEERING,153934,,,,,,,1,0,0,0,0,0,0
1313,"Shree Motilal Kanhaiyalal (SMK)Fomra Institute of Technology, Old Mahabalipuram Road (OMR), Kelambakkam, Chengalpattu District 603103",CHENGALPET,SELF FINANCING COLLEGES TIER 3,EE,ELECTRICAL AND ELECTRONICS ENGINEERING,,,,,,,,0,0,0,0,0,0,0
1313,"Shree Motilal Kanhaiyalal (SMK)Fomra Institute of Technology, Old Mahabalipuram Road (OMR), Kelambakkam, Chengalpattu District 603103",CHENGALPET,SELF FINANCING COLLEGES TIER 3,ME,MECHANICAL ENGINEERING,152240,,,,,,,1,0,0,0,0,0,0
1315,"Sri Sivasubramaniya Nadar College of Engineering (Autonomous), Kalavakkam, Old Mahabalipuram Road (OMR), Chengalpattu District 603110",CHENGALPET,SELF FINANCING COLLEGES TIER 1,BM,BIO MEDICAL ENGINEERING,4296,5885,4588,9111,25945,108726,,0,0,0,0,0,0,0
1315,"Sri Sivasubramaniya Nadar College of Engineering (Autonomous), Kalavakkam, Old Mahabalipuram Road (OMR), Chengalpattu District 603110",CHENGALPET,SELF FINANCING COLLEGES TIER 1,CE,CIVIL  ENGINEERING,10125,14294,18512,19654,36504,57768,,0,0,0,0,0,0,0
1315,"Sri Sivasubramaniya Nadar College of Engineering (Autonomous), Kalavakkam, Old Mahabalipuram Road (OMR), Chengalpattu District 603110",CHENGALPET,SELF FINANCING COLLEGES TIER 1,CH,CHEMICAL  ENGINEERING,7884,9559,12927,14505,41370,57264,,0,0,0,0,0,0,0
1315,"Sri Sivasubramaniya Nadar College of Engineering (Autonomous), Kalavakkam, Old Mahabalipuram Road (OMR), Chengalpattu District 603110",CHENGALPET,SELF FINANCING COLLEGES TIER 1,CS,COMPUTER SCIENCE AND ENGINEERING,597,945,1803,2422,11100,29900,14217,0,0,0,0,0,0,0
1315,"Sri Sivasubramaniya Nadar College of Engineering (Autonomous), Kalavakkam, Old Mahabalipuram Road (OMR), Chengalpattu District 603110",CHENGALPET,SELF FINANCING COLLEGES TIER 1,EC,ELECTRONICS AND COMMUNICATION ENGINEERING,1283,1634,2470,3678,14023,28884,26274,0,0,0,0,0,0,0
1315,"Sri Sivasubramaniya Nadar College of Engineering (Autonomous), Kalavakkam, Old Mahabalipuram Road (OMR), Chengalpattu District 603110",CHENGALPET,SELF FINANCING COLLEGES TIER 1,EE,ELECTRICAL AND ELECTRONICS ENGINEERING,2324,2893,5149,6300,21352,51939,28090,0,0,0,0,0,0,0
1315,"Sri Sivasubramaniya Nadar College of Engineering (Autonomous), Kalavakkam, Old Mahabalipuram Road (OMR), Chengalpattu District 603110",CHENGALPET,SELF FINANCING COLLEGES TIER 1,IT,INFORMATION TECHNOLOGY,1180,1515,2448,3550,13057,32723,41013,0,0,0,0,0,0,0
1315,"Sri Sivasubramaniya Nadar College of Engineering (Autonomous), Kalavakkam, Old Mahabalipuram Road (OMR), Chengalpattu District 603110",CHENGALPET,SELF FINANCING COLLEGES TIER 1,ME,MECHANICAL ENGINEERING,5441,8100,10428,11830,33266,64891,,0,0,0,0,0,0,0
1316,"Agni College of Technology, Old Mahabalipuram Road (OMR), Thalambur Village, Chengalpattu District 603103",CHENGALPET,SELF FINANCING COLLEGES TIER 3,AD,ARTIFICIAL INTELLIGENCE AND DATA SCIENCE,66702,89827,88676,104302,143742,,,0,0,0,0,1,0,0
1316,"Agni College of Technology, Old Mahabalipuram Road (OMR), Thalambur Village, Chengalpattu District 603103",CHENGALPET,SELF FINANCING COLLEGES TIER 3,AO,AEROSPACE ENGINEERING,81062,126933,135985,151526,118994,,,0,1,0,1,1,0,0
1316,"Agni College of Technology, Old Mahabalipuram Road (OMR), Thalambur Village, Chengalpattu District 603103",CHENGALPET,SELF FINANCING COLLEGES TIER 3,BM,BIO MEDICAL ENGINEERING,84000,148205,,138445,149746,,,0,1,0,1,1,0,0
1316,"Agni College of Technology, Old Mahabalipuram Road (OMR), Thalambur Village, Chengalpattu District 603103",CHENGALPET,SELF FINANCING COLLEGES TIER 3,CE,CIVIL  ENGINEERING,139986,,,,,,,1,0,0,0,0,0,0
1316,"Agni College of Technology, Old Mahabalipuram Road (OMR), Thalambur Village, Chengalpattu District 603103",CHENGALPET,SELF FINANCING COLLEGES TIER 3,CH,CHEMICAL  ENGINEERING,69292,148064,84808,154909,149670,,,0,1,0,1,1,0,0
1316,"Agni College of Technology, Old Mahabalipuram Road (OMR), Thalambur Village, Chengalpattu District 603103",CHENGALPET,SELF FINANCING COLLEGES TIER 3,CS,COMPUTER SCIENCE AND ENGINEERING,62060,92872,86821,94267,145567,137929,143924,0,0,0,0,0,1,0
1316,"Agni College of Technology, Old Mahabalipuram Road (OMR), Thalambur Village, Chengalpattu District 603103",CHENGALPET,SELF FINANCING COLLEGES TIER 3,EC,ELECTRONICS AND COMMUNICATION ENGINEERING,82837,104713,103434,105935,148202,,,0,0,0,0,1,0,0
1316,"Agni College of Technology, Old Mahabalipuram Road (OMR), Thalambur Village, Chengalpattu District 603103",CHENGALPET,SELF FINANCING COLLEGES TIER 3,EE,ELECTRICAL AND ELECTRONICS ENGINEERING,92339,131234,,143009,152253,,,0,0,0,0,1,0,0
1316,"Agni College of Technology, Old Mahabalipuram Road (OMR), Thalambur Village, Chengalpattu District 603103",CHENGALPET,SELF FINANCING COLLEGES TIER 3,IT,INFORMATION TECHNOLOGY,53134,81468,83317,69756,124085,155829,,0,0,0,0,0,0,0
1316,"Agni College of Technology, Old Mahabalipuram Road (OMR), Thalambur Village, Chengalpattu District 603103",CHENGALPET,SELF FINANCING COLLEGES TIER 3,ME,MECHANICAL ENGINEERING,143778,,,148520,149420,,,0,0,0,1,1,0,0
1316,"Agni College of Technology, Old Mahabalipuram Road (OMR), Thalambur Village, Chengalpattu District 603103",CHENGALPET,SELF FINANCING COLLEGES TIER 3,MU,MECHANICAL AND AUTOMATION ENGINEERING,109755,152101,,155797,154112,149555,,0,1,0,1,1,0,0
1316,"Agni College of Technology, Old Mahabalipuram Road (OMR), Thalambur Village, Chengalpattu District 603103",CHENGALPET,SELF FINANCING COLLEGES TIER 3,MZ,Mechatronics Engineering,112650,153056,126879,150837,152350,,,0,1,1,1,1,0,0
1317,"St. Josephâ€™s College of Engineering (Autonomous), Old Mahabalipuram Road (OMR), Chennai 600 119",CHENGALPET,SELF FINANCING COLLEGES TIER 1,AD,ARTIFICIAL INTELLIGENCE AND DATA SCIENCE,15999,25617,49699,26530,81786,,128491,0,0,0,0,0,0,0
1317,"St. Josephâ€™s College of Engineering (Autonomous), Old Mahabalipuram Road (OMR), Chennai 600 119",CHENGALPET,SELF FINANCING COLLEGES TIER 1,AL,Artificial Intelligence and Machine Learning,22242,30393,32493,37949,116761,,,0,0,0,0,0,0,0
1317,"St. Josephâ€™s College of Engineering (Autonomous), Old Mahabalipuram Road (OMR), Chennai 600 119",CHENGALPET,SELF FINANCING COLLEGES TIER 1,BT,BIO TECHNOLOGY,29584,48425,30247,70449,76568,,,0,0,0,0,0,0,0
1317,"St. Josephâ€™s College of Engineering (Autonomous), Old Mahabalipuram Road (OMR), Chennai 600 119",CHENGALPET,SELF FINANCING COLLEGES TIER 1,CE,CIVIL  ENGINEERING,92962,131000,,132161,98243,,,0,1,0,1,1,0,0
1317,"St. Josephâ€™s College of Engineering (Autonomous), Old Mahabalipuram Road (OMR), Chennai 600 119",CHENGALPET,SELF FINANCING COLLEGES TIER 1,CH,CHEMICAL  ENGINEERING,46916,69367,148486,130954,132340,,,0,0,1,1,1,0,0
1317,"St. Josephâ€™s College of Engineering (Autonomous), Old Mahabalipuram Road (OMR), Chennai 600 119",CHENGALPET,SELF FINANCING COLLEGES TIER 1,CS,COMPUTER SCIENCE AND ENGINEERING,7593,10979,11749,14818,47259,114086,91788,0,0,0,0,0,1,0
1317,"St. Josephâ€™s College of Engineering (Autonomous), Old Mahabalipuram Road (OMR), Chennai 600 119",CHENGALPET,SELF FINANCING COLLEGES TIER 1,EC,ELECTRONICS AND COMMUNICATION ENGINEERING,14395,24449,21532,32617,75815,130397,77026,0,0,0,0,0,1,0
1317,"St. Josephâ€™s College of Engineering (Autonomous), Old Mahabalipuram Road (OMR), Chennai 600 119",CHENGALPET,SELF FINANCING COLLEGES TIER 1,EE,ELECTRICAL AND ELECTRONICS ENGINEERING,32993,54911,64154,56539,122964,,,0,0,0,0,1,0,0
1317,"St. Josephâ€™s College of Engineering (Autonomous), Old Mahabalipuram Road (OMR), Chennai 600 119",CHENGALPET,SELF FINANCING COLLEGES TIER 1,EI,ELECTRONICS AND INSTRUMENTATION ENGINEERING,44589,54212,79526,73577,145356,,,0,0,0,0,1,0,0
1317,"St. Josephâ€™s College of Engineering (Autonomous), Old Mahabalipuram Road (OMR), Chennai 600 119",CHENGALPET,SELF FINANCING COLLEGES TIER 1,IT,INFORMATION TECHNOLOGY,12413,20592,16730,21267,62817,,113456,0,0,0,0,0,0,0
1317,"St. Josephâ€™s College of Engineering (Autonomous), Old Mahabalipuram Road (OMR), Chennai 600 119",CHENGALPET,SELF FINANCING COLLEGES TIER 1,ME,MECHANICAL ENGINEERING,70734,150371,120898,146910,126775,,,0,1,0,1,1,0,0
1318,"T.J Institute of Technology, Karapakkam, Chennai - 600097",CHENGALPET,SELF FINANCING COLLEGES TIER 3,CE,CIVIL  ENGINEERING,,,,,,,,0,0,0,0,0,0,0
1318,"T.J Institute of Technology, Karapakkam, Chennai - 600097",CHENGALPET,SELF FINANCING COLLEGES TIER 3,CS,COMPUTER SCIENCE AND ENGINEERING,153190,,,,155704,,,0,0,0,0,1,0,0
1318,"T.J Institute of Technology, Karapakkam, Chennai - 600097",CHENGALPET,SELF FINANCING COLLEGES TIER 3,EC,ELECTRONICS AND COMMUNICATION ENGINEERING,95097,,,,,,,1,0,0,0,0,0,0
1318,"T.J Institute of Technology, Karapakkam, Chennai - 600097",CHENGALPET,SELF FINANCING COLLEGES TIER 3,EE,ELECTRICAL AND ELECTRONICS ENGINEERING,,,,,,,,0,0,0,0,0,0,0
1318,"T.J Institute of Technology, Karapakkam, Chennai - 600097",CHENGALPET,SELF FINANCING COLLEGES TIER 3,IT,INFORMATION TECHNOLOGY,129832,132695,,144896,149584,,,0,1,0,1,0,0,0
1318,"T.J Institute of Technology, Karapakkam, Chennai - 600097",CHENGALPET,SELF FINANCING COLLEGES TIER 3,ME,MECHANICAL ENGINEERING,,,,,,,,0,0,0,0,0,0,0
1319,"Thangavelu Engineering College, Karappakkam, Chennai 600097",CHENGALPET,SELF FINANCING COLLEGES TIER 3,AD,ARTIFICIAL INTELLIGENCE AND DATA SCIENCE,136884,,,155579,,,,0,0,0,1,0,0,0
1319,"Thangavelu Engineering College, Karappakkam, Chennai 600097",CHENGALPET,SELF FINANCING COLLEGES TIER 3,CE,CIVIL  ENGINEERING,,,,,,,,0,0,0,0,0,0,0
1319,"Thangavelu Engineering College, Karappakkam, Chennai 600097",CHENGALPET,SELF FINANCING COLLEGES TIER 3,CS,COMPUTER SCIENCE AND ENGINEERING,125867,154033,,154622,149015,,,0,1,0,1,1,0,0
1319,"Thangavelu Engineering College, Karappakkam, Chennai 600097",CHENGALPET,SELF FINANCING COLLEGES TIER 3,EC,ELECTRONICS AND COMMUNICATION ENGINEERING,150060,,,,,,,1,0,0,0,0,0,0
1319,"Thangavelu Engineering College, Karappakkam, Chennai 600097",CHENGALPET,SELF FINANCING COLLEGES TIER 3,EE,ELECTRICAL AND ELECTRONICS ENGINEERING,,,,,,,,0,0,0,0,0,0,0
1319,"Thangavelu Engineering College, Karappakkam, Chennai 600097",CHENGALPET,SELF FINANCING COLLEGES TIER 3,EI,ELECTRONICS AND INSTRUMENTATION ENGINEERING,,,,,,,,0,0,0,0,0,0,0
1319,"Thangavelu Engineering College, Karappakkam, Chennai 600097",CHENGALPET,SELF FINANCING COLLEGES TIER 3,IT,INFORMATION TECHNOLOGY,99563,153040,,124779,150747,,,0,1,0,1,1,0,0
1319,"Thangavelu Engineering College, Karappakkam, Chennai 600097",CHENGALPET,SELF FINANCING COLLEGES TIER 3,ME,MECHANICAL ENGINEERING,,,,,,,,0,0,0,0,0,0,0
1322,"Dhanalakshmi Srinivasan College of Engineering and Technology, East Coast Road, Poonjeri, Chennai 603104",CHENGALPET,SELF FINANCING COLLEGES TIER 1,AD,ARTIFICIAL INTELLIGENCE AND DATA SCIENCE,79635,107974,110471,106943,109400,,,0,0,0,0,0,0,0
1322,"Dhanalakshmi Srinivasan College of Engineering and Technology, East Coast Road, Poonjeri, Chennai 603104",CHENGALPET,SELF FINANCING COLLEGES TIER 1,AE,AERONAUTICAL ENGINEERING,150992,,,,,,,1,0,0,0,0,0,0
1322,"Dhanalakshmi Srinivasan College of Engineering and Technology, East Coast Road, Poonjeri, Chennai 603104",CHENGALPET,SELF FINANCING COLLEGES TIER 1,AG,AGRICULTURAL ENGINEERING,155952,,,,,,,0,0,0,0,0,0,0
1322,"Dhanalakshmi Srinivasan College of Engineering and Technology, East Coast Road, Poonjeri, Chennai 603104",CHENGALPET,SELF FINANCING COLLEGES TIER 1,BM,BIO MEDICAL ENGINEERING,93777,123256,,148801,134577,,,0,1,0,1,0,0,0
1322,"Dhanalakshmi Srinivasan College of Engineering and Technology, East Coast Road, Poonjeri, Chennai 603104",CHENGALPET,SELF FINANCING COLLEGES TIER 1,CE,CIVIL  ENGINEERING,145055,,,,,,,1,0,0,0,0,0,0
1322,"Dhanalakshmi Srinivasan College of Engineering and Technology, East Coast Road, Poonjeri, Chennai 603104",CHENGALPET,SELF FINANCING COLLEGES TIER 1,CS,COMPUTER SCIENCE AND ENGINEERING,67943,106231,102179,98473,129663,,,0,0,0,0,0,0,0
1322,"Dhanalakshmi Srinivasan College of Engineering and Technology, East Coast Road, Poonjeri, Chennai 603104",CHENGALPET,SELF FINANCING COLLEGES TIER 1,EC,ELECTRONICS AND COMMUNICATION ENGINEERING,90846,118833,118328,125030,153132,,,0,0,0,0,0,0,0
1322,"Dhanalakshmi Srinivasan College of Engineering and Technology, East Coast Road, Poonjeri, Chennai 603104",CHENGALPET,SELF FINANCING COLLEGES TIER 1,EE,ELECTRICAL AND ELECTRONICS ENGINEERING,130873,140112,148842,154088,,,,0,1,1,1,0,0,0
1322,"Dhanalakshmi Srinivasan College of Engineering and Technology, East Coast Road, Poonjeri, Chennai 603104",CHENGALPET,SELF FINANCING COLLEGES TIER 1,FD,FOOD TECHNOLOGY,136757,,152631,138089,151306,,,0,0,1,1,1,0,0
1322,"Dhanalakshmi Srinivasan College of Engineering and Technology, East Coast Road, Poonjeri, Chennai 603104",CHENGALPET,SELF FINANCING COLLEGES TIER 1,IT,INFORMATION TECHNOLOGY,56944,77303,69792,91564,102122,137030,,0,0,0,0,0,0,0
1322,"Dhanalakshmi Srinivasan College of Engineering and Technology, East Coast Road, Poonjeri, Chennai 603104",CHENGALPET,SELF FINANCING COLLEGES TIER 1,ME,MECHANICAL ENGINEERING,151605,,,,,,,1,0,0,0,0,0,0
1322,"Dhanalakshmi Srinivasan College of Engineering and Technology, East Coast Road, Poonjeri, Chennai 603104",CHENGALPET,SELF FINANCING COLLEGES TIER 1,SC,Computer Science and Engineering (Cyber Security),82850,102283,93607,129598,143639,,146533,0,0,0,0,1,0,0
1324,"Sri Sai Ram Institute of Technology (Autonomous), West Tambaram, Chennai 600044",CHENGALPET,SELF FINANCING COLLEGES TIER 1,AD,ARTIFICIAL INTELLIGENCE AND DATA SCIENCE,24894,34774,48430,47431,94842,,,0,0,0,0,0,0,0
1324,"Sri Sai Ram Institute of Technology (Autonomous), West Tambaram, Chennai 600044",CHENGALPET,SELF FINANCING COLLEGES TIER 1,CO,COMPUTER AND  COMMUNICATION ENGINEERING,26848,36014,48090,36924,100067,,,0,0,0,0,0,0,0
1324,"Sri Sai Ram Institute of Technology (Autonomous), West Tambaram, Chennai 600044",CHENGALPET,SELF FINANCING COLLEGES TIER 1,CS,COMPUTER SCIENCE AND ENGINEERING,17167,26932,43108,38752,70604,153755,128081,0,0,0,0,0,1,0
1324,"Sri Sai Ram Institute of Technology (Autonomous), West Tambaram, Chennai 600044",CHENGALPET,SELF FINANCING COLLEGES TIER 1,EC,ELECTRONICS AND COMMUNICATION ENGINEERING,26731,36551,57651,46911,96342,144066,,0,0,0,0,0,1,0
1324,"Sri Sai Ram Institute of Technology (Autonomous), West Tambaram, Chennai 600044",CHENGALPET,SELF FINANCING COLLEGES TIER 1,EE,ELECTRICAL AND ELECTRONICS ENGINEERING,31121,44688,60499,59721,145130,,,0,0,0,0,1,0,0
1324,"Sri Sai Ram Institute of Technology (Autonomous), West Tambaram, Chennai 600044",CHENGALPET,SELF FINANCING COLLEGES TIER 1,IT,INFORMATION TECHNOLOGY,23332,33400,56172,45103,86447,,,0,0,0,0,0,0,0
1324,"Sri Sai Ram Institute of Technology (Autonomous), West Tambaram, Chennai 600044",CHENGALPET,SELF FINANCING COLLEGES TIER 1,ME,MECHANICAL ENGINEERING,62746,88581,145997,92187,125164,,,0,0,0,0,1,0,0
1324,"Sri Sai Ram Institute of Technology (Autonomous), West Tambaram, Chennai 600044",CHENGALPET,SELF FINANCING COLLEGES TIER 1,SC,Computer Science and Engineering (Cyber Security),25361,34224,50315,45869,98816,48753,98065,0,0,0,0,0,0,0
1325,"St. Joseph College of Engineering, Trinity Campus, Nemili, Sriperumpudur Taluk, Kancheepuram District 602105",KANCHEEPURAM,SELF FINANCING COLLEGES TIER 1,AD,ARTIFICIAL INTELLIGENCE AND DATA SCIENCE,68540,92218,104141,118455,133448,113277,,0,0,0,0,0,0,0
1325,"St. Joseph College of Engineering, Trinity Campus, Nemili, Sriperumpudur Taluk, Kancheepuram District 602105",KANCHEEPURAM,SELF FINANCING COLLEGES TIER 1,CS,COMPUTER SCIENCE AND ENGINEERING,46231,66975,47210,89195,113441,146322,,0,0,0,0,0,0,0
1325,"St. Joseph College of Engineering, Trinity Campus, Nemili, Sriperumpudur Taluk, Kancheepuram District 602105",KANCHEEPURAM,SELF FINANCING COLLEGES TIER 1,EC,ELECTRONICS AND COMMUNICATION ENGINEERING,90396,151827,155189,151221,122965,,,0,1,1,1,1,0,0
1325,"St. Joseph College of Engineering, Trinity Campus, Nemili, Sriperumpudur Taluk, Kancheepuram District 602105",KANCHEEPURAM,SELF FINANCING COLLEGES TIER 1,IT,INFORMATION TECHNOLOGY,66731,76327,88191,92174,123094,,,0,0,0,0,0,0,0
1325,"St. Joseph College of Engineering, Trinity Campus, Nemili, Sriperumpudur Taluk, Kancheepuram District 602105",KANCHEEPURAM,SELF FINANCING COLLEGES TIER 1,ME,MECHANICAL ENGINEERING,144255,154270,154002,156058,151723,,,0,1,1,1,1,0,0
1333,"Vi Institute of Technology, Sirunkundram Village & Post, Chengalpattu District 603108",CHENGALPET,SELF FINANCING COLLEGES TIER 3,CE,CIVIL  ENGINEERING,,,,,,,,0,0,0,0,0,0,0
1333,"Vi Institute of Technology, Sirunkundram Village & Post, Chengalpattu District 603108",CHENGALPET,SELF FINANCING COLLEGES TIER 3,CS,COMPUTER SCIENCE AND ENGINEERING,,,,,,,,0,0,0,0,0,0,0
1333,"Vi Institute of Technology, Sirunkundram Village & Post, Chengalpattu District 603108",CHENGALPET,SELF FINANCING COLLEGES TIER 3,EC,ELECTRONICS AND COMMUNICATION ENGINEERING,,,,,,,,0,0,0,0,0,0,0
1333,"Vi Institute of Technology, Sirunkundram Village & Post, Chengalpattu District 603108",CHENGALPET,SELF FINANCING COLLEGES TIER 3,EE,ELECTRICAL AND ELECTRONICS ENGINEERING,,,,,,,,0,0,0,0,0,0,0
1333,"Vi Institute of Technology, Sirunkundram Village & Post, Chengalpattu District 603108",CHENGALPET,SELF FINANCING COLLEGES TIER 3,ME,MECHANICAL ENGINEERING,140438,,,,,,,1,0,0,0,0,0,0
1334,"ARS College of Engineering, Maraimalai Nagar Post, Chengalpattu District 603209",CHENGALPET,SELF FINANCING COLLEGES TIER 3,CE,CIVIL  ENGINEERING,,,,,,,,0,0,0,0,0,0,0
1334,"ARS College of Engineering, Maraimalai Nagar Post, Chengalpattu District 603209",CHENGALPET,SELF FINANCING COLLEGES TIER 3,CS,COMPUTER SCIENCE AND ENGINEERING,,,,,,,,0,0,0,0,0,0,0
1334,"ARS College of Engineering, Maraimalai Nagar Post, Chengalpattu District 603209",CHENGALPET,SELF FINANCING COLLEGES TIER 3,EC,ELECTRONICS AND COMMUNICATION ENGINEERING,,,,,,,,0,0,0,0,0,0,0
1334,"ARS College of Engineering, Maraimalai Nagar Post, Chengalpattu District 603209",CHENGALPET,SELF FINANCING COLLEGES TIER 3,ME,MECHANICAL ENGINEERING,,,,,,,,0,0,0,0,0,0,0
1335,"Sri Krishna Institute of Technology, Panapakkam, Padappai,  Chennai 601301",KANCHEEPURAM,SELF FINANCING COLLEGES TIER 3,CE,CIVIL  ENGINEERING,,,,,,,,0,0,0,0,0,0,0
1335,"Sri Krishna Institute of Technology, Panapakkam, Padappai,  Chennai 601301",KANCHEEPURAM,SELF FINANCING COLLEGES TIER 3,EC,ELECTRONICS AND COMMUNICATION ENGINEERING,73053,,,,,,,1,0,0,0,0,0,0
1335,"Sri Krishna Institute of Technology, Panapakkam, Padappai,  Chennai 601301",KANCHEEPURAM,SELF FINANCING COLLEGES TIER 3,EE,ELECTRICAL AND ELECTRONICS ENGINEERING,,,,,,,,0,0,0,0,0,0,0
1335,"Sri Krishna Institute of Technology, Panapakkam, Padappai,  Chennai 601301",KANCHEEPURAM,SELF FINANCING COLLEGES TIER 3,ME,MECHANICAL ENGINEERING,,,,,,,,0,0,0,0,0,0,0
1399,"Chennai Institute of Technology, Puduper Village, Nandambakkam Post, Kundrathur, Chennai 600069",KANCHEEPURAM,SELF FINANCING COLLEGES TIER 1,AD,ARTIFICIAL INTELLIGENCE AND DATA SCIENCE,5136,6836,8011,10115,38754,80823,39718,0,0,0,0,0,0,0
1399,"Chennai Institute of Technology, Puduper Village, Nandambakkam Post, Kundrathur, Chennai 600069",KANCHEEPURAM,SELF FINANCING COLLEGES TIER 1,AM,COMPUTER SCIENCE AND ENGINEERING (ARTIFICIAL INTELLIGENCE AND MACHINE LEARNING),5571,6890,10765,10118,35032,41242,,0,0,0,0,0,0,0
1399,"Chennai Institute of Technology, Puduper Village, Nandambakkam Post, Kundrathur, Chennai 600069",KANCHEEPURAM,SELF FINANCING COLLEGES TIER 1,BM,BIO MEDICAL ENGINEERING,11079,17481,13504,15474,57369,,,0,0,0,0,0,0,0
1399,"Chennai Institute of Technology, Puduper Village, Nandambakkam Post, Kundrathur, Chennai 600069",KANCHEEPURAM,SELF FINANCING COLLEGES TIER 1,CB,COMPUTER SCIENCE AND BUSSINESS SYSTEM,5840,7896,10918,11627,44963,75981,,0,0,0,0,0,0,0
1399,"Chennai Institute of Technology, Puduper Village, Nandambakkam Post, Kundrathur, Chennai 600069",KANCHEEPURAM,SELF FINANCING COLLEGES TIER 1,CE,CIVIL  ENGINEERING,25992,34448,26776,38232,62900,,,0,0,0,0,0,0,0
1399,"Chennai Institute of Technology, Puduper Village, Nandambakkam Post, Kundrathur, Chennai 600069",KANCHEEPURAM,SELF FINANCING COLLEGES TIER 1,CS,COMPUTER SCIENCE AND ENGINEERING,2639,4183,4139,6111,27380,58209,97372,0,0,0,0,0,0,0
1399,"Chennai Institute of Technology, Puduper Village, Nandambakkam Post, Kundrathur, Chennai 600069",KANCHEEPURAM,SELF FINANCING COLLEGES TIER 1,EC,ELECTRONICS AND COMMUNICATION ENGINEERING,3803,6840,5880,9769,38618,64893,,0,0,0,0,0,0,0
1399,"Chennai Institute of Technology, Puduper Village, Nandambakkam Post, Kundrathur, Chennai 600069",KANCHEEPURAM,SELF FINANCING COLLEGES TIER 1,EE,ELECTRICAL AND ELECTRONICS ENGINEERING,7440,9363,10354,13203,45247,,,0,0,0,0,0,0,0
1399,"Chennai Institute of Technology, Puduper Village, Nandambakkam Post, Kundrathur, Chennai 600069",KANCHEEPURAM,SELF FINANCING COLLEGES TIER 1,IT,INFORMATION TECHNOLOGY,4562,5616,7856,9166,36217,74761,92093,0,0,0,0,0,0,0
1399,"Chennai Institute of Technology, Puduper Village, Nandambakkam Post, Kundrathur, Chennai 600069",KANCHEEPURAM,SELF FINANCING COLLEGES TIER 1,ME,MECHANICAL ENGINEERING,13857,19296,23837,26492,60748,,,0,0,0,0,0,0,0
1399,"Chennai Institute of Technology, Puduper Village, Nandambakkam Post, Kundrathur, Chennai 600069",KANCHEEPURAM,SELF FINANCING COLLEGES TIER 1,MZ,Mechatronics Engineering,8792,12161,10722,14745,49028,91701,,0,0,0,0,0,0,0
1399,"Chennai Institute of Technology, Puduper Village, Nandambakkam Post, Kundrathur, Chennai 600069",KANCHEEPURAM,SELF FINANCING COLLEGES TIER 1,SC,Computer Science and Engineering (Cyber Security),5847,7594,6590,11042,24267,69080,111840,0,0,0,0,0,0,0
1401,"Adhiparasakthi Engineering College, Melmaruvathur, Chengalpattu District 603319",CHENGALPET,SELF FINANCING COLLEGES TIER 3,CE,CIVIL  ENGINEERING,154302,,,,,,,1,0,0,0,0,0,0
1401,"Adhiparasakthi Engineering College, Melmaruvathur, Chengalpattu District 603319",CHENGALPET,SELF FINANCING COLLEGES TIER 3,CH,CHEMICAL  ENGINEERING,156259,,,,,,,0,0,0,0,0,0,0
1401,"Adhiparasakthi Engineering College, Melmaruvathur, Chengalpattu District 603319",CHENGALPET,SELF FINANCING COLLEGES TIER 3,CS,COMPUTER SCIENCE AND ENGINEERING,56278,113343,117348,74176,150225,,,0,0,0,0,1,0,0
1401,"Adhiparasakthi Engineering College, Melmaruvathur, Chengalpattu District 603319",CHENGALPET,SELF FINANCING COLLEGES TIER 3,EC,ELECTRONICS AND COMMUNICATION ENGINEERING,91553,127966,93101,107184,150356,,,0,1,1,0,1,0,0
1401,"Adhiparasakthi Engineering College, Melmaruvathur, Chengalpattu District 603319",CHENGALPET,SELF FINANCING COLLEGES TIER 3,EE,ELECTRICAL AND ELECTRONICS ENGINEERING,149233,155938,,154785,150746,,,0,1,0,1,1,0,0
1401,"Adhiparasakthi Engineering College, Melmaruvathur, Chengalpattu District 603319",CHENGALPET,SELF FINANCING COLLEGES TIER 3,IT,INFORMATION TECHNOLOGY,43425,94787,,56359,111002,,,0,0,0,0,0,0,0
1401,"Adhiparasakthi Engineering College, Melmaruvathur, Chengalpattu District 603319",CHENGALPET,SELF FINANCING COLLEGES TIER 3,ME,MECHANICAL ENGINEERING,150573,,,,,,,1,0,0,0,0,0,0
1402,"Annai Teresa College of Engineering, Thirunavalur, Kallakkurichi District 607204",KALLAKURICHI,SELF FINANCING COLLEGES TIER 3,CS,COMPUTER SCIENCE AND ENGINEERING,149874,,,,,,,1,0,0,0,0,0,0
1402,"Annai Teresa College of Engineering, Thirunavalur, Kallakkurichi District 607204",KALLAKURICHI,SELF FINANCING COLLEGES TIER 3,EC,ELECTRONICS AND COMMUNICATION ENGINEERING,146962,,,,,,,1,0,0,0,0,0,0
1402,"Annai Teresa College of Engineering, Thirunavalur, Kallakkurichi District 607204",KALLAKURICHI,SELF FINANCING COLLEGES TIER 3,EE,ELECTRICAL AND ELECTRONICS ENGINEERING,93443,,,,,,,1,0,0,0,0,0,0
1402,"Annai Teresa College of Engineering, Thirunavalur, Kallakkurichi District 607204",KALLAKURICHI,SELF FINANCING COLLEGES TIER 3,ME,MECHANICAL ENGINEERING,152457,,,,,,,1,0,0,0,0,0,0
1405,"Dhanalakshmi College of  Engineering, Manimangalam, Chennai 601301",KANCHEEPURAM,SELF FINANCING COLLEGES TIER 3,AD,ARTIFICIAL INTELLIGENCE AND DATA SCIENCE,91970,148295,113032,128437,150785,,,0,1,0,1,1,0,0
1405,"Dhanalakshmi College of  Engineering, Manimangalam, Chennai 601301",KANCHEEPURAM,SELF FINANCING COLLEGES TIER 3,CS,COMPUTER SCIENCE AND ENGINEERING,72999,99575,97756,96542,153667,,,0,0,0,0,1,0,0
1405,"Dhanalakshmi College of  Engineering, Manimangalam, Chennai 601301",KANCHEEPURAM,SELF FINANCING COLLEGES TIER 3,EC,ELECTRONICS AND COMMUNICATION ENGINEERING,121366,151191,137918,147112,,,,0,1,1,1,0,0,0
1405,"Dhanalakshmi College of  Engineering, Manimangalam, Chennai 601301",KANCHEEPURAM,SELF FINANCING COLLEGES TIER 3,EE,ELECTRICAL AND ELECTRONICS ENGINEERING,155457,,,,,,,1,0,0,0,0,0,0
1405,"Dhanalakshmi College of  Engineering, Manimangalam, Chennai 601301",KANCHEEPURAM,SELF FINANCING COLLEGES TIER 3,ME,MECHANICAL ENGINEERING,140249,,,,,,,1,0,0,0,0,0,0
1405,"Dhanalakshmi College of  Engineering, Manimangalam, Chennai 601301",KANCHEEPURAM,SELF FINANCING COLLEGES TIER 3,SC,Computer Science and Engineering (Cyber Security),92238,151065,111705,107747,111556,,,0,1,0,1,1,0,0
1407,"G K M College of  Engineering and Technology, Alappakkam-Mappedu Road, Chennai 600063",CHENGALPET,SELF FINANCING COLLEGES TIER 3,BM,BIO MEDICAL ENGINEERING,132514,,,,,,,1,0,0,0,0,0,0
1407,"G K M College of  Engineering and Technology, Alappakkam-Mappedu Road, Chennai 600063",CHENGALPET,SELF FINANCING COLLEGES TIER 3,CE,CIVIL  ENGINEERING,,,,,,,,0,0,0,0,0,0,0
1407,"G K M College of  Engineering and Technology, Alappakkam-Mappedu Road, Chennai 600063",CHENGALPET,SELF FINANCING COLLEGES TIER 3,CS,COMPUTER SCIENCE AND ENGINEERING,138649,,,,,,,0,0,0,0,0,0,0
1407,"G K M College of  Engineering and Technology, Alappakkam-Mappedu Road, Chennai 600063",CHENGALPET,SELF FINANCING COLLEGES TIER 3,EC,ELECTRONICS AND COMMUNICATION ENGINEERING,147083,,,,,,,1,0,0,0,0,0,0
1407,"G K M College of  Engineering and Technology, Alappakkam-Mappedu Road, Chennai 600063",CHENGALPET,SELF FINANCING COLLEGES TIER 3,EE,ELECTRICAL AND ELECTRONICS ENGINEERING,,,,,,,,0,0,0,0,0,0,0
1407,"G K M College of  Engineering and Technology, Alappakkam-Mappedu Road, Chennai 600063",CHENGALPET,SELF FINANCING COLLEGES TIER 3,ME,MECHANICAL ENGINEERING,107992,,,,,,,1,0,0,0,0,0,0
1407,"G K M College of  Engineering and Technology, Alappakkam-Mappedu Road, Chennai 600063",CHENGALPET,SELF FINANCING COLLEGES TIER 3,MR,MARINE ENGINEERING,89729,,,,,,,1,0,0,0,0,0,0
1408,"I F E T College of Engineering  (Autonomous), Gangarampalayam, Villupuram District 605108",VILUPPURAM,SELF FINANCING COLLEGES TIER 3,AD,ARTIFICIAL INTELLIGENCE AND DATA SCIENCE,54852,92333,68752,82010,125007,,,0,0,0,0,0,0,0
1408,"I F E T College of Engineering  (Autonomous), Gangarampalayam, Villupuram District 605108",VILUPPURAM,SELF FINANCING COLLEGES TIER 3,AL,Artificial Intelligence and Machine Learning,77687,100287,78258,83669,125957,,,0,0,0,0,1,0,0
1408,"I F E T College of Engineering  (Autonomous), Gangarampalayam, Villupuram District 605108",VILUPPURAM,SELF FINANCING COLLEGES TIER 3,CE,CIVIL  ENGINEERING,155850,,,,,,,1,0,0,0,0,0,0
1408,"I F E T College of Engineering  (Autonomous), Gangarampalayam, Villupuram District 605108",VILUPPURAM,SELF FINANCING COLLEGES TIER 3,CS,COMPUTER SCIENCE AND ENGINEERING,44539,85655,61498,66824,126821,,,0,0,0,0,0,0,0
1408,"I F E T College of Engineering  (Autonomous), Gangarampalayam, Villupuram District 605108",VILUPPURAM,SELF FINANCING COLLEGES TIER 3,EC,ELECTRONICS AND COMMUNICATION ENGINEERING,59643,133879,73818,77208,147744,,,0,0,0,0,1,0,0
1408,"I F E T College of Engineering  (Autonomous), Gangarampalayam, Villupuram District 605108",VILUPPURAM,SELF FINANCING COLLEGES TIER 3,EE,ELECTRICAL AND ELECTRONICS ENGINEERING,102453,144202,126958,125257,,,,0,1,1,0,0,0,0
1408,"I F E T College of Engineering  (Autonomous), Gangarampalayam, Villupuram District 605108",VILUPPURAM,SELF FINANCING COLLEGES TIER 3,IT,INFORMATION TECHNOLOGY,50279,86801,66254,74211,122159,,,0,0,0,0,0,0,0
1408,"I F E T College of Engineering  (Autonomous), Gangarampalayam, Villupuram District 605108",VILUPPURAM,SELF FINANCING COLLEGES TIER 3,ME,MECHANICAL ENGINEERING,139245,148530,142463,151501,147736,,,0,1,1,1,1,0,0
1409,"Karpaga Vinayaga College of Engineering and Technology, Palayanoor Post, Maduranthagam Taluk, Chengalpattu District 603308",CHENGALPET,SELF FINANCING COLLEGES TIER 3,AD,ARTIFICIAL INTELLIGENCE AND DATA SCIENCE,67864,113799,109974,124870,154520,,,0,0,0,0,1,0,0
1409,"Karpaga Vinayaga College of Engineering and Technology, Palayanoor Post, Maduranthagam Taluk, Chengalpattu District 603308",CHENGALPET,SELF FINANCING COLLEGES TIER 3,AU,AUTOMOBILE ENGINEERING,,,,,,,,0,0,0,0,0,0,0
1409,"Karpaga Vinayaga College of Engineering and Technology, Palayanoor Post, Maduranthagam Taluk, Chengalpattu District 603308",CHENGALPET,SELF FINANCING COLLEGES TIER 3,BM,BIO MEDICAL ENGINEERING,89088,148658,,150366,130796,,,0,1,0,1,0,0,0
1409,"Karpaga Vinayaga College of Engineering and Technology, Palayanoor Post, Maduranthagam Taluk, Chengalpattu District 603308",CHENGALPET,SELF FINANCING COLLEGES TIER 3,BT,BIO TECHNOLOGY,95392,138778,119029,135639,143388,,,0,1,0,0,1,0,0
1409,"Karpaga Vinayaga College of Engineering and Technology, Palayanoor Post, Maduranthagam Taluk, Chengalpattu District 603308",CHENGALPET,SELF FINANCING COLLEGES TIER 3,CE,CIVIL  ENGINEERING,113379,,,,,,,1,0,0,0,0,0,0
1409,"Karpaga Vinayaga College of Engineering and Technology, Palayanoor Post, Maduranthagam Taluk, Chengalpattu District 603308",CHENGALPET,SELF FINANCING COLLEGES TIER 3,CS,COMPUTER SCIENCE AND ENGINEERING,65885,108358,93053,116828,128911,85976,,0,0,0,0,0,1,0
1409,"Karpaga Vinayaga College of Engineering and Technology, Palayanoor Post, Maduranthagam Taluk, Chengalpattu District 603308",CHENGALPET,SELF FINANCING COLLEGES TIER 3,EC,ELECTRONICS AND COMMUNICATION ENGINEERING,86226,108936,,108120,132315,,,0,0,0,0,0,0,0
1409,"Karpaga Vinayaga College of Engineering and Technology, Palayanoor Post, Maduranthagam Taluk, Chengalpattu District 603308",CHENGALPET,SELF FINANCING COLLEGES TIER 3,EE,ELECTRICAL AND ELECTRONICS ENGINEERING,121882,154873,,147731,139128,,,0,1,0,1,1,0,0
1409,"Karpaga Vinayaga College of Engineering and Technology, Palayanoor Post, Maduranthagam Taluk, Chengalpattu District 603308",CHENGALPET,SELF FINANCING COLLEGES TIER 3,ME,MECHANICAL ENGINEERING,154103,,,,,,,1,0,0,0,0,0,0
1409,"Karpaga Vinayaga College of Engineering and Technology, Palayanoor Post, Maduranthagam Taluk, Chengalpattu District 603308",CHENGALPET,SELF FINANCING COLLEGES TIER 3,RM,ROBOTICS AND AUTOMATION,133280,,,149240,,,,0,0,0,1,0,0,0
1411,"Madha Engineering College, Kundrathur, Chennai 600069",KANCHEEPURAM,SELF FINANCING COLLEGES TIER 3,AE,AERONAUTICAL ENGINEERING,81680,144828,131894,,135533,,,0,1,0,0,0,0,0
1411,"Madha Engineering College, Kundrathur, Chennai 600069",KANCHEEPURAM,SELF FINANCING COLLEGES TIER 3,BM,BIO MEDICAL ENGINEERING,81549,137860,,133664,,,,0,0,0,0,0,0,0
1411,"Madha Engineering College, Kundrathur, Chennai 600069",KANCHEEPURAM,SELF FINANCING COLLEGES TIER 3,BT,BIO TECHNOLOGY,88118,112647,,100581,142761,,,0,1,0,1,0,0,0
1411,"Madha Engineering College, Kundrathur, Chennai 600069",KANCHEEPURAM,SELF FINANCING COLLEGES TIER 3,CB,COMPUTER SCIENCE AND BUSSINESS SYSTEM,121248,151427,,156222,,,,0,1,0,1,0,0,0
1411,"Madha Engineering College, Kundrathur, Chennai 600069",KANCHEEPURAM,SELF FINANCING COLLEGES TIER 3,CE,CIVIL  ENGINEERING,154312,,,,,,,1,0,0,0,0,0,0
1411,"Madha Engineering College, Kundrathur, Chennai 600069",KANCHEEPURAM,SELF FINANCING COLLEGES TIER 3,CS,COMPUTER SCIENCE AND ENGINEERING,82433,113639,,138232,156110,129999,,0,0,0,1,1,0,0
1411,"Madha Engineering College, Kundrathur, Chennai 600069",KANCHEEPURAM,SELF FINANCING COLLEGES TIER 3,EC,ELECTRONICS AND COMMUNICATION ENGINEERING,134739,155073,,154706,145092,,,0,1,0,1,1,0,0
1411,"Madha Engineering College, Kundrathur, Chennai 600069",KANCHEEPURAM,SELF FINANCING COLLEGES TIER 3,EE,ELECTRICAL AND ELECTRONICS ENGINEERING,131063,,,,,,,1,0,0,0,0,0,0
1411,"Madha Engineering College, Kundrathur, Chennai 600069",KANCHEEPURAM,SELF FINANCING COLLEGES TIER 3,IT,INFORMATION TECHNOLOGY,74820,92802,,112007,126378,,,0,0,0,0,0,0,0
1411,"Madha Engineering College, Kundrathur, Chennai 600069",KANCHEEPURAM,SELF FINANCING COLLEGES TIER 3,ME,MECHANICAL ENGINEERING,147871,,,152254,,,,0,0,0,1,0,0,0
1412,"Mailam Engineering College, Mailam, Villupuram District 604304",VILUPPURAM,SELF FINANCING COLLEGES TIER 3,AD,ARTIFICIAL INTELLIGENCE AND DATA SCIENCE,43856,111446,74596,89687,120298,,,0,0,0,0,0,0,0
1412,"Mailam Engineering College, Mailam, Villupuram District 604304",VILUPPURAM,SELF FINANCING COLLEGES TIER 3,CB,COMPUTER SCIENCE AND BUSSINESS SYSTEM,91671,134807,100413,108952,155582,151893,,0,0,0,0,0,0,0
1412,"Mailam Engineering College, Mailam, Villupuram District 604304",VILUPPURAM,SELF FINANCING COLLEGES TIER 3,CE,CIVIL  ENGINEERING,153369,,,,,,,1,0,0,0,0,0,0
1412,"Mailam Engineering College, Mailam, Villupuram District 604304",VILUPPURAM,SELF FINANCING COLLEGES TIER 3,CS,COMPUTER SCIENCE AND ENGINEERING,46927,125232,92690,78046,108651,,,0,0,0,0,0,0,0
1412,"Mailam Engineering College, Mailam, Villupuram District 604304",VILUPPURAM,SELF FINANCING COLLEGES TIER 3,EC,ELECTRONICS AND COMMUNICATION ENGINEERING,94575,151440,123713,114629,150585,,,0,1,0,0,0,0,0
1412,"Mailam Engineering College, Mailam, Villupuram District 604304",VILUPPURAM,SELF FINANCING COLLEGES TIER 3,EE,ELECTRICAL AND ELECTRONICS ENGINEERING,110703,154784,129495,121456,155064,,,0,1,0,0,1,0,0
1412,"Mailam Engineering College, Mailam, Villupuram District 604304",VILUPPURAM,SELF FINANCING COLLEGES TIER 3,IT,INFORMATION TECHNOLOGY,52271,119710,64824,90855,102257,,,0,0,0,0,0,0,0
1412,"Mailam Engineering College, Mailam, Villupuram District 604304",VILUPPURAM,SELF FINANCING COLLEGES TIER 3,ME,MECHANICAL ENGINEERING,151508,,152366,154072,151611,,,0,0,1,1,1,0,0
1413,"Sri Venkateswaraa College of Technology, Sirukulathur, Vadakkal Village, Pondur Post, Sriperumbudur Taluk, Kancheepuram District 602105",KANCHEEPURAM,SELF FINANCING COLLEGES TIER 3,AD,ARTIFICIAL INTELLIGENCE AND DATA SCIENCE,84187,129360,,92571,151935,,,0,0,0,1,1,0,0
1413,"Sri Venkateswaraa College of Technology, Sirukulathur, Vadakkal Village, Pondur Post, Sriperumbudur Taluk, Kancheepuram District 602105",KANCHEEPURAM,SELF FINANCING COLLEGES TIER 3,CS,COMPUTER SCIENCE AND ENGINEERING,39366,62952,89186,91045,151086,,,0,0,0,0,1,0,0
1413,"Sri Venkateswaraa College of Technology, Sirukulathur, Vadakkal Village, Pondur Post, Sriperumbudur Taluk, Kancheepuram District 602105",KANCHEEPURAM,SELF FINANCING COLLEGES TIER 3,EC,ELECTRONICS AND COMMUNICATION ENGINEERING,53103,118385,60620,129527,144746,,,0,1,1,1,1,0,0
1413,"Sri Venkateswaraa College of Technology, Sirukulathur, Vadakkal Village, Pondur Post, Sriperumbudur Taluk, Kancheepuram District 602105",KANCHEEPURAM,SELF FINANCING COLLEGES TIER 3,EE,ELECTRICAL AND ELECTRONICS ENGINEERING,63382,119400,,,64934,,,0,1,0,0,1,0,0
1413,"Sri Venkateswaraa College of Technology, Sirukulathur, Vadakkal Village, Pondur Post, Sriperumbudur Taluk, Kancheepuram District 602105",KANCHEEPURAM,SELF FINANCING COLLEGES TIER 3,ME,MECHANICAL ENGINEERING,126358,151234,,,,,,0,1,0,0,0,0,0
1413,"Sri Venkateswaraa College of Technology, Sirukulathur, Vadakkal Village, Pondur Post, Sriperumbudur Taluk, Kancheepuram District 602105",KANCHEEPURAM,SELF FINANCING COLLEGES TIER 3,SC,Computer Science and Engineering (Cyber Security),64783,133560,,150654,100070,,,0,0,0,0,1,0,0
1414,"Prince Shri Venkateshwara  Padmavathy Engineering College, Ponmar, Chennai 600048",KANCHEEPURAM,SELF FINANCING COLLEGES TIER 3,CE,CIVIL  ENGINEERING,117581,122426,,,,,,0,0,0,0,0,0,0
1414,"Prince Shri Venkateshwara  Padmavathy Engineering College, Ponmar, Chennai 600048",KANCHEEPURAM,SELF FINANCING COLLEGES TIER 3,CS,COMPUTER SCIENCE AND ENGINEERING,20155,59266,36658,55423,97581,,,0,0,0,0,0,0,0
1414,"Prince Shri Venkateshwara  Padmavathy Engineering College, Ponmar, Chennai 600048",KANCHEEPURAM,SELF FINANCING COLLEGES TIER 3,EC,ELECTRONICS AND COMMUNICATION ENGINEERING,60582,86893,,97571,137736,,,0,0,0,0,1,0,0
1414,"Prince Shri Venkateshwara  Padmavathy Engineering College, Ponmar, Chennai 600048",KANCHEEPURAM,SELF FINANCING COLLEGES TIER 3,EE,ELECTRICAL AND ELECTRONICS ENGINEERING,98443,123987,,128675,,,,0,0,0,1,0,0,0
1414,"Prince Shri Venkateshwara  Padmavathy Engineering College, Ponmar, Chennai 600048",KANCHEEPURAM,SELF FINANCING COLLEGES TIER 3,IT,INFORMATION TECHNOLOGY,27864,46380,96200,55475,120984,,,0,0,0,0,0,0,0
1414,"Prince Shri Venkateshwara  Padmavathy Engineering College, Ponmar, Chennai 600048",KANCHEEPURAM,SELF FINANCING COLLEGES TIER 3,ME,MECHANICAL ENGINEERING,88804,115399,,147039,124885,,,0,0,0,1,1,0,0
1415,"T S M Jain College of Technology, Melur Village, Kallakurichi District 606201",KALLAKURICHI,SELF FINANCING COLLEGES TIER 3,CE,CIVIL  ENGINEERING,,,,,,,,0,0,0,0,0,0,0
1415,"T S M Jain College of Technology, Melur Village, Kallakurichi District 606201",KALLAKURICHI,SELF FINANCING COLLEGES TIER 3,CS,COMPUTER SCIENCE AND ENGINEERING,,,,,,,,0,0,0,0,0,0,0
1415,"T S M Jain College of Technology, Melur Village, Kallakurichi District 606201",KALLAKURICHI,SELF FINANCING COLLEGES TIER 3,EC,ELECTRONICS AND COMMUNICATION ENGINEERING,,,,,,,,0,0,0,0,0,0,0
1415,"T S M Jain College of Technology, Melur Village, Kallakurichi District 606201",KALLAKURICHI,SELF FINANCING COLLEGES TIER 3,EE,ELECTRICAL AND ELECTRONICS ENGINEERING,,,,,,,,0,0,0,0,0,0,0
1415,"T S M Jain College of Technology, Melur Village, Kallakurichi District 606201",KALLAKURICHI,SELF FINANCING COLLEGES TIER 3,ME,MECHANICAL ENGINEERING,,,,,,,,0,0,0,0,0,0,0
1416,"Jaya Sakthi Engineering College, Thirunindravur, Chennai 602024",THIRUVALLUR,SELF FINANCING COLLEGES TIER 3,AD,ARTIFICIAL INTELLIGENCE AND DATA SCIENCE,155742,,,,,,,1,0,0,0,0,0,0
1416,"Jaya Sakthi Engineering College, Thirunindravur, Chennai 602024",THIRUVALLUR,SELF FINANCING COLLEGES TIER 3,BM,BIO MEDICAL ENGINEERING,135813,,,,,,,1,0,0,0,0,0,0
1416,"Jaya Sakthi Engineering College, Thirunindravur, Chennai 602024",THIRUVALLUR,SELF FINANCING COLLEGES TIER 3,CS,COMPUTER SCIENCE AND ENGINEERING,126652,151289,,149807,144581,,,0,1,0,1,1,0,0
1416,"Jaya Sakthi Engineering College, Thirunindravur, Chennai 602024",THIRUVALLUR,SELF FINANCING COLLEGES TIER 3,ME,MECHANICAL ENGINEERING,116638,,,,,,,1,0,0,0,0,0,0
1416,"Jaya Sakthi Engineering College, Thirunindravur, Chennai 602024",THIRUVALLUR,SELF FINANCING COLLEGES TIER 3,PH,PHARMACEUTICAL TECHNOLOGY,145655,,,,,,,1,0,0,0,0,0,0
1419,"Sri Sai Ram Enginering College (Autonomous), West Tambaram, Chennai 600044",CHENGALPET,SELF FINANCING COLLEGES TIER 1,AD,ARTIFICIAL INTELLIGENCE AND DATA SCIENCE,16808,22899,26751,32036,88288,106169,145401,0,0,0,0,0,1,0
1419,"Sri Sai Ram Enginering College (Autonomous), West Tambaram, Chennai 600044",CHENGALPET,SELF FINANCING COLLEGES TIER 1,AM,COMPUTER SCIENCE AND ENGINEERING (ARTIFICIAL INTELLIGENCE AND MACHINE LEARNING),13918,21956,28150,25259,85343,144920,,0,0,0,0,0,0,0
1419,"Sri Sai Ram Enginering College (Autonomous), West Tambaram, Chennai 600044",CHENGALPET,SELF FINANCING COLLEGES TIER 1,CB,COMPUTER SCIENCE AND BUSSINESS SYSTEM,19068,26986,45327,32208,96490,120701,,0,0,0,0,0,1,0
1419,"Sri Sai Ram Enginering College (Autonomous), West Tambaram, Chennai 600044",CHENGALPET,SELF FINANCING COLLEGES TIER 1,CE,CIVIL  ENGINEERING,74690,115839,107222,109351,149883,,,0,0,1,0,1,0,0
1419,"Sri Sai Ram Enginering College (Autonomous), West Tambaram, Chennai 600044",CHENGALPET,SELF FINANCING COLLEGES TIER 1,CI,Computer Science and Engineering (Internet of Things),20830,27744,22521,34884,81030,,,0,0,0,0,0,0,0
1419,"Sri Sai Ram Enginering College (Autonomous), West Tambaram, Chennai 600044",CHENGALPET,SELF FINANCING COLLEGES TIER 1,CJ,M.Tech. Computer Science and Engineering (Integrated 5 years),20470,28188,35466,42758,69564,,,0,0,0,0,0,0,0
1419,"Sri Sai Ram Enginering College (Autonomous), West Tambaram, Chennai 600044",CHENGALPET,SELF FINANCING COLLEGES TIER 1,CS,COMPUTER SCIENCE AND ENGINEERING,7944,12360,14922,17911,48158,47248,121072,0,0,0,0,0,1,1
1419,"Sri Sai Ram Enginering College (Autonomous), West Tambaram, Chennai 600044",CHENGALPET,SELF FINANCING COLLEGES TIER 1,EC,ELECTRONICS AND COMMUNICATION ENGINEERING,17312,25919,30980,37619,77291,,112871,0,0,0,0,0,0,0
1419,"Sri Sai Ram Enginering College (Autonomous), West Tambaram, Chennai 600044",CHENGALPET,SELF FINANCING COLLEGES TIER 1,EE,ELECTRICAL AND ELECTRONICS ENGINEERING,27756,37779,54813,47460,113951,,,0,0,0,0,0,0,0
1419,"Sri Sai Ram Enginering College (Autonomous), West Tambaram, Chennai 600044",CHENGALPET,SELF FINANCING COLLEGES TIER 1,EI,ELECTRONICS AND INSTRUMENTATION ENGINEERING,40123,51073,76149,55686,127696,,,0,0,0,0,0,0,0
1419,"Sri Sai Ram Enginering College (Autonomous), West Tambaram, Chennai 600044",CHENGALPET,SELF FINANCING COLLEGES TIER 1,IC,INSTRUMENTATION AND CONTROL ENGINEERING,35368,54416,65022,64261,107398,,,0,0,0,0,0,0,0
1419,"Sri Sai Ram Enginering College (Autonomous), West Tambaram, Chennai 600044",CHENGALPET,SELF FINANCING COLLEGES TIER 1,IT,INFORMATION TECHNOLOGY,13219,16924,24414,27544,62813,148813,124098,0,0,0,0,0,1,0
1419,"Sri Sai Ram Enginering College (Autonomous), West Tambaram, Chennai 600044",CHENGALPET,SELF FINANCING COLLEGES TIER 1,ME,MECHANICAL ENGINEERING,50937,79089,110459,80982,114854,,,0,0,0,0,0,0,0
1419,"Sri Sai Ram Enginering College (Autonomous), West Tambaram, Chennai 600044",CHENGALPET,SELF FINANCING COLLEGES TIER 1,MU,MECHANICAL AND AUTOMATION ENGINEERING,54796,76230,123738,81605,121832,,,0,0,0,0,1,0,0
1420,"Tagore Engineering College, Rathnamangalam, Vandalur Post, Chennai 600048",CHENGALPET,SELF FINANCING COLLEGES TIER 3,AD,ARTIFICIAL INTELLIGENCE AND DATA SCIENCE,84180,119419,91901,132966,129590,,,0,0,0,0,1,0,0
1420,"Tagore Engineering College, Rathnamangalam, Vandalur Post, Chennai 600048",CHENGALPET,SELF FINANCING COLLEGES TIER 3,AE,AERONAUTICAL ENGINEERING,122287,,,,,,,1,0,0,0,0,0,0
1420,"Tagore Engineering College, Rathnamangalam, Vandalur Post, Chennai 600048",CHENGALPET,SELF FINANCING COLLEGES TIER 3,CS,COMPUTER SCIENCE AND ENGINEERING,57046,106945,106755,82319,125086,,,0,0,0,0,0,0,0
1420,"Tagore Engineering College, Rathnamangalam, Vandalur Post, Chennai 600048",CHENGALPET,SELF FINANCING COLLEGES TIER 3,EC,ELECTRONICS AND COMMUNICATION ENGINEERING,85588,136825,111826,135738,146182,,,0,0,0,0,1,0,0
1420,"Tagore Engineering College, Rathnamangalam, Vandalur Post, Chennai 600048",CHENGALPET,SELF FINANCING COLLEGES TIER 3,IT,INFORMATION TECHNOLOGY,73173,113016,74316,92900,129551,,,0,0,0,0,0,0,0
1420,"Tagore Engineering College, Rathnamangalam, Vandalur Post, Chennai 600048",CHENGALPET,SELF FINANCING COLLEGES TIER 3,ME,MECHANICAL ENGINEERING,154389,,,154992,,,,0,0,0,1,0,0,0
1421,"V R S College of Engineering and Technology, Arasur, Villupuram District 607107",VILUPPURAM,SELF FINANCING COLLEGES TIER 3,CE,CIVIL  ENGINEERING,155665,,,,,,,1,0,0,0,0,0,0
1421,"V R S College of Engineering and Technology, Arasur, Villupuram District 607107",VILUPPURAM,SELF FINANCING COLLEGES TIER 3,CS,COMPUTER SCIENCE AND ENGINEERING,66237,131085,68811,93746,100519,,,0,0,0,0,0,0,0
1421,"V R S College of Engineering and Technology, Arasur, Villupuram District 607107",VILUPPURAM,SELF FINANCING COLLEGES TIER 3,EC,ELECTRONICS AND COMMUNICATION ENGINEERING,103907,142864,126369,121688,119666,,,0,1,0,0,0,0,0
1421,"V R S College of Engineering and Technology, Arasur, Villupuram District 607107",VILUPPURAM,SELF FINANCING COLLEGES TIER 3,EE,ELECTRICAL AND ELECTRONICS ENGINEERING,131965,147506,136114,154006,140148,,,0,1,0,0,0,0,0
1421,"V R S College of Engineering and Technology, Arasur, Villupuram District 607107",VILUPPURAM,SELF FINANCING COLLEGES TIER 3,ME,MECHANICAL ENGINEERING,149778,156268,,155746,156139,,,0,1,0,1,1,0,0
1422,"SRM Valliammai Engineering College (Autonomous), Kattankulathur, Chennai 603203",CHENGALPET,SELF FINANCING COLLEGES TIER 1,AD,ARTIFICIAL INTELLIGENCE AND DATA SCIENCE,13196,24400,28908,36931,71848,,,0,0,0,0,0,0,0
1422,"SRM Valliammai Engineering College (Autonomous), Kattankulathur, Chennai 603203",CHENGALPET,SELF FINANCING COLLEGES TIER 1,AG,AGRICULTURAL ENGINEERING,81458,151482,,124879,131409,,,0,0,0,1,0,0,0
1422,"SRM Valliammai Engineering College (Autonomous), Kattankulathur, Chennai 603203",CHENGALPET,SELF FINANCING COLLEGES TIER 1,CE,CIVIL  ENGINEERING,110186,156248,,141385,125534,124451,,0,0,0,1,1,0,0
1422,"SRM Valliammai Engineering College (Autonomous), Kattankulathur, Chennai 603203",CHENGALPET,SELF FINANCING COLLEGES TIER 1,CS,COMPUTER SCIENCE AND ENGINEERING,15051,24530,45272,30103,59981,107332,88045,0,0,0,0,0,0,0
1422,"SRM Valliammai Engineering College (Autonomous), Kattankulathur, Chennai 603203",CHENGALPET,SELF FINANCING COLLEGES TIER 1,CY,Cyber Security,21927,29632,,35120,71863,77307,,0,0,0,0,0,0,0
1422,"SRM Valliammai Engineering College (Autonomous), Kattankulathur, Chennai 603203",CHENGALPET,SELF FINANCING COLLEGES TIER 1,EC,ELECTRONICS AND COMMUNICATION ENGINEERING,27786,38987,44246,51461,91602,128975,,0,0,0,0,0,1,0
1422,"SRM Valliammai Engineering College (Autonomous), Kattankulathur, Chennai 603203",CHENGALPET,SELF FINANCING COLLEGES TIER 1,EE,ELECTRICAL AND ELECTRONICS ENGINEERING,45437,57629,66028,62005,103299,59096,,0,0,0,0,0,0,0
1422,"SRM Valliammai Engineering College (Autonomous), Kattankulathur, Chennai 603203",CHENGALPET,SELF FINANCING COLLEGES TIER 1,EI,ELECTRONICS AND INSTRUMENTATION ENGINEERING,50940,69943,78257,84369,150079,58126,,0,0,0,0,0,0,0
1422,"SRM Valliammai Engineering College (Autonomous), Kattankulathur, Chennai 603203",CHENGALPET,SELF FINANCING COLLEGES TIER 1,IT,INFORMATION TECHNOLOGY,19110,26693,32318,36717,66848,116524,,0,0,0,0,0,0,0
1422,"SRM Valliammai Engineering College (Autonomous), Kattankulathur, Chennai 603203",CHENGALPET,SELF FINANCING COLLEGES TIER 1,MD,MEDICAL ELECTRONICS ENGINEERING,67096,88984,93536,140354,127674,,,0,0,0,0,0,0,0
1422,"SRM Valliammai Engineering College (Autonomous), Kattankulathur, Chennai 603203",CHENGALPET,SELF FINANCING COLLEGES TIER 1,ME,MECHANICAL ENGINEERING,74013,112782,84326,138426,140208,,,0,0,0,0,1,0,0
1423,"Asan Memorial College of Engineering and Technology,Chengalpattu-603 001.",CHENGALPET,SELF FINANCING COLLEGES TIER 3,CE,CIVIL  ENGINEERING,,,,,,,,0,0,0,0,0,0,0
1423,"Asan Memorial College of Engineering and Technology,Chengalpattu-603 001.",CHENGALPET,SELF FINANCING COLLEGES TIER 3,CS,COMPUTER SCIENCE AND ENGINEERING,144754,,,,,,,1,0,0,0,0,0,0
1423,"Asan Memorial College of Engineering and Technology,Chengalpattu-603 001.",CHENGALPET,SELF FINANCING COLLEGES TIER 3,EC,ELECTRONICS AND COMMUNICATION ENGINEERING,63608,,,,,,,1,0,0,0,0,0,0
1423,"Asan Memorial College of Engineering and Technology,Chengalpattu-603 001.",CHENGALPET,SELF FINANCING COLLEGES TIER 3,ME,MECHANICAL ENGINEERING,,,,,,,,0,0,0,0,0,0,0
1424,"Dhaanish Ahmed College of Engineering, Padappai, Chennai 601301",KANCHEEPURAM,SELF FINANCING COLLEGES TIER 3,AD,ARTIFICIAL INTELLIGENCE AND DATA SCIENCE,86313,140025,112219,155542,149625,132722,,0,1,0,1,1,0,0
1424,"Dhaanish Ahmed College of Engineering, Padappai, Chennai 601301",KANCHEEPURAM,SELF FINANCING COLLEGES TIER 3,CB,COMPUTER SCIENCE AND BUSSINESS SYSTEM,104819,144245,,,,,,0,1,0,0,0,0,0
1424,"Dhaanish Ahmed College of Engineering, Padappai, Chennai 601301",KANCHEEPURAM,SELF FINANCING COLLEGES TIER 3,CS,COMPUTER SCIENCE AND ENGINEERING,82135,148023,97633,140646,154836,,,0,1,0,1,1,0,0
1424,"Dhaanish Ahmed College of Engineering, Padappai, Chennai 601301",KANCHEEPURAM,SELF FINANCING COLLEGES TIER 3,EC,ELECTRONICS AND COMMUNICATION ENGINEERING,94956,143058,101026,151259,135256,146068,,0,1,0,1,1,0,0
1424,"Dhaanish Ahmed College of Engineering, Padappai, Chennai 601301",KANCHEEPURAM,SELF FINANCING COLLEGES TIER 3,EE,ELECTRICAL AND ELECTRONICS ENGINEERING,154239,,,,,,,1,0,0,0,0,0,0
1424,"Dhaanish Ahmed College of Engineering, Padappai, Chennai 601301",KANCHEEPURAM,SELF FINANCING COLLEGES TIER 3,ME,MECHANICAL ENGINEERING,151002,,,,,,,1,0,0,0,0,0,0
1424,"Dhaanish Ahmed College of Engineering, Padappai, Chennai 601301",KANCHEEPURAM,SELF FINANCING COLLEGES TIER 3,PE,PETROLEUM ENGINEERING,151989,,,,,,,1,0,0,0,0,0,0
1424,"Dhaanish Ahmed College of Engineering, Padappai, Chennai 601301",KANCHEEPURAM,SELF FINANCING COLLEGES TIER 3,RM,ROBOTICS AND AUTOMATION,125986,,,134036,148547,,,0,0,0,1,1,0,0
1426,"Sri Ramanujar Engineering College, Vandalur, Kolappakkam, Chennai 600127",CHENGALPET,SELF FINANCING COLLEGES TIER 3,CS,COMPUTER SCIENCE AND ENGINEERING,104100,150520,140427,121939,149598,,,0,1,1,1,1,0,0
1426,"Sri Ramanujar Engineering College, Vandalur, Kolappakkam, Chennai 600127",CHENGALPET,SELF FINANCING COLLEGES TIER 3,EC,ELECTRONICS AND COMMUNICATION ENGINEERING,148268,155004,,151303,,,,0,1,0,1,0,0,0
1426,"Sri Ramanujar Engineering College, Vandalur, Kolappakkam, Chennai 600127",CHENGALPET,SELF FINANCING COLLEGES TIER 3,EE,ELECTRICAL AND ELECTRONICS ENGINEERING,144352,,,,,,,1,0,0,0,0,0,0
1426,"Sri Ramanujar Engineering College, Vandalur, Kolappakkam, Chennai 600127",CHENGALPET,SELF FINANCING COLLEGES TIER 3,IT,INFORMATION TECHNOLOGY,93175,131442,151879,126515,150773,,,0,1,0,1,0,0,0
1426,"Sri Ramanujar Engineering College, Vandalur, Kolappakkam, Chennai 600127",CHENGALPET,SELF FINANCING COLLEGES TIER 3,ME,MECHANICAL ENGINEERING,150574,,,,,,,1,0,0,0,0,0,0
1427,"Sri Krishna Engineering College, Panappakkam, Padappai, Chennai 601301",KANCHEEPURAM,SELF FINANCING COLLEGES TIER 3,CS,COMPUTER SCIENCE AND ENGINEERING,150064,,,,,,,1,0,0,0,0,0,0
1427,"Sri Krishna Engineering College, Panappakkam, Padappai, Chennai 601301",KANCHEEPURAM,SELF FINANCING COLLEGES TIER 3,EC,ELECTRONICS AND COMMUNICATION ENGINEERING,148231,,,,,,,1,0,0,0,0,0,0
1427,"Sri Krishna Engineering College, Panappakkam, Padappai, Chennai 601301",KANCHEEPURAM,SELF FINANCING COLLEGES TIER 3,EE,ELECTRICAL AND ELECTRONICS ENGINEERING,,,,,,,,0,0,0,0,0,0,0
1427,"Sri Krishna Engineering College, Panappakkam, Padappai, Chennai 601301",KANCHEEPURAM,SELF FINANCING COLLEGES TIER 3,FT,FASHION TECHNOLOGY,90634,,,,,,,1,0,0,0,0,0,0
1427,"Sri Krishna Engineering College, Panappakkam, Padappai, Chennai 601301",KANCHEEPURAM,SELF FINANCING COLLEGES TIER 3,IT,INFORMATION TECHNOLOGY,119917,,,,,,,1,0,0,0,0,0,0
1428,"Quannta School of Software Engineering (formerly E S Engineering College), Chennai Trunk Road, Ayyankoilpattu, Villupuram-605602",VILUPPURAM,SELF FINANCING COLLEGES TIER 3,CS,COMPUTER SCIENCE AND ENGINEERING,155923,,,,,,,1,0,0,0,0,0,0
1428,"Quannta School of Software Engineering (formerly E S Engineering College), Chennai Trunk Road, Ayyankoilpattu, Villupuram-605602",VILUPPURAM,SELF FINANCING COLLEGES TIER 3,EC,ELECTRONICS AND COMMUNICATION ENGINEERING,,,,,,,,0,0,0,0,0,0,0
1430,"Maha Bharathi Engineering College, A Vasudevanur, Chinnasalem, Kallakurichi  District 606201",KALLAKURICHI,SELF FINANCING COLLEGES TIER 3,CE,CIVIL  ENGINEERING,154155,,,,,,,1,0,0,0,0,0,0
1430,"Maha Bharathi Engineering College, A Vasudevanur, Chinnasalem, Kallakurichi  District 606201",KALLAKURICHI,SELF FINANCING COLLEGES TIER 3,CS,COMPUTER SCIENCE AND ENGINEERING,123344,148504,,152142,140987,,,0,1,0,1,1,0,0
1430,"Maha Bharathi Engineering College, A Vasudevanur, Chinnasalem, Kallakurichi  District 606201",KALLAKURICHI,SELF FINANCING COLLEGES TIER 3,EC,ELECTRONICS AND COMMUNICATION ENGINEERING,127595,155924,,155787,137176,140394,,0,1,0,1,1,0,0
1430,"Maha Bharathi Engineering College, A Vasudevanur, Chinnasalem, Kallakurichi  District 606201",KALLAKURICHI,SELF FINANCING COLLEGES TIER 3,EE,ELECTRICAL AND ELECTRONICS ENGINEERING,147070,150979,,155766,149617,,,0,1,0,1,1,0,0
1430,"Maha Bharathi Engineering College, A Vasudevanur, Chinnasalem, Kallakurichi  District 606201",KALLAKURICHI,SELF FINANCING COLLEGES TIER 3,ME,MECHANICAL ENGINEERING,149995,,,,155834,,,0,0,0,0,1,0,0
1431,"New Prince Shri Bhavani College of Engineering and Technology, Vengaivasal Main Road, Gowrivakkam, Chennai 600073",CHENGALPET,SELF FINANCING COLLEGES TIER 3,CE,CIVIL  ENGINEERING,,,,,,,,0,0,0,0,0,0,0
1431,"New Prince Shri Bhavani College of Engineering and Technology, Vengaivasal Main Road, Gowrivakkam, Chennai 600073",CHENGALPET,SELF FINANCING COLLEGES TIER 3,CS,COMPUTER SCIENCE AND ENGINEERING,74554,104898,,134981,117449,,,0,0,0,0,0,0,0
1431,"New Prince Shri Bhavani College of Engineering and Technology, Vengaivasal Main Road, Gowrivakkam, Chennai 600073",CHENGALPET,SELF FINANCING COLLEGES TIER 3,EC,ELECTRONICS AND COMMUNICATION ENGINEERING,110654,144215,144596,145261,135699,139274,,0,0,0,0,0,0,0
1431,"New Prince Shri Bhavani College of Engineering and Technology, Vengaivasal Main Road, Gowrivakkam, Chennai 600073",CHENGALPET,SELF FINANCING COLLEGES TIER 3,EE,ELECTRICAL AND ELECTRONICS ENGINEERING,142259,154869,,149559,145404,,,0,1,0,0,0,0,0
1431,"New Prince Shri Bhavani College of Engineering and Technology, Vengaivasal Main Road, Gowrivakkam, Chennai 600073",CHENGALPET,SELF FINANCING COLLEGES TIER 3,IT,INFORMATION TECHNOLOGY,82273,104262,98330,144164,96378,,,0,0,0,0,0,0,0
1431,"New Prince Shri Bhavani College of Engineering and Technology, Vengaivasal Main Road, Gowrivakkam, Chennai 600073",CHENGALPET,SELF FINANCING COLLEGES TIER 3,ME,MECHANICAL ENGINEERING,155175,,,,,,,1,0,0,0,0,0,0
1432,"Rajalakshmi Institute of Technology, Irulapalayam, Kuthampakkam Post, Kancheepuram District, Chennai 600124",KANCHEEPURAM,SELF FINANCING COLLEGES TIER 3,AD,ARTIFICIAL INTELLIGENCE AND DATA SCIENCE,13748,20297,43126,33014,102306,,,0,0,0,0,0,0,0
1432,"Rajalakshmi Institute of Technology, Irulapalayam, Kuthampakkam Post, Kancheepuram District, Chennai 600124",KANCHEEPURAM,SELF FINANCING COLLEGES TIER 3,AM,COMPUTER SCIENCE AND ENGINEERING (ARTIFICIAL INTELLIGENCE AND MACHINE LEARNING),13439,21910,16128,33410,82399,,,0,0,0,0,0,0,0
1432,"Rajalakshmi Institute of Technology, Irulapalayam, Kuthampakkam Post, Kancheepuram District, Chennai 600124",KANCHEEPURAM,SELF FINANCING COLLEGES TIER 3,CB,COMPUTER SCIENCE AND BUSSINESS SYSTEM,16655,25239,26229,40103,97924,,,0,0,0,0,0,0,0
1432,"Rajalakshmi Institute of Technology, Irulapalayam, Kuthampakkam Post, Kancheepuram District, Chennai 600124",KANCHEEPURAM,SELF FINANCING COLLEGES TIER 3,CO,COMPUTER AND  COMMUNICATION ENGINEERING,14074,24638,18983,33398,103854,,,0,0,0,0,0,0,0
1432,"Rajalakshmi Institute of Technology, Irulapalayam, Kuthampakkam Post, Kancheepuram District, Chennai 600124",KANCHEEPURAM,SELF FINANCING COLLEGES TIER 3,CS,COMPUTER SCIENCE AND ENGINEERING,8979,18073,16048,20730,86196,111451,,0,0,0,0,0,1,0
1432,"Rajalakshmi Institute of Technology, Irulapalayam, Kuthampakkam Post, Kancheepuram District, Chennai 600124",KANCHEEPURAM,SELF FINANCING COLLEGES TIER 3,EC,ELECTRONICS AND COMMUNICATION ENGINEERING,12960,21377,15760,35420,100116,15886,,0,0,0,0,0,1,0
1432,"Rajalakshmi Institute of Technology, Irulapalayam, Kuthampakkam Post, Kancheepuram District, Chennai 600124",KANCHEEPURAM,SELF FINANCING COLLEGES TIER 3,ME,MECHANICAL ENGINEERING,36835,50708,55986,75160,126248,116074,,0,0,0,0,1,0,0
1434,"Surya Group of Institutions, GST Road, Vikravandi Village, Villupuram District 605652",VILUPPURAM,SELF FINANCING COLLEGES TIER 3,AD,ARTIFICIAL INTELLIGENCE AND DATA SCIENCE,134481,148800,,138943,152653,134828,,0,1,0,1,1,0,0
1434,"Surya Group of Institutions, GST Road, Vikravandi Village, Villupuram District 605652",VILUPPURAM,SELF FINANCING COLLEGES TIER 3,AE,AERONAUTICAL ENGINEERING,88200,,,,,,,1,0,0,0,0,0,0
1434,"Surya Group of Institutions, GST Road, Vikravandi Village, Villupuram District 605652",VILUPPURAM,SELF FINANCING COLLEGES TIER 3,AU,AUTOMOBILE ENGINEERING,139793,,,,,,,1,0,0,0,0,0,0
1434,"Surya Group of Institutions, GST Road, Vikravandi Village, Villupuram District 605652",VILUPPURAM,SELF FINANCING COLLEGES TIER 3,CE,CIVIL  ENGINEERING,,,,,,,,0,0,0,0,0,0,0
1434,"Surya Group of Institutions, GST Road, Vikravandi Village, Villupuram District 605652",VILUPPURAM,SELF FINANCING COLLEGES TIER 3,CS,COMPUTER SCIENCE AND ENGINEERING,92226,137645,131926,139201,132174,,,0,1,0,0,1,0,0
1434,"Surya Group of Institutions, GST Road, Vikravandi Village, Villupuram District 605652",VILUPPURAM,SELF FINANCING COLLEGES TIER 3,EC,ELECTRONICS AND COMMUNICATION ENGINEERING,145502,155524,,153838,,,,0,1,0,1,0,0,0
1434,"Surya Group of Institutions, GST Road, Vikravandi Village, Villupuram District 605652",VILUPPURAM,SELF FINANCING COLLEGES TIER 3,EE,ELECTRICAL AND ELECTRONICS ENGINEERING,150499,,,,,,,1,0,0,0,0,0,0
1434,"Surya Group of Institutions, GST Road, Vikravandi Village, Villupuram District 605652",VILUPPURAM,SELF FINANCING COLLEGES TIER 3,ME,MECHANICAL ENGINEERING,,,,,,,,0,0,0,0,0,0,0
1436,"A R Engineering College, Vadakuchipalayam, Kappiyampuliyur Post, Villupuram District 605601",VILUPPURAM,SELF FINANCING COLLEGES TIER 3,AD,ARTIFICIAL INTELLIGENCE AND DATA SCIENCE,155640,,,,,,,1,0,0,0,0,0,0
1436,"A R Engineering College, Vadakuchipalayam, Kappiyampuliyur Post, Villupuram District 605601",VILUPPURAM,SELF FINANCING COLLEGES TIER 3,CE,CIVIL  ENGINEERING,146031,,,,,,,1,0,0,0,0,0,0
1436,"A R Engineering College, Vadakuchipalayam, Kappiyampuliyur Post, Villupuram District 605601",VILUPPURAM,SELF FINANCING COLLEGES TIER 3,CS,COMPUTER SCIENCE AND ENGINEERING,151761,,,153000,,,,0,0,0,1,0,0,0
1436,"A R Engineering College, Vadakuchipalayam, Kappiyampuliyur Post, Villupuram District 605601",VILUPPURAM,SELF FINANCING COLLEGES TIER 3,EC,ELECTRONICS AND COMMUNICATION ENGINEERING,140196,,,,,,,1,0,0,0,0,0,0
1436,"A R Engineering College, Vadakuchipalayam, Kappiyampuliyur Post, Villupuram District 605601",VILUPPURAM,SELF FINANCING COLLEGES TIER 3,EE,ELECTRICAL AND ELECTRONICS ENGINEERING,137547,,,,,,,1,0,0,0,0,0,0
1436,"A R Engineering College, Vadakuchipalayam, Kappiyampuliyur Post, Villupuram District 605601",VILUPPURAM,SELF FINANCING COLLEGES TIER 3,ME,MECHANICAL ENGINEERING,153620,,,,,,,1,0,0,0,0,0,0
1437,"Rrase College of Engineering, Padappai, Kancheepuram  601301",KANCHEEPURAM,SELF FINANCING COLLEGES TIER 3,AD,ARTIFICIAL INTELLIGENCE AND DATA SCIENCE,144107,153241,,,154810,,,0,1,0,0,1,0,0
1437,"Rrase College of Engineering, Padappai, Kancheepuram  601301",KANCHEEPURAM,SELF FINANCING COLLEGES TIER 3,CE,CIVIL  ENGINEERING,148665,,,,,,,1,0,0,0,0,0,0
1437,"Rrase College of Engineering, Padappai, Kancheepuram  601301",KANCHEEPURAM,SELF FINANCING COLLEGES TIER 3,CS,COMPUTER SCIENCE AND ENGINEERING,139005,155135,139543,155183,154344,155372,142363,0,1,1,1,1,1,0
1437,"Rrase College of Engineering, Padappai, Kancheepuram  601301",KANCHEEPURAM,SELF FINANCING COLLEGES TIER 3,EC,ELECTRONICS AND COMMUNICATION ENGINEERING,153248,,,,,,,1,0,0,0,0,0,0
1437,"Rrase College of Engineering, Padappai, Kancheepuram  601301",KANCHEEPURAM,SELF FINANCING COLLEGES TIER 3,EE,ELECTRICAL AND ELECTRONICS ENGINEERING,153378,,,,,,,1,0,0,0,0,0,0
1437,"Rrase College of Engineering, Padappai, Kancheepuram  601301",KANCHEEPURAM,SELF FINANCING COLLEGES TIER 3,IT,INFORMATION TECHNOLOGY,110042,149352,143404,144483,155370,,,0,1,1,1,0,0,0
1437,"Rrase College of Engineering, Padappai, Kancheepuram  601301",KANCHEEPURAM,SELF FINANCING COLLEGES TIER 3,ME,MECHANICAL ENGINEERING,148715,,,,,,,1,0,0,0,0,0,0
1438,"Sree Krishna College of Engineering, Anaicut Post, Unnai Village, Vellore District 632101",VELLORE,SELF FINANCING COLLEGES TIER 3,CE,CIVIL  ENGINEERING,,,,,,,,0,0,0,0,0,0,0
1438,"Sree Krishna College of Engineering, Anaicut Post, Unnai Village, Vellore District 632101",VELLORE,SELF FINANCING COLLEGES TIER 3,CS,COMPUTER SCIENCE AND ENGINEERING,142559,,,,,,,1,0,0,0,0,0,0
1438,"Sree Krishna College of Engineering, Anaicut Post, Unnai Village, Vellore District 632101",VELLORE,SELF FINANCING COLLEGES TIER 3,EC,ELECTRONICS AND COMMUNICATION ENGINEERING,,,,,,,,0,0,0,0,0,0,0
1438,"Sree Krishna College of Engineering, Anaicut Post, Unnai Village, Vellore District 632101",VELLORE,SELF FINANCING COLLEGES TIER 3,EE,ELECTRICAL AND ELECTRONICS ENGINEERING,90682,,,,,,,1,0,0,0,0,0,0
1438,"Sree Krishna College of Engineering, Anaicut Post, Unnai Village, Vellore District 632101",VELLORE,SELF FINANCING COLLEGES TIER 3,ME,MECHANICAL ENGINEERING,,,,,,,,0,0,0,0,0,0,0
1441,"A K T Memorial College of Engineering and Technology, Neelamangalam Village, Kallakurichi District 606202",KALLAKURICHI,SELF FINANCING COLLEGES TIER 3,CE,CIVIL  ENGINEERING,148028,,,,,,,1,0,0,0,0,0,0
1441,"A K T Memorial College of Engineering and Technology, Neelamangalam Village, Kallakurichi District 606202",KALLAKURICHI,SELF FINANCING COLLEGES TIER 3,CS,COMPUTER SCIENCE AND ENGINEERING,105136,146747,154491,153970,155336,,,0,1,0,1,1,0,0
1441,"A K T Memorial College of Engineering and Technology, Neelamangalam Village, Kallakurichi District 606202",KALLAKURICHI,SELF FINANCING COLLEGES TIER 3,EC,ELECTRONICS AND COMMUNICATION ENGINEERING,118921,152205,149115,150995,146654,,,0,1,0,1,0,0,0
1441,"A K T Memorial College of Engineering and Technology, Neelamangalam Village, Kallakurichi District 606202",KALLAKURICHI,SELF FINANCING COLLEGES TIER 3,EE,ELECTRICAL AND ELECTRONICS ENGINEERING,133880,151639,137521,155962,152150,,,0,1,0,1,1,0,0
1441,"A K T Memorial College of Engineering and Technology, Neelamangalam Village, Kallakurichi District 606202",KALLAKURICHI,SELF FINANCING COLLEGES TIER 3,ME,MECHANICAL ENGINEERING,156134,,,,,,,0,0,0,0,0,0,0
1442,"Prince Dr. K Vasudevan College of Engineering and Technology, Medavakkam-Mambakkam Road, Ponmar, Chennai 600127",CHENGALPET,SELF FINANCING COLLEGES TIER 3,AD,ARTIFICIAL INTELLIGENCE AND DATA SCIENCE,35866,58722,71022,75520,103284,,,0,0,0,0,0,0,0
1442,"Prince Dr. K Vasudevan College of Engineering and Technology, Medavakkam-Mambakkam Road, Ponmar, Chennai 600127",CHENGALPET,SELF FINANCING COLLEGES TIER 3,BM,BIO MEDICAL ENGINEERING,78935,93391,,125634,144104,,,0,0,0,1,1,0,0
1442,"Prince Dr. K Vasudevan College of Engineering and Technology, Medavakkam-Mambakkam Road, Ponmar, Chennai 600127",CHENGALPET,SELF FINANCING COLLEGES TIER 3,CS,COMPUTER SCIENCE AND ENGINEERING,46381,73371,,97156,147783,,,0,0,0,0,1,0,0
1442,"Prince Dr. K Vasudevan College of Engineering and Technology, Medavakkam-Mambakkam Road, Ponmar, Chennai 600127",CHENGALPET,SELF FINANCING COLLEGES TIER 3,SC,Computer Science and Engineering (Cyber Security),41194,81874,,123287,131089,,,0,0,0,0,0,0,0
1444,"Chendu College of Engineering and Technology, Zamin Endathur Village, Madurantakam Taluk, Chengalpattu District 600127",CHENGALPET,SELF FINANCING COLLEGES TIER 3,CE,CIVIL  ENGINEERING,,,,,,,,0,0,0,0,0,0,0
1444,"Chendu College of Engineering and Technology, Zamin Endathur Village, Madurantakam Taluk, Chengalpattu District 600127",CHENGALPET,SELF FINANCING COLLEGES TIER 3,CS,COMPUTER SCIENCE AND ENGINEERING,151433,,,,,,,1,0,0,0,0,0,0
1444,"Chendu College of Engineering and Technology, Zamin Endathur Village, Madurantakam Taluk, Chengalpattu District 600127",CHENGALPET,SELF FINANCING COLLEGES TIER 3,EC,ELECTRONICS AND COMMUNICATION ENGINEERING,,,,,,,,0,0,0,0,0,0,0
1444,"Chendu College of Engineering and Technology, Zamin Endathur Village, Madurantakam Taluk, Chengalpattu District 600127",CHENGALPET,SELF FINANCING COLLEGES TIER 3,ME,MECHANICAL ENGINEERING,,,,,,,,0,0,0,0,0,0,0
1445,"Sri Rangapoopathi College of Engineering, Alampoondi Village, Gingee, Villupuram District 604151",VILUPPURAM,SELF FINANCING COLLEGES TIER 3,CE,CIVIL  ENGINEERING,,,,,,,,0,0,0,0,0,0,0
1445,"Sri Rangapoopathi College of Engineering, Alampoondi Village, Gingee, Villupuram District 604151",VILUPPURAM,SELF FINANCING COLLEGES TIER 3,CS,COMPUTER SCIENCE AND ENGINEERING,155994,,,,,,,1,0,0,0,0,0,0
1445,"Sri Rangapoopathi College of Engineering, Alampoondi Village, Gingee, Villupuram District 604151",VILUPPURAM,SELF FINANCING COLLEGES TIER 3,EC,ELECTRONICS AND COMMUNICATION ENGINEERING,155450,,,,,,,1,0,0,0,0,0,0
1445,"Sri Rangapoopathi College of Engineering, Alampoondi Village, Gingee, Villupuram District 604151",VILUPPURAM,SELF FINANCING COLLEGES TIER 3,EE,ELECTRICAL AND ELECTRONICS ENGINEERING,,,,,,,,0,0,0,0,0,0,0
1445,"Sri Rangapoopathi College of Engineering, Alampoondi Village, Gingee, Villupuram District 604151",VILUPPURAM,SELF FINANCING COLLEGES TIER 3,ME,MECHANICAL ENGINEERING,127464,,,,,,,1,0,0,0,0,0,0
1449,"Saraswathy College of Engineering and Technology, NH-45, Main Road, Olakkur, Tindivanam Taluk, Villupuram District 604307",VILUPPURAM,SELF FINANCING COLLEGES TIER 3,AG,AGRICULTURAL ENGINEERING,155649,,,,,,,1,0,0,0,0,0,0
1449,"Saraswathy College of Engineering and Technology, NH-45, Main Road, Olakkur, Tindivanam Taluk, Villupuram District 604307",VILUPPURAM,SELF FINANCING COLLEGES TIER 3,CE,CIVIL  ENGINEERING,,,,,,,,0,0,0,0,0,0,0
1449,"Saraswathy College of Engineering and Technology, NH-45, Main Road, Olakkur, Tindivanam Taluk, Villupuram District 604307",VILUPPURAM,SELF FINANCING COLLEGES TIER 3,CS,COMPUTER SCIENCE AND ENGINEERING,121392,155362,,152279,,,,0,1,0,0,0,0,0
1449,"Saraswathy College of Engineering and Technology, NH-45, Main Road, Olakkur, Tindivanam Taluk, Villupuram District 604307",VILUPPURAM,SELF FINANCING COLLEGES TIER 3,EC,ELECTRONICS AND COMMUNICATION ENGINEERING,147236,,,,,,,1,0,0,0,0,0,0
1449,"Saraswathy College of Engineering and Technology, NH-45, Main Road, Olakkur, Tindivanam Taluk, Villupuram District 604307",VILUPPURAM,SELF FINANCING COLLEGES TIER 3,ME,MECHANICAL ENGINEERING,149857,,,,,,,1,0,0,0,0,0,0
1450,"Loyola ICAM College of Engineering and Technology, Loyola College Campus, Nungambakkam, Chennai 600034",CHENNAI,SELF FINANCING COLLEGES TIER 2,CS,COMPUTER SCIENCE AND ENGINEERING,6788,10692,9249,10945,32404,15662,57723,0,0,0,0,0,0,0
1450,"Loyola ICAM College of Engineering and Technology, Loyola College Campus, Nungambakkam, Chennai 600034",CHENNAI,SELF FINANCING COLLEGES TIER 2,EC,ELECTRONICS AND COMMUNICATION ENGINEERING,9568,13630,28938,19114,35600,61054,,0,0,0,0,0,0,0
1450,"Loyola ICAM College of Engineering and Technology, Loyola College Campus, Nungambakkam, Chennai 600034",CHENNAI,SELF FINANCING COLLEGES TIER 2,EE,ELECTRICAL AND ELECTRONICS ENGINEERING,19053,26467,38536,42753,49825,154547,,0,0,0,0,0,0,0
1450,"Loyola ICAM College of Engineering and Technology, Loyola College Campus, Nungambakkam, Chennai 600034",CHENNAI,SELF FINANCING COLLEGES TIER 2,IT,INFORMATION TECHNOLOGY,10363,12674,16504,14120,31811,35494,,0,0,0,0,0,0,0
1450,"Loyola ICAM College of Engineering and Technology, Loyola College Campus, Nungambakkam, Chennai 600034",CHENNAI,SELF FINANCING COLLEGES TIER 2,ME,MECHANICAL ENGINEERING,30146,43725,80460,56764,65402,123837,,0,0,0,0,0,0,0
1452,"PERI Institute of Technology, Mannivakkam, West Tambaram, Chennai 600048",CHENGALPET,SELF FINANCING COLLEGES TIER 3,AD,ARTIFICIAL INTELLIGENCE AND DATA SCIENCE,73370,97892,107653,126770,137996,,,0,0,0,0,0,0,0
1452,"PERI Institute of Technology, Mannivakkam, West Tambaram, Chennai 600048",CHENGALPET,SELF FINANCING COLLEGES TIER 3,CE,CIVIL  ENGINEERING,152777,,,,,,,1,0,0,0,0,0,0
1452,"PERI Institute of Technology, Mannivakkam, West Tambaram, Chennai 600048",CHENGALPET,SELF FINANCING COLLEGES TIER 3,CS,COMPUTER SCIENCE AND ENGINEERING,76480,116852,94776,115564,140285,,,0,0,0,0,1,0,0
1452,"PERI Institute of Technology, Mannivakkam, West Tambaram, Chennai 600048",CHENGALPET,SELF FINANCING COLLEGES TIER 3,EC,ELECTRONICS AND COMMUNICATION ENGINEERING,108914,150242,,115777,120365,,,0,1,0,1,1,0,0
1452,"PERI Institute of Technology, Mannivakkam, West Tambaram, Chennai 600048",CHENGALPET,SELF FINANCING COLLEGES TIER 3,EE,ELECTRICAL AND ELECTRONICS ENGINEERING,152083,,,153014,,,,0,0,0,1,0,0,0
1452,"PERI Institute of Technology, Mannivakkam, West Tambaram, Chennai 600048",CHENGALPET,SELF FINANCING COLLEGES TIER 3,ME,MECHANICAL ENGINEERING,152706,,,154428,,,,0,0,0,1,0,0,0
1501,"Adhiparasakthi College of Engineering, Kalavai, Ranipet District 632506",RANIPET,SELF FINANCING COLLEGES TIER 3,CE,CIVIL  ENGINEERING,126680,,,,,,,1,0,0,0,0,0,0
1501,"Adhiparasakthi College of Engineering, Kalavai, Ranipet District 632506",RANIPET,SELF FINANCING COLLEGES TIER 3,CS,COMPUTER SCIENCE AND ENGINEERING,87372,108929,130662,105104,155586,,,0,0,0,0,1,0,0
1501,"Adhiparasakthi College of Engineering, Kalavai, Ranipet District 632506",RANIPET,SELF FINANCING COLLEGES TIER 3,EC,ELECTRONICS AND COMMUNICATION ENGINEERING,112862,137627,,130499,148181,,,0,0,0,1,1,0,0
1501,"Adhiparasakthi College of Engineering, Kalavai, Ranipet District 632506",RANIPET,SELF FINANCING COLLEGES TIER 3,EE,ELECTRICAL AND ELECTRONICS ENGINEERING,153852,,,,156122,,,0,0,0,0,1,0,0
1501,"Adhiparasakthi College of Engineering, Kalavai, Ranipet District 632506",RANIPET,SELF FINANCING COLLEGES TIER 3,IT,INFORMATION TECHNOLOGY,77917,88961,,122027,140927,,,0,0,0,0,0,0,0
1501,"Adhiparasakthi College of Engineering, Kalavai, Ranipet District 632506",RANIPET,SELF FINANCING COLLEGES TIER 3,ME,MECHANICAL ENGINEERING,148153,,,,,,,1,0,0,0,0,0,0
1503,"Arulmigu  Meenakshi Amman College of Engineering, Vadamavandal,Thiruvannamalai District 604410",THIRUVANNAMALAI,SELF FINANCING COLLEGES TIER 3,BT,BIO TECHNOLOGY,87880,,,,,,,1,0,0,0,0,0,0
1503,"Arulmigu  Meenakshi Amman College of Engineering, Vadamavandal,Thiruvannamalai District 604410",THIRUVANNAMALAI,SELF FINANCING COLLEGES TIER 3,CE,CIVIL  ENGINEERING,137706,,,,,,,1,0,0,0,0,0,0
1503,"Arulmigu  Meenakshi Amman College of Engineering, Vadamavandal,Thiruvannamalai District 604410",THIRUVANNAMALAI,SELF FINANCING COLLEGES TIER 3,CH,CHEMICAL  ENGINEERING,,,,,,,,0,0,0,0,0,0,0
1503,"Arulmigu  Meenakshi Amman College of Engineering, Vadamavandal,Thiruvannamalai District 604410",THIRUVANNAMALAI,SELF FINANCING COLLEGES TIER 3,CS,COMPUTER SCIENCE AND ENGINEERING,153317,,,,,,,1,0,0,0,0,0,0
1503,"Arulmigu  Meenakshi Amman College of Engineering, Vadamavandal,Thiruvannamalai District 604410",THIRUVANNAMALAI,SELF FINANCING COLLEGES TIER 3,EC,ELECTRONICS AND COMMUNICATION ENGINEERING,,,,,,,,0,0,0,0,0,0,0
1503,"Arulmigu  Meenakshi Amman College of Engineering, Vadamavandal,Thiruvannamalai District 604410",THIRUVANNAMALAI,SELF FINANCING COLLEGES TIER 3,EE,ELECTRICAL AND ELECTRONICS ENGINEERING,,,,,,,,0,0,0,0,0,0,0
1503,"Arulmigu  Meenakshi Amman College of Engineering, Vadamavandal,Thiruvannamalai District 604410",THIRUVANNAMALAI,SELF FINANCING COLLEGES TIER 3,IC,INSTRUMENTATION AND CONTROL ENGINEERING,,,,,,,,0,0,0,0,0,0,0
1503,"Arulmigu  Meenakshi Amman College of Engineering, Vadamavandal,Thiruvannamalai District 604410",THIRUVANNAMALAI,SELF FINANCING COLLEGES TIER 3,IT,INFORMATION TECHNOLOGY,147389,,,,,,,0,0,0,0,0,0,0
1503,"Arulmigu  Meenakshi Amman College of Engineering, Vadamavandal,Thiruvannamalai District 604410",THIRUVANNAMALAI,SELF FINANCING COLLEGES TIER 3,ME,MECHANICAL ENGINEERING,,,,,,,,0,0,0,0,0,0,0
1504,"Arunai Engineering College, Mathur, Thiruvannamalai District 606603",THIRUVANNAMALAI,SELF FINANCING COLLEGES TIER 3,AD,ARTIFICIAL INTELLIGENCE AND DATA SCIENCE,58030,91181,84012,120543,132813,102530,,0,0,0,0,1,0,0
1504,"Arunai Engineering College, Mathur, Thiruvannamalai District 606603",THIRUVANNAMALAI,SELF FINANCING COLLEGES TIER 3,BT,BIO TECHNOLOGY,130892,150297,136163,142914,136954,,,0,1,0,1,1,0,0
1504,"Arunai Engineering College, Mathur, Thiruvannamalai District 606603",THIRUVANNAMALAI,SELF FINANCING COLLEGES TIER 3,CE,CIVIL  ENGINEERING,103629,,,143944,105707,,,0,0,0,0,1,0,0
1504,"Arunai Engineering College, Mathur, Thiruvannamalai District 606603",THIRUVANNAMALAI,SELF FINANCING COLLEGES TIER 3,CH,CHEMICAL  ENGINEERING,144701,,,,,,,1,0,0,0,0,0,0
1504,"Arunai Engineering College, Mathur, Thiruvannamalai District 606603",THIRUVANNAMALAI,SELF FINANCING COLLEGES TIER 3,CS,COMPUTER SCIENCE AND ENGINEERING,35499,68662,92877,94402,112150,,87501,0,0,0,0,0,0,0
1504,"Arunai Engineering College, Mathur, Thiruvannamalai District 606603",THIRUVANNAMALAI,SELF FINANCING COLLEGES TIER 3,EC,ELECTRONICS AND COMMUNICATION ENGINEERING,94337,141153,139375,129003,135067,,,0,1,1,0,1,0,0
1504,"Arunai Engineering College, Mathur, Thiruvannamalai District 606603",THIRUVANNAMALAI,SELF FINANCING COLLEGES TIER 3,EE,ELECTRICAL AND ELECTRONICS ENGINEERING,138533,149595,,146936,153280,,,0,1,0,1,1,0,0
1504,"Arunai Engineering College, Mathur, Thiruvannamalai District 606603",THIRUVANNAMALAI,SELF FINANCING COLLEGES TIER 3,IT,INFORMATION TECHNOLOGY,52506,64972,98367,95089,64683,,,0,0,0,0,0,0,0
1504,"Arunai Engineering College, Mathur, Thiruvannamalai District 606603",THIRUVANNAMALAI,SELF FINANCING COLLEGES TIER 3,ME,MECHANICAL ENGINEERING,136397,,,,,,,1,0,0,0,0,0,0
1504,"Arunai Engineering College, Mathur, Thiruvannamalai District 606603",THIRUVANNAMALAI,SELF FINANCING COLLEGES TIER 3,SC,Computer Science and Engineering (Cyber Security),73319,118501,104735,99476,134382,,,0,0,1,0,1,0,0
1505,"C Abdul Hakeem College of Engineering and Technology, Melvisharam, Ranipet District 632509",RANIPET,SELF FINANCING COLLEGES TIER 3,AD,ARTIFICIAL INTELLIGENCE AND DATA SCIENCE,72261,127226,86705,126943,101140,,,0,0,0,1,0,0,0
1505,"C Abdul Hakeem College of Engineering and Technology, Melvisharam, Ranipet District 632509",RANIPET,SELF FINANCING COLLEGES TIER 3,CE,CIVIL  ENGINEERING,,,,,,,,0,0,0,0,0,0,0
1505,"C Abdul Hakeem College of Engineering and Technology, Melvisharam, Ranipet District 632509",RANIPET,SELF FINANCING COLLEGES TIER 3,CS,COMPUTER SCIENCE AND ENGINEERING,66416,112063,87890,94931,153542,,,0,0,0,0,1,0,0
1505,"C Abdul Hakeem College of Engineering and Technology, Melvisharam, Ranipet District 632509",RANIPET,SELF FINANCING COLLEGES TIER 3,EC,ELECTRONICS AND COMMUNICATION ENGINEERING,99673,134207,122314,132563,,,,0,0,0,0,0,0,0
1505,"C Abdul Hakeem College of Engineering and Technology, Melvisharam, Ranipet District 632509",RANIPET,SELF FINANCING COLLEGES TIER 3,EE,ELECTRICAL AND ELECTRONICS ENGINEERING,134480,143045,,141200,,,,0,1,0,1,0,0,0
1505,"C Abdul Hakeem College of Engineering and Technology, Melvisharam, Ranipet District 632509",RANIPET,SELF FINANCING COLLEGES TIER 3,IT,INFORMATION TECHNOLOGY,69448,111167,84420,101945,153761,,,0,0,0,0,1,0,0
1505,"C Abdul Hakeem College of Engineering and Technology, Melvisharam, Ranipet District 632509",RANIPET,SELF FINANCING COLLEGES TIER 3,ME,MECHANICAL ENGINEERING,153815,,,,,,,1,0,0,0,0,0,0
1507,"Ganadipathy Tulsiâ€™s Jain Engineering College, Kaniyambadi, Vellore District 632102",VELLORE,SELF FINANCING COLLEGES TIER 3,AD,ARTIFICIAL INTELLIGENCE AND DATA SCIENCE,113952,138067,,141218,134100,,,0,0,0,0,1,0,0
1507,"Ganadipathy Tulsiâ€™s Jain Engineering College, Kaniyambadi, Vellore District 632102",VELLORE,SELF FINANCING COLLEGES TIER 3,CS,COMPUTER SCIENCE AND ENGINEERING,92917,110413,135617,142808,154876,,,0,0,0,0,1,0,0
1507,"Ganadipathy Tulsiâ€™s Jain Engineering College, Kaniyambadi, Vellore District 632102",VELLORE,SELF FINANCING COLLEGES TIER 3,EC,ELECTRONICS AND COMMUNICATION ENGINEERING,141142,154896,,155040,,,,0,1,0,1,0,0,0
1507,"Ganadipathy Tulsiâ€™s Jain Engineering College, Kaniyambadi, Vellore District 632102",VELLORE,SELF FINANCING COLLEGES TIER 3,EE,ELECTRICAL AND ELECTRONICS ENGINEERING,154523,,,,,,,1,0,0,0,0,0,0
1507,"Ganadipathy Tulsiâ€™s Jain Engineering College, Kaniyambadi, Vellore District 632102",VELLORE,SELF FINANCING COLLEGES TIER 3,IT,INFORMATION TECHNOLOGY,87483,112217,143271,109999,154854,119681,,0,0,0,0,1,0,0
1507,"Ganadipathy Tulsiâ€™s Jain Engineering College, Kaniyambadi, Vellore District 632102",VELLORE,SELF FINANCING COLLEGES TIER 3,ME,MECHANICAL ENGINEERING,,,,,,,,0,0,0,0,0,0,0
1509,"Meenakshi College of Engineering, Vembuliamman Koil Street, K K Nagar (West), Chennai 600078",CHENNAI,SELF FINANCING COLLEGES TIER 3,CE,CIVIL  ENGINEERING,121703,,,,,,,1,0,0,0,0,0,0
1509,"Meenakshi College of Engineering, Vembuliamman Koil Street, K K Nagar (West), Chennai 600078",CHENNAI,SELF FINANCING COLLEGES TIER 3,CS,COMPUTER SCIENCE AND ENGINEERING,60920,86947,140132,92062,134024,,,0,0,0,0,0,0,0
1509,"Meenakshi College of Engineering, Vembuliamman Koil Street, K K Nagar (West), Chennai 600078",CHENNAI,SELF FINANCING COLLEGES TIER 3,EC,ELECTRONICS AND COMMUNICATION ENGINEERING,91740,143564,,140116,140186,,,0,1,0,1,1,0,0
1509,"Meenakshi College of Engineering, Vembuliamman Koil Street, K K Nagar (West), Chennai 600078",CHENNAI,SELF FINANCING COLLEGES TIER 3,EE,ELECTRICAL AND ELECTRONICS ENGINEERING,149062,,,,,,,1,0,0,0,0,0,0
1509,"Meenakshi College of Engineering, Vembuliamman Koil Street, K K Nagar (West), Chennai 600078",CHENNAI,SELF FINANCING COLLEGES TIER 3,EI,ELECTRONICS AND INSTRUMENTATION ENGINEERING,156230,,,,,,,1,0,0,0,0,0,0
1509,"Meenakshi College of Engineering, Vembuliamman Koil Street, K K Nagar (West), Chennai 600078",CHENNAI,SELF FINANCING COLLEGES TIER 3,IT,INFORMATION TECHNOLOGY,69715,93604,94797,96976,133119,,,0,0,0,0,0,0,0
1509,"Meenakshi College of Engineering, Vembuliamman Koil Street, K K Nagar (West), Chennai 600078",CHENNAI,SELF FINANCING COLLEGES TIER 3,ME,MECHANICAL ENGINEERING,139185,,,,,,,1,0,0,0,0,0,0
1510,"Priyadarshini Engineering College, Vaniyambadi Post, Thiruppattur District 635751",THIRUPATHUR,SELF FINANCING COLLEGES TIER 3,CE,CIVIL  ENGINEERING,156060,,,,,,,1,0,0,0,0,0,0
1510,"Priyadarshini Engineering College, Vaniyambadi Post, Thiruppattur District 635751",THIRUPATHUR,SELF FINANCING COLLEGES TIER 3,CS,COMPUTER SCIENCE AND ENGINEERING,93843,152241,126830,147685,141080,142770,,0,1,1,0,0,1,0
1510,"Priyadarshini Engineering College, Vaniyambadi Post, Thiruppattur District 635751",THIRUPATHUR,SELF FINANCING COLLEGES TIER 3,EC,ELECTRONICS AND COMMUNICATION ENGINEERING,140343,153299,156064,155350,152613,155250,,0,1,1,1,1,1,0
1510,"Priyadarshini Engineering College, Vaniyambadi Post, Thiruppattur District 635751",THIRUPATHUR,SELF FINANCING COLLEGES TIER 3,EE,ELECTRICAL AND ELECTRONICS ENGINEERING,155218,,,,,,,1,0,0,0,0,0,0
1510,"Priyadarshini Engineering College, Vaniyambadi Post, Thiruppattur District 635751",THIRUPATHUR,SELF FINANCING COLLEGES TIER 3,ME,MECHANICAL ENGINEERING,155404,,,,,,,1,0,0,0,0,0,0
1511,"Ranipettai Engineering College, Thenkadappanthangal, Ranipet District 632513",VELLORE,SELF FINANCING COLLEGES TIER 3,CE,CIVIL  ENGINEERING,,,,,,,,0,0,0,0,0,0,0
1511,"Ranipettai Engineering College, Thenkadappanthangal, Ranipet District 632513",VELLORE,SELF FINANCING COLLEGES TIER 3,CS,COMPUTER SCIENCE AND ENGINEERING,140052,,,,,,,1,0,0,0,0,0,0
1511,"Ranipettai Engineering College, Thenkadappanthangal, Ranipet District 632513",VELLORE,SELF FINANCING COLLEGES TIER 3,EC,ELECTRONICS AND COMMUNICATION ENGINEERING,,,,,,,,0,0,0,0,0,0,0
1511,"Ranipettai Engineering College, Thenkadappanthangal, Ranipet District 632513",VELLORE,SELF FINANCING COLLEGES TIER 3,EE,ELECTRICAL AND ELECTRONICS ENGINEERING,156228,,,,,,,1,0,0,0,0,0,0
1511,"Ranipettai Engineering College, Thenkadappanthangal, Ranipet District 632513",VELLORE,SELF FINANCING COLLEGES TIER 3,ME,MECHANICAL ENGINEERING,,,,,,,,0,0,0,0,0,0,0
1512,"S K P Engineering College, Thiruvannamalai District 606611",THIRUVANNAMALAI,SELF FINANCING COLLEGES TIER 3,CS,COMPUTER SCIENCE AND ENGINEERING,87906,145628,,154142,155547,,,0,1,0,0,1,0,0
1512,"S K P Engineering College, Thiruvannamalai District 606611",THIRUVANNAMALAI,SELF FINANCING COLLEGES TIER 3,EC,ELECTRONICS AND COMMUNICATION ENGINEERING,147548,,,,,,,1,0,0,0,0,0,0
1512,"S K P Engineering College, Thiruvannamalai District 606611",THIRUVANNAMALAI,SELF FINANCING COLLEGES TIER 3,EE,ELECTRICAL AND ELECTRONICS ENGINEERING,,,,,,,,0,0,0,0,0,0,0
1512,"S K P Engineering College, Thiruvannamalai District 606611",THIRUVANNAMALAI,SELF FINANCING COLLEGES TIER 3,IT,INFORMATION TECHNOLOGY,89024,132092,101044,110822,154592,102965,,0,0,0,0,1,0,0
1512,"S K P Engineering College, Thiruvannamalai District 606611",THIRUVANNAMALAI,SELF FINANCING COLLEGES TIER 3,ME,MECHANICAL ENGINEERING,,,,,,,,0,0,0,0,0,0,0
1513,"Sri Balaji Chockalingam Engineering College, Arni, Thiruvannamalai District 632317",THIRUVANNAMALAI,SELF FINANCING COLLEGES TIER 3,CE,CIVIL  ENGINEERING,132089,,,,,,,1,0,0,0,0,0,0
1513,"Sri Balaji Chockalingam Engineering College, Arni, Thiruvannamalai District 632317",THIRUVANNAMALAI,SELF FINANCING COLLEGES TIER 3,CS,COMPUTER SCIENCE AND ENGINEERING,106812,145535,,152342,147251,,,0,0,0,1,0,0,0
1513,"Sri Balaji Chockalingam Engineering College, Arni, Thiruvannamalai District 632317",THIRUVANNAMALAI,SELF FINANCING COLLEGES TIER 3,EC,ELECTRONICS AND COMMUNICATION ENGINEERING,149780,155770,,155556,155085,,,0,1,0,1,1,0,0
1513,"Sri Balaji Chockalingam Engineering College, Arni, Thiruvannamalai District 632317",THIRUVANNAMALAI,SELF FINANCING COLLEGES TIER 3,EE,ELECTRICAL AND ELECTRONICS ENGINEERING,153762,,,,,,,1,0,0,0,0,0,0
1513,"Sri Balaji Chockalingam Engineering College, Arni, Thiruvannamalai District 632317",THIRUVANNAMALAI,SELF FINANCING COLLEGES TIER 3,IT,INFORMATION TECHNOLOGY,82391,137990,,144518,116446,,,0,0,0,0,0,0,0
1513,"Sri Balaji Chockalingam Engineering College, Arni, Thiruvannamalai District 632317",THIRUVANNAMALAI,SELF FINANCING COLLEGES TIER 3,ME,MECHANICAL ENGINEERING,146024,,,,,,,1,0,0,0,0,0,0
1514,"Sri Nandhanam College of Engineering and Technology, Molagarampatti, Tirupattur, Vellore-635601",THIRUPATHUR,SELF FINANCING COLLEGES TIER 3,BT,BIO TECHNOLOGY,,,,,,,,0,0,0,0,0,0,0
1514,"Sri Nandhanam College of Engineering and Technology, Molagarampatti, Tirupattur, Vellore-635601",THIRUPATHUR,SELF FINANCING COLLEGES TIER 3,CS,COMPUTER SCIENCE AND ENGINEERING,,,,,,,,0,0,0,0,0,0,0
1514,"Sri Nandhanam College of Engineering and Technology, Molagarampatti, Tirupattur, Vellore-635601",THIRUPATHUR,SELF FINANCING COLLEGES TIER 3,EE,ELECTRICAL AND ELECTRONICS ENGINEERING,,,,,,,,0,0,0,0,0,0,0
1514,"Sri Nandhanam College of Engineering and Technology, Molagarampatti, Tirupattur, Vellore-635601",THIRUPATHUR,SELF FINANCING COLLEGES TIER 3,ME,MECHANICAL ENGINEERING,,,,,,,,0,0,0,0,0,0,0
1514,"Sri Nandhanam College of Engineering and Technology, Molagarampatti, Tirupattur, Vellore-635601",THIRUPATHUR,SELF FINANCING COLLEGES TIER 3,MR,MARINE ENGINEERING,,,,,,,,0,0,0,0,0,0,0
1517,"Thirumalai Engineering College, Kilambi, Kancheepuram District 631551",KANCHEEPURAM,SELF FINANCING COLLEGES TIER 3,CE,CIVIL  ENGINEERING,153304,,,,,,,1,0,0,0,0,0,0
1517,"Thirumalai Engineering College, Kilambi, Kancheepuram District 631551",KANCHEEPURAM,SELF FINANCING COLLEGES TIER 3,CS,COMPUTER SCIENCE AND ENGINEERING,150471,152170,,155285,153297,,154420,0,1,0,1,1,0,0
1517,"Thirumalai Engineering College, Kilambi, Kancheepuram District 631551",KANCHEEPURAM,SELF FINANCING COLLEGES TIER 3,EC,ELECTRONICS AND COMMUNICATION ENGINEERING,154922,,,,,,,1,0,0,0,0,0,0
1517,"Thirumalai Engineering College, Kilambi, Kancheepuram District 631551",KANCHEEPURAM,SELF FINANCING COLLEGES TIER 3,EE,ELECTRICAL AND ELECTRONICS ENGINEERING,138041,,,,,,,1,0,0,0,0,0,0
1517,"Thirumalai Engineering College, Kilambi, Kancheepuram District 631551",KANCHEEPURAM,SELF FINANCING COLLEGES TIER 3,IT,INFORMATION TECHNOLOGY,129186,154340,141188,150562,149181,,,0,1,0,1,1,0,0
1517,"Thirumalai Engineering College, Kilambi, Kancheepuram District 631551",KANCHEEPURAM,SELF FINANCING COLLEGES TIER 3,ME,MECHANICAL ENGINEERING,154753,,,,,,,1,0,0,0,0,0,0
1518,"Thiruvalluvar College of Engineering and Technology, Vandavasi, Thiruvannamalai District 604505",THIRUVANNAMALAI,SELF FINANCING COLLEGES TIER 3,AE,AERONAUTICAL ENGINEERING,153908,,,,,,,1,0,0,0,0,0,0
1518,"Thiruvalluvar College of Engineering and Technology, Vandavasi, Thiruvannamalai District 604505",THIRUVANNAMALAI,SELF FINANCING COLLEGES TIER 3,AU,AUTOMOBILE ENGINEERING,,,,,,,,0,0,0,0,0,0,0
1518,"Thiruvalluvar College of Engineering and Technology, Vandavasi, Thiruvannamalai District 604505",THIRUVANNAMALAI,SELF FINANCING COLLEGES TIER 3,CE,CIVIL  ENGINEERING,,,,,,,,0,0,0,0,0,0,0
1518,"Thiruvalluvar College of Engineering and Technology, Vandavasi, Thiruvannamalai District 604505",THIRUVANNAMALAI,SELF FINANCING COLLEGES TIER 3,CS,COMPUTER SCIENCE AND ENGINEERING,147333,154319,,148229,152383,,,0,1,0,1,1,0,0
1518,"Thiruvalluvar College of Engineering and Technology, Vandavasi, Thiruvannamalai District 604505",THIRUVANNAMALAI,SELF FINANCING COLLEGES TIER 3,EC,ELECTRONICS AND COMMUNICATION ENGINEERING,147868,,,,,,,1,0,0,0,0,0,0
1518,"Thiruvalluvar College of Engineering and Technology, Vandavasi, Thiruvannamalai District 604505",THIRUVANNAMALAI,SELF FINANCING COLLEGES TIER 3,EE,ELECTRICAL AND ELECTRONICS ENGINEERING,152937,,,,,,,1,0,0,0,0,0,0
1518,"Thiruvalluvar College of Engineering and Technology, Vandavasi, Thiruvannamalai District 604505",THIRUVANNAMALAI,SELF FINANCING COLLEGES TIER 3,EI,ELECTRONICS AND INSTRUMENTATION ENGINEERING,,,,,,,,0,0,0,0,0,0,0
1518,"Thiruvalluvar College of Engineering and Technology, Vandavasi, Thiruvannamalai District 604505",THIRUVANNAMALAI,SELF FINANCING COLLEGES TIER 3,IT,INFORMATION TECHNOLOGY,137614,155536,,149250,149947,,,0,1,0,1,1,0,0
1518,"Thiruvalluvar College of Engineering and Technology, Vandavasi, Thiruvannamalai District 604505",THIRUVANNAMALAI,SELF FINANCING COLLEGES TIER 3,ME,MECHANICAL ENGINEERING,155293,,,,,,,1,0,0,0,0,0,0
1519,"Bharathidasan Engineering College, Nattrampalli Post, Thiruppathur District 635854",THIRUPATHUR,SELF FINANCING COLLEGES TIER 3,CE,CIVIL  ENGINEERING,154478,,,,,,,1,0,0,0,0,0,0
1519,"Bharathidasan Engineering College, Nattrampalli Post, Thiruppathur District 635854",THIRUPATHUR,SELF FINANCING COLLEGES TIER 3,CS,COMPUTER SCIENCE AND ENGINEERING,97223,154862,132328,137936,121993,138648,,0,1,0,0,0,0,0
1519,"Bharathidasan Engineering College, Nattrampalli Post, Thiruppathur District 635854",THIRUPATHUR,SELF FINANCING COLLEGES TIER 3,EC,ELECTRONICS AND COMMUNICATION ENGINEERING,132657,155289,133412,145429,140256,148857,,0,1,0,0,0,0,0
1519,"Bharathidasan Engineering College, Nattrampalli Post, Thiruppathur District 635854",THIRUPATHUR,SELF FINANCING COLLEGES TIER 3,EE,ELECTRICAL AND ELECTRONICS ENGINEERING,149471,150624,,155601,155929,,,0,1,0,1,1,0,0
1519,"Bharathidasan Engineering College, Nattrampalli Post, Thiruppathur District 635854",THIRUPATHUR,SELF FINANCING COLLEGES TIER 3,IT,INFORMATION TECHNOLOGY,91259,150547,110714,138622,126963,129270,,0,1,0,0,0,0,0
1519,"Bharathidasan Engineering College, Nattrampalli Post, Thiruppathur District 635854",THIRUPATHUR,SELF FINANCING COLLEGES TIER 3,ME,MECHANICAL ENGINEERING,155141,,,,,,,1,0,0,0,0,0,0
1520,"Kingston Engineering College, Chithoor Main Road, Christianpet Village, Katpadi Taluk,  Vellore District 632059",VELLORE,SELF FINANCING COLLEGES TIER 3,AD,ARTIFICIAL INTELLIGENCE AND DATA SCIENCE,62711,99965,149133,141692,150551,122664,,0,0,0,0,1,0,0
1520,"Kingston Engineering College, Chithoor Main Road, Christianpet Village, Katpadi Taluk,  Vellore District 632059",VELLORE,SELF FINANCING COLLEGES TIER 3,CB,COMPUTER SCIENCE AND BUSSINESS SYSTEM,102081,118823,,130385,,,,0,0,0,1,0,0,0
1520,"Kingston Engineering College, Chithoor Main Road, Christianpet Village, Katpadi Taluk,  Vellore District 632059",VELLORE,SELF FINANCING COLLEGES TIER 3,CS,COMPUTER SCIENCE AND ENGINEERING,57720,90644,134867,123818,123845,,,0,0,0,0,1,0,0
1520,"Kingston Engineering College, Chithoor Main Road, Christianpet Village, Katpadi Taluk,  Vellore District 632059",VELLORE,SELF FINANCING COLLEGES TIER 3,EC,ELECTRONICS AND COMMUNICATION ENGINEERING,85150,122245,,143592,,,,0,0,0,0,0,0,0
1520,"Kingston Engineering College, Chithoor Main Road, Christianpet Village, Katpadi Taluk,  Vellore District 632059",VELLORE,SELF FINANCING COLLEGES TIER 3,IT,INFORMATION TECHNOLOGY,49713,93102,82825,121190,155356,,,0,0,0,0,0,0,0
1520,"Kingston Engineering College, Chithoor Main Road, Christianpet Village, Katpadi Taluk,  Vellore District 632059",VELLORE,SELF FINANCING COLLEGES TIER 3,ME,MECHANICAL ENGINEERING,154674,,,,,,,1,0,0,0,0,0,0
1523,"Global Institute of Engineering and Technology, Bangalore-Chennai Highway, Melvisharam, Walajah Taluk, Ranipet District 632506",RANIPET,SELF FINANCING COLLEGES TIER 3,AU,AUTOMOBILE ENGINEERING,152451,,,,,,,1,0,0,0,0,0,0
1523,"Global Institute of Engineering and Technology, Bangalore-Chennai Highway, Melvisharam, Walajah Taluk, Ranipet District 632506",RANIPET,SELF FINANCING COLLEGES TIER 3,CE,CIVIL  ENGINEERING,,,,,,,,0,0,0,0,0,0,0
1523,"Global Institute of Engineering and Technology, Bangalore-Chennai Highway, Melvisharam, Walajah Taluk, Ranipet District 632506",RANIPET,SELF FINANCING COLLEGES TIER 3,CS,COMPUTER SCIENCE AND ENGINEERING,105618,151729,141728,131616,154668,,,0,0,0,0,1,0,0
1523,"Global Institute of Engineering and Technology, Bangalore-Chennai Highway, Melvisharam, Walajah Taluk, Ranipet District 632506",RANIPET,SELF FINANCING COLLEGES TIER 3,EC,ELECTRONICS AND COMMUNICATION ENGINEERING,143016,154660,,155329,151789,,144170,0,1,0,1,1,0,0
1523,"Global Institute of Engineering and Technology, Bangalore-Chennai Highway, Melvisharam, Walajah Taluk, Ranipet District 632506",RANIPET,SELF FINANCING COLLEGES TIER 3,EE,ELECTRICAL AND ELECTRONICS ENGINEERING,145138,152335,,153275,155270,151799,,0,1,0,1,1,0,0
1523,"Global Institute of Engineering and Technology, Bangalore-Chennai Highway, Melvisharam, Walajah Taluk, Ranipet District 632506",RANIPET,SELF FINANCING COLLEGES TIER 3,IT,INFORMATION TECHNOLOGY,90531,121536,148787,125431,151401,135700,,0,0,0,0,0,0,0
1523,"Global Institute of Engineering and Technology, Bangalore-Chennai Highway, Melvisharam, Walajah Taluk, Ranipet District 632506",RANIPET,SELF FINANCING COLLEGES TIER 3,ME,MECHANICAL ENGINEERING,154398,,,,,,,1,0,0,0,0,0,0
1524,"Annamalaiar College of Engineering, Modaiyur Village, Polur Taluk, Thiruvannamalai District 606902",THIRUVANNAMALAI,SELF FINANCING COLLEGES TIER 3,CE,CIVIL  ENGINEERING,,,,,,,,0,0,0,0,0,0,0
1524,"Annamalaiar College of Engineering, Modaiyur Village, Polur Taluk, Thiruvannamalai District 606902",THIRUVANNAMALAI,SELF FINANCING COLLEGES TIER 3,CS,COMPUTER SCIENCE AND ENGINEERING,154782,,,,,,,1,0,0,0,0,0,0
1524,"Annamalaiar College of Engineering, Modaiyur Village, Polur Taluk, Thiruvannamalai District 606902",THIRUVANNAMALAI,SELF FINANCING COLLEGES TIER 3,EC,ELECTRONICS AND COMMUNICATION ENGINEERING,135754,,,,,,,1,0,0,0,0,0,0
1524,"Annamalaiar College of Engineering, Modaiyur Village, Polur Taluk, Thiruvannamalai District 606902",THIRUVANNAMALAI,SELF FINANCING COLLEGES TIER 3,EE,ELECTRICAL AND ELECTRONICS ENGINEERING,98277,,,,,,,1,0,0,0,0,0,0
1524,"Annamalaiar College of Engineering, Modaiyur Village, Polur Taluk, Thiruvannamalai District 606902",THIRUVANNAMALAI,SELF FINANCING COLLEGES TIER 3,ME,MECHANICAL ENGINEERING,,,,,,,,0,0,0,0,0,0,0
1525,"Podhigai College of Engineering and Technology, Vinayakapuram, Adiyur Post, Tirupattur District 635601",THIRUPATHUR,SELF FINANCING COLLEGES TIER 3,CE,CIVIL  ENGINEERING,96211,,,,,,,1,0,0,0,0,0,0
1525,"Podhigai College of Engineering and Technology, Vinayakapuram, Adiyur Post, Tirupattur District 635601",THIRUPATHUR,SELF FINANCING COLLEGES TIER 3,CS,COMPUTER SCIENCE AND ENGINEERING,121060,154441,144798,142887,144092,,,0,1,0,1,0,0,0
1525,"Podhigai College of Engineering and Technology, Vinayakapuram, Adiyur Post, Tirupattur District 635601",THIRUPATHUR,SELF FINANCING COLLEGES TIER 3,EC,ELECTRONICS AND COMMUNICATION ENGINEERING,148577,,,156135,156034,,,0,0,0,1,1,0,0
1525,"Podhigai College of Engineering and Technology, Vinayakapuram, Adiyur Post, Tirupattur District 635601",THIRUPATHUR,SELF FINANCING COLLEGES TIER 3,EE,ELECTRICAL AND ELECTRONICS ENGINEERING,154938,,,,,,,1,0,0,0,0,0,0
1525,"Podhigai College of Engineering and Technology, Vinayakapuram, Adiyur Post, Tirupattur District 635601",THIRUPATHUR,SELF FINANCING COLLEGES TIER 3,ME,MECHANICAL ENGINEERING,122851,,,,,,,1,0,0,0,0,0,0
1526,"Sri Krishna College of Engineering, Tiruttani High Road, Arakkonam, Ranipet District 631003",RANIPET,SELF FINANCING COLLEGES TIER 3,CE,CIVIL  ENGINEERING,,,,,,,,0,0,0,0,0,0,0
1526,"Sri Krishna College of Engineering, Tiruttani High Road, Arakkonam, Ranipet District 631003",RANIPET,SELF FINANCING COLLEGES TIER 3,CS,COMPUTER SCIENCE AND ENGINEERING,133549,,,,,,,1,0,0,0,0,0,0
1526,"Sri Krishna College of Engineering, Tiruttani High Road, Arakkonam, Ranipet District 631003",RANIPET,SELF FINANCING COLLEGES TIER 3,EC,ELECTRONICS AND COMMUNICATION ENGINEERING,156190,,,,,,,1,0,0,0,0,0,0
1526,"Sri Krishna College of Engineering, Tiruttani High Road, Arakkonam, Ranipet District 631003",RANIPET,SELF FINANCING COLLEGES TIER 3,EE,ELECTRICAL AND ELECTRONICS ENGINEERING,,,,,,,,0,0,0,0,0,0,0
1526,"Sri Krishna College of Engineering, Tiruttani High Road, Arakkonam, Ranipet District 631003",RANIPET,SELF FINANCING COLLEGES TIER 3,ME,MECHANICAL ENGINEERING,,,,,,,,0,0,0,0,0,0,0
1529,"Oxford College of Engineering, Venmani Village, Karaipoondi Post, Polur Taluk, Thiruvannamalai District 606803",THIRUVANNAMALAI,SELF FINANCING COLLEGES TIER 3,CE,CIVIL  ENGINEERING,,,,,,,,0,0,0,0,0,0,0
1529,"Oxford College of Engineering, Venmani Village, Karaipoondi Post, Polur Taluk, Thiruvannamalai District 606803",THIRUVANNAMALAI,SELF FINANCING COLLEGES TIER 3,CS,COMPUTER SCIENCE AND ENGINEERING,,,,,,,,0,0,0,0,0,0,0
1529,"Oxford College of Engineering, Venmani Village, Karaipoondi Post, Polur Taluk, Thiruvannamalai District 606803",THIRUVANNAMALAI,SELF FINANCING COLLEGES TIER 3,EC,ELECTRONICS AND COMMUNICATION ENGINEERING,128968,,,,,,,1,0,0,0,0,0,0
1529,"Oxford College of Engineering, Venmani Village, Karaipoondi Post, Polur Taluk, Thiruvannamalai District 606803",THIRUVANNAMALAI,SELF FINANCING COLLEGES TIER 3,EE,ELECTRICAL AND ELECTRONICS ENGINEERING,,,,,,,,0,0,0,0,0,0,0
1529,"Oxford College of Engineering, Venmani Village, Karaipoondi Post, Polur Taluk, Thiruvannamalai District 606803",THIRUVANNAMALAI,SELF FINANCING COLLEGES TIER 3,ME,MECHANICAL ENGINEERING,,,,,,,,0,0,0,0,0,0,0
1533,"Panimalar Engineering College Chennai City Campus, No.23, Railway Colony 2nd Street, Nelson Manickam Road, Chennai - 600029",CHENNAI,SELF FINANCING COLLEGES TIER 3,AD,ARTIFICIAL INTELLIGENCE AND DATA SCIENCE,38888,58294,61750,69501,125201,,,0,0,0,0,0,0,0
1533,"Panimalar Engineering College Chennai City Campus, No.23, Railway Colony 2nd Street, Nelson Manickam Road, Chennai - 600029",CHENNAI,SELF FINANCING COLLEGES TIER 3,CS,COMPUTER SCIENCE AND ENGINEERING,38025,52168,72716,59361,130625,122182,,0,0,0,0,0,1,0
1533,"Panimalar Engineering College Chennai City Campus, No.23, Railway Colony 2nd Street, Nelson Manickam Road, Chennai - 600029",CHENNAI,SELF FINANCING COLLEGES TIER 3,IT,INFORMATION TECHNOLOGY,37783,54792,,53739,122122,,,0,0,0,0,0,0,0
1605,"Idhaya Engineering College for Women, Chinnasalem, Kallakkurichi District 606201",KALLAKURICHI,SELF FINANCING COLLEGES TIER 3,CS,COMPUTER SCIENCE AND ENGINEERING,95830,151270,,154216,132055,,,0,1,0,1,1,0,0
1605,"Idhaya Engineering College for Women, Chinnasalem, Kallakkurichi District 606201",KALLAKURICHI,SELF FINANCING COLLEGES TIER 3,EC,ELECTRONICS AND COMMUNICATION ENGINEERING,149402,,,,,,,1,0,0,0,0,0,0
1605,"Idhaya Engineering College for Women, Chinnasalem, Kallakkurichi District 606201",KALLAKURICHI,SELF FINANCING COLLEGES TIER 3,EE,ELECTRICAL AND ELECTRONICS ENGINEERING,118851,,,,,,,1,0,0,0,0,0,0
1605,"Idhaya Engineering College for Women, Chinnasalem, Kallakkurichi District 606201",KALLAKURICHI,SELF FINANCING COLLEGES TIER 3,IT,INFORMATION TECHNOLOGY,133805,143437,,151529,149536,,,0,1,0,1,1,0,0
2302,"Sri Shanmugha College of Engineering and Technology, Morur Bit II Village, Salem District 637304",SALEM,SELF FINANCING COLLEGES TIER 3,AD,ARTIFICIAL INTELLIGENCE AND DATA SCIENCE,120366,148217,,153569,,,,0,1,0,1,0,0,0
2302,"Sri Shanmugha College of Engineering and Technology, Morur Bit II Village, Salem District 637304",SALEM,SELF FINANCING COLLEGES TIER 3,AG,AGRICULTURAL ENGINEERING,153956,,,,,,,1,0,0,0,0,0,0
2302,"Sri Shanmugha College of Engineering and Technology, Morur Bit II Village, Salem District 637304",SALEM,SELF FINANCING COLLEGES TIER 3,BM,BIO MEDICAL ENGINEERING,132350,155063,,,,,,0,1,0,0,0,0,0
2302,"Sri Shanmugha College of Engineering and Technology, Morur Bit II Village, Salem District 637304",SALEM,SELF FINANCING COLLEGES TIER 3,CS,COMPUTER SCIENCE AND ENGINEERING,94275,153333,,139300,112539,,,0,1,0,0,1,0,0
2302,"Sri Shanmugha College of Engineering and Technology, Morur Bit II Village, Salem District 637304",SALEM,SELF FINANCING COLLEGES TIER 3,EC,ELECTRONICS AND COMMUNICATION ENGINEERING,131623,154252,,153880,153494,136094,,0,1,0,1,1,1,0
2302,"Sri Shanmugha College of Engineering and Technology, Morur Bit II Village, Salem District 637304",SALEM,SELF FINANCING COLLEGES TIER 3,IT,INFORMATION TECHNOLOGY,95878,136733,141776,132003,144510,,,0,0,0,1,1,0,0
2302,"Sri Shanmugha College of Engineering and Technology, Morur Bit II Village, Salem District 637304",SALEM,SELF FINANCING COLLEGES TIER 3,ME,MECHANICAL ENGINEERING,153004,,,,,,,1,0,0,0,0,0,0
2314,"Muthayammal College of Engineering, Kakkaveri Post, Namakkal District 637408",NAMAKKAL,SELF FINANCING COLLEGES TIER 3,AD,ARTIFICIAL INTELLIGENCE AND DATA SCIENCE,121067,136296,,150135,130872,145083,,0,1,0,0,1,1,0
2314,"Muthayammal College of Engineering, Kakkaveri Post, Namakkal District 637408",NAMAKKAL,SELF FINANCING COLLEGES TIER 3,AG,AGRICULTURAL ENGINEERING,135594,,,,,,,1,0,0,0,0,0,0
2314,"Muthayammal College of Engineering, Kakkaveri Post, Namakkal District 637408",NAMAKKAL,SELF FINANCING COLLEGES TIER 3,CS,COMPUTER SCIENCE AND ENGINEERING,104017,150835,,136629,126883,,,0,1,0,0,1,0,0
2314,"Muthayammal College of Engineering, Kakkaveri Post, Namakkal District 637408",NAMAKKAL,SELF FINANCING COLLEGES TIER 3,EC,ELECTRONICS AND COMMUNICATION ENGINEERING,116425,148746,,138831,133543,135850,,0,1,0,0,1,0,0
2314,"Muthayammal College of Engineering, Kakkaveri Post, Namakkal District 637408",NAMAKKAL,SELF FINANCING COLLEGES TIER 3,EE,ELECTRICAL AND ELECTRONICS ENGINEERING,136754,145910,,143019,,138168,,0,1,0,1,0,0,0
2327,"N S N College of Engineering and Technology, Karur-Madurai NH7, Manalmedu, Karur District 639003",KARUR,SELF FINANCING COLLEGES TIER 3,CE,CIVIL  ENGINEERING,148461,,,,,,,1,0,0,0,0,0,0
2327,"N S N College of Engineering and Technology, Karur-Madurai NH7, Manalmedu, Karur District 639003",KARUR,SELF FINANCING COLLEGES TIER 3,CS,COMPUTER SCIENCE AND ENGINEERING,107546,155631,122595,141588,150211,118924,,0,1,1,1,0,0,0
2327,"N S N College of Engineering and Technology, Karur-Madurai NH7, Manalmedu, Karur District 639003",KARUR,SELF FINANCING COLLEGES TIER 3,EC,ELECTRONICS AND COMMUNICATION ENGINEERING,143723,155985,,155820,155185,148865,,0,1,0,1,1,0,0
2327,"N S N College of Engineering and Technology, Karur-Madurai NH7, Manalmedu, Karur District 639003",KARUR,SELF FINANCING COLLEGES TIER 3,EE,ELECTRICAL AND ELECTRONICS ENGINEERING,152228,,,,,,,1,0,0,0,0,0,0
2327,"N S N College of Engineering and Technology, Karur-Madurai NH7, Manalmedu, Karur District 639003",KARUR,SELF FINANCING COLLEGES TIER 3,ME,MECHANICAL ENGINEERING,155713,,,,,,,1,0,0,0,0,0,0
2328,"K S R Institute for Engineering and Technology, Thokkavadi, Namakkal District 637215",NAMAKKAL,SELF FINANCING COLLEGES TIER 3,BM,BIO MEDICAL ENGINEERING,97507,132888,131849,151053,156218,,,0,1,0,0,0,0,0
2328,"K S R Institute for Engineering and Technology, Thokkavadi, Namakkal District 637215",NAMAKKAL,SELF FINANCING COLLEGES TIER 3,CS,COMPUTER SCIENCE AND ENGINEERING,60889,82742,109909,107118,146709,,,0,0,0,0,1,0,0
2328,"K S R Institute for Engineering and Technology, Thokkavadi, Namakkal District 637215",NAMAKKAL,SELF FINANCING COLLEGES TIER 3,EC,ELECTRONICS AND COMMUNICATION ENGINEERING,84373,114278,,105323,132041,137876,,0,0,0,0,1,0,0
2328,"K S R Institute for Engineering and Technology, Thokkavadi, Namakkal District 637215",NAMAKKAL,SELF FINANCING COLLEGES TIER 3,EE,ELECTRICAL AND ELECTRONICS ENGINEERING,116901,132446,152257,130393,156040,133981,,0,0,1,0,1,0,0
2328,"K S R Institute for Engineering and Technology, Thokkavadi, Namakkal District 637215",NAMAKKAL,SELF FINANCING COLLEGES TIER 3,IT,INFORMATION TECHNOLOGY,68981,85208,101212,98651,149186,136767,,0,0,0,0,1,0,0
2328,"K S R Institute for Engineering and Technology, Thokkavadi, Namakkal District 637215",NAMAKKAL,SELF FINANCING COLLEGES TIER 3,ME,MECHANICAL ENGINEERING,130065,154105,,154355,151904,152576,,0,1,0,0,1,0,0
2328,"K S R Institute for Engineering and Technology, Thokkavadi, Namakkal District 637215",NAMAKKAL,SELF FINANCING COLLEGES TIER 3,SC,Computer Science and Engineering (Cyber Security),84307,108867,84345,116313,,,,0,0,0,0,0,0,0
2329,"Rathinam Technical Campus, Pollachi Road, Eachanari, Coimbatore District 641021",COIMBATORE,SELF FINANCING COLLEGES TIER 3,AD,ARTIFICIAL INTELLIGENCE AND DATA SCIENCE,48726,67809,49225,75742,124683,61876,,0,0,0,0,0,0,0
2329,"Rathinam Technical Campus, Pollachi Road, Eachanari, Coimbatore District 641021",COIMBATORE,SELF FINANCING COLLEGES TIER 3,AG,AGRICULTURAL ENGINEERING,50239,88449,79299,121240,60614,109419,,0,0,0,0,0,0,0
2329,"Rathinam Technical Campus, Pollachi Road, Eachanari, Coimbatore District 641021",COIMBATORE,SELF FINANCING COLLEGES TIER 3,BM,BIO MEDICAL ENGINEERING,65163,75119,69823,111181,129656,106938,,0,0,0,0,0,0,0
2329,"Rathinam Technical Campus, Pollachi Road, Eachanari, Coimbatore District 641021",COIMBATORE,SELF FINANCING COLLEGES TIER 3,BT,BIO TECHNOLOGY,55489,84822,78846,106161,78864,151972,,0,0,0,0,0,0,0
2329,"Rathinam Technical Campus, Pollachi Road, Eachanari, Coimbatore District 641021",COIMBATORE,SELF FINANCING COLLEGES TIER 3,CS,COMPUTER SCIENCE AND ENGINEERING,44596,65592,85928,79548,102458,118048,,0,0,0,0,0,0,0
2329,"Rathinam Technical Campus, Pollachi Road, Eachanari, Coimbatore District 641021",COIMBATORE,SELF FINANCING COLLEGES TIER 3,EC,ELECTRONICS AND COMMUNICATION ENGINEERING,46180,55600,,83781,118934,,,0,0,0,0,0,0,0
2329,"Rathinam Technical Campus, Pollachi Road, Eachanari, Coimbatore District 641021",COIMBATORE,SELF FINANCING COLLEGES TIER 3,IT,INFORMATION TECHNOLOGY,43815,62036,51668,75032,86842,63256,111893,0,0,0,0,0,0,0
2329,"Rathinam Technical Campus, Pollachi Road, Eachanari, Coimbatore District 641021",COIMBATORE,SELF FINANCING COLLEGES TIER 3,ME,MECHANICAL ENGINEERING,113528,135806,138760,134226,123432,,,0,0,0,0,0,0,0
2329,"Rathinam Technical Campus, Pollachi Road, Eachanari, Coimbatore District 641021",COIMBATORE,SELF FINANCING COLLEGES TIER 3,XS,COMPUTER SCIENCE AND ENGINEERING (TAMIL),97096,113975,101302,120259,134422,128311,,0,0,0,0,0,0,0
2332,"Aishwarya College of Engineering and Technology, Errattaikaradu Paruvachi Post, Anthiyur (Via), Bhavani Taluk, Erode District 638312",ERODE,SELF FINANCING COLLEGES TIER 3,CE,CIVIL  ENGINEERING,,,,,,,,0,0,0,0,0,0,0
2332,"Aishwarya College of Engineering and Technology, Errattaikaradu Paruvachi Post, Anthiyur (Via), Bhavani Taluk, Erode District 638312",ERODE,SELF FINANCING COLLEGES TIER 3,CS,COMPUTER SCIENCE AND ENGINEERING,,,,,,,,0,0,0,0,0,0,0
2332,"Aishwarya College of Engineering and Technology, Errattaikaradu Paruvachi Post, Anthiyur (Via), Bhavani Taluk, Erode District 638312",ERODE,SELF FINANCING COLLEGES TIER 3,EC,ELECTRONICS AND COMMUNICATION ENGINEERING,,,,,,,,0,0,0,0,0,0,0
2332,"Aishwarya College of Engineering and Technology, Errattaikaradu Paruvachi Post, Anthiyur (Via), Bhavani Taluk, Erode District 638312",ERODE,SELF FINANCING COLLEGES TIER 3,EE,ELECTRICAL AND ELECTRONICS ENGINEERING,,,,,,,,0,0,0,0,0,0,0
2332,"Aishwarya College of Engineering and Technology, Errattaikaradu Paruvachi Post, Anthiyur (Via), Bhavani Taluk, Erode District 638312",ERODE,SELF FINANCING COLLEGES TIER 3,ME,MECHANICAL ENGINEERING,,,,,,,,0,0,0,0,0,0,0
2338,"Asian College of Engineering and Technology, Asian College Road, Kondayampalayam, Near Saravanampatti, Coimbatore District 641110",COIMBATORE,SELF FINANCING COLLEGES TIER 3,AD,ARTIFICIAL INTELLIGENCE AND DATA SCIENCE,138773,145108,,,154958,150390,,0,1,0,0,0,0,0
2338,"Asian College of Engineering and Technology, Asian College Road, Kondayampalayam, Near Saravanampatti, Coimbatore District 641110",COIMBATORE,SELF FINANCING COLLEGES TIER 3,AG,AGRICULTURAL ENGINEERING,138891,154335,,,153021,151754,151473,0,1,0,0,0,0,0
2338,"Asian College of Engineering and Technology, Asian College Road, Kondayampalayam, Near Saravanampatti, Coimbatore District 641110",COIMBATORE,SELF FINANCING COLLEGES TIER 3,BM,BIO MEDICAL ENGINEERING,134708,138624,,152234,145264,152549,,0,1,0,1,0,0,0
2338,"Asian College of Engineering and Technology, Asian College Road, Kondayampalayam, Near Saravanampatti, Coimbatore District 641110",COIMBATORE,SELF FINANCING COLLEGES TIER 3,CS,COMPUTER SCIENCE AND ENGINEERING,134575,154772,140751,155673,148968,,,0,1,0,1,0,0,0
2338,"Asian College of Engineering and Technology, Asian College Road, Kondayampalayam, Near Saravanampatti, Coimbatore District 641110",COIMBATORE,SELF FINANCING COLLEGES TIER 3,EE,ELECTRICAL AND ELECTRONICS ENGINEERING,147910,,,150716,151670,,,0,0,0,1,0,0,0
2338,"Asian College of Engineering and Technology, Asian College Road, Kondayampalayam, Near Saravanampatti, Coimbatore District 641110",COIMBATORE,SELF FINANCING COLLEGES TIER 3,ME,MECHANICAL ENGINEERING,147528,,,,,,,1,0,0,0,0,0,0
2341,"Ganesh College of Engineering, Attur Main Road, Mettupatti, Salem District 636111",SALEM,SELF FINANCING COLLEGES TIER 3,AD,ARTIFICIAL INTELLIGENCE AND DATA SCIENCE,155286,155310,,,,,,0,1,0,0,0,0,0
2341,"Ganesh College of Engineering, Attur Main Road, Mettupatti, Salem District 636111",SALEM,SELF FINANCING COLLEGES TIER 3,BM,BIO MEDICAL ENGINEERING,150809,155200,,153924,155940,,,0,1,0,1,0,0,0
2341,"Ganesh College of Engineering, Attur Main Road, Mettupatti, Salem District 636111",SALEM,SELF FINANCING COLLEGES TIER 3,CE,CIVIL  ENGINEERING,155354,,,,,,,1,0,0,0,0,0,0
2341,"Ganesh College of Engineering, Attur Main Road, Mettupatti, Salem District 636111",SALEM,SELF FINANCING COLLEGES TIER 3,CS,COMPUTER SCIENCE AND ENGINEERING,149977,155858,,154652,153097,155700,152912,0,1,0,1,1,0,0
2341,"Ganesh College of Engineering, Attur Main Road, Mettupatti, Salem District 636111",SALEM,SELF FINANCING COLLEGES TIER 3,EC,ELECTRONICS AND COMMUNICATION ENGINEERING,148124,154687,,155995,155432,,,0,1,0,1,1,0,0
2341,"Ganesh College of Engineering, Attur Main Road, Mettupatti, Salem District 636111",SALEM,SELF FINANCING COLLEGES TIER 3,EE,ELECTRICAL AND ELECTRONICS ENGINEERING,156195,,,,,,,0,0,0,0,0,0,0
2341,"Ganesh College of Engineering, Attur Main Road, Mettupatti, Salem District 636111",SALEM,SELF FINANCING COLLEGES TIER 3,IT,INFORMATION TECHNOLOGY,143240,147102,,152928,148296,,,0,1,0,1,0,0,0
2341,"Ganesh College of Engineering, Attur Main Road, Mettupatti, Salem District 636111",SALEM,SELF FINANCING COLLEGES TIER 3,ME,MECHANICAL ENGINEERING,156033,,,,,,,1,0,0,0,0,0,0
2342,"Sri Ranganathar Institute of Engineering and Technology, Thudialur-Kovilpalay Road, Coimbatore District 641110",COIMBATORE,SELF FINANCING COLLEGES TIER 3,CE,CIVIL  ENGINEERING,152758,,,,,,,1,0,0,0,0,0,0
2342,"Sri Ranganathar Institute of Engineering and Technology, Thudialur-Kovilpalay Road, Coimbatore District 641110",COIMBATORE,SELF FINANCING COLLEGES TIER 3,CS,COMPUTER SCIENCE AND ENGINEERING,90026,121027,,133302,153389,101024,,0,0,0,0,0,0,0
2342,"Sri Ranganathar Institute of Engineering and Technology, Thudialur-Kovilpalay Road, Coimbatore District 641110",COIMBATORE,SELF FINANCING COLLEGES TIER 3,EC,ELECTRONICS AND COMMUNICATION ENGINEERING,107558,140266,,151308,149137,,,0,0,0,1,1,0,0
2342,"Sri Ranganathar Institute of Engineering and Technology, Thudialur-Kovilpalay Road, Coimbatore District 641110",COIMBATORE,SELF FINANCING COLLEGES TIER 3,EE,ELECTRICAL AND ELECTRONICS ENGINEERING,146325,155515,,155195,,,,0,1,0,1,0,0,0
2342,"Sri Ranganathar Institute of Engineering and Technology, Thudialur-Kovilpalay Road, Coimbatore District 641110",COIMBATORE,SELF FINANCING COLLEGES TIER 3,ME,MECHANICAL ENGINEERING,156214,,,,,,,1,0,0,0,0,0,0
2345,"Dhirajlal Gandhi College of Technology, Sikkanampatty, (Opp. to Airport), Omalur Taluk, Salem District 636309",SALEM,SELF FINANCING COLLEGES TIER 3,AD,ARTIFICIAL INTELLIGENCE AND DATA SCIENCE,88950,120055,,131267,139917,,,0,0,0,0,1,0,0
2345,"Dhirajlal Gandhi College of Technology, Sikkanampatty, (Opp. to Airport), Omalur Taluk, Salem District 636309",SALEM,SELF FINANCING COLLEGES TIER 3,AG,AGRICULTURAL ENGINEERING,131469,148578,,149602,,,,0,1,0,1,0,0,0
2345,"Dhirajlal Gandhi College of Technology, Sikkanampatty, (Opp. to Airport), Omalur Taluk, Salem District 636309",SALEM,SELF FINANCING COLLEGES TIER 3,CE,CIVIL  ENGINEERING,119663,135419,,145054,,,,0,1,0,0,0,0,0
2345,"Dhirajlal Gandhi College of Technology, Sikkanampatty, (Opp. to Airport), Omalur Taluk, Salem District 636309",SALEM,SELF FINANCING COLLEGES TIER 3,CS,COMPUTER SCIENCE AND ENGINEERING,84192,151826,119748,108910,155478,,,0,0,0,0,1,0,0
2345,"Dhirajlal Gandhi College of Technology, Sikkanampatty, (Opp. to Airport), Omalur Taluk, Salem District 636309",SALEM,SELF FINANCING COLLEGES TIER 3,EC,ELECTRONICS AND COMMUNICATION ENGINEERING,108569,147118,117887,135138,147658,155367,,0,0,1,0,1,1,0
2345,"Dhirajlal Gandhi College of Technology, Sikkanampatty, (Opp. to Airport), Omalur Taluk, Salem District 636309",SALEM,SELF FINANCING COLLEGES TIER 3,EE,ELECTRICAL AND ELECTRONICS ENGINEERING,134084,155059,,146353,152574,,,0,1,0,0,1,0,0
2345,"Dhirajlal Gandhi College of Technology, Sikkanampatty, (Opp. to Airport), Omalur Taluk, Salem District 636309",SALEM,SELF FINANCING COLLEGES TIER 3,IT,INFORMATION TECHNOLOGY,79688,138825,134553,118445,,,145645,0,0,0,0,0,0,0
2345,"Dhirajlal Gandhi College of Technology, Sikkanampatty, (Opp. to Airport), Omalur Taluk, Salem District 636309",SALEM,SELF FINANCING COLLEGES TIER 3,ME,MECHANICAL ENGINEERING,154126,,,155724,,,,0,0,0,1,0,0,0
2346,"Shree Sathyam College of Engineering and Technology, NH-47, Manjakkalpatti, Kuppanur Post, Sankari Taluk, Salem District 637301",SALEM,SELF FINANCING COLLEGES TIER 3,AD,ARTIFICIAL INTELLIGENCE AND DATA SCIENCE,156266,,,,,,,1,0,0,0,0,0,0
2346,"Shree Sathyam College of Engineering and Technology, NH-47, Manjakkalpatti, Kuppanur Post, Sankari Taluk, Salem District 637301",SALEM,SELF FINANCING COLLEGES TIER 3,CE,CIVIL  ENGINEERING,153567,,,,,,,1,0,0,0,0,0,0
2346,"Shree Sathyam College of Engineering and Technology, NH-47, Manjakkalpatti, Kuppanur Post, Sankari Taluk, Salem District 637301",SALEM,SELF FINANCING COLLEGES TIER 3,CS,COMPUTER SCIENCE AND ENGINEERING,140078,148183,,155169,156232,,,0,1,0,1,0,0,0
2346,"Shree Sathyam College of Engineering and Technology, NH-47, Manjakkalpatti, Kuppanur Post, Sankari Taluk, Salem District 637301",SALEM,SELF FINANCING COLLEGES TIER 3,EC,ELECTRONICS AND COMMUNICATION ENGINEERING,149815,,,,151337,,,0,0,0,0,1,0,0
2346,"Shree Sathyam College of Engineering and Technology, NH-47, Manjakkalpatti, Kuppanur Post, Sankari Taluk, Salem District 637301",SALEM,SELF FINANCING COLLEGES TIER 3,EE,ELECTRICAL AND ELECTRONICS ENGINEERING,144152,,,,,,,1,0,0,0,0,0,0
2346,"Shree Sathyam College of Engineering and Technology, NH-47, Manjakkalpatti, Kuppanur Post, Sankari Taluk, Salem District 637301",SALEM,SELF FINANCING COLLEGES TIER 3,ME,MECHANICAL ENGINEERING,156270,,,,,,,1,0,0,0,0,0,0
2347,"AVS College of Technology, Attur Main Road, Near AVS College of Arts & Science, Chinnagoundapuram, Salem District 636106",SALEM,SELF FINANCING COLLEGES TIER 3,AG,AGRICULTURAL ENGINEERING,112759,152002,150023,153656,154984,134744,119692,0,1,1,1,0,0,0
2347,"AVS College of Technology, Attur Main Road, Near AVS College of Arts & Science, Chinnagoundapuram, Salem District 636106",SALEM,SELF FINANCING COLLEGES TIER 3,CS,COMPUTER SCIENCE AND ENGINEERING,66664,140559,99507,110193,112481,90710,112537,0,0,1,0,0,0,0
2347,"AVS College of Technology, Attur Main Road, Near AVS College of Arts & Science, Chinnagoundapuram, Salem District 636106",SALEM,SELF FINANCING COLLEGES TIER 3,EC,ELECTRONICS AND COMMUNICATION ENGINEERING,112527,141221,139149,154196,149910,138172,,0,1,1,1,0,0,0
2347,"AVS College of Technology, Attur Main Road, Near AVS College of Arts & Science, Chinnagoundapuram, Salem District 636106",SALEM,SELF FINANCING COLLEGES TIER 3,EE,ELECTRICAL AND ELECTRONICS ENGINEERING,129576,154611,,154757,152166,155677,,0,1,0,1,0,0,0
2347,"AVS College of Technology, Attur Main Road, Near AVS College of Arts & Science, Chinnagoundapuram, Salem District 636106",SALEM,SELF FINANCING COLLEGES TIER 3,IT,INFORMATION TECHNOLOGY,90793,145298,120940,108686,112039,127656,121723,0,1,1,0,0,0,0
2347,"AVS College of Technology, Attur Main Road, Near AVS College of Arts & Science, Chinnagoundapuram, Salem District 636106",SALEM,SELF FINANCING COLLEGES TIER 3,ME,MECHANICAL ENGINEERING,138874,144228,142307,154675,155519,152468,,0,1,1,1,0,0,0
2349,"Dhaanish Ahmed Institute of Technology, Pichanur Post, (Near K G Chavadi), Coimbatore District 641105",COIMBATORE,SELF FINANCING COLLEGES TIER 3,AD,ARTIFICIAL INTELLIGENCE AND DATA SCIENCE,118121,154760,119544,134176,120630,,,0,1,0,1,1,0,0
2349,"Dhaanish Ahmed Institute of Technology, Pichanur Post, (Near K G Chavadi), Coimbatore District 641105",COIMBATORE,SELF FINANCING COLLEGES TIER 3,BM,BIO MEDICAL ENGINEERING,112258,133043,116701,133723,152314,,,0,1,0,1,1,0,0
2349,"Dhaanish Ahmed Institute of Technology, Pichanur Post, (Near K G Chavadi), Coimbatore District 641105",COIMBATORE,SELF FINANCING COLLEGES TIER 3,CS,COMPUTER SCIENCE AND ENGINEERING,91081,123835,,107037,138823,,,0,1,0,1,1,0,0
2349,"Dhaanish Ahmed Institute of Technology, Pichanur Post, (Near K G Chavadi), Coimbatore District 641105",COIMBATORE,SELF FINANCING COLLEGES TIER 3,FD,FOOD TECHNOLOGY,152567,,155777,,,,,0,0,0,0,0,0,0
2349,"Dhaanish Ahmed Institute of Technology, Pichanur Post, (Near K G Chavadi), Coimbatore District 641105",COIMBATORE,SELF FINANCING COLLEGES TIER 3,RM,ROBOTICS AND AUTOMATION,127063,147821,134368,130216,156114,,,0,1,0,1,1,0,0
2350,"Jairupaa College of Engineering, Thottiapalayam, Kathankanni Post, Kangayam, Tiruppur District 641 604",TIRUPPUR,SELF FINANCING COLLEGES TIER 3,CE,CIVIL  ENGINEERING,,,,,,,,0,0,0,0,0,0,0
2350,"Jairupaa College of Engineering, Thottiapalayam, Kathankanni Post, Kangayam, Tiruppur District 641 604",TIRUPPUR,SELF FINANCING COLLEGES TIER 3,CS,COMPUTER SCIENCE AND ENGINEERING,,,,,,,,0,0,0,0,0,0,0
2350,"Jairupaa College of Engineering, Thottiapalayam, Kathankanni Post, Kangayam, Tiruppur District 641 604",TIRUPPUR,SELF FINANCING COLLEGES TIER 3,EC,ELECTRONICS AND COMMUNICATION ENGINEERING,,,,,,,,0,0,0,0,0,0,0
2350,"Jairupaa College of Engineering, Thottiapalayam, Kathankanni Post, Kangayam, Tiruppur District 641 604",TIRUPPUR,SELF FINANCING COLLEGES TIER 3,EE,ELECTRICAL AND ELECTRONICS ENGINEERING,,,,,,,,0,0,0,0,0,0,0
2350,"Jairupaa College of Engineering, Thottiapalayam, Kathankanni Post, Kangayam, Tiruppur District 641 604",TIRUPPUR,SELF FINANCING COLLEGES TIER 3,ME,MECHANICAL ENGINEERING,,,,,,,,0,0,0,0,0,0,0
2354,"Pollachi Institute of Engineering and Technology, Main Road, Poosaripatti, Pollachi Taluk, Coimbatore District 642205",COIMBATORE,SELF FINANCING COLLEGES TIER 3,CE,CIVIL  ENGINEERING,141652,,,,,,,1,0,0,0,0,0,0
2354,"Pollachi Institute of Engineering and Technology, Main Road, Poosaripatti, Pollachi Taluk, Coimbatore District 642205",COIMBATORE,SELF FINANCING COLLEGES TIER 3,CS,COMPUTER SCIENCE AND ENGINEERING,121183,140170,,135266,154236,,,0,1,0,1,1,0,0
2354,"Pollachi Institute of Engineering and Technology, Main Road, Poosaripatti, Pollachi Taluk, Coimbatore District 642205",COIMBATORE,SELF FINANCING COLLEGES TIER 3,EC,ELECTRONICS AND COMMUNICATION ENGINEERING,154443,,,,,,,0,0,0,0,0,0,0
2354,"Pollachi Institute of Engineering and Technology, Main Road, Poosaripatti, Pollachi Taluk, Coimbatore District 642205",COIMBATORE,SELF FINANCING COLLEGES TIER 3,EE,ELECTRICAL AND ELECTRONICS ENGINEERING,136715,,,,,,,1,0,0,0,0,0,0
2354,"Pollachi Institute of Engineering and Technology, Main Road, Poosaripatti, Pollachi Taluk, Coimbatore District 642205",COIMBATORE,SELF FINANCING COLLEGES TIER 3,ME,MECHANICAL ENGINEERING,153242,,,,,,,1,0,0,0,0,0,0
2355,"Cheran College of Engineering, Karur-Coimbatore Main Road, NH-67, K.Paramathi Post, Aravakurichi Taluk, Karur District 639111",KARUR,SELF FINANCING COLLEGES TIER 3,CE,CIVIL  ENGINEERING,,,,,,,,0,0,0,0,0,0,0
2355,"Cheran College of Engineering, Karur-Coimbatore Main Road, NH-67, K.Paramathi Post, Aravakurichi Taluk, Karur District 639111",KARUR,SELF FINANCING COLLEGES TIER 3,CS,COMPUTER SCIENCE AND ENGINEERING,,,,,,,,0,0,0,0,0,0,0
2355,"Cheran College of Engineering, Karur-Coimbatore Main Road, NH-67, K.Paramathi Post, Aravakurichi Taluk, Karur District 639111",KARUR,SELF FINANCING COLLEGES TIER 3,EC,ELECTRONICS AND COMMUNICATION ENGINEERING,,,,,,,,0,0,0,0,0,0,0
2355,"Cheran College of Engineering, Karur-Coimbatore Main Road, NH-67, K.Paramathi Post, Aravakurichi Taluk, Karur District 639111",KARUR,SELF FINANCING COLLEGES TIER 3,EE,ELECTRICAL AND ELECTRONICS ENGINEERING,,,,,,,,0,0,0,0,0,0,0
2355,"Cheran College of Engineering, Karur-Coimbatore Main Road, NH-67, K.Paramathi Post, Aravakurichi Taluk, Karur District 639111",KARUR,SELF FINANCING COLLEGES TIER 3,ME,MECHANICAL ENGINEERING,,,,,,,,0,0,0,0,0,0,0
2356,"Arulmurugan College of Engineering, Karvazhi Road, Thennilai Post, Karur District 639206",KARUR,SELF FINANCING COLLEGES TIER 3,CE,CIVIL  ENGINEERING,,,,,,,,0,0,0,0,0,0,0
2356,"Arulmurugan College of Engineering, Karvazhi Road, Thennilai Post, Karur District 639206",KARUR,SELF FINANCING COLLEGES TIER 3,CS,COMPUTER SCIENCE AND ENGINEERING,153156,,,,,,,0,0,0,0,0,0,0
2356,"Arulmurugan College of Engineering, Karvazhi Road, Thennilai Post, Karur District 639206",KARUR,SELF FINANCING COLLEGES TIER 3,EC,ELECTRONICS AND COMMUNICATION ENGINEERING,136906,,,,,,,1,0,0,0,0,0,0
2356,"Arulmurugan College of Engineering, Karvazhi Road, Thennilai Post, Karur District 639206",KARUR,SELF FINANCING COLLEGES TIER 3,EE,ELECTRICAL AND ELECTRONICS ENGINEERING,,,,,,,,0,0,0,0,0,0,0
2356,"Arulmurugan College of Engineering, Karvazhi Road, Thennilai Post, Karur District 639206",KARUR,SELF FINANCING COLLEGES TIER 3,ME,MECHANICAL ENGINEERING,,,,,,,,0,0,0,0,0,0,0
2357,"V S B College of Engineering Technical Campus, Ealur Pirivu, Solavampalayam Post, Coimbatore District 642109",COIMBATORE,SELF FINANCING COLLEGES TIER 3,AD,ARTIFICIAL INTELLIGENCE AND DATA SCIENCE,77892,94517,103004,112005,140043,122582,,0,0,0,0,1,1,0
2357,"V S B College of Engineering Technical Campus, Ealur Pirivu, Solavampalayam Post, Coimbatore District 642109",COIMBATORE,SELF FINANCING COLLEGES TIER 3,AG,AGRICULTURAL ENGINEERING,109953,119874,,,,,,0,1,0,0,0,0,0
2357,"V S B College of Engineering Technical Campus, Ealur Pirivu, Solavampalayam Post, Coimbatore District 642109",COIMBATORE,SELF FINANCING COLLEGES TIER 3,CE,CIVIL  ENGINEERING,150459,,,,,,,1,0,0,0,0,0,0
2357,"V S B College of Engineering Technical Campus, Ealur Pirivu, Solavampalayam Post, Coimbatore District 642109",COIMBATORE,SELF FINANCING COLLEGES TIER 3,CS,COMPUTER SCIENCE AND ENGINEERING,65201,92427,151936,108128,150036,,,0,0,0,0,1,0,0
2357,"V S B College of Engineering Technical Campus, Ealur Pirivu, Solavampalayam Post, Coimbatore District 642109",COIMBATORE,SELF FINANCING COLLEGES TIER 3,EC,ELECTRONICS AND COMMUNICATION ENGINEERING,75215,93136,101980,115819,105146,,,0,0,0,0,1,0,0
2357,"V S B College of Engineering Technical Campus, Ealur Pirivu, Solavampalayam Post, Coimbatore District 642109",COIMBATORE,SELF FINANCING COLLEGES TIER 3,EE,ELECTRICAL AND ELECTRONICS ENGINEERING,95123,99910,,128011,133496,,,0,0,0,1,1,0,0
2357,"V S B College of Engineering Technical Campus, Ealur Pirivu, Solavampalayam Post, Coimbatore District 642109",COIMBATORE,SELF FINANCING COLLEGES TIER 3,IT,INFORMATION TECHNOLOGY,70776,84706,100572,106035,140158,79414,,0,0,0,0,1,0,0
2357,"V S B College of Engineering Technical Campus, Ealur Pirivu, Solavampalayam Post, Coimbatore District 642109",COIMBATORE,SELF FINANCING COLLEGES TIER 3,ME,MECHANICAL ENGINEERING,129188,155312,,137185,,,,0,1,0,1,0,0,0
2360,"Suguna College of Engineering, Kalappatti Road, Civil Aerodrome Post, Coimbatore District 641014",COIMBATORE,SELF FINANCING COLLEGES TIER 3,AD,ARTIFICIAL INTELLIGENCE AND DATA SCIENCE,112320,139181,127293,129310,153745,138156,132573,0,0,0,0,0,0,0
2360,"Suguna College of Engineering, Kalappatti Road, Civil Aerodrome Post, Coimbatore District 641014",COIMBATORE,SELF FINANCING COLLEGES TIER 3,CS,COMPUTER SCIENCE AND ENGINEERING,84813,111242,98197,142152,110617,105352,,0,0,0,0,0,0,0
2360,"Suguna College of Engineering, Kalappatti Road, Civil Aerodrome Post, Coimbatore District 641014",COIMBATORE,SELF FINANCING COLLEGES TIER 3,EC,ELECTRONICS AND COMMUNICATION ENGINEERING,119473,140462,145714,146955,151580,,,0,0,1,0,1,0,0
2360,"Suguna College of Engineering, Kalappatti Road, Civil Aerodrome Post, Coimbatore District 641014",COIMBATORE,SELF FINANCING COLLEGES TIER 3,ME,MECHANICAL ENGINEERING,151148,155862,,,,,,0,1,0,0,0,0,0
2360,"Suguna College of Engineering, Kalappatti Road, Civil Aerodrome Post, Coimbatore District 641014",COIMBATORE,SELF FINANCING COLLEGES TIER 3,MZ,Mechatronics Engineering,149889,155046,,153477,,,,0,1,0,1,0,0,0
2367,"Arjun College of Technology, Chettiyakkapalayam, Kinathukadavu, Coimbatore District 642120",COIMBATORE,SELF FINANCING COLLEGES TIER 3,AD,ARTIFICIAL INTELLIGENCE AND DATA SCIENCE,148954,,,,,,,1,0,0,0,0,0,0
2367,"Arjun College of Technology, Chettiyakkapalayam, Kinathukadavu, Coimbatore District 642120",COIMBATORE,SELF FINANCING COLLEGES TIER 3,CB,COMPUTER SCIENCE AND BUSSINESS SYSTEM,155027,,,,,,,1,0,0,0,0,0,0
2367,"Arjun College of Technology, Chettiyakkapalayam, Kinathukadavu, Coimbatore District 642120",COIMBATORE,SELF FINANCING COLLEGES TIER 3,CE,CIVIL  ENGINEERING,,,,,,,,0,0,0,0,0,0,0
2367,"Arjun College of Technology, Chettiyakkapalayam, Kinathukadavu, Coimbatore District 642120",COIMBATORE,SELF FINANCING COLLEGES TIER 3,CS,COMPUTER SCIENCE AND ENGINEERING,132434,152086,,144708,,155074,,0,1,0,1,0,1,0
2367,"Arjun College of Technology, Chettiyakkapalayam, Kinathukadavu, Coimbatore District 642120",COIMBATORE,SELF FINANCING COLLEGES TIER 3,EC,ELECTRONICS AND COMMUNICATION ENGINEERING,146525,,,,,,,1,0,0,0,0,0,0
2367,"Arjun College of Technology, Chettiyakkapalayam, Kinathukadavu, Coimbatore District 642120",COIMBATORE,SELF FINANCING COLLEGES TIER 3,ME,MECHANICAL ENGINEERING,,,,,,,,0,0,0,0,0,0,0
2368,"Vishnu Lakshmi College of Engineering and Technology, Vellalore Post, Coimbatore District 641111",COIMBATORE,SELF FINANCING COLLEGES TIER 3,CE,CIVIL  ENGINEERING,,,,,,,,0,0,0,0,0,0,0
2368,"Vishnu Lakshmi College of Engineering and Technology, Vellalore Post, Coimbatore District 641111",COIMBATORE,SELF FINANCING COLLEGES TIER 3,CS,COMPUTER SCIENCE AND ENGINEERING,,,,,,,,0,0,0,0,0,0,0
2368,"Vishnu Lakshmi College of Engineering and Technology, Vellalore Post, Coimbatore District 641111",COIMBATORE,SELF FINANCING COLLEGES TIER 3,EC,ELECTRONICS AND COMMUNICATION ENGINEERING,,,,,,,,0,0,0,0,0,0,0
2368,"Vishnu Lakshmi College of Engineering and Technology, Vellalore Post, Coimbatore District 641111",COIMBATORE,SELF FINANCING COLLEGES TIER 3,EE,ELECTRICAL AND ELECTRONICS ENGINEERING,,,,,,,,0,0,0,0,0,0,0
2368,"Vishnu Lakshmi College of Engineering and Technology, Vellalore Post, Coimbatore District 641111",COIMBATORE,SELF FINANCING COLLEGES TIER 3,ME,MECHANICAL ENGINEERING,,,,,,,,0,0,0,0,0,0,0
2377,"PSG Institute of Technology and Applied Research, Avinashi Road, Neelambur, Coimbatore 641062",COIMBATORE,SELF FINANCING COLLEGES TIER 1,AD,ARTIFICIAL INTELLIGENCE AND DATA SCIENCE,2328,2963,4231,6405,26496,39224,,0,0,0,0,0,0,0
2377,"PSG Institute of Technology and Applied Research, Avinashi Road, Neelambur, Coimbatore 641062",COIMBATORE,SELF FINANCING COLLEGES TIER 1,CB,COMPUTER SCIENCE AND BUSSINESS SYSTEM,3230,4035,8927,8658,33987,64371,,0,0,0,0,0,0,0
2377,"PSG Institute of Technology and Applied Research, Avinashi Road, Neelambur, Coimbatore 641062",COIMBATORE,SELF FINANCING COLLEGES TIER 1,CE,CIVIL  ENGINEERING,23559,31310,45389,44914,62660,,,0,0,0,0,0,0,0
2377,"PSG Institute of Technology and Applied Research, Avinashi Road, Neelambur, Coimbatore 641062",COIMBATORE,SELF FINANCING COLLEGES TIER 1,CS,COMPUTER SCIENCE AND ENGINEERING,1697,2081,5637,4278,24139,31366,,0,0,0,0,0,0,0
2377,"PSG Institute of Technology and Applied Research, Avinashi Road, Neelambur, Coimbatore 641062",COIMBATORE,SELF FINANCING COLLEGES TIER 1,EC,ELECTRONICS AND COMMUNICATION ENGINEERING,2435,3197,5012,6696,28575,40518,30801,0,0,0,0,0,0,0
2377,"PSG Institute of Technology and Applied Research, Avinashi Road, Neelambur, Coimbatore 641062",COIMBATORE,SELF FINANCING COLLEGES TIER 1,EE,ELECTRICAL AND ELECTRONICS ENGINEERING,4320,6499,7676,10436,44081,82281,37253,0,0,0,0,0,0,0
2377,"PSG Institute of Technology and Applied Research, Avinashi Road, Neelambur, Coimbatore 641062",COIMBATORE,SELF FINANCING COLLEGES TIER 1,ME,MECHANICAL ENGINEERING,12228,18017,,20875,39564,55692,62509,0,0,0,0,0,0,0
2601,"Adhiyamaan  College of Engineering (Autonomous), Hosur, Krishnagiri District 635109",KRISHNAGIRI,SELF FINANCING COLLEGES TIER 3,AE,AERONAUTICAL ENGINEERING,146798,,,152615,,,,0,0,0,1,0,0,0
2601,"Adhiyamaan  College of Engineering (Autonomous), Hosur, Krishnagiri District 635109",KRISHNAGIRI,SELF FINANCING COLLEGES TIER 3,BM,BIO MEDICAL ENGINEERING,149105,,,,153679,,,0,0,0,0,1,0,0
2601,"Adhiyamaan  College of Engineering (Autonomous), Hosur, Krishnagiri District 635109",KRISHNAGIRI,SELF FINANCING COLLEGES TIER 3,BT,BIO TECHNOLOGY,93735,146921,132643,147463,153989,,,0,1,1,1,1,0,0
2601,"Adhiyamaan  College of Engineering (Autonomous), Hosur, Krishnagiri District 635109",KRISHNAGIRI,SELF FINANCING COLLEGES TIER 3,CE,CIVIL  ENGINEERING,132914,,,,,,,1,0,0,0,0,0,0
2601,"Adhiyamaan  College of Engineering (Autonomous), Hosur, Krishnagiri District 635109",KRISHNAGIRI,SELF FINANCING COLLEGES TIER 3,CH,CHEMICAL  ENGINEERING,154370,,,,,,,1,0,0,0,0,0,0
2601,"Adhiyamaan  College of Engineering (Autonomous), Hosur, Krishnagiri District 635109",KRISHNAGIRI,SELF FINANCING COLLEGES TIER 3,CS,COMPUTER SCIENCE AND ENGINEERING,47120,70149,84556,93311,139798,,,0,0,0,0,0,0,0
2601,"Adhiyamaan  College of Engineering (Autonomous), Hosur, Krishnagiri District 635109",KRISHNAGIRI,SELF FINANCING COLLEGES TIER 3,EC,ELECTRONICS AND COMMUNICATION ENGINEERING,77616,110402,149582,110791,151525,,,0,0,1,0,1,0,0
2601,"Adhiyamaan  College of Engineering (Autonomous), Hosur, Krishnagiri District 635109",KRISHNAGIRI,SELF FINANCING COLLEGES TIER 3,EE,ELECTRICAL AND ELECTRONICS ENGINEERING,123564,151885,,155351,,,,0,1,0,1,0,0,0
2601,"Adhiyamaan  College of Engineering (Autonomous), Hosur, Krishnagiri District 635109",KRISHNAGIRI,SELF FINANCING COLLEGES TIER 3,IT,INFORMATION TECHNOLOGY,48412,79551,122760,80658,141479,,,0,0,0,0,0,0,0
2601,"Adhiyamaan  College of Engineering (Autonomous), Hosur, Krishnagiri District 635109",KRISHNAGIRI,SELF FINANCING COLLEGES TIER 3,ME,MECHANICAL ENGINEERING,150947,,,,,,,1,0,0,0,0,0,0
2602,"Annai Mathammal Sheela Engineering College, Erumapatty Post, Namakkal District 637013",NAMAKKAL,SELF FINANCING COLLEGES TIER 3,AD,ARTIFICIAL INTELLIGENCE AND DATA SCIENCE,83228,,,,,,,1,0,0,0,0,0,0
2602,"Annai Mathammal Sheela Engineering College, Erumapatty Post, Namakkal District 637013",NAMAKKAL,SELF FINANCING COLLEGES TIER 3,AG,AGRICULTURAL ENGINEERING,144130,,,,,,,1,0,0,0,0,0,0
2602,"Annai Mathammal Sheela Engineering College, Erumapatty Post, Namakkal District 637013",NAMAKKAL,SELF FINANCING COLLEGES TIER 3,CS,COMPUTER SCIENCE AND ENGINEERING,146341,150658,,,,,,0,1,0,0,0,0,0
2602,"Annai Mathammal Sheela Engineering College, Erumapatty Post, Namakkal District 637013",NAMAKKAL,SELF FINANCING COLLEGES TIER 3,EC,ELECTRONICS AND COMMUNICATION ENGINEERING,155514,,,,,,,1,0,0,0,0,0,0
2602,"Annai Mathammal Sheela Engineering College, Erumapatty Post, Namakkal District 637013",NAMAKKAL,SELF FINANCING COLLEGES TIER 3,IE,INDUSTRIAL ENGINEERING,,,,,,,,0,0,0,0,0,0,0
2602,"Annai Mathammal Sheela Engineering College, Erumapatty Post, Namakkal District 637013",NAMAKKAL,SELF FINANCING COLLEGES TIER 3,IT,INFORMATION TECHNOLOGY,131967,132136,,141098,,,,0,1,0,1,0,0,0
2602,"Annai Mathammal Sheela Engineering College, Erumapatty Post, Namakkal District 637013",NAMAKKAL,SELF FINANCING COLLEGES TIER 3,MD,MEDICAL ELECTRONICS ENGINEERING,150975,,,,,,,1,0,0,0,0,0,0
2602,"Annai Mathammal Sheela Engineering College, Erumapatty Post, Namakkal District 637013",NAMAKKAL,SELF FINANCING COLLEGES TIER 3,ME,MECHANICAL ENGINEERING,155459,,,,,,,1,0,0,0,0,0,0
2602,"Annai Mathammal Sheela Engineering College, Erumapatty Post, Namakkal District 637013",NAMAKKAL,SELF FINANCING COLLEGES TIER 3,RM,ROBOTICS AND AUTOMATION,,,,,,,,0,0,0,0,0,0,0
2606,"Jayam College of Engineering and Technology, Nallanur Post, Dharmapuri District 636813",DHARMAPURI,SELF FINANCING COLLEGES TIER 3,AE,AERONAUTICAL ENGINEERING,155968,,,,,,,1,0,0,0,0,0,0
2606,"Jayam College of Engineering and Technology, Nallanur Post, Dharmapuri District 636813",DHARMAPURI,SELF FINANCING COLLEGES TIER 3,CE,CIVIL  ENGINEERING,48742,,,,,,,1,0,0,0,0,0,0
2606,"Jayam College of Engineering and Technology, Nallanur Post, Dharmapuri District 636813",DHARMAPURI,SELF FINANCING COLLEGES TIER 3,CS,COMPUTER SCIENCE AND ENGINEERING,134841,139952,148282,147202,150400,155847,,0,1,0,1,1,0,0
2606,"Jayam College of Engineering and Technology, Nallanur Post, Dharmapuri District 636813",DHARMAPURI,SELF FINANCING COLLEGES TIER 3,EC,ELECTRONICS AND COMMUNICATION ENGINEERING,153949,,,,,,,1,0,0,0,0,0,0
2606,"Jayam College of Engineering and Technology, Nallanur Post, Dharmapuri District 636813",DHARMAPURI,SELF FINANCING COLLEGES TIER 3,EE,ELECTRICAL AND ELECTRONICS ENGINEERING,141362,,,,,,,1,0,0,0,0,0,0
2606,"Jayam College of Engineering and Technology, Nallanur Post, Dharmapuri District 636813",DHARMAPURI,SELF FINANCING COLLEGES TIER 3,ME,MECHANICAL ENGINEERING,147981,,,,,,,1,0,0,0,0,0,0
2607,"K S Rangasamy College of Technology (Autonomous), Tiruchengode, Namakkal District 637215",NAMAKKAL,SELF FINANCING COLLEGES TIER 3,AD,ARTIFICIAL INTELLIGENCE AND DATA SCIENCE,55721,66270,124746,69398,,,,0,0,1,0,0,0,0
2607,"K S Rangasamy College of Technology (Autonomous), Tiruchengode, Namakkal District 637215",NAMAKKAL,SELF FINANCING COLLEGES TIER 3,AM,COMPUTER SCIENCE AND ENGINEERING (ARTIFICIAL INTELLIGENCE AND MACHINE LEARNING),68435,77850,122806,96550,,,,0,0,0,0,0,0,0
2607,"K S Rangasamy College of Technology (Autonomous), Tiruchengode, Namakkal District 637215",NAMAKKAL,SELF FINANCING COLLEGES TIER 3,BT,BIO TECHNOLOGY,73148,113202,77879,138069,101869,,,0,0,0,0,1,0,0
2607,"K S Rangasamy College of Technology (Autonomous), Tiruchengode, Namakkal District 637215",NAMAKKAL,SELF FINANCING COLLEGES TIER 3,CB,COMPUTER SCIENCE AND BUSSINESS SYSTEM,64793,74358,,91809,131715,84018,,0,0,0,0,1,0,0
2607,"K S Rangasamy College of Technology (Autonomous), Tiruchengode, Namakkal District 637215",NAMAKKAL,SELF FINANCING COLLEGES TIER 3,CE,CIVIL  ENGINEERING,115714,142051,130696,155899,131484,,,0,1,0,1,0,0,0
2607,"K S Rangasamy College of Technology (Autonomous), Tiruchengode, Namakkal District 637215",NAMAKKAL,SELF FINANCING COLLEGES TIER 3,CS,COMPUTER SCIENCE AND ENGINEERING,36805,57466,83714,61177,139139,82750,,0,0,0,0,1,0,0
2607,"K S Rangasamy College of Technology (Autonomous), Tiruchengode, Namakkal District 637215",NAMAKKAL,SELF FINANCING COLLEGES TIER 3,EC,ELECTRONICS AND COMMUNICATION ENGINEERING,58940,79236,89400,94474,131880,137656,,0,0,1,0,1,1,0
2607,"K S Rangasamy College of Technology (Autonomous), Tiruchengode, Namakkal District 637215",NAMAKKAL,SELF FINANCING COLLEGES TIER 3,EE,ELECTRICAL AND ELECTRONICS ENGINEERING,74180,106172,84084,109676,123980,135082,,0,0,0,0,1,0,0
2607,"K S Rangasamy College of Technology (Autonomous), Tiruchengode, Namakkal District 637215",NAMAKKAL,SELF FINANCING COLLEGES TIER 3,FD,FOOD TECHNOLOGY,124626,138610,141872,154774,136527,,,0,1,0,1,1,0,0
2607,"K S Rangasamy College of Technology (Autonomous), Tiruchengode, Namakkal District 637215",NAMAKKAL,SELF FINANCING COLLEGES TIER 3,IT,INFORMATION TECHNOLOGY,45123,59672,110450,83389,143938,91002,124622,0,0,0,0,1,0,0
2607,"K S Rangasamy College of Technology (Autonomous), Tiruchengode, Namakkal District 637215",NAMAKKAL,SELF FINANCING COLLEGES TIER 3,ME,MECHANICAL ENGINEERING,119115,152216,,147061,141392,,,0,1,0,0,1,0,0
2607,"K S Rangasamy College of Technology (Autonomous), Tiruchengode, Namakkal District 637215",NAMAKKAL,SELF FINANCING COLLEGES TIER 3,MZ,Mechatronics Engineering,117014,150187,,152444,,,,0,1,0,0,0,0,0
2607,"K S Rangasamy College of Technology (Autonomous), Tiruchengode, Namakkal District 637215",NAMAKKAL,SELF FINANCING COLLEGES TIER 3,TX,TEXTILE TECHNOLOGY,134627,154226,,149455,,150360,,0,1,0,1,0,1,0
2608,"M Kumarasamy College of Engineering (Autonomous), Thalavapalayam, Karur District 639113",KARUR,SELF FINANCING COLLEGES TIER 3,AD,ARTIFICIAL INTELLIGENCE AND DATA SCIENCE,35571,50641,77387,66880,79612,,,0,0,0,0,1,0,0
2608,"M Kumarasamy College of Engineering (Autonomous), Thalavapalayam, Karur District 639113",KARUR,SELF FINANCING COLLEGES TIER 3,AL,Artificial Intelligence and Machine Learning,48591,55685,74189,70197,60391,,,0,0,0,0,1,0,0
2608,"M Kumarasamy College of Engineering (Autonomous), Thalavapalayam, Karur District 639113",KARUR,SELF FINANCING COLLEGES TIER 3,CB,COMPUTER SCIENCE AND BUSSINESS SYSTEM,46579,55905,146048,59655,122032,,,0,0,0,0,1,0,0
2608,"M Kumarasamy College of Engineering (Autonomous), Thalavapalayam, Karur District 639113",KARUR,SELF FINANCING COLLEGES TIER 3,CE,CIVIL  ENGINEERING,100972,147349,,138639,118218,,,0,0,0,1,1,0,0
2608,"M Kumarasamy College of Engineering (Autonomous), Thalavapalayam, Karur District 639113",KARUR,SELF FINANCING COLLEGES TIER 3,CS,COMPUTER SCIENCE AND ENGINEERING,22235,33355,67935,45417,96404,,,0,0,0,0,0,0,0
2608,"M Kumarasamy College of Engineering (Autonomous), Thalavapalayam, Karur District 639113",KARUR,SELF FINANCING COLLEGES TIER 3,EC,ELECTRONICS AND COMMUNICATION ENGINEERING,43954,53564,117086,75552,145346,63958,,0,0,0,0,1,1,0
2608,"M Kumarasamy College of Engineering (Autonomous), Thalavapalayam, Karur District 639113",KARUR,SELF FINANCING COLLEGES TIER 3,EE,ELECTRICAL AND ELECTRONICS ENGINEERING,61052,90169,133694,94450,134455,,,0,0,0,0,1,0,0
2608,"M Kumarasamy College of Engineering (Autonomous), Thalavapalayam, Karur District 639113",KARUR,SELF FINANCING COLLEGES TIER 3,IT,INFORMATION TECHNOLOGY,36070,45801,76516,57328,141807,149950,,0,0,0,0,1,1,0
2608,"M Kumarasamy College of Engineering (Autonomous), Thalavapalayam, Karur District 639113",KARUR,SELF FINANCING COLLEGES TIER 3,ME,MECHANICAL ENGINEERING,99839,134097,117152,139496,133096,,,0,0,1,1,1,0,0
2609,"Mahendra Engineering College (Autonomous), Mahendhirapuri, Mallasamudram, Namakkal District 637503",NAMAKKAL,SELF FINANCING COLLEGES TIER 1,AD,ARTIFICIAL INTELLIGENCE AND DATA SCIENCE,71691,97072,80386,98683,152853,,,0,0,0,0,1,0,0
2609,"Mahendra Engineering College (Autonomous), Mahendhirapuri, Mallasamudram, Namakkal District 637503",NAMAKKAL,SELF FINANCING COLLEGES TIER 1,AE,AERONAUTICAL ENGINEERING,115016,148422,,152707,139454,139754,,0,1,0,1,0,0,0
2609,"Mahendra Engineering College (Autonomous), Mahendhirapuri, Mallasamudram, Namakkal District 637503",NAMAKKAL,SELF FINANCING COLLEGES TIER 1,AG,AGRICULTURAL ENGINEERING,119238,150181,,143063,149591,,,0,1,0,0,1,0,0
2609,"Mahendra Engineering College (Autonomous), Mahendhirapuri, Mallasamudram, Namakkal District 637503",NAMAKKAL,SELF FINANCING COLLEGES TIER 1,AO,AEROSPACE ENGINEERING,142819,153999,,145814,153825,,,0,1,0,1,1,0,0
2609,"Mahendra Engineering College (Autonomous), Mahendhirapuri, Mallasamudram, Namakkal District 637503",NAMAKKAL,SELF FINANCING COLLEGES TIER 1,CE,CIVIL  ENGINEERING,151958,153406,,153658,,,,0,1,0,1,0,0,0
2609,"Mahendra Engineering College (Autonomous), Mahendhirapuri, Mallasamudram, Namakkal District 637503",NAMAKKAL,SELF FINANCING COLLEGES TIER 1,CH,CHEMICAL  ENGINEERING,133424,154710,,152015,,,,0,1,0,1,0,0,0
2609,"Mahendra Engineering College (Autonomous), Mahendhirapuri, Mallasamudram, Namakkal District 637503",NAMAKKAL,SELF FINANCING COLLEGES TIER 1,CS,COMPUTER SCIENCE AND ENGINEERING,65138,101954,119630,93579,153749,154005,,0,0,0,0,1,1,0
2609,"Mahendra Engineering College (Autonomous), Mahendhirapuri, Mallasamudram, Namakkal District 637503",NAMAKKAL,SELF FINANCING COLLEGES TIER 1,CY,Cyber Security,97467,143206,153372,126326,150422,,,0,1,1,0,1,0,0
2609,"Mahendra Engineering College (Autonomous), Mahendhirapuri, Mallasamudram, Namakkal District 637503",NAMAKKAL,SELF FINANCING COLLEGES TIER 1,EC,ELECTRONICS AND COMMUNICATION ENGINEERING,87235,131013,137820,124229,151499,150320,115470,0,0,1,0,1,1,0
2609,"Mahendra Engineering College (Autonomous), Mahendhirapuri, Mallasamudram, Namakkal District 637503",NAMAKKAL,SELF FINANCING COLLEGES TIER 1,EE,ELECTRICAL AND ELECTRONICS ENGINEERING,119926,155642,,139584,156103,156061,,0,1,0,0,1,0,0
2609,"Mahendra Engineering College (Autonomous), Mahendhirapuri, Mallasamudram, Namakkal District 637503",NAMAKKAL,SELF FINANCING COLLEGES TIER 1,FD,FOOD TECHNOLOGY,136709,146948,,155179,,,,0,1,0,1,0,0,0
2609,"Mahendra Engineering College (Autonomous), Mahendhirapuri, Mallasamudram, Namakkal District 637503",NAMAKKAL,SELF FINANCING COLLEGES TIER 1,IT,INFORMATION TECHNOLOGY,69108,95101,99942,104550,130376,146360,,0,0,0,0,1,1,0
2609,"Mahendra Engineering College (Autonomous), Mahendhirapuri, Mallasamudram, Namakkal District 637503",NAMAKKAL,SELF FINANCING COLLEGES TIER 1,ME,MECHANICAL ENGINEERING,138371,151690,,156080,154778,,,0,1,0,1,1,0,0
2609,"Mahendra Engineering College (Autonomous), Mahendhirapuri, Mallasamudram, Namakkal District 637503",NAMAKKAL,SELF FINANCING COLLEGES TIER 1,PH,PHARMACEUTICAL TECHNOLOGY,146913,155900,,155626,153652,,,0,1,0,1,1,0,0
2610,"Muthayammal Engineering College (Autonomous), Rasipuram, Namakkal District 637408",NAMAKKAL,SELF FINANCING COLLEGES TIER 3,AD,ARTIFICIAL INTELLIGENCE AND DATA SCIENCE,88940,148726,90042,128275,150174,129726,132832,0,0,1,0,1,1,0
2610,"Muthayammal Engineering College (Autonomous), Rasipuram, Namakkal District 637408",NAMAKKAL,SELF FINANCING COLLEGES TIER 3,BM,BIO MEDICAL ENGINEERING,136637,149609,,152612,147308,139498,,0,1,0,0,1,1,0
2610,"Muthayammal Engineering College (Autonomous), Rasipuram, Namakkal District 637408",NAMAKKAL,SELF FINANCING COLLEGES TIER 3,BT,BIO TECHNOLOGY,143230,,,155417,152496,,,0,0,0,1,1,0,0
2610,"Muthayammal Engineering College (Autonomous), Rasipuram, Namakkal District 637408",NAMAKKAL,SELF FINANCING COLLEGES TIER 3,CE,CIVIL  ENGINEERING,139576,148467,140857,156062,146494,,144514,0,1,0,1,1,0,0
2610,"Muthayammal Engineering College (Autonomous), Rasipuram, Namakkal District 637408",NAMAKKAL,SELF FINANCING COLLEGES TIER 3,CS,COMPUTER SCIENCE AND ENGINEERING,62966,99745,147775,99101,154997,137584,,0,0,0,0,1,0,0
2610,"Muthayammal Engineering College (Autonomous), Rasipuram, Namakkal District 637408",NAMAKKAL,SELF FINANCING COLLEGES TIER 3,EC,ELECTRONICS AND COMMUNICATION ENGINEERING,81313,117748,149634,130214,155822,154569,,0,0,1,0,1,0,0
2610,"Muthayammal Engineering College (Autonomous), Rasipuram, Namakkal District 637408",NAMAKKAL,SELF FINANCING COLLEGES TIER 3,EE,ELECTRICAL AND ELECTRONICS ENGINEERING,118817,152095,,133775,147901,,,0,1,0,0,1,0,0
2610,"Muthayammal Engineering College (Autonomous), Rasipuram, Namakkal District 637408",NAMAKKAL,SELF FINANCING COLLEGES TIER 3,IT,INFORMATION TECHNOLOGY,74918,103268,129681,101937,149058,103232,,0,0,0,0,1,0,0
2610,"Muthayammal Engineering College (Autonomous), Rasipuram, Namakkal District 637408",NAMAKKAL,SELF FINANCING COLLEGES TIER 3,ME,MECHANICAL ENGINEERING,145035,156067,,155128,154164,,,0,1,0,1,1,0,0
2610,"Muthayammal Engineering College (Autonomous), Rasipuram, Namakkal District 637408",NAMAKKAL,SELF FINANCING COLLEGES TIER 3,MZ,Mechatronics Engineering,139659,149362,,146105,,,,0,1,0,0,0,0,0
2610,"Muthayammal Engineering College (Autonomous), Rasipuram, Namakkal District 637408",NAMAKKAL,SELF FINANCING COLLEGES TIER 3,SC,Computer Science and Engineering (Cyber Security),102110,123538,,129914,126699,132525,,0,0,0,0,1,0,0
2611,"Paavai Engineering College (Autonomous) , NH-7, Pachal Post, Namakkal District 637018",NAMAKKAL,SELF FINANCING COLLEGES TIER 2,AE,AERONAUTICAL ENGINEERING,124408,154035,130552,139292,148284,,,0,1,0,1,1,0,0
2611,"Paavai Engineering College (Autonomous) , NH-7, Pachal Post, Namakkal District 637018",NAMAKKAL,SELF FINANCING COLLEGES TIER 2,AG,AGRICULTURAL ENGINEERING,104330,144433,,142811,155549,,,0,1,0,1,1,0,0
2611,"Paavai Engineering College (Autonomous) , NH-7, Pachal Post, Namakkal District 637018",NAMAKKAL,SELF FINANCING COLLEGES TIER 2,AM,COMPUTER SCIENCE AND ENGINEERING (ARTIFICIAL INTELLIGENCE AND MACHINE LEARNING),68351,100501,82964,90056,134344,,,0,0,0,0,1,0,0
2611,"Paavai Engineering College (Autonomous) , NH-7, Pachal Post, Namakkal District 637018",NAMAKKAL,SELF FINANCING COLLEGES TIER 2,BM,BIO MEDICAL ENGINEERING,105233,137183,,146939,152194,,147398,0,1,0,0,0,0,0
2611,"Paavai Engineering College (Autonomous) , NH-7, Pachal Post, Namakkal District 637018",NAMAKKAL,SELF FINANCING COLLEGES TIER 2,BT,BIO TECHNOLOGY,108966,153353,,130684,117266,142550,133705,0,1,0,1,1,0,0
2611,"Paavai Engineering College (Autonomous) , NH-7, Pachal Post, Namakkal District 637018",NAMAKKAL,SELF FINANCING COLLEGES TIER 2,CE,CIVIL  ENGINEERING,156197,,,,,,,1,0,0,0,0,0,0
2611,"Paavai Engineering College (Autonomous) , NH-7, Pachal Post, Namakkal District 637018",NAMAKKAL,SELF FINANCING COLLEGES TIER 2,CH,CHEMICAL  ENGINEERING,110573,154351,,154131,138572,,,0,1,0,0,1,0,0
2611,"Paavai Engineering College (Autonomous) , NH-7, Pachal Post, Namakkal District 637018",NAMAKKAL,SELF FINANCING COLLEGES TIER 2,CI,Computer Science and Engineering (Internet of Things),94310,116824,117674,111996,,101852,,0,0,0,0,0,0,0
2611,"Paavai Engineering College (Autonomous) , NH-7, Pachal Post, Namakkal District 637018",NAMAKKAL,SELF FINANCING COLLEGES TIER 2,CS,COMPUTER SCIENCE AND ENGINEERING,61198,95678,72670,92311,149068,140967,149812,0,0,0,0,1,0,0
2611,"Paavai Engineering College (Autonomous) , NH-7, Pachal Post, Namakkal District 637018",NAMAKKAL,SELF FINANCING COLLEGES TIER 2,CY,Cyber Security,81815,117173,108898,120071,155890,139259,,0,0,0,0,1,1,0
2611,"Paavai Engineering College (Autonomous) , NH-7, Pachal Post, Namakkal District 637018",NAMAKKAL,SELF FINANCING COLLEGES TIER 2,EC,ELECTRONICS AND COMMUNICATION ENGINEERING,86615,143489,110313,126261,149140,154820,,0,0,1,0,1,1,0
2611,"Paavai Engineering College (Autonomous) , NH-7, Pachal Post, Namakkal District 637018",NAMAKKAL,SELF FINANCING COLLEGES TIER 2,EE,ELECTRICAL AND ELECTRONICS ENGINEERING,96299,122313,150802,133367,112190,,148090,0,1,1,0,1,0,0
2611,"Paavai Engineering College (Autonomous) , NH-7, Pachal Post, Namakkal District 637018",NAMAKKAL,SELF FINANCING COLLEGES TIER 2,FD,FOOD TECHNOLOGY,125243,153345,,142211,146464,143558,,0,1,0,1,1,0,0
2611,"Paavai Engineering College (Autonomous) , NH-7, Pachal Post, Namakkal District 637018",NAMAKKAL,SELF FINANCING COLLEGES TIER 2,IT,INFORMATION TECHNOLOGY,51026,80876,72633,83654,139949,154195,,0,0,0,0,1,1,0
2611,"Paavai Engineering College (Autonomous) , NH-7, Pachal Post, Namakkal District 637018",NAMAKKAL,SELF FINANCING COLLEGES TIER 2,MC,MECHATRONICS,130771,152175,,138419,,,,0,1,0,1,0,0,0
2611,"Paavai Engineering College (Autonomous) , NH-7, Pachal Post, Namakkal District 637018",NAMAKKAL,SELF FINANCING COLLEGES TIER 2,ME,MECHANICAL ENGINEERING,144461,153632,,155939,153472,151198,150836,0,1,0,1,1,1,0
2611,"Paavai Engineering College (Autonomous) , NH-7, Pachal Post, Namakkal District 637018",NAMAKKAL,SELF FINANCING COLLEGES TIER 2,PH,PHARMACEUTICAL TECHNOLOGY,155999,,,,,,,1,0,0,0,0,0,0
2611,"Paavai Engineering College (Autonomous) , NH-7, Pachal Post, Namakkal District 637018",NAMAKKAL,SELF FINANCING COLLEGES TIER 2,RM,ROBOTICS AND AUTOMATION,129769,155860,,135224,,,,0,1,0,1,0,0,0
2611,"Paavai Engineering College (Autonomous) , NH-7, Pachal Post, Namakkal District 637018",NAMAKKAL,SELF FINANCING COLLEGES TIER 2,SF,Safety and Fire Engineering,154424,,,,,,,1,0,0,0,0,0,0
2612,"P G P College of Engineering and Technology, Paramathi Post, Namakkal District 637207",NAMAKKAL,SELF FINANCING COLLEGES TIER 3,CE,CIVIL  ENGINEERING,,,,,,,,0,0,0,0,0,0,0
2612,"P G P College of Engineering and Technology, Paramathi Post, Namakkal District 637207",NAMAKKAL,SELF FINANCING COLLEGES TIER 3,CS,COMPUTER SCIENCE AND ENGINEERING,109189,155910,142045,154987,143178,120346,,0,1,1,1,1,0,0
2612,"P G P College of Engineering and Technology, Paramathi Post, Namakkal District 637207",NAMAKKAL,SELF FINANCING COLLEGES TIER 3,EC,ELECTRONICS AND COMMUNICATION ENGINEERING,142539,155291,,142734,155194,148237,,0,1,0,1,1,1,0
2612,"P G P College of Engineering and Technology, Paramathi Post, Namakkal District 637207",NAMAKKAL,SELF FINANCING COLLEGES TIER 3,EE,ELECTRICAL AND ELECTRONICS ENGINEERING,147923,154127,,,,,,0,1,0,0,0,0,0
2612,"P G P College of Engineering and Technology, Paramathi Post, Namakkal District 637207",NAMAKKAL,SELF FINANCING COLLEGES TIER 3,ME,MECHANICAL ENGINEERING,142689,,,,,,,1,0,0,0,0,0,0
2613,"K S R College of Engineering (Autonomous), Tiruchengode, Namakkal District 637215",NAMAKKAL,SELF FINANCING COLLEGES TIER 3,AU,AUTOMOBILE ENGINEERING,154124,,,,155859,,,0,0,0,0,1,0,0
2613,"K S R College of Engineering (Autonomous), Tiruchengode, Namakkal District 637215",NAMAKKAL,SELF FINANCING COLLEGES TIER 3,CE,CIVIL  ENGINEERING,118343,155931,,140500,155522,139424,,0,1,0,1,1,0,0
2613,"K S R College of Engineering (Autonomous), Tiruchengode, Namakkal District 637215",NAMAKKAL,SELF FINANCING COLLEGES TIER 3,CS,COMPUTER SCIENCE AND ENGINEERING,51216,61735,97306,87690,154000,78745,,0,0,0,0,1,1,0
2613,"K S R College of Engineering (Autonomous), Tiruchengode, Namakkal District 637215",NAMAKKAL,SELF FINANCING COLLEGES TIER 3,EC,ELECTRONICS AND COMMUNICATION ENGINEERING,62191,80731,131011,94795,146486,,,0,0,1,0,1,0,0
2613,"K S R College of Engineering (Autonomous), Tiruchengode, Namakkal District 637215",NAMAKKAL,SELF FINANCING COLLEGES TIER 3,EE,ELECTRICAL AND ELECTRONICS ENGINEERING,87523,106818,,111481,,,,0,0,0,0,0,0,0
2613,"K S R College of Engineering (Autonomous), Tiruchengode, Namakkal District 637215",NAMAKKAL,SELF FINANCING COLLEGES TIER 3,IT,INFORMATION TECHNOLOGY,56140,66924,93657,87122,,,,0,0,0,0,0,0,0
2613,"K S R College of Engineering (Autonomous), Tiruchengode, Namakkal District 637215",NAMAKKAL,SELF FINANCING COLLEGES TIER 3,ME,MECHANICAL ENGINEERING,129382,153938,,150943,138305,143553,,0,1,0,0,1,0,0
2613,"K S R College of Engineering (Autonomous), Tiruchengode, Namakkal District 637215",NAMAKKAL,SELF FINANCING COLLEGES TIER 3,SF,Safety and Fire Engineering,127138,152301,,152353,142295,,,0,1,0,1,1,0,0
2614,"S S M College of Engineering, Komarapalayam, Namakkal District 638183",NAMAKKAL,SELF FINANCING COLLEGES TIER 3,CE,CIVIL  ENGINEERING,,,,,,,,0,0,0,0,0,0,0
2614,"S S M College of Engineering, Komarapalayam, Namakkal District 638183",NAMAKKAL,SELF FINANCING COLLEGES TIER 3,CS,COMPUTER SCIENCE AND ENGINEERING,128556,154534,,148810,,,,0,1,0,1,0,0,0
2614,"S S M College of Engineering, Komarapalayam, Namakkal District 638183",NAMAKKAL,SELF FINANCING COLLEGES TIER 3,EC,ELECTRONICS AND COMMUNICATION ENGINEERING,122430,155055,149913,152442,,,,0,1,0,1,0,0,0
2614,"S S M College of Engineering, Komarapalayam, Namakkal District 638183",NAMAKKAL,SELF FINANCING COLLEGES TIER 3,EE,ELECTRICAL AND ELECTRONICS ENGINEERING,147925,,,,,,,1,0,0,0,0,0,0
2614,"S S M College of Engineering, Komarapalayam, Namakkal District 638183",NAMAKKAL,SELF FINANCING COLLEGES TIER 3,IT,INFORMATION TECHNOLOGY,127457,154077,150318,156036,,,,0,1,0,1,0,0,0
2614,"S S M College of Engineering, Komarapalayam, Namakkal District 638183",NAMAKKAL,SELF FINANCING COLLEGES TIER 3,ME,MECHANICAL ENGINEERING,,,,,,,,0,0,0,0,0,0,0
2614,"S S M College of Engineering, Komarapalayam, Namakkal District 638183",NAMAKKAL,SELF FINANCING COLLEGES TIER 3,PC,PETRO CHEMICAL TECHNOLOGY,148982,,,,,,,1,0,0,0,0,0,0
2614,"S S M College of Engineering, Komarapalayam, Namakkal District 638183",NAMAKKAL,SELF FINANCING COLLEGES TIER 3,PE,PETROLEUM ENGINEERING,,,,,,,,0,0,0,0,0,0,0
2614,"S S M College of Engineering, Komarapalayam, Namakkal District 638183",NAMAKKAL,SELF FINANCING COLLEGES TIER 3,TC,TEXTILE CHEMISTRY,155763,,,,,,,1,0,0,0,0,0,0
2614,"S S M College of Engineering, Komarapalayam, Namakkal District 638183",NAMAKKAL,SELF FINANCING COLLEGES TIER 3,TX,TEXTILE TECHNOLOGY,127168,154905,,154655,,,,0,1,0,1,0,0,0
2616,"Sapthagiri College of Engineering, Periyanahalli Post, Dharmapuri District 635205",DHARMAPURI,SELF FINANCING COLLEGES TIER 3,CE,CIVIL  ENGINEERING,,,,,,,,0,0,0,0,0,0,0
2616,"Sapthagiri College of Engineering, Periyanahalli Post, Dharmapuri District 635205",DHARMAPURI,SELF FINANCING COLLEGES TIER 3,CS,COMPUTER SCIENCE AND ENGINEERING,,,,,,,,0,0,0,0,0,0,0
2616,"Sapthagiri College of Engineering, Periyanahalli Post, Dharmapuri District 635205",DHARMAPURI,SELF FINANCING COLLEGES TIER 3,EC,ELECTRONICS AND COMMUNICATION ENGINEERING,,,,,,,,0,0,0,0,0,0,0
2616,"Sapthagiri College of Engineering, Periyanahalli Post, Dharmapuri District 635205",DHARMAPURI,SELF FINANCING COLLEGES TIER 3,EE,ELECTRICAL AND ELECTRONICS ENGINEERING,,,,,,,,0,0,0,0,0,0,0
2616,"Sapthagiri College of Engineering, Periyanahalli Post, Dharmapuri District 635205",DHARMAPURI,SELF FINANCING COLLEGES TIER 3,EI,ELECTRONICS AND INSTRUMENTATION ENGINEERING,,,,,,,,0,0,0,0,0,0,0
2616,"Sapthagiri College of Engineering, Periyanahalli Post, Dharmapuri District 635205",DHARMAPURI,SELF FINANCING COLLEGES TIER 3,IT,INFORMATION TECHNOLOGY,,,,,,,,0,0,0,0,0,0,0
2616,"Sapthagiri College of Engineering, Periyanahalli Post, Dharmapuri District 635205",DHARMAPURI,SELF FINANCING COLLEGES TIER 3,ME,MECHANICAL ENGINEERING,,,,,,,,0,0,0,0,0,0,0
2617,"Sengunthar Engineering College  (Autonomous), Tiruchengode, Namakkal District 637205",NAMAKKAL,SELF FINANCING COLLEGES TIER 3,AD,ARTIFICIAL INTELLIGENCE AND DATA SCIENCE,110261,131576,,156023,135074,,,0,0,0,0,1,0,0
2617,"Sengunthar Engineering College  (Autonomous), Tiruchengode, Namakkal District 637205",NAMAKKAL,SELF FINANCING COLLEGES TIER 3,CE,CIVIL  ENGINEERING,146407,,,,,,,1,0,0,0,0,0,0
2617,"Sengunthar Engineering College  (Autonomous), Tiruchengode, Namakkal District 637205",NAMAKKAL,SELF FINANCING COLLEGES TIER 3,CS,COMPUTER SCIENCE AND ENGINEERING,94856,135722,127683,117931,144065,,,0,0,0,0,1,0,0
2617,"Sengunthar Engineering College  (Autonomous), Tiruchengode, Namakkal District 637205",NAMAKKAL,SELF FINANCING COLLEGES TIER 3,EC,ELECTRONICS AND COMMUNICATION ENGINEERING,121330,146940,130489,140139,153981,,,0,0,1,0,1,0,0
2617,"Sengunthar Engineering College  (Autonomous), Tiruchengode, Namakkal District 637205",NAMAKKAL,SELF FINANCING COLLEGES TIER 3,EE,ELECTRICAL AND ELECTRONICS ENGINEERING,148522,155236,,152438,,,,0,1,0,1,0,0,0
2617,"Sengunthar Engineering College  (Autonomous), Tiruchengode, Namakkal District 637205",NAMAKKAL,SELF FINANCING COLLEGES TIER 3,IT,INFORMATION TECHNOLOGY,75987,112737,92796,110627,122779,146746,,0,0,0,0,0,0,0
2617,"Sengunthar Engineering College  (Autonomous), Tiruchengode, Namakkal District 637205",NAMAKKAL,SELF FINANCING COLLEGES TIER 3,MD,MEDICAL ELECTRONICS ENGINEERING,133249,155237,,154597,153692,,,0,1,0,1,1,0,0
2617,"Sengunthar Engineering College  (Autonomous), Tiruchengode, Namakkal District 637205",NAMAKKAL,SELF FINANCING COLLEGES TIER 3,ME,MECHANICAL ENGINEERING,156116,,,,,,,1,0,0,0,0,0,0
2617,"Sengunthar Engineering College  (Autonomous), Tiruchengode, Namakkal District 637205",NAMAKKAL,SELF FINANCING COLLEGES TIER 3,RM,ROBOTICS AND AUTOMATION,153822,,,,,,,1,0,0,0,0,0,0
2617,"Sengunthar Engineering College  (Autonomous), Tiruchengode, Namakkal District 637205",NAMAKKAL,SELF FINANCING COLLEGES TIER 3,SC,Computer Science and Engineering (Cyber Security),117322,143468,,141768,139736,,,0,0,0,0,1,0,0
2618,"Sona College of Technology (Autonomous), Suramangalam Post, Salem District 636005",SALEM,SELF FINANCING COLLEGES TIER 1,AD,ARTIFICIAL INTELLIGENCE AND DATA SCIENCE,32220,39948,49613,47613,136594,125052,54392,0,0,0,0,1,1,0
2618,"Sona College of Technology (Autonomous), Suramangalam Post, Salem District 636005",SALEM,SELF FINANCING COLLEGES TIER 1,AM,COMPUTER SCIENCE AND ENGINEERING (ARTIFICIAL INTELLIGENCE AND MACHINE LEARNING),32483,42383,55090,46857,138629,136956,,0,0,0,0,0,0,0
2618,"Sona College of Technology (Autonomous), Suramangalam Post, Salem District 636005",SALEM,SELF FINANCING COLLEGES TIER 1,BM,BIO MEDICAL ENGINEERING,53567,68032,55237,84336,152575,131676,,0,0,0,0,1,0,0
2618,"Sona College of Technology (Autonomous), Suramangalam Post, Salem District 636005",SALEM,SELF FINANCING COLLEGES TIER 1,CD,COMPUTER SCIENCE AND DESIGN,37423,48318,54265,52204,154091,119511,,0,0,0,0,0,0,0
2618,"Sona College of Technology (Autonomous), Suramangalam Post, Salem District 636005",SALEM,SELF FINANCING COLLEGES TIER 1,CE,CIVIL  ENGINEERING,74876,113040,139570,94332,131559,122828,,0,0,0,0,1,0,0
2618,"Sona College of Technology (Autonomous), Suramangalam Post, Salem District 636005",SALEM,SELF FINANCING COLLEGES TIER 1,CS,COMPUTER SCIENCE AND ENGINEERING,17505,26147,53136,28153,94847,100622,127949,0,0,0,0,0,0,0
2618,"Sona College of Technology (Autonomous), Suramangalam Post, Salem District 636005",SALEM,SELF FINANCING COLLEGES TIER 1,EC,ELECTRONICS AND COMMUNICATION ENGINEERING,29876,39474,63633,45114,142298,135844,,0,0,0,0,1,1,0
2618,"Sona College of Technology (Autonomous), Suramangalam Post, Salem District 636005",SALEM,SELF FINANCING COLLEGES TIER 1,EE,ELECTRICAL AND ELECTRONICS ENGINEERING,45232,57886,80117,62816,124505,131241,,0,0,0,0,1,1,0
2618,"Sona College of Technology (Autonomous), Suramangalam Post, Salem District 636005",SALEM,SELF FINANCING COLLEGES TIER 1,FT,FASHION TECHNOLOGY,78879,112163,,140725,122618,,,0,0,0,0,1,0,0
2618,"Sona College of Technology (Autonomous), Suramangalam Post, Salem District 636005",SALEM,SELF FINANCING COLLEGES TIER 1,IT,INFORMATION TECHNOLOGY,25207,33508,62304,33884,107947,113756,136105,0,0,0,0,0,0,0
2618,"Sona College of Technology (Autonomous), Suramangalam Post, Salem District 636005",SALEM,SELF FINANCING COLLEGES TIER 1,ME,MECHANICAL ENGINEERING,72188,130274,87317,104720,133148,,,0,0,0,0,1,0,0
2618,"Sona College of Technology (Autonomous), Suramangalam Post, Salem District 636005",SALEM,SELF FINANCING COLLEGES TIER 1,MZ,Mechatronics Engineering,60885,76723,85930,87805,,,,0,0,0,0,0,0,0
2620,"Vivekanandha College of Engineering for Women (Autonomous), Sathinaickenpalayam, Elayampalayam Village, Kumaramangalam, Namakkal District 637205",NAMAKKAL,SELF FINANCING COLLEGES TIER 2,BM,BIO MEDICAL ENGINEERING,80546,142952,126946,122351,111603,99804,129023,0,0,0,0,0,0,0
2620,"Vivekanandha College of Engineering for Women (Autonomous), Sathinaickenpalayam, Elayampalayam Village, Kumaramangalam, Namakkal District 637205",NAMAKKAL,SELF FINANCING COLLEGES TIER 2,BT,BIO TECHNOLOGY,72446,117905,131333,130440,115716,,131031,0,0,1,0,0,0,0
2620,"Vivekanandha College of Engineering for Women (Autonomous), Sathinaickenpalayam, Elayampalayam Village, Kumaramangalam, Namakkal District 637205",NAMAKKAL,SELF FINANCING COLLEGES TIER 2,CS,COMPUTER SCIENCE AND ENGINEERING,32555,73668,52369,68927,114155,35873,146041,0,0,0,0,0,0,0
2620,"Vivekanandha College of Engineering for Women (Autonomous), Sathinaickenpalayam, Elayampalayam Village, Kumaramangalam, Namakkal District 637205",NAMAKKAL,SELF FINANCING COLLEGES TIER 2,EC,ELECTRONICS AND COMMUNICATION ENGINEERING,64113,95408,96517,103721,146212,89018,135467,0,0,0,0,0,0,0
2620,"Vivekanandha College of Engineering for Women (Autonomous), Sathinaickenpalayam, Elayampalayam Village, Kumaramangalam, Namakkal District 637205",NAMAKKAL,SELF FINANCING COLLEGES TIER 2,EE,ELECTRICAL AND ELECTRONICS ENGINEERING,90513,127671,,123637,133541,136590,,0,0,0,0,0,0,0
2620,"Vivekanandha College of Engineering for Women (Autonomous), Sathinaickenpalayam, Elayampalayam Village, Kumaramangalam, Namakkal District 637205",NAMAKKAL,SELF FINANCING COLLEGES TIER 2,IT,INFORMATION TECHNOLOGY,46255,74409,52249,71343,106040,76839,,0,0,0,0,0,0,0
2620,"Vivekanandha College of Engineering for Women (Autonomous), Sathinaickenpalayam, Elayampalayam Village, Kumaramangalam, Namakkal District 637205",NAMAKKAL,SELF FINANCING COLLEGES TIER 2,TS,Computer Science and Technology,60412,78187,62484,88633,151277,151628,,0,0,0,0,0,0,0
2621,"Er. Perumal Manimekalai College of Engineering, Near Koneripalli, Hosur, Krishnagiri District 635117",KRISHNAGIRI,SELF FINANCING COLLEGES TIER 3,AD,ARTIFICIAL INTELLIGENCE AND DATA SCIENCE,93274,141933,135743,131014,139658,141742,,0,0,0,0,1,1,0
2621,"Er. Perumal Manimekalai College of Engineering, Near Koneripalli, Hosur, Krishnagiri District 635117",KRISHNAGIRI,SELF FINANCING COLLEGES TIER 3,AE,AERONAUTICAL ENGINEERING,148176,155481,151145,154277,154069,,,0,1,1,1,1,0,0
2621,"Er. Perumal Manimekalai College of Engineering, Near Koneripalli, Hosur, Krishnagiri District 635117",KRISHNAGIRI,SELF FINANCING COLLEGES TIER 3,CB,COMPUTER SCIENCE AND BUSSINESS SYSTEM,131725,151912,146800,150918,148882,,,0,1,0,0,1,0,0
2621,"Er. Perumal Manimekalai College of Engineering, Near Koneripalli, Hosur, Krishnagiri District 635117",KRISHNAGIRI,SELF FINANCING COLLEGES TIER 3,CE,CIVIL  ENGINEERING,139325,152923,,155969,155076,,,0,1,0,0,1,0,0
2621,"Er. Perumal Manimekalai College of Engineering, Near Koneripalli, Hosur, Krishnagiri District 635117",KRISHNAGIRI,SELF FINANCING COLLEGES TIER 3,CS,COMPUTER SCIENCE AND ENGINEERING,84905,143402,102124,110613,152861,150566,,0,0,0,0,1,1,0
2621,"Er. Perumal Manimekalai College of Engineering, Near Koneripalli, Hosur, Krishnagiri District 635117",KRISHNAGIRI,SELF FINANCING COLLEGES TIER 3,EC,ELECTRONICS AND COMMUNICATION ENGINEERING,115864,143818,148135,150144,156138,,,0,0,1,0,1,0,0
2621,"Er. Perumal Manimekalai College of Engineering, Near Koneripalli, Hosur, Krishnagiri District 635117",KRISHNAGIRI,SELF FINANCING COLLEGES TIER 3,EE,ELECTRICAL AND ELECTRONICS ENGINEERING,136657,153957,145903,153953,147918,142132,,0,1,1,0,1,0,0
2621,"Er. Perumal Manimekalai College of Engineering, Near Koneripalli, Hosur, Krishnagiri District 635117",KRISHNAGIRI,SELF FINANCING COLLEGES TIER 3,IT,INFORMATION TECHNOLOGY,85571,138809,133862,131671,148361,,,0,0,0,0,1,0,0
2621,"Er. Perumal Manimekalai College of Engineering, Near Koneripalli, Hosur, Krishnagiri District 635117",KRISHNAGIRI,SELF FINANCING COLLEGES TIER 3,ME,MECHANICAL ENGINEERING,152130,154768,,152186,155314,,,0,1,0,1,1,0,0
2621,"Er. Perumal Manimekalai College of Engineering, Near Koneripalli, Hosur, Krishnagiri District 635117",KRISHNAGIRI,SELF FINANCING COLLEGES TIER 3,MZ,Mechatronics Engineering,145669,156223,,156140,,,,0,1,0,1,0,0,0
2622,"V S B Engineering College, Kovai Road, Karur District 639111",KARUR,SELF FINANCING COLLEGES TIER 3,AD,ARTIFICIAL INTELLIGENCE AND DATA SCIENCE,59287,74467,94043,111522,121631,,,0,0,0,0,1,0,0
2622,"V S B Engineering College, Kovai Road, Karur District 639111",KARUR,SELF FINANCING COLLEGES TIER 3,BM,BIO MEDICAL ENGINEERING,88336,135124,,129134,92619,89347,,0,1,0,1,1,0,0
2622,"V S B Engineering College, Kovai Road, Karur District 639111",KARUR,SELF FINANCING COLLEGES TIER 3,BT,BIO TECHNOLOGY,69882,142729,,111533,147219,77873,,0,1,0,1,1,0,0
2622,"V S B Engineering College, Kovai Road, Karur District 639111",KARUR,SELF FINANCING COLLEGES TIER 3,CB,COMPUTER SCIENCE AND BUSSINESS SYSTEM,69045,78365,152894,132700,,,,0,0,0,0,0,0,0
2622,"V S B Engineering College, Kovai Road, Karur District 639111",KARUR,SELF FINANCING COLLEGES TIER 3,CE,CIVIL  ENGINEERING,131075,131597,,143032,146398,,,0,1,0,1,1,0,0
2622,"V S B Engineering College, Kovai Road, Karur District 639111",KARUR,SELF FINANCING COLLEGES TIER 3,CH,CHEMICAL  ENGINEERING,106543,119045,,130132,132448,,,0,1,0,0,1,0,0
2622,"V S B Engineering College, Kovai Road, Karur District 639111",KARUR,SELF FINANCING COLLEGES TIER 3,CO,COMPUTER AND  COMMUNICATION ENGINEERING,76471,82364,,130335,,,,0,0,0,0,0,0,0
2622,"V S B Engineering College, Kovai Road, Karur District 639111",KARUR,SELF FINANCING COLLEGES TIER 3,CS,COMPUTER SCIENCE AND ENGINEERING,26813,46929,90996,91278,140404,53489,,0,0,0,0,1,1,0
2622,"V S B Engineering College, Kovai Road, Karur District 639111",KARUR,SELF FINANCING COLLEGES TIER 3,EC,ELECTRONICS AND COMMUNICATION ENGINEERING,60048,76787,114407,152598,136820,,,0,0,1,1,1,0,0
2622,"V S B Engineering College, Kovai Road, Karur District 639111",KARUR,SELF FINANCING COLLEGES TIER 3,EE,ELECTRICAL AND ELECTRONICS ENGINEERING,77103,100544,,131745,,,,0,0,0,1,0,0,0
2622,"V S B Engineering College, Kovai Road, Karur District 639111",KARUR,SELF FINANCING COLLEGES TIER 3,IT,INFORMATION TECHNOLOGY,54062,65833,84932,108883,112940,105841,,0,0,1,0,1,1,0
2622,"V S B Engineering College, Kovai Road, Karur District 639111",KARUR,SELF FINANCING COLLEGES TIER 3,ME,MECHANICAL ENGINEERING,114526,152546,150335,127374,,,,0,1,1,1,0,0,0
2623,"Mahendra College of Engineering, Attur Road, Minnampalli, Valapady, Salem District 636106",SALEM,SELF FINANCING COLLEGES TIER 1,AD,ARTIFICIAL INTELLIGENCE AND DATA SCIENCE,115607,143003,148010,140309,141013,,,0,1,0,0,1,0,0
2623,"Mahendra College of Engineering, Attur Road, Minnampalli, Valapady, Salem District 636106",SALEM,SELF FINANCING COLLEGES TIER 1,BM,BIO MEDICAL ENGINEERING,100806,152014,108592,137273,146584,105875,,0,1,0,0,0,0,0
2623,"Mahendra College of Engineering, Attur Road, Minnampalli, Valapady, Salem District 636106",SALEM,SELF FINANCING COLLEGES TIER 1,CS,COMPUTER SCIENCE AND ENGINEERING,106174,153675,123797,128119,152664,144638,146850,0,1,0,0,1,1,0
2623,"Mahendra College of Engineering, Attur Road, Minnampalli, Valapady, Salem District 636106",SALEM,SELF FINANCING COLLEGES TIER 1,EC,ELECTRONICS AND COMMUNICATION ENGINEERING,121165,155773,153366,138472,154621,150397,,0,1,1,0,1,0,0
2623,"Mahendra College of Engineering, Attur Road, Minnampalli, Valapady, Salem District 636106",SALEM,SELF FINANCING COLLEGES TIER 1,EE,ELECTRICAL AND ELECTRONICS ENGINEERING,133592,152898,144166,145426,155989,,,0,1,0,0,1,0,0
2623,"Mahendra College of Engineering, Attur Road, Minnampalli, Valapady, Salem District 636106",SALEM,SELF FINANCING COLLEGES TIER 1,IT,INFORMATION TECHNOLOGY,79152,128367,140867,105492,140676,149789,,0,0,0,0,0,0,0
2623,"Mahendra College of Engineering, Attur Road, Minnampalli, Valapady, Salem District 636106",SALEM,SELF FINANCING COLLEGES TIER 1,ME,MECHANICAL ENGINEERING,154821,155823,,155473,,,,0,1,0,1,0,0,0
2624,"Gnanamani College of Technology, Pachal Post, Namakkal District 637018",NAMAKKAL,SELF FINANCING COLLEGES TIER 2,AD,ARTIFICIAL INTELLIGENCE AND DATA SCIENCE,88184,149727,,128407,138409,120014,,0,0,0,0,0,0,0
2624,"Gnanamani College of Technology, Pachal Post, Namakkal District 637018",NAMAKKAL,SELF FINANCING COLLEGES TIER 2,AG,AGRICULTURAL ENGINEERING,129517,141122,136800,155651,156028,143686,134509,0,1,1,1,1,1,0
2624,"Gnanamani College of Technology, Pachal Post, Namakkal District 637018",NAMAKKAL,SELF FINANCING COLLEGES TIER 2,BM,BIO MEDICAL ENGINEERING,94067,151503,148468,122708,118926,62864,,0,1,1,0,0,0,0
2624,"Gnanamani College of Technology, Pachal Post, Namakkal District 637018",NAMAKKAL,SELF FINANCING COLLEGES TIER 2,BT,BIO TECHNOLOGY,127573,131997,,155779,143387,,,0,1,0,1,1,0,0
2624,"Gnanamani College of Technology, Pachal Post, Namakkal District 637018",NAMAKKAL,SELF FINANCING COLLEGES TIER 2,CH,CHEMICAL  ENGINEERING,149951,,,155506,151952,,,0,0,0,1,1,0,0
2624,"Gnanamani College of Technology, Pachal Post, Namakkal District 637018",NAMAKKAL,SELF FINANCING COLLEGES TIER 2,CS,COMPUTER SCIENCE AND ENGINEERING,93377,147666,126625,136049,143044,129374,137887,0,0,0,0,0,1,0
2624,"Gnanamani College of Technology, Pachal Post, Namakkal District 637018",NAMAKKAL,SELF FINANCING COLLEGES TIER 2,EC,ELECTRONICS AND COMMUNICATION ENGINEERING,101776,146269,,131956,138818,126714,,0,1,0,0,1,0,0
2624,"Gnanamani College of Technology, Pachal Post, Namakkal District 637018",NAMAKKAL,SELF FINANCING COLLEGES TIER 2,EE,ELECTRICAL AND ELECTRONICS ENGINEERING,134848,139750,,136076,140771,139605,,0,1,0,1,1,0,0
2624,"Gnanamani College of Technology, Pachal Post, Namakkal District 637018",NAMAKKAL,SELF FINANCING COLLEGES TIER 2,FD,FOOD TECHNOLOGY,114022,155606,,146222,126568,116612,,0,1,0,1,1,0,0
2624,"Gnanamani College of Technology, Pachal Post, Namakkal District 637018",NAMAKKAL,SELF FINANCING COLLEGES TIER 2,IT,INFORMATION TECHNOLOGY,101422,149999,142378,138085,153583,125411,,0,0,1,0,1,0,0
2624,"Gnanamani College of Technology, Pachal Post, Namakkal District 637018",NAMAKKAL,SELF FINANCING COLLEGES TIER 2,ME,MECHANICAL ENGINEERING,148791,155452,,,155028,,,0,1,0,0,1,0,0
2624,"Gnanamani College of Technology, Pachal Post, Namakkal District 637018",NAMAKKAL,SELF FINANCING COLLEGES TIER 2,PH,PHARMACEUTICAL TECHNOLOGY,80833,146600,,134324,111711,,,0,1,0,1,1,0,0
2625,"The Kavery Engineering College, M Kalipatti Post, Mecheri, Salem District 634456",SALEM,SELF FINANCING COLLEGES TIER 3,AD,ARTIFICIAL INTELLIGENCE AND DATA SCIENCE,128959,145702,148720,135807,139730,136871,,0,1,0,1,1,0,0
2625,"The Kavery Engineering College, M Kalipatti Post, Mecheri, Salem District 634456",SALEM,SELF FINANCING COLLEGES TIER 3,AG,AGRICULTURAL ENGINEERING,113550,146732,,145493,139312,141687,,0,1,0,0,1,0,0
2625,"The Kavery Engineering College, M Kalipatti Post, Mecheri, Salem District 634456",SALEM,SELF FINANCING COLLEGES TIER 3,BM,BIO MEDICAL ENGINEERING,122937,153454,,150507,146766,150354,,0,1,0,1,1,0,0
2625,"The Kavery Engineering College, M Kalipatti Post, Mecheri, Salem District 634456",SALEM,SELF FINANCING COLLEGES TIER 3,CE,CIVIL  ENGINEERING,143166,,,149766,,,,0,0,0,1,0,0,0
2625,"The Kavery Engineering College, M Kalipatti Post, Mecheri, Salem District 634456",SALEM,SELF FINANCING COLLEGES TIER 3,CH,CHEMICAL  ENGINEERING,132534,,,154374,,,,0,0,0,0,0,0,0
2625,"The Kavery Engineering College, M Kalipatti Post, Mecheri, Salem District 634456",SALEM,SELF FINANCING COLLEGES TIER 3,CS,COMPUTER SCIENCE AND ENGINEERING,132715,154331,136765,153635,139439,,149848,0,1,1,0,1,0,0
2625,"The Kavery Engineering College, M Kalipatti Post, Mecheri, Salem District 634456",SALEM,SELF FINANCING COLLEGES TIER 3,EC,ELECTRONICS AND COMMUNICATION ENGINEERING,152772,153864,,,,,,0,1,0,0,0,0,0
2625,"The Kavery Engineering College, M Kalipatti Post, Mecheri, Salem District 634456",SALEM,SELF FINANCING COLLEGES TIER 3,EE,ELECTRICAL AND ELECTRONICS ENGINEERING,136269,,,153781,140781,,,0,0,0,0,1,0,0
2625,"The Kavery Engineering College, M Kalipatti Post, Mecheri, Salem District 634456",SALEM,SELF FINANCING COLLEGES TIER 3,IT,INFORMATION TECHNOLOGY,128720,142153,130369,152670,145747,141570,133257,0,1,1,0,1,1,0
2625,"The Kavery Engineering College, M Kalipatti Post, Mecheri, Salem District 634456",SALEM,SELF FINANCING COLLEGES TIER 3,ME,MECHANICAL ENGINEERING,151667,,,,,,,1,0,0,0,0,0,0
2627,"Selvam College of Technology, Pappanaickenpatti Post, Namakkal District 637003",NAMAKKAL,SELF FINANCING COLLEGES TIER 3,BM,BIO MEDICAL ENGINEERING,129375,152699,,141313,151852,131474,,0,1,0,1,1,0,0
2627,"Selvam College of Technology, Pappanaickenpatti Post, Namakkal District 637003",NAMAKKAL,SELF FINANCING COLLEGES TIER 3,BT,BIO TECHNOLOGY,130377,152181,,155891,151549,152984,,0,1,0,1,1,0,0
2627,"Selvam College of Technology, Pappanaickenpatti Post, Namakkal District 637003",NAMAKKAL,SELF FINANCING COLLEGES TIER 3,CE,CIVIL  ENGINEERING,150859,,,,,,,1,0,0,0,0,0,0
2627,"Selvam College of Technology, Pappanaickenpatti Post, Namakkal District 637003",NAMAKKAL,SELF FINANCING COLLEGES TIER 3,CS,COMPUTER SCIENCE AND ENGINEERING,120781,154090,,143545,152158,136395,,0,1,0,1,1,1,0
2627,"Selvam College of Technology, Pappanaickenpatti Post, Namakkal District 637003",NAMAKKAL,SELF FINANCING COLLEGES TIER 3,EC,ELECTRONICS AND COMMUNICATION ENGINEERING,127274,151464,134214,156029,149260,145564,,0,1,0,1,0,0,0
2627,"Selvam College of Technology, Pappanaickenpatti Post, Namakkal District 637003",NAMAKKAL,SELF FINANCING COLLEGES TIER 3,EE,ELECTRICAL AND ELECTRONICS ENGINEERING,144583,151522,,155646,154502,,,0,1,0,1,1,0,0
2627,"Selvam College of Technology, Pappanaickenpatti Post, Namakkal District 637003",NAMAKKAL,SELF FINANCING COLLEGES TIER 3,IT,INFORMATION TECHNOLOGY,113391,153558,133097,155057,141671,142064,141859,0,1,0,0,1,0,0
2627,"Selvam College of Technology, Pappanaickenpatti Post, Namakkal District 637003",NAMAKKAL,SELF FINANCING COLLEGES TIER 3,ME,MECHANICAL ENGINEERING,151795,154614,,,154187,,,0,1,0,0,1,0,0
2628,"Paavai College of Engineering, NH-7, Pachal Post, Namakkal District 637018",NAMAKKAL,SELF FINANCING COLLEGES TIER 3,AD,ARTIFICIAL INTELLIGENCE AND DATA SCIENCE,63436,124405,117247,74913,131746,,,0,0,0,0,1,0,0
2628,"Paavai College of Engineering, NH-7, Pachal Post, Namakkal District 637018",NAMAKKAL,SELF FINANCING COLLEGES TIER 3,AM,COMPUTER SCIENCE AND ENGINEERING (ARTIFICIAL INTELLIGENCE AND MACHINE LEARNING),104093,122890,119620,146478,111084,,,0,0,1,0,1,0,0
2628,"Paavai College of Engineering, NH-7, Pachal Post, Namakkal District 637018",NAMAKKAL,SELF FINANCING COLLEGES TIER 3,AU,AUTOMOBILE ENGINEERING,156182,,,,,,,1,0,0,0,0,0,0
2628,"Paavai College of Engineering, NH-7, Pachal Post, Namakkal District 637018",NAMAKKAL,SELF FINANCING COLLEGES TIER 3,BM,BIO MEDICAL ENGINEERING,145214,150090,,148912,155592,,,0,1,0,1,1,0,0
2628,"Paavai College of Engineering, NH-7, Pachal Post, Namakkal District 637018",NAMAKKAL,SELF FINANCING COLLEGES TIER 3,CS,COMPUTER SCIENCE AND ENGINEERING,82933,97779,111786,97979,153842,,,0,0,1,0,1,0,0
2628,"Paavai College of Engineering, NH-7, Pachal Post, Namakkal District 637018",NAMAKKAL,SELF FINANCING COLLEGES TIER 3,EE,ELECTRICAL AND ELECTRONICS ENGINEERING,139023,146668,,144689,145075,,,0,1,0,1,1,0,0
2628,"Paavai College of Engineering, NH-7, Pachal Post, Namakkal District 637018",NAMAKKAL,SELF FINANCING COLLEGES TIER 3,ME,MECHANICAL ENGINEERING,151697,,,,,,,0,0,0,0,0,0,0
2628,"Paavai College of Engineering, NH-7, Pachal Post, Namakkal District 637018",NAMAKKAL,SELF FINANCING COLLEGES TIER 3,SC,Computer Science and Engineering (Cyber Security),111797,121778,,153203,,,,0,1,0,0,0,0,0
2630,"Chettinad College of Engineering and Technology, NH-67, Trichy Main Road, Puliyur C F, Karur District 639114",KARUR,SELF FINANCING COLLEGES TIER 3,AD,ARTIFICIAL INTELLIGENCE AND DATA SCIENCE,78397,108527,,125506,146888,,,0,0,0,0,0,0,0
2630,"Chettinad College of Engineering and Technology, NH-67, Trichy Main Road, Puliyur C F, Karur District 639114",KARUR,SELF FINANCING COLLEGES TIER 3,CS,COMPUTER SCIENCE AND ENGINEERING,68003,104225,81764,103752,117622,145089,,0,0,0,0,1,0,0
2630,"Chettinad College of Engineering and Technology, NH-67, Trichy Main Road, Puliyur C F, Karur District 639114",KARUR,SELF FINANCING COLLEGES TIER 3,EC,ELECTRONICS AND COMMUNICATION ENGINEERING,60805,135034,76552,107011,141402,118762,,0,0,0,0,0,0,0
2630,"Chettinad College of Engineering and Technology, NH-67, Trichy Main Road, Puliyur C F, Karur District 639114",KARUR,SELF FINANCING COLLEGES TIER 3,EE,ELECTRICAL AND ELECTRONICS ENGINEERING,123387,151451,135318,155988,155393,,,0,0,1,1,0,0,0
2630,"Chettinad College of Engineering and Technology, NH-67, Trichy Main Road, Puliyur C F, Karur District 639114",KARUR,SELF FINANCING COLLEGES TIER 3,ME,MECHANICAL ENGINEERING,155628,155671,,,155784,155786,,0,1,0,0,1,1,0
2632,"Mahendra Institute of Technology (Autonomous), Mahendhirapuri, Mallasamudram,  Namakkal District 637503",NAMAKKAL,SELF FINANCING COLLEGES TIER 2,AM,COMPUTER SCIENCE AND ENGINEERING (ARTIFICIAL INTELLIGENCE AND MACHINE LEARNING),101193,134615,,119358,,,,0,0,0,0,0,0,0
2632,"Mahendra Institute of Technology (Autonomous), Mahendhirapuri, Mallasamudram,  Namakkal District 637503",NAMAKKAL,SELF FINANCING COLLEGES TIER 2,BM,BIO MEDICAL ENGINEERING,88650,144480,,135388,137586,112403,,0,0,0,0,0,0,0
2632,"Mahendra Institute of Technology (Autonomous), Mahendhirapuri, Mallasamudram,  Namakkal District 637503",NAMAKKAL,SELF FINANCING COLLEGES TIER 2,CE,CIVIL  ENGINEERING,155468,,,,,,,1,0,0,0,0,0,0
2632,"Mahendra Institute of Technology (Autonomous), Mahendhirapuri, Mallasamudram,  Namakkal District 637503",NAMAKKAL,SELF FINANCING COLLEGES TIER 2,CS,COMPUTER SCIENCE AND ENGINEERING,80655,108913,109951,88914,146052,143577,,0,0,1,0,1,0,0
2632,"Mahendra Institute of Technology (Autonomous), Mahendhirapuri, Mallasamudram,  Namakkal District 637503",NAMAKKAL,SELF FINANCING COLLEGES TIER 2,EC,ELECTRONICS AND COMMUNICATION ENGINEERING,95505,133067,,113628,156204,134167,143050,0,0,0,0,0,1,0
2632,"Mahendra Institute of Technology (Autonomous), Mahendhirapuri, Mallasamudram,  Namakkal District 637503",NAMAKKAL,SELF FINANCING COLLEGES TIER 2,EE,ELECTRICAL AND ELECTRONICS ENGINEERING,123137,152243,,137150,131044,137878,,0,1,0,0,1,0,0
2632,"Mahendra Institute of Technology (Autonomous), Mahendhirapuri, Mallasamudram,  Namakkal District 637503",NAMAKKAL,SELF FINANCING COLLEGES TIER 2,IT,INFORMATION TECHNOLOGY,59408,87764,140886,97549,123366,120904,,0,0,0,0,1,0,0
2632,"Mahendra Institute of Technology (Autonomous), Mahendhirapuri, Mallasamudram,  Namakkal District 637503",NAMAKKAL,SELF FINANCING COLLEGES TIER 2,ME,MECHANICAL ENGINEERING,144507,155108,,154227,156112,150525,,0,1,0,0,1,0,0
2633,"Vidyaa Vikas College of Engineering and Technology, Varahoorampatti, Tiruchengode, Namakkal District 637 214",NAMAKKAL,SELF FINANCING COLLEGES TIER 3,CE,CIVIL  ENGINEERING,,,,,,,,0,0,0,0,0,0,0
2633,"Vidyaa Vikas College of Engineering and Technology, Varahoorampatti, Tiruchengode, Namakkal District 637 214",NAMAKKAL,SELF FINANCING COLLEGES TIER 3,CS,COMPUTER SCIENCE AND ENGINEERING,114933,156092,,150987,153963,144815,,0,1,0,1,1,0,0
2633,"Vidyaa Vikas College of Engineering and Technology, Varahoorampatti, Tiruchengode, Namakkal District 637 214",NAMAKKAL,SELF FINANCING COLLEGES TIER 3,EC,ELECTRONICS AND COMMUNICATION ENGINEERING,155228,,,,,,,1,0,0,0,0,0,0
2633,"Vidyaa Vikas College of Engineering and Technology, Varahoorampatti, Tiruchengode, Namakkal District 637 214",NAMAKKAL,SELF FINANCING COLLEGES TIER 3,EE,ELECTRICAL AND ELECTRONICS ENGINEERING,,,,,,,,0,0,0,0,0,0,0
2633,"Vidyaa Vikas College of Engineering and Technology, Varahoorampatti, Tiruchengode, Namakkal District 637 214",NAMAKKAL,SELF FINANCING COLLEGES TIER 3,ME,MECHANICAL ENGINEERING,156013,,,,,,,1,0,0,0,0,0,0
2634,"Excel Engineering College (Autonomous), NH-544, Salem Main Road, Pallakapalayam, Sankari West Post, Komarapalayam Taluk, Namakkal District - 637303",NAMAKKAL,SELF FINANCING COLLEGES TIER 3,AD,ARTIFICIAL INTELLIGENCE AND DATA SCIENCE,85926,143102,144477,147320,156105,152886,,0,1,1,1,1,0,0
2634,"Excel Engineering College (Autonomous), NH-544, Salem Main Road, Pallakapalayam, Sankari West Post, Komarapalayam Taluk, Namakkal District - 637303",NAMAKKAL,SELF FINANCING COLLEGES TIER 3,AE,AERONAUTICAL ENGINEERING,115553,144953,,130650,144659,124460,,0,1,0,1,0,0,0
2634,"Excel Engineering College (Autonomous), NH-544, Salem Main Road, Pallakapalayam, Sankari West Post, Komarapalayam Taluk, Namakkal District - 637303",NAMAKKAL,SELF FINANCING COLLEGES TIER 3,AG,AGRICULTURAL ENGINEERING,131488,153527,,154468,153575,,,0,1,0,1,1,0,0
2634,"Excel Engineering College (Autonomous), NH-544, Salem Main Road, Pallakapalayam, Sankari West Post, Komarapalayam Taluk, Namakkal District - 637303",NAMAKKAL,SELF FINANCING COLLEGES TIER 3,BM,BIO MEDICAL ENGINEERING,103919,144346,,136122,135597,,,0,1,0,1,1,0,0
2634,"Excel Engineering College (Autonomous), NH-544, Salem Main Road, Pallakapalayam, Sankari West Post, Komarapalayam Taluk, Namakkal District - 637303",NAMAKKAL,SELF FINANCING COLLEGES TIER 3,CB,COMPUTER SCIENCE AND BUSSINESS SYSTEM,125516,139989,,152520,152487,143769,,0,1,0,1,1,0,0
2634,"Excel Engineering College (Autonomous), NH-544, Salem Main Road, Pallakapalayam, Sankari West Post, Komarapalayam Taluk, Namakkal District - 637303",NAMAKKAL,SELF FINANCING COLLEGES TIER 3,CE,CIVIL  ENGINEERING,156220,,,,,,,1,0,0,0,0,0,0
2634,"Excel Engineering College (Autonomous), NH-544, Salem Main Road, Pallakapalayam, Sankari West Post, Komarapalayam Taluk, Namakkal District - 637303",NAMAKKAL,SELF FINANCING COLLEGES TIER 3,CS,COMPUTER SCIENCE AND ENGINEERING,88598,149490,122353,131805,143668,117630,93019,0,1,0,0,1,0,0
2634,"Excel Engineering College (Autonomous), NH-544, Salem Main Road, Pallakapalayam, Sankari West Post, Komarapalayam Taluk, Namakkal District - 637303",NAMAKKAL,SELF FINANCING COLLEGES TIER 3,EC,ELECTRONICS AND COMMUNICATION ENGINEERING,89519,135257,132013,139453,155454,100007,,0,1,0,0,0,0,0
2634,"Excel Engineering College (Autonomous), NH-544, Salem Main Road, Pallakapalayam, Sankari West Post, Komarapalayam Taluk, Namakkal District - 637303",NAMAKKAL,SELF FINANCING COLLEGES TIER 3,EE,ELECTRICAL AND ELECTRONICS ENGINEERING,116211,138584,,155474,155591,123024,,0,1,0,1,0,0,0
2634,"Excel Engineering College (Autonomous), NH-544, Salem Main Road, Pallakapalayam, Sankari West Post, Komarapalayam Taluk, Namakkal District - 637303",NAMAKKAL,SELF FINANCING COLLEGES TIER 3,FD,FOOD TECHNOLOGY,119642,153413,,150587,148846,138621,128644,0,1,0,1,0,0,0
2634,"Excel Engineering College (Autonomous), NH-544, Salem Main Road, Pallakapalayam, Sankari West Post, Komarapalayam Taluk, Namakkal District - 637303",NAMAKKAL,SELF FINANCING COLLEGES TIER 3,IT,INFORMATION TECHNOLOGY,85645,154008,130511,148554,147122,146312,89032,0,1,1,0,0,0,0
2634,"Excel Engineering College (Autonomous), NH-544, Salem Main Road, Pallakapalayam, Sankari West Post, Komarapalayam Taluk, Namakkal District - 637303",NAMAKKAL,SELF FINANCING COLLEGES TIER 3,ME,MECHANICAL ENGINEERING,149890,,,156264,156183,,,0,0,0,1,1,0,0
2634,"Excel Engineering College (Autonomous), NH-544, Salem Main Road, Pallakapalayam, Sankari West Post, Komarapalayam Taluk, Namakkal District - 637303",NAMAKKAL,SELF FINANCING COLLEGES TIER 3,PC,PETRO CHEMICAL TECHNOLOGY,155696,,,,,,,1,0,0,0,0,0,0
2634,"Excel Engineering College (Autonomous), NH-544, Salem Main Road, Pallakapalayam, Sankari West Post, Komarapalayam Taluk, Namakkal District - 637303",NAMAKKAL,SELF FINANCING COLLEGES TIER 3,SF,Safety and Fire Engineering,144442,154702,,,145332,,,0,1,0,0,1,0,0
2635,"CMS College of Engineering, Emapuram Post, Namakkal District 637003",NAMAKKAL,SELF FINANCING COLLEGES TIER 3,AD,ARTIFICIAL INTELLIGENCE AND DATA SCIENCE,125184,134697,,150952,,,,0,1,0,0,0,0,0
2635,"CMS College of Engineering, Emapuram Post, Namakkal District 637003",NAMAKKAL,SELF FINANCING COLLEGES TIER 3,BM,BIO MEDICAL ENGINEERING,121586,149907,137034,153663,,,,0,1,0,1,0,0,0
2635,"CMS College of Engineering, Emapuram Post, Namakkal District 637003",NAMAKKAL,SELF FINANCING COLLEGES TIER 3,CS,COMPUTER SCIENCE AND ENGINEERING,106250,150983,,150001,,,,0,1,0,0,0,0,0
2635,"CMS College of Engineering, Emapuram Post, Namakkal District 637003",NAMAKKAL,SELF FINANCING COLLEGES TIER 3,EC,ELECTRONICS AND COMMUNICATION ENGINEERING,123722,152930,,142901,,,,0,1,0,0,0,0,0
2635,"CMS College of Engineering, Emapuram Post, Namakkal District 637003",NAMAKKAL,SELF FINANCING COLLEGES TIER 3,EE,ELECTRICAL AND ELECTRONICS ENGINEERING,153480,,,,,,,1,0,0,0,0,0,0
2635,"CMS College of Engineering, Emapuram Post, Namakkal District 637003",NAMAKKAL,SELF FINANCING COLLEGES TIER 3,ME,MECHANICAL ENGINEERING,156046,,,,,,,1,0,0,0,0,0,0
2636,"A V S Engineering College, Military Road, Ammapet, Salem District 636003",SALEM,SELF FINANCING COLLEGES TIER 3,AD,ARTIFICIAL INTELLIGENCE AND DATA SCIENCE,90792,153459,135338,123811,144737,116719,,0,0,0,0,0,0,0
2636,"A V S Engineering College, Military Road, Ammapet, Salem District 636003",SALEM,SELF FINANCING COLLEGES TIER 3,BM,BIO MEDICAL ENGINEERING,112035,154630,154589,145489,142439,127548,,0,1,0,0,0,0,0
2636,"A V S Engineering College, Military Road, Ammapet, Salem District 636003",SALEM,SELF FINANCING COLLEGES TIER 3,CE,CIVIL  ENGINEERING,138692,155529,,152470,151064,150015,152801,0,1,0,0,0,0,0
2636,"A V S Engineering College, Military Road, Ammapet, Salem District 636003",SALEM,SELF FINANCING COLLEGES TIER 3,CS,COMPUTER SCIENCE AND ENGINEERING,90917,154855,147133,122256,148695,122853,120938,0,0,0,0,0,0,0
2636,"A V S Engineering College, Military Road, Ammapet, Salem District 636003",SALEM,SELF FINANCING COLLEGES TIER 3,EC,ELECTRONICS AND COMMUNICATION ENGINEERING,78795,154975,133326,128261,149276,153111,124793,0,1,0,0,0,0,0
2636,"A V S Engineering College, Military Road, Ammapet, Salem District 636003",SALEM,SELF FINANCING COLLEGES TIER 3,EE,ELECTRICAL AND ELECTRONICS ENGINEERING,126411,152979,155361,136251,146899,154310,,0,1,0,0,0,0,0
2636,"A V S Engineering College, Military Road, Ammapet, Salem District 636003",SALEM,SELF FINANCING COLLEGES TIER 3,ME,MECHANICAL ENGINEERING,139488,155494,155499,153988,147045,146099,,0,1,1,0,0,0,0
2638,"Mahendra Engineering College for Women, Kumaramangalam, Namakkal District 637205",NAMAKKAL,SELF FINANCING COLLEGES TIER 1,CS,COMPUTER SCIENCE AND ENGINEERING,128413,148411,,156127,153834,,154915,0,1,0,1,1,0,0
2638,"Mahendra Engineering College for Women, Kumaramangalam, Namakkal District 637205",NAMAKKAL,SELF FINANCING COLLEGES TIER 1,EC,ELECTRONICS AND COMMUNICATION ENGINEERING,145743,154244,,,153786,,149263,0,1,0,0,1,0,0
2638,"Mahendra Engineering College for Women, Kumaramangalam, Namakkal District 637205",NAMAKKAL,SELF FINANCING COLLEGES TIER 1,IT,INFORMATION TECHNOLOGY,95699,132553,,133385,140978,101546,,0,1,0,1,1,0,0
2639,"Narasu's Sarathy Institute of Technology, Poosaripatty Village, Omalur Taluk, Salem District 636305",SALEM,SELF FINANCING COLLEGES TIER 3,AD,ARTIFICIAL INTELLIGENCE AND DATA SCIENCE,99151,146209,,116281,151957,,,0,1,0,0,0,0,0
2639,"Narasu's Sarathy Institute of Technology, Poosaripatty Village, Omalur Taluk, Salem District 636305",SALEM,SELF FINANCING COLLEGES TIER 3,CS,COMPUTER SCIENCE AND ENGINEERING,73351,122561,138734,111231,133631,152011,86843,0,0,0,0,1,0,0
2639,"Narasu's Sarathy Institute of Technology, Poosaripatty Village, Omalur Taluk, Salem District 636305",SALEM,SELF FINANCING COLLEGES TIER 3,EC,ELECTRONICS AND COMMUNICATION ENGINEERING,109432,148548,147108,121376,152795,,145170,0,0,0,0,1,0,0
2639,"Narasu's Sarathy Institute of Technology, Poosaripatty Village, Omalur Taluk, Salem District 636305",SALEM,SELF FINANCING COLLEGES TIER 3,EE,ELECTRICAL AND ELECTRONICS ENGINEERING,123290,151981,,129687,151923,,,0,1,0,0,1,0,0
2639,"Narasu's Sarathy Institute of Technology, Poosaripatty Village, Omalur Taluk, Salem District 636305",SALEM,SELF FINANCING COLLEGES TIER 3,IT,INFORMATION TECHNOLOGY,63944,96526,102942,103411,102809,140705,,0,0,0,0,1,0,0
2639,"Narasu's Sarathy Institute of Technology, Poosaripatty Village, Omalur Taluk, Salem District 636305",SALEM,SELF FINANCING COLLEGES TIER 3,ME,MECHANICAL ENGINEERING,136870,,,148624,153992,,,0,0,0,1,1,0,0
2640,"Jayalakshmi Institute of Technology, Thoppur, Dharmapuri District 635352",DHARMAPURI,SELF FINANCING COLLEGES TIER 3,AD,ARTIFICIAL INTELLIGENCE AND DATA SCIENCE,142505,,,154907,143352,,,0,0,0,1,1,0,0
2640,"Jayalakshmi Institute of Technology, Thoppur, Dharmapuri District 635352",DHARMAPURI,SELF FINANCING COLLEGES TIER 3,CE,CIVIL  ENGINEERING,136948,,,,,,,1,0,0,0,0,0,0
2640,"Jayalakshmi Institute of Technology, Thoppur, Dharmapuri District 635352",DHARMAPURI,SELF FINANCING COLLEGES TIER 3,CS,COMPUTER SCIENCE AND ENGINEERING,144423,156171,,156255,155925,148781,,0,1,0,1,1,1,0
2640,"Jayalakshmi Institute of Technology, Thoppur, Dharmapuri District 635352",DHARMAPURI,SELF FINANCING COLLEGES TIER 3,EC,ELECTRONICS AND COMMUNICATION ENGINEERING,152579,154207,155571,156144,,,,0,1,1,1,0,0,0
2640,"Jayalakshmi Institute of Technology, Thoppur, Dharmapuri District 635352",DHARMAPURI,SELF FINANCING COLLEGES TIER 3,EE,ELECTRICAL AND ELECTRONICS ENGINEERING,156120,,,,,,,1,0,0,0,0,0,0
2640,"Jayalakshmi Institute of Technology, Thoppur, Dharmapuri District 635352",DHARMAPURI,SELF FINANCING COLLEGES TIER 3,ME,MECHANICAL ENGINEERING,152871,,,,,,,1,0,0,0,0,0,0
2641,"Varuvan Vadivelan Institute of Technology, Nallanahalli, Dharmapuri District 636701",DHARMAPURI,SELF FINANCING COLLEGES TIER 3,AD,ARTIFICIAL INTELLIGENCE AND DATA SCIENCE,143758,,,154920,154415,,,0,0,0,1,1,0,0
2641,"Varuvan Vadivelan Institute of Technology, Nallanahalli, Dharmapuri District 636701",DHARMAPURI,SELF FINANCING COLLEGES TIER 3,CE,CIVIL  ENGINEERING,153002,,,,,,,1,0,0,0,0,0,0
2641,"Varuvan Vadivelan Institute of Technology, Nallanahalli, Dharmapuri District 636701",DHARMAPURI,SELF FINANCING COLLEGES TIER 3,CS,COMPUTER SCIENCE AND ENGINEERING,136450,,,154971,155249,,,0,0,0,1,1,0,0
2641,"Varuvan Vadivelan Institute of Technology, Nallanahalli, Dharmapuri District 636701",DHARMAPURI,SELF FINANCING COLLEGES TIER 3,EC,ELECTRONICS AND COMMUNICATION ENGINEERING,154930,,,,,,,1,0,0,0,0,0,0
2641,"Varuvan Vadivelan Institute of Technology, Nallanahalli, Dharmapuri District 636701",DHARMAPURI,SELF FINANCING COLLEGES TIER 3,EE,ELECTRICAL AND ELECTRONICS ENGINEERING,155328,,,,,,,1,0,0,0,0,0,0
2641,"Varuvan Vadivelan Institute of Technology, Nallanahalli, Dharmapuri District 636701",DHARMAPURI,SELF FINANCING COLLEGES TIER 3,IT,INFORMATION TECHNOLOGY,116027,151659,,155042,151374,,,0,1,0,0,1,0,0
2641,"Varuvan Vadivelan Institute of Technology, Nallanahalli, Dharmapuri District 636701",DHARMAPURI,SELF FINANCING COLLEGES TIER 3,ME,MECHANICAL ENGINEERING,156136,,,,,,,1,0,0,0,0,0,0
2642,"P S V College of Engineeering and Technology, Mittapalli, Balinayanapalli Post, Elathagiri, Krishnagiri District 635108",KRISHNAGIRI,SELF FINANCING COLLEGES TIER 3,AD,ARTIFICIAL INTELLIGENCE AND DATA SCIENCE,97774,146436,143838,135232,152183,,,0,1,1,0,1,0,0
2642,"P S V College of Engineeering and Technology, Mittapalli, Balinayanapalli Post, Elathagiri, Krishnagiri District 635108",KRISHNAGIRI,SELF FINANCING COLLEGES TIER 3,BM,BIO MEDICAL ENGINEERING,145796,,,,,,,1,0,0,0,0,0,0
2642,"P S V College of Engineeering and Technology, Mittapalli, Balinayanapalli Post, Elathagiri, Krishnagiri District 635108",KRISHNAGIRI,SELF FINANCING COLLEGES TIER 3,CE,CIVIL  ENGINEERING,155965,,,,,,,1,0,0,0,0,0,0
2642,"P S V College of Engineeering and Technology, Mittapalli, Balinayanapalli Post, Elathagiri, Krishnagiri District 635108",KRISHNAGIRI,SELF FINANCING COLLEGES TIER 3,CS,COMPUTER SCIENCE AND ENGINEERING,69919,132314,131762,103536,111756,,,0,0,0,0,0,0,0
2642,"P S V College of Engineeering and Technology, Mittapalli, Balinayanapalli Post, Elathagiri, Krishnagiri District 635108",KRISHNAGIRI,SELF FINANCING COLLEGES TIER 3,EC,ELECTRONICS AND COMMUNICATION ENGINEERING,112728,151212,,139443,151209,,,0,1,0,0,0,0,0
2642,"P S V College of Engineeering and Technology, Mittapalli, Balinayanapalli Post, Elathagiri, Krishnagiri District 635108",KRISHNAGIRI,SELF FINANCING COLLEGES TIER 3,EE,ELECTRICAL AND ELECTRONICS ENGINEERING,144103,155051,,151329,155234,,,0,1,0,1,1,0,0
2642,"P S V College of Engineeering and Technology, Mittapalli, Balinayanapalli Post, Elathagiri, Krishnagiri District 635108",KRISHNAGIRI,SELF FINANCING COLLEGES TIER 3,IT,INFORMATION TECHNOLOGY,60912,95325,124484,93061,144415,130759,,0,1,1,0,0,0,0
2642,"P S V College of Engineeering and Technology, Mittapalli, Balinayanapalli Post, Elathagiri, Krishnagiri District 635108",KRISHNAGIRI,SELF FINANCING COLLEGES TIER 3,ME,MECHANICAL ENGINEERING,156055,156166,,,,,,0,1,0,0,0,0,0
2643,"Bharathiyar Institute of Engineering for Women, Deviayakurichi, Attur Taluk, Salem District 636112",SALEM,SELF FINANCING COLLEGES TIER 3,AD,ARTIFICIAL INTELLIGENCE AND DATA SCIENCE,93780,135465,112914,135000,135621,150091,128910,0,1,1,0,0,0,0
2643,"Bharathiyar Institute of Engineering for Women, Deviayakurichi, Attur Taluk, Salem District 636112",SALEM,SELF FINANCING COLLEGES TIER 3,CS,COMPUTER SCIENCE AND ENGINEERING,99001,148510,126377,148987,145189,144126,103380,0,1,1,1,0,0,0
2643,"Bharathiyar Institute of Engineering for Women, Deviayakurichi, Attur Taluk, Salem District 636112",SALEM,SELF FINANCING COLLEGES TIER 3,EC,ELECTRONICS AND COMMUNICATION ENGINEERING,126037,153766,141622,150053,148511,148848,,0,1,0,1,0,0,0
2643,"Bharathiyar Institute of Engineering for Women, Deviayakurichi, Attur Taluk, Salem District 636112",SALEM,SELF FINANCING COLLEGES TIER 3,EE,ELECTRICAL AND ELECTRONICS ENGINEERING,132849,150607,,155748,150944,,133080,0,1,0,1,0,0,0
2646,"Tagore Institute of Engineering and Technology, Deviyakurichi, Attur Taluk, Salem District 636112",SALEM,SELF FINANCING COLLEGES TIER 3,AD,ARTIFICIAL INTELLIGENCE AND DATA SCIENCE,118513,144198,139841,152750,135320,129648,,0,1,0,1,0,0,0
2646,"Tagore Institute of Engineering and Technology, Deviyakurichi, Attur Taluk, Salem District 636112",SALEM,SELF FINANCING COLLEGES TIER 3,CE,CIVIL  ENGINEERING,148712,,,,,,,1,0,0,0,0,0,0
2646,"Tagore Institute of Engineering and Technology, Deviyakurichi, Attur Taluk, Salem District 636112",SALEM,SELF FINANCING COLLEGES TIER 3,CS,COMPUTER SCIENCE AND ENGINEERING,97363,156198,101461,148824,145236,145968,,0,1,1,1,1,0,0
2646,"Tagore Institute of Engineering and Technology, Deviyakurichi, Attur Taluk, Salem District 636112",SALEM,SELF FINANCING COLLEGES TIER 3,EC,ELECTRONICS AND COMMUNICATION ENGINEERING,137527,143753,,153684,155558,148088,,0,1,0,1,1,1,0
2646,"Tagore Institute of Engineering and Technology, Deviyakurichi, Attur Taluk, Salem District 636112",SALEM,SELF FINANCING COLLEGES TIER 3,EE,ELECTRICAL AND ELECTRONICS ENGINEERING,141759,146829,,156054,155979,146593,,0,1,0,1,1,0,0
2646,"Tagore Institute of Engineering and Technology, Deviyakurichi, Attur Taluk, Salem District 636112",SALEM,SELF FINANCING COLLEGES TIER 3,ME,MECHANICAL ENGINEERING,150788,152184,155837,156162,155594,,,0,1,0,1,1,0,0
2647,"J K K Nataraja College of Engineering and Technology, Komarapalayam Amani, Thattankuttai Panchayat, Namakkal District 638183",NAMAKKAL,SELF FINANCING COLLEGES TIER 3,CS,COMPUTER SCIENCE AND ENGINEERING,128745,153777,,154741,152781,145590,,0,1,0,1,1,0,0
2647,"J K K Nataraja College of Engineering and Technology, Komarapalayam Amani, Thattankuttai Panchayat, Namakkal District 638183",NAMAKKAL,SELF FINANCING COLLEGES TIER 3,EC,ELECTRONICS AND COMMUNICATION ENGINEERING,156157,,,,,,,1,0,0,0,0,0,0
2647,"J K K Nataraja College of Engineering and Technology, Komarapalayam Amani, Thattankuttai Panchayat, Namakkal District 638183",NAMAKKAL,SELF FINANCING COLLEGES TIER 3,EE,ELECTRICAL AND ELECTRONICS ENGINEERING,152052,,,,,,,1,0,0,0,0,0,0
2647,"J K K Nataraja College of Engineering and Technology, Komarapalayam Amani, Thattankuttai Panchayat, Namakkal District 638183",NAMAKKAL,SELF FINANCING COLLEGES TIER 3,IT,INFORMATION TECHNOLOGY,150221,,,155629,155265,,,0,0,0,1,1,0,0
2647,"J K K Nataraja College of Engineering and Technology, Komarapalayam Amani, Thattankuttai Panchayat, Namakkal District 638183",NAMAKKAL,SELF FINANCING COLLEGES TIER 3,ME,MECHANICAL ENGINEERING,72483,,,,,,,1,0,0,0,0,0,0
2648,"Annapoorana Engineering College (Autonomous), Sankari Main Road, NH-47, Periaseeragapadi, Salem District 636308",SALEM,SELF FINANCING COLLEGES TIER 3,AU,AUTOMOBILE ENGINEERING,155936,,,,,,,1,0,0,0,0,0,0
2648,"Annapoorana Engineering College (Autonomous), Sankari Main Road, NH-47, Periaseeragapadi, Salem District 636308",SALEM,SELF FINANCING COLLEGES TIER 3,CE,CIVIL  ENGINEERING,138384,,,,,,,1,0,0,0,0,0,0
2648,"Annapoorana Engineering College (Autonomous), Sankari Main Road, NH-47, Periaseeragapadi, Salem District 636308",SALEM,SELF FINANCING COLLEGES TIER 3,CS,COMPUTER SCIENCE AND ENGINEERING,99087,142343,144942,134629,147535,,,0,0,1,0,0,0,0
2648,"Annapoorana Engineering College (Autonomous), Sankari Main Road, NH-47, Periaseeragapadi, Salem District 636308",SALEM,SELF FINANCING COLLEGES TIER 3,EC,ELECTRONICS AND COMMUNICATION ENGINEERING,130876,153696,134931,152490,155674,,,0,1,1,1,1,0,0
2648,"Annapoorana Engineering College (Autonomous), Sankari Main Road, NH-47, Periaseeragapadi, Salem District 636308",SALEM,SELF FINANCING COLLEGES TIER 3,EE,ELECTRICAL AND ELECTRONICS ENGINEERING,146470,154813,153458,154841,155986,147870,,0,1,1,1,1,1,0
2648,"Annapoorana Engineering College (Autonomous), Sankari Main Road, NH-47, Periaseeragapadi, Salem District 636308",SALEM,SELF FINANCING COLLEGES TIER 3,ME,MECHANICAL ENGINEERING,156081,,,,,,,0,0,0,0,0,0,0
2650,"Christ The King Engineering College, Cecilia Gardens, Chikkarampalayam Village, Coimbatore District 641104",COIMBATORE,SELF FINANCING COLLEGES TIER 3,AD,ARTIFICIAL INTELLIGENCE AND DATA SCIENCE,102152,131897,147388,146724,140069,151662,152754,0,0,1,1,0,0,0
2650,"Christ The King Engineering College, Cecilia Gardens, Chikkarampalayam Village, Coimbatore District 641104",COIMBATORE,SELF FINANCING COLLEGES TIER 3,CE,CIVIL  ENGINEERING,,,,,,,,0,0,0,0,0,0,0
2650,"Christ The King Engineering College, Cecilia Gardens, Chikkarampalayam Village, Coimbatore District 641104",COIMBATORE,SELF FINANCING COLLEGES TIER 3,CS,COMPUTER SCIENCE AND ENGINEERING,82419,136064,,138511,142657,85652,,0,0,0,1,0,0,0
2650,"Christ The King Engineering College, Cecilia Gardens, Chikkarampalayam Village, Coimbatore District 641104",COIMBATORE,SELF FINANCING COLLEGES TIER 3,EC,ELECTRONICS AND COMMUNICATION ENGINEERING,116234,155905,,152070,148092,145371,,0,0,0,1,0,0,0
2650,"Christ The King Engineering College, Cecilia Gardens, Chikkarampalayam Village, Coimbatore District 641104",COIMBATORE,SELF FINANCING COLLEGES TIER 3,EE,ELECTRICAL AND ELECTRONICS ENGINEERING,118653,155333,,154309,155448,,,0,1,0,1,0,0,0
2650,"Christ The King Engineering College, Cecilia Gardens, Chikkarampalayam Village, Coimbatore District 641104",COIMBATORE,SELF FINANCING COLLEGES TIER 3,ME,MECHANICAL ENGINEERING,150839,,,152722,155714,,,0,0,0,1,1,0,0
2651,"Jai Shriram Engineering College, Dharapuram Road, Avinashi Palayam, Tiruppur District 638660",TIRUPPUR,SELF FINANCING COLLEGES TIER 3,AD,ARTIFICIAL INTELLIGENCE AND DATA SCIENCE,88879,149301,111407,149457,130549,104908,,0,0,0,1,1,0,0
2651,"Jai Shriram Engineering College, Dharapuram Road, Avinashi Palayam, Tiruppur District 638660",TIRUPPUR,SELF FINANCING COLLEGES TIER 3,CE,CIVIL  ENGINEERING,156124,,,,,,,1,0,0,0,0,0,0
2651,"Jai Shriram Engineering College, Dharapuram Road, Avinashi Palayam, Tiruppur District 638660",TIRUPPUR,SELF FINANCING COLLEGES TIER 3,CS,COMPUTER SCIENCE AND ENGINEERING,69788,143694,100808,119142,102012,96617,,0,0,0,1,0,0,0
2651,"Jai Shriram Engineering College, Dharapuram Road, Avinashi Palayam, Tiruppur District 638660",TIRUPPUR,SELF FINANCING COLLEGES TIER 3,EC,ELECTRONICS AND COMMUNICATION ENGINEERING,72817,134672,120708,136930,145336,129490,,0,1,0,0,0,0,0
2651,"Jai Shriram Engineering College, Dharapuram Road, Avinashi Palayam, Tiruppur District 638660",TIRUPPUR,SELF FINANCING COLLEGES TIER 3,EE,ELECTRICAL AND ELECTRONICS ENGINEERING,145091,153424,,,155246,155866,,0,1,0,0,1,0,0
2651,"Jai Shriram Engineering College, Dharapuram Road, Avinashi Palayam, Tiruppur District 638660",TIRUPPUR,SELF FINANCING COLLEGES TIER 3,FT,FASHION TECHNOLOGY,140552,155039,,150920,153461,143361,,0,1,0,1,1,0,0
2651,"Jai Shriram Engineering College, Dharapuram Road, Avinashi Palayam, Tiruppur District 638660",TIRUPPUR,SELF FINANCING COLLEGES TIER 3,ME,MECHANICAL ENGINEERING,137497,153783,,140053,152057,,,0,1,0,1,1,0,0
2652,"AL-Ameen Engineering College (Autonomous), Karundevan Palayam, Nanjai Uthukuli Post, Erode District 638104",ERODE,SELF FINANCING COLLEGES TIER 3,AD,ARTIFICIAL INTELLIGENCE AND DATA SCIENCE,144616,153239,144957,,,,,0,1,0,0,0,0,0
2652,"AL-Ameen Engineering College (Autonomous), Karundevan Palayam, Nanjai Uthukuli Post, Erode District 638104",ERODE,SELF FINANCING COLLEGES TIER 3,CS,COMPUTER SCIENCE AND ENGINEERING,136981,154726,138794,154218,155306,150590,,0,1,0,1,1,0,0
2652,"AL-Ameen Engineering College (Autonomous), Karundevan Palayam, Nanjai Uthukuli Post, Erode District 638104",ERODE,SELF FINANCING COLLEGES TIER 3,EC,ELECTRONICS AND COMMUNICATION ENGINEERING,142752,,147042,155878,156250,143538,,0,0,0,1,1,0,0
2652,"AL-Ameen Engineering College (Autonomous), Karundevan Palayam, Nanjai Uthukuli Post, Erode District 638104",ERODE,SELF FINANCING COLLEGES TIER 3,EE,ELECTRICAL AND ELECTRONICS ENGINEERING,153914,,156269,,,,,0,0,0,0,0,0,0
2652,"AL-Ameen Engineering College (Autonomous), Karundevan Palayam, Nanjai Uthukuli Post, Erode District 638104",ERODE,SELF FINANCING COLLEGES TIER 3,IT,INFORMATION TECHNOLOGY,124570,152834,,151241,152674,,,0,1,0,1,0,0,0
2652,"AL-Ameen Engineering College (Autonomous), Karundevan Palayam, Nanjai Uthukuli Post, Erode District 638104",ERODE,SELF FINANCING COLLEGES TIER 3,ME,MECHANICAL ENGINEERING,156236,,,,,,,1,0,0,0,0,0,0
2653,"Knowledge Institute of Technology, KIOT Campus, Kakapalayam Post, Salem District 637504",SALEM,SELF FINANCING COLLEGES TIER 3,AD,ARTIFICIAL INTELLIGENCE AND DATA SCIENCE,33093,50470,96108,50960,,154125,,0,0,0,0,0,0,0
2653,"Knowledge Institute of Technology, KIOT Campus, Kakapalayam Post, Salem District 637504",SALEM,SELF FINANCING COLLEGES TIER 3,CB,COMPUTER SCIENCE AND BUSSINESS SYSTEM,40227,52445,78672,72345,65857,,,0,0,0,0,1,0,0
2653,"Knowledge Institute of Technology, KIOT Campus, Kakapalayam Post, Salem District 637504",SALEM,SELF FINANCING COLLEGES TIER 3,CE,CIVIL  ENGINEERING,90025,130949,,121563,126915,,,0,0,0,0,0,0,0
2653,"Knowledge Institute of Technology, KIOT Campus, Kakapalayam Post, Salem District 637504",SALEM,SELF FINANCING COLLEGES TIER 3,CS,COMPUTER SCIENCE AND ENGINEERING,23883,44059,76445,53640,148271,126021,120007,0,0,0,0,1,0,0
2653,"Knowledge Institute of Technology, KIOT Campus, Kakapalayam Post, Salem District 637504",SALEM,SELF FINANCING COLLEGES TIER 3,EC,ELECTRONICS AND COMMUNICATION ENGINEERING,41059,54149,96516,74497,141417,124573,,0,0,0,0,1,1,0
2653,"Knowledge Institute of Technology, KIOT Campus, Kakapalayam Post, Salem District 637504",SALEM,SELF FINANCING COLLEGES TIER 3,EE,ELECTRICAL AND ELECTRONICS ENGINEERING,52989,61718,87664,76620,122265,,74001,0,0,0,0,1,0,0
2653,"Knowledge Institute of Technology, KIOT Campus, Kakapalayam Post, Salem District 637504",SALEM,SELF FINANCING COLLEGES TIER 3,IT,INFORMATION TECHNOLOGY,24938,44943,55795,45995,133630,127567,,0,0,0,0,1,0,0
2653,"Knowledge Institute of Technology, KIOT Campus, Kakapalayam Post, Salem District 637504",SALEM,SELF FINANCING COLLEGES TIER 3,ME,MECHANICAL ENGINEERING,100206,153593,,145002,120410,145175,,0,1,0,0,1,0,0
2656,"Builders Engineering college, Nathakadaiyur, Erode Road, Palayakottai Village, Kangeyam, Tiruppur District 638108",TIRUPPUR,SELF FINANCING COLLEGES TIER 3,AD,ARTIFICIAL INTELLIGENCE AND DATA SCIENCE,16267,38914,45295,108548,142918,,,0,0,0,0,1,0,0
2656,"Builders Engineering college, Nathakadaiyur, Erode Road, Palayakottai Village, Kangeyam, Tiruppur District 638108",TIRUPPUR,SELF FINANCING COLLEGES TIER 3,CE,CIVIL  ENGINEERING,123766,150327,,152359,145360,,,0,1,0,0,1,0,0
2656,"Builders Engineering college, Nathakadaiyur, Erode Road, Palayakottai Village, Kangeyam, Tiruppur District 638108",TIRUPPUR,SELF FINANCING COLLEGES TIER 3,CS,COMPUTER SCIENCE AND ENGINEERING,35514,64021,,132009,148625,59628,,0,0,0,1,1,0,0
2656,"Builders Engineering college, Nathakadaiyur, Erode Road, Palayakottai Village, Kangeyam, Tiruppur District 638108",TIRUPPUR,SELF FINANCING COLLEGES TIER 3,EC,ELECTRONICS AND COMMUNICATION ENGINEERING,74115,123475,,128463,,99528,,0,0,0,0,0,0,0
2656,"Builders Engineering college, Nathakadaiyur, Erode Road, Palayakottai Village, Kangeyam, Tiruppur District 638108",TIRUPPUR,SELF FINANCING COLLEGES TIER 3,EE,ELECTRICAL AND ELECTRONICS ENGINEERING,103475,153448,107835,150897,122271,108905,,0,0,1,0,1,0,0
2656,"Builders Engineering college, Nathakadaiyur, Erode Road, Palayakottai Village, Kangeyam, Tiruppur District 638108",TIRUPPUR,SELF FINANCING COLLEGES TIER 3,ME,MECHANICAL ENGINEERING,138462,155745,155321,153616,,138716,,0,1,0,1,0,1,0
2658,"V S A Group of Institutions, NH-47, Uthamasola Puram Post, Salem District 636010",SALEM,SELF FINANCING COLLEGES TIER 3,CE,CIVIL  ENGINEERING,143285,,,,,,,1,0,0,0,0,0,0
2658,"V S A Group of Institutions, NH-47, Uthamasola Puram Post, Salem District 636010",SALEM,SELF FINANCING COLLEGES TIER 3,CS,COMPUTER SCIENCE AND ENGINEERING,133356,150545,,148729,153209,,,0,1,0,1,1,0,0
2658,"V S A Group of Institutions, NH-47, Uthamasola Puram Post, Salem District 636010",SALEM,SELF FINANCING COLLEGES TIER 3,EC,ELECTRONICS AND COMMUNICATION ENGINEERING,132425,141949,,151531,149958,142369,,0,1,0,1,1,0,0
2658,"V S A Group of Institutions, NH-47, Uthamasola Puram Post, Salem District 636010",SALEM,SELF FINANCING COLLEGES TIER 3,EE,ELECTRICAL AND ELECTRONICS ENGINEERING,154439,,,,,,,1,0,0,0,0,0,0
2658,"V S A Group of Institutions, NH-47, Uthamasola Puram Post, Salem District 636010",SALEM,SELF FINANCING COLLEGES TIER 3,ME,MECHANICAL ENGINEERING,154781,,,,,,,1,0,0,0,0,0,0
2659,"Salem College of Engineering and Technology, Salem-Attur Main Road, NH-68, Mettupatty Perumapalayam, Salem District 636111",SALEM,SELF FINANCING COLLEGES TIER 3,AD,ARTIFICIAL INTELLIGENCE AND DATA SCIENCE,113420,137265,138787,150891,141626,132470,,0,1,0,0,0,0,0
2659,"Salem College of Engineering and Technology, Salem-Attur Main Road, NH-68, Mettupatty Perumapalayam, Salem District 636111",SALEM,SELF FINANCING COLLEGES TIER 3,BM,BIO MEDICAL ENGINEERING,126344,154606,127784,150620,150931,141725,,0,1,0,0,0,0,0
2659,"Salem College of Engineering and Technology, Salem-Attur Main Road, NH-68, Mettupatty Perumapalayam, Salem District 636111",SALEM,SELF FINANCING COLLEGES TIER 3,BT,BIO TECHNOLOGY,96003,143850,,136261,132541,,,0,1,0,1,0,0,0
2659,"Salem College of Engineering and Technology, Salem-Attur Main Road, NH-68, Mettupatty Perumapalayam, Salem District 636111",SALEM,SELF FINANCING COLLEGES TIER 3,CE,CIVIL  ENGINEERING,152938,,,,,,,1,0,0,0,0,0,0
2659,"Salem College of Engineering and Technology, Salem-Attur Main Road, NH-68, Mettupatty Perumapalayam, Salem District 636111",SALEM,SELF FINANCING COLLEGES TIER 3,CS,COMPUTER SCIENCE AND ENGINEERING,115631,155612,133706,140930,156263,118553,,0,1,1,0,1,0,0
2659,"Salem College of Engineering and Technology, Salem-Attur Main Road, NH-68, Mettupatty Perumapalayam, Salem District 636111",SALEM,SELF FINANCING COLLEGES TIER 3,EC,ELECTRONICS AND COMMUNICATION ENGINEERING,111340,153642,156267,151485,152843,,,0,1,0,1,0,0,0
2659,"Salem College of Engineering and Technology, Salem-Attur Main Road, NH-68, Mettupatty Perumapalayam, Salem District 636111",SALEM,SELF FINANCING COLLEGES TIER 3,EE,ELECTRICAL AND ELECTRONICS ENGINEERING,141302,153812,,152623,148245,,,0,1,0,0,1,0,0
2659,"Salem College of Engineering and Technology, Salem-Attur Main Road, NH-68, Mettupatty Perumapalayam, Salem District 636111",SALEM,SELF FINANCING COLLEGES TIER 3,IT,INFORMATION TECHNOLOGY,139595,154307,,155038,154669,,,0,1,0,1,1,0,0
2659,"Salem College of Engineering and Technology, Salem-Attur Main Road, NH-68, Mettupatty Perumapalayam, Salem District 636111",SALEM,SELF FINANCING COLLEGES TIER 3,ME,MECHANICAL ENGINEERING,150303,155960,,155283,155127,,,0,1,0,1,1,0,0
2661,"Vivekanandha College of Technology for Women, Sathinaickenpalayam, Elayampalayam Village, Kumaramangalam, Namakkal District 637205",NAMAKKAL,SELF FINANCING COLLEGES TIER 3,AG,AGRICULTURAL ENGINEERING,66047,128151,,87225,108537,,,0,0,0,0,0,0,0
2661,"Vivekanandha College of Technology for Women, Sathinaickenpalayam, Elayampalayam Village, Kumaramangalam, Namakkal District 637205",NAMAKKAL,SELF FINANCING COLLEGES TIER 3,CE,CIVIL  ENGINEERING,126721,154533,,148118,132822,150336,,0,1,0,1,0,0,0
2661,"Vivekanandha College of Technology for Women, Sathinaickenpalayam, Elayampalayam Village, Kumaramangalam, Namakkal District 637205",NAMAKKAL,SELF FINANCING COLLEGES TIER 3,CS,COMPUTER SCIENCE AND ENGINEERING,58807,107177,110840,133802,127335,76970,152078,0,0,0,0,0,0,0
2661,"Vivekanandha College of Technology for Women, Sathinaickenpalayam, Elayampalayam Village, Kumaramangalam, Namakkal District 637205",NAMAKKAL,SELF FINANCING COLLEGES TIER 3,EC,ELECTRONICS AND COMMUNICATION ENGINEERING,68409,102118,103862,110978,131226,98855,143369,0,0,0,0,0,0,0
2661,"Vivekanandha College of Technology for Women, Sathinaickenpalayam, Elayampalayam Village, Kumaramangalam, Namakkal District 637205",NAMAKKAL,SELF FINANCING COLLEGES TIER 3,IT,INFORMATION TECHNOLOGY,57514,96067,84589,90882,144887,100717,,0,0,0,0,0,0,0
2665,"Mahendra Institute of Engineering and Technology, Mahendrapuri, Mallasamudram, Namakkal District 637503",NAMAKKAL,SELF FINANCING COLLEGES TIER 2,AE,AERONAUTICAL ENGINEERING,146539,152374,,,155730,,,0,1,0,0,1,0,0
2665,"Mahendra Institute of Engineering and Technology, Mahendrapuri, Mallasamudram, Namakkal District 637503",NAMAKKAL,SELF FINANCING COLLEGES TIER 2,CE,CIVIL  ENGINEERING,140916,146361,,,153726,145231,,0,1,0,0,0,0,0
2665,"Mahendra Institute of Engineering and Technology, Mahendrapuri, Mallasamudram, Namakkal District 637503",NAMAKKAL,SELF FINANCING COLLEGES TIER 2,CS,COMPUTER SCIENCE AND ENGINEERING,101314,135767,,117333,152697,138274,,0,0,0,0,1,1,0
2665,"Mahendra Institute of Engineering and Technology, Mahendrapuri, Mallasamudram, Namakkal District 637503",NAMAKKAL,SELF FINANCING COLLEGES TIER 2,ME,MECHANICAL ENGINEERING,155853,,,,,,,1,0,0,0,0,0,0
2673,"Sree Sakthi Engineering College, Bettathapuram, Bilichi Village, Karamadai, Coimbatore District 641104",COIMBATORE,SELF FINANCING COLLEGES TIER 3,CE,CIVIL  ENGINEERING,151892,152180,,152469,,,,0,1,0,1,0,0,0
2673,"Sree Sakthi Engineering College, Bettathapuram, Bilichi Village, Karamadai, Coimbatore District 641104",COIMBATORE,SELF FINANCING COLLEGES TIER 3,CS,COMPUTER SCIENCE AND ENGINEERING,75556,115697,,112672,137689,,,0,0,0,0,1,0,0
2673,"Sree Sakthi Engineering College, Bettathapuram, Bilichi Village, Karamadai, Coimbatore District 641104",COIMBATORE,SELF FINANCING COLLEGES TIER 3,EC,ELECTRONICS AND COMMUNICATION ENGINEERING,94154,127615,138302,127814,,,,0,1,1,1,0,0,0
2673,"Sree Sakthi Engineering College, Bettathapuram, Bilichi Village, Karamadai, Coimbatore District 641104",COIMBATORE,SELF FINANCING COLLEGES TIER 3,EE,ELECTRICAL AND ELECTRONICS ENGINEERING,135050,155174,,150386,,,,0,1,0,1,0,0,0
2673,"Sree Sakthi Engineering College, Bettathapuram, Bilichi Village, Karamadai, Coimbatore District 641104",COIMBATORE,SELF FINANCING COLLEGES TIER 3,ME,MECHANICAL ENGINEERING,153506,,,,,,,1,0,0,0,0,0,0
2683,"Shreenivasa Engineering College, B Pallipatti, Bommidi, Pappireddipatti Taluk, Dharmapuri District 635301",DHARMAPURI,SELF FINANCING COLLEGES TIER 3,AG,AGRICULTURAL ENGINEERING,154572,,,,,,,1,0,0,0,0,0,0
2683,"Shreenivasa Engineering College, B Pallipatti, Bommidi, Pappireddipatti Taluk, Dharmapuri District 635301",DHARMAPURI,SELF FINANCING COLLEGES TIER 3,BM,BIO MEDICAL ENGINEERING,136256,153484,153609,155956,152532,140775,149219,0,1,1,1,1,0,0
2683,"Shreenivasa Engineering College, B Pallipatti, Bommidi, Pappireddipatti Taluk, Dharmapuri District 635301",DHARMAPURI,SELF FINANCING COLLEGES TIER 3,CS,COMPUTER SCIENCE AND ENGINEERING,147480,152278,,153532,152396,,,0,1,0,1,1,0,0
2683,"Shreenivasa Engineering College, B Pallipatti, Bommidi, Pappireddipatti Taluk, Dharmapuri District 635301",DHARMAPURI,SELF FINANCING COLLEGES TIER 3,EE,ELECTRICAL AND ELECTRONICS ENGINEERING,140903,151041,,148488,,,,0,1,0,1,0,0,0
2683,"Shreenivasa Engineering College, B Pallipatti, Bommidi, Pappireddipatti Taluk, Dharmapuri District 635301",DHARMAPURI,SELF FINANCING COLLEGES TIER 3,IT,INFORMATION TECHNOLOGY,126804,153430,,154161,155242,,,0,1,0,1,1,0,0
2683,"Shreenivasa Engineering College, B Pallipatti, Bommidi, Pappireddipatti Taluk, Dharmapuri District 635301",DHARMAPURI,SELF FINANCING COLLEGES TIER 3,ME,MECHANICAL ENGINEERING,,,,,,,,0,0,0,0,0,0,0
2702,"Bannari Amman Institute of Technology (Autonomous), Sathyamanagalam, Erode District  638401",ERODE,SELF FINANCING COLLEGES TIER 1,AD,ARTIFICIAL INTELLIGENCE AND DATA SCIENCE,12064,16259,20336,24099,86760,67608,47921,0,0,0,0,0,0,0
2702,"Bannari Amman Institute of Technology (Autonomous), Sathyamanagalam, Erode District  638401",ERODE,SELF FINANCING COLLEGES TIER 1,AG,AGRICULTURAL ENGINEERING,36000,64277,88048,65946,133642,,,0,0,0,0,0,0,0
2702,"Bannari Amman Institute of Technology (Autonomous), Sathyamanagalam, Erode District  638401",ERODE,SELF FINANCING COLLEGES TIER 1,AL,Artificial Intelligence and Machine Learning,17358,21109,25544,36122,130415,148288,,0,0,0,0,0,0,0
2702,"Bannari Amman Institute of Technology (Autonomous), Sathyamanagalam, Erode District  638401",ERODE,SELF FINANCING COLLEGES TIER 1,BM,BIO MEDICAL ENGINEERING,24345,40141,41717,57549,145398,,,0,0,0,0,1,0,0
2702,"Bannari Amman Institute of Technology (Autonomous), Sathyamanagalam, Erode District  638401",ERODE,SELF FINANCING COLLEGES TIER 1,BT,BIO TECHNOLOGY,28543,54787,44130,57907,153610,,,0,0,0,0,1,0,0
2702,"Bannari Amman Institute of Technology (Autonomous), Sathyamanagalam, Erode District  638401",ERODE,SELF FINANCING COLLEGES TIER 1,CB,COMPUTER SCIENCE AND BUSSINESS SYSTEM,14648,16887,40052,26349,99540,90218,,0,0,0,0,0,0,0
2702,"Bannari Amman Institute of Technology (Autonomous), Sathyamanagalam, Erode District  638401",ERODE,SELF FINANCING COLLEGES TIER 1,CD,COMPUTER SCIENCE AND DESIGN,20079,23850,45721,43829,117594,107735,,0,0,0,0,1,0,0
2702,"Bannari Amman Institute of Technology (Autonomous), Sathyamanagalam, Erode District  638401",ERODE,SELF FINANCING COLLEGES TIER 1,CE,CIVIL  ENGINEERING,54209,79972,66940,80449,139702,,,0,0,0,0,1,0,0
2702,"Bannari Amman Institute of Technology (Autonomous), Sathyamanagalam, Erode District  638401",ERODE,SELF FINANCING COLLEGES TIER 1,CS,COMPUTER SCIENCE AND ENGINEERING,7674,11313,17323,19255,84462,80755,42053,0,0,0,0,0,0,0
2702,"Bannari Amman Institute of Technology (Autonomous), Sathyamanagalam, Erode District  638401",ERODE,SELF FINANCING COLLEGES TIER 1,CT,COMPUTER TECHNOLOGY,19161,23812,35699,40744,94111,,,0,0,0,0,0,0,0
2702,"Bannari Amman Institute of Technology (Autonomous), Sathyamanagalam, Erode District  638401",ERODE,SELF FINANCING COLLEGES TIER 1,EC,ELECTRONICS AND COMMUNICATION ENGINEERING,14123,17407,27766,29114,104532,141460,85894,0,0,0,0,0,1,0
2702,"Bannari Amman Institute of Technology (Autonomous), Sathyamanagalam, Erode District  638401",ERODE,SELF FINANCING COLLEGES TIER 1,EE,ELECTRICAL AND ELECTRONICS ENGINEERING,20012,24660,37113,32487,105945,,,0,0,0,0,0,0,0
2702,"Bannari Amman Institute of Technology (Autonomous), Sathyamanagalam, Erode District  638401",ERODE,SELF FINANCING COLLEGES TIER 1,EI,ELECTRONICS AND INSTRUMENTATION ENGINEERING,25360,31431,39018,52227,152776,133776,,0,0,0,0,1,0,0
2702,"Bannari Amman Institute of Technology (Autonomous), Sathyamanagalam, Erode District  638401",ERODE,SELF FINANCING COLLEGES TIER 1,FD,FOOD TECHNOLOGY,37083,66227,52904,82173,154638,,,0,0,0,0,1,0,0
2702,"Bannari Amman Institute of Technology (Autonomous), Sathyamanagalam, Erode District  638401",ERODE,SELF FINANCING COLLEGES TIER 1,FT,FASHION TECHNOLOGY,71493,82365,,92481,135578,,,0,0,0,0,1,0,0
2702,"Bannari Amman Institute of Technology (Autonomous), Sathyamanagalam, Erode District  638401",ERODE,SELF FINANCING COLLEGES TIER 1,IT,INFORMATION TECHNOLOGY,10769,14179,24481,23038,96295,106809,106913,0,0,0,0,0,0,0
2702,"Bannari Amman Institute of Technology (Autonomous), Sathyamanagalam, Erode District  638401",ERODE,SELF FINANCING COLLEGES TIER 1,MC,MECHATRONICS,33543,45861,60285,52459,,,,0,0,0,0,0,0,0
2702,"Bannari Amman Institute of Technology (Autonomous), Sathyamanagalam, Erode District  638401",ERODE,SELF FINANCING COLLEGES TIER 1,ME,MECHANICAL ENGINEERING,34026,44941,81463,67734,103167,135346,74220,0,0,0,0,1,0,0
2702,"Bannari Amman Institute of Technology (Autonomous), Sathyamanagalam, Erode District  638401",ERODE,SELF FINANCING COLLEGES TIER 1,SE,Information Science and Engineering,20851,24859,49759,41696,148027,,,0,0,0,0,1,0,0
2702,"Bannari Amman Institute of Technology (Autonomous), Sathyamanagalam, Erode District  638401",ERODE,SELF FINANCING COLLEGES TIER 1,TX,TEXTILE TECHNOLOGY,77732,100262,130441,110764,,,,0,0,0,0,0,0,0
2704,"Coimbatore Institute of Engineering and Technolgoy (Autonomous), Narasipuram Post, Coimbatore District 641109",COIMBATORE,SELF FINANCING COLLEGES TIER 3,AD,ARTIFICIAL INTELLIGENCE AND DATA SCIENCE,28735,49813,53303,56043,108636,,,0,0,0,0,0,0,0
2704,"Coimbatore Institute of Engineering and Technolgoy (Autonomous), Narasipuram Post, Coimbatore District 641109",COIMBATORE,SELF FINANCING COLLEGES TIER 3,CE,CIVIL  ENGINEERING,127986,151725,,,,,,0,1,0,0,0,0,0
2704,"Coimbatore Institute of Engineering and Technolgoy (Autonomous), Narasipuram Post, Coimbatore District 641109",COIMBATORE,SELF FINANCING COLLEGES TIER 3,CS,COMPUTER SCIENCE AND ENGINEERING,36110,53593,39213,68468,115771,128487,83206,0,0,0,0,0,0,0
2704,"Coimbatore Institute of Engineering and Technolgoy (Autonomous), Narasipuram Post, Coimbatore District 641109",COIMBATORE,SELF FINANCING COLLEGES TIER 3,EC,ELECTRONICS AND COMMUNICATION ENGINEERING,50603,63895,89947,85665,107797,142380,,0,0,0,0,0,1,0
2704,"Coimbatore Institute of Engineering and Technolgoy (Autonomous), Narasipuram Post, Coimbatore District 641109",COIMBATORE,SELF FINANCING COLLEGES TIER 3,EE,ELECTRICAL AND ELECTRONICS ENGINEERING,74766,86126,,93507,134918,,,0,0,0,0,1,0,0
2704,"Coimbatore Institute of Engineering and Technolgoy (Autonomous), Narasipuram Post, Coimbatore District 641109",COIMBATORE,SELF FINANCING COLLEGES TIER 3,IT,INFORMATION TECHNOLOGY,31226,45488,73369,44961,84250,,,0,0,0,0,0,0,0
2704,"Coimbatore Institute of Engineering and Technolgoy (Autonomous), Narasipuram Post, Coimbatore District 641109",COIMBATORE,SELF FINANCING COLLEGES TIER 3,ME,MECHANICAL ENGINEERING,152394,,,,,,,1,0,0,0,0,0,0
2704,"Coimbatore Institute of Engineering and Technolgoy (Autonomous), Narasipuram Post, Coimbatore District 641109",COIMBATORE,SELF FINANCING COLLEGES TIER 3,MZ,Mechatronics Engineering,114224,151666,,146669,,,,0,1,0,1,0,0,0
2705,"CSI College of Engineering, Ketti, The Nilgiris 643215",THE NILGIRIS,SELF FINANCING COLLEGES TIER 3,CE,CIVIL  ENGINEERING,121913,,,,,,,1,0,0,0,0,0,0
2705,"CSI College of Engineering, Ketti, The Nilgiris 643215",THE NILGIRIS,SELF FINANCING COLLEGES TIER 3,CS,COMPUTER SCIENCE AND ENGINEERING,110482,156130,152217,137165,140614,,,0,1,1,1,1,0,0
2705,"CSI College of Engineering, Ketti, The Nilgiris 643215",THE NILGIRIS,SELF FINANCING COLLEGES TIER 3,EC,ELECTRONICS AND COMMUNICATION ENGINEERING,153390,,,,,,,0,0,0,0,0,0,0
2705,"CSI College of Engineering, Ketti, The Nilgiris 643215",THE NILGIRIS,SELF FINANCING COLLEGES TIER 3,EE,ELECTRICAL AND ELECTRONICS ENGINEERING,,,,,,,,0,0,0,0,0,0,0
2705,"CSI College of Engineering, Ketti, The Nilgiris 643215",THE NILGIRIS,SELF FINANCING COLLEGES TIER 3,IT,INFORMATION TECHNOLOGY,86107,140399,,147194,,,,0,1,0,1,0,0,0
2705,"CSI College of Engineering, Ketti, The Nilgiris 643215",THE NILGIRIS,SELF FINANCING COLLEGES TIER 3,ME,MECHANICAL ENGINEERING,147008,,,,,,,1,0,0,0,0,0,0
2706,"Dr. Mahalingam College of  Engineering and Technology (Autonomous), Mackinaickenpatti Post, Pollachi Taluk, Coimbatore District 642003",COIMBATORE,SELF FINANCING COLLEGES TIER 1,AD,ARTIFICIAL INTELLIGENCE AND DATA SCIENCE,29517,36778,53327,53023,132930,,,0,0,0,0,0,0,0
2706,"Dr. Mahalingam College of  Engineering and Technology (Autonomous), Mackinaickenpatti Post, Pollachi Taluk, Coimbatore District 642003",COIMBATORE,SELF FINANCING COLLEGES TIER 1,AM,COMPUTER SCIENCE AND ENGINEERING (ARTIFICIAL INTELLIGENCE AND MACHINE LEARNING),30380,38440,48280,55948,150484,,,0,0,0,0,1,0,0
2706,"Dr. Mahalingam College of  Engineering and Technology (Autonomous), Mackinaickenpatti Post, Pollachi Taluk, Coimbatore District 642003",COIMBATORE,SELF FINANCING COLLEGES TIER 1,AU,AUTOMOBILE ENGINEERING,117833,129219,,129641,,,,0,1,0,1,0,0,0
2706,"Dr. Mahalingam College of  Engineering and Technology (Autonomous), Mackinaickenpatti Post, Pollachi Taluk, Coimbatore District 642003",COIMBATORE,SELF FINANCING COLLEGES TIER 1,CE,CIVIL  ENGINEERING,141412,,,,,,,0,0,0,0,0,0,0
2706,"Dr. Mahalingam College of  Engineering and Technology (Autonomous), Mackinaickenpatti Post, Pollachi Taluk, Coimbatore District 642003",COIMBATORE,SELF FINANCING COLLEGES TIER 1,CS,COMPUTER SCIENCE AND ENGINEERING,19497,24070,47078,39616,119964,30199,,0,0,0,0,0,1,0
2706,"Dr. Mahalingam College of  Engineering and Technology (Autonomous), Mackinaickenpatti Post, Pollachi Taluk, Coimbatore District 642003",COIMBATORE,SELF FINANCING COLLEGES TIER 1,EC,ELECTRONICS AND COMMUNICATION ENGINEERING,27725,38188,82184,47378,147171,152785,128655,0,0,0,0,1,1,0
2706,"Dr. Mahalingam College of  Engineering and Technology (Autonomous), Mackinaickenpatti Post, Pollachi Taluk, Coimbatore District 642003",COIMBATORE,SELF FINANCING COLLEGES TIER 1,EE,ELECTRICAL AND ELECTRONICS ENGINEERING,39973,53386,72400,76573,86534,,,0,0,0,0,1,0,0
2706,"Dr. Mahalingam College of  Engineering and Technology (Autonomous), Mackinaickenpatti Post, Pollachi Taluk, Coimbatore District 642003",COIMBATORE,SELF FINANCING COLLEGES TIER 1,IT,INFORMATION TECHNOLOGY,25189,30187,45568,49303,125678,91143,,0,0,0,0,1,1,0
2706,"Dr. Mahalingam College of  Engineering and Technology (Autonomous), Mackinaickenpatti Post, Pollachi Taluk, Coimbatore District 642003",COIMBATORE,SELF FINANCING COLLEGES TIER 1,ME,MECHANICAL ENGINEERING,69170,119220,117321,130198,139824,,,0,0,0,1,1,0,0
2706,"Dr. Mahalingam College of  Engineering and Technology (Autonomous), Mackinaickenpatti Post, Pollachi Taluk, Coimbatore District 642003",COIMBATORE,SELF FINANCING COLLEGES TIER 1,SC,Computer Science and Engineering (Cyber Security),29661,35545,52222,55710,129083,,,0,0,0,0,1,0,0
2707,"Erode Sengunthar Engineering College (Autonomous), Thudupathi Post, Erode District 638057",ERODE,SELF FINANCING COLLEGES TIER 3,AD,ARTIFICIAL INTELLIGENCE AND DATA SCIENCE,89407,111257,144944,129500,146587,116455,,0,0,0,0,1,0,0
2707,"Erode Sengunthar Engineering College (Autonomous), Thudupathi Post, Erode District 638057",ERODE,SELF FINANCING COLLEGES TIER 3,AG,AGRICULTURAL ENGINEERING,81652,147107,,146827,114848,128593,146087,0,0,0,0,0,0,0
2707,"Erode Sengunthar Engineering College (Autonomous), Thudupathi Post, Erode District 638057",ERODE,SELF FINANCING COLLEGES TIER 3,BM,BIO MEDICAL ENGINEERING,105261,137832,139445,146277,124409,107871,122933,0,0,1,0,0,0,0
2707,"Erode Sengunthar Engineering College (Autonomous), Thudupathi Post, Erode District 638057",ERODE,SELF FINANCING COLLEGES TIER 3,CD,COMPUTER SCIENCE AND DESIGN,113191,123039,,134624,154301,,,0,0,0,0,1,0,0
2707,"Erode Sengunthar Engineering College (Autonomous), Thudupathi Post, Erode District 638057",ERODE,SELF FINANCING COLLEGES TIER 3,CE,CIVIL  ENGINEERING,111112,154717,,156200,132714,120441,,0,0,0,1,0,0,0
2707,"Erode Sengunthar Engineering College (Autonomous), Thudupathi Post, Erode District 638057",ERODE,SELF FINANCING COLLEGES TIER 3,CH,CHEMICAL  ENGINEERING,125316,153214,,154283,138218,144807,,0,0,0,1,0,0,0
2707,"Erode Sengunthar Engineering College (Autonomous), Thudupathi Post, Erode District 638057",ERODE,SELF FINANCING COLLEGES TIER 3,CJ,M.Tech. Computer Science and Engineering (Integrated 5 years),93360,123449,124495,155080,155397,153514,,0,0,0,1,1,0,0
2707,"Erode Sengunthar Engineering College (Autonomous), Thudupathi Post, Erode District 638057",ERODE,SELF FINANCING COLLEGES TIER 3,CS,COMPUTER SCIENCE AND ENGINEERING,63117,87701,93693,103229,151687,153019,,0,0,1,0,1,1,0
2707,"Erode Sengunthar Engineering College (Autonomous), Thudupathi Post, Erode District 638057",ERODE,SELF FINANCING COLLEGES TIER 3,EC,ELECTRONICS AND COMMUNICATION ENGINEERING,102477,129394,134596,144687,155033,140533,,0,0,1,0,1,1,0
2707,"Erode Sengunthar Engineering College (Autonomous), Thudupathi Post, Erode District 638057",ERODE,SELF FINANCING COLLEGES TIER 3,EE,ELECTRICAL AND ELECTRONICS ENGINEERING,121439,131630,133770,154376,139303,126859,135847,0,0,0,1,0,0,0
2707,"Erode Sengunthar Engineering College (Autonomous), Thudupathi Post, Erode District 638057",ERODE,SELF FINANCING COLLEGES TIER 3,EI,ELECTRONICS AND INSTRUMENTATION ENGINEERING,110339,129794,152453,140222,138011,125591,,0,0,0,0,0,0,0
2707,"Erode Sengunthar Engineering College (Autonomous), Thudupathi Post, Erode District 638057",ERODE,SELF FINANCING COLLEGES TIER 3,IT,INFORMATION TECHNOLOGY,76604,109082,133229,108038,155888,140941,100849,0,0,0,0,1,0,0
2707,"Erode Sengunthar Engineering College (Autonomous), Thudupathi Post, Erode District 638057",ERODE,SELF FINANCING COLLEGES TIER 3,ME,MECHANICAL ENGINEERING,135443,147534,,154923,154343,,,0,0,0,1,0,0,0
2707,"Erode Sengunthar Engineering College (Autonomous), Thudupathi Post, Erode District 638057",ERODE,SELF FINANCING COLLEGES TIER 3,RM,ROBOTICS AND AUTOMATION,87857,128791,107630,136356,133006,146564,,0,0,0,0,0,0,0
2707,"Erode Sengunthar Engineering College (Autonomous), Thudupathi Post, Erode District 638057",ERODE,SELF FINANCING COLLEGES TIER 3,XM,MECHANICAL ENGINEERING (TAMIL MEDIUM),143151,156131,,146978,155002,,,0,1,0,1,0,0,0
2708,"Hindusthan College of Engineering and Technology (Autonomous), Othakkalmandapam Post, Coimbatore District 641032",COIMBATORE,SELF FINANCING COLLEGES TIER 3,AE,AERONAUTICAL ENGINEERING,68544,127746,142754,125113,155902,,,0,0,0,0,1,0,0
2708,"Hindusthan College of Engineering and Technology (Autonomous), Othakkalmandapam Post, Coimbatore District 641032",COIMBATORE,SELF FINANCING COLLEGES TIER 3,AG,AGRICULTURAL ENGINEERING,93091,107969,,117873,122924,,,0,0,0,1,1,0,0
2708,"Hindusthan College of Engineering and Technology (Autonomous), Othakkalmandapam Post, Coimbatore District 641032",COIMBATORE,SELF FINANCING COLLEGES TIER 3,AL,Artificial Intelligence and Machine Learning,48137,62274,60169,82140,153228,,,0,0,0,0,1,0,0
2708,"Hindusthan College of Engineering and Technology (Autonomous), Othakkalmandapam Post, Coimbatore District 641032",COIMBATORE,SELF FINANCING COLLEGES TIER 3,AU,AUTOMOBILE ENGINEERING,154054,,,,,,,1,0,0,0,0,0,0
2708,"Hindusthan College of Engineering and Technology (Autonomous), Othakkalmandapam Post, Coimbatore District 641032",COIMBATORE,SELF FINANCING COLLEGES TIER 3,BM,BIO MEDICAL ENGINEERING,71088,120423,99925,90933,92262,,,0,0,0,0,1,0,0
2708,"Hindusthan College of Engineering and Technology (Autonomous), Othakkalmandapam Post, Coimbatore District 641032",COIMBATORE,SELF FINANCING COLLEGES TIER 3,CE,CIVIL  ENGINEERING,111720,145268,115431,115843,151220,,,0,1,0,1,1,0,0
2708,"Hindusthan College of Engineering and Technology (Autonomous), Othakkalmandapam Post, Coimbatore District 641032",COIMBATORE,SELF FINANCING COLLEGES TIER 3,CH,CHEMICAL  ENGINEERING,64838,123561,101985,90064,80695,154933,,0,1,0,0,1,0,0
2708,"Hindusthan College of Engineering and Technology (Autonomous), Othakkalmandapam Post, Coimbatore District 641032",COIMBATORE,SELF FINANCING COLLEGES TIER 3,CS,COMPUTER SCIENCE AND ENGINEERING,34877,51634,54676,58883,120165,137055,128268,0,0,0,0,0,1,0
2708,"Hindusthan College of Engineering and Technology (Autonomous), Othakkalmandapam Post, Coimbatore District 641032",COIMBATORE,SELF FINANCING COLLEGES TIER 3,EC,ELECTRONICS AND COMMUNICATION ENGINEERING,43916,59519,84820,65113,126239,,,0,0,0,0,1,0,0
2708,"Hindusthan College of Engineering and Technology (Autonomous), Othakkalmandapam Post, Coimbatore District 641032",COIMBATORE,SELF FINANCING COLLEGES TIER 3,EE,ELECTRICAL AND ELECTRONICS ENGINEERING,60033,76998,95192,93389,135234,,,0,0,0,0,1,0,0
2708,"Hindusthan College of Engineering and Technology (Autonomous), Othakkalmandapam Post, Coimbatore District 641032",COIMBATORE,SELF FINANCING COLLEGES TIER 3,EI,ELECTRONICS AND INSTRUMENTATION ENGINEERING,58514,73065,135308,107151,,,,0,0,0,0,0,0,0
2708,"Hindusthan College of Engineering and Technology (Autonomous), Othakkalmandapam Post, Coimbatore District 641032",COIMBATORE,SELF FINANCING COLLEGES TIER 3,FD,FOOD TECHNOLOGY,83750,139787,,134313,119551,97997,,0,0,0,0,1,0,0
2708,"Hindusthan College of Engineering and Technology (Autonomous), Othakkalmandapam Post, Coimbatore District 641032",COIMBATORE,SELF FINANCING COLLEGES TIER 3,IT,INFORMATION TECHNOLOGY,37764,57833,73088,53236,120633,150192,93784,0,0,0,0,0,1,0
2708,"Hindusthan College of Engineering and Technology (Autonomous), Othakkalmandapam Post, Coimbatore District 641032",COIMBATORE,SELF FINANCING COLLEGES TIER 3,ME,MECHANICAL ENGINEERING,105044,154240,147321,153660,110414,,,0,1,1,1,1,0,0
2708,"Hindusthan College of Engineering and Technology (Autonomous), Othakkalmandapam Post, Coimbatore District 641032",COIMBATORE,SELF FINANCING COLLEGES TIER 3,MZ,Mechatronics Engineering,80270,133495,122340,142942,144985,98117,,0,0,1,0,1,0,0
2710,"Karpagam College of Engineering (Autonomous), Othakkalmandapam, Coimbatore District 641032",COIMBATORE,SELF FINANCING COLLEGES TIER 1,AD,ARTIFICIAL INTELLIGENCE AND DATA SCIENCE,20407,27249,40000,31952,90988,116499,,0,0,0,0,0,0,0
2710,"Karpagam College of Engineering (Autonomous), Othakkalmandapam, Coimbatore District 641032",COIMBATORE,SELF FINANCING COLLEGES TIER 1,CD,COMPUTER SCIENCE AND DESIGN,27922,32784,34354,39891,136778,,,0,0,0,0,0,0,0
2710,"Karpagam College of Engineering (Autonomous), Othakkalmandapam, Coimbatore District 641032",COIMBATORE,SELF FINANCING COLLEGES TIER 1,CE,CIVIL  ENGINEERING,80049,99161,91303,112140,136888,,,0,0,0,1,1,0,0
2710,"Karpagam College of Engineering (Autonomous), Othakkalmandapam, Coimbatore District 641032",COIMBATORE,SELF FINANCING COLLEGES TIER 1,CS,COMPUTER SCIENCE AND ENGINEERING,13450,18564,22556,29648,86182,101827,142580,0,0,0,0,0,0,0
2710,"Karpagam College of Engineering (Autonomous), Othakkalmandapam, Coimbatore District 641032",COIMBATORE,SELF FINANCING COLLEGES TIER 1,EC,ELECTRONICS AND COMMUNICATION ENGINEERING,24524,30176,41749,56178,113526,111395,,0,0,0,0,0,0,0
2710,"Karpagam College of Engineering (Autonomous), Othakkalmandapam, Coimbatore District 641032",COIMBATORE,SELF FINANCING COLLEGES TIER 1,EE,ELECTRICAL AND ELECTRONICS ENGINEERING,39096,50344,60834,68850,125088,,,0,0,0,0,1,0,0
2710,"Karpagam College of Engineering (Autonomous), Othakkalmandapam, Coimbatore District 641032",COIMBATORE,SELF FINANCING COLLEGES TIER 1,ET,ELECTRONICS AND  TELECOMMUNICATION ENGINEERING,32929,45798,81010,58530,135386,147960,,0,0,0,0,1,0,0
2710,"Karpagam College of Engineering (Autonomous), Othakkalmandapam, Coimbatore District 641032",COIMBATORE,SELF FINANCING COLLEGES TIER 1,IT,INFORMATION TECHNOLOGY,19233,23987,28788,28917,70564,74191,,0,0,0,0,0,0,0
2710,"Karpagam College of Engineering (Autonomous), Othakkalmandapam, Coimbatore District 641032",COIMBATORE,SELF FINANCING COLLEGES TIER 1,ME,MECHANICAL ENGINEERING,61414,97548,122826,117613,150477,,,0,0,0,0,1,0,0
2710,"Karpagam College of Engineering (Autonomous), Othakkalmandapam, Coimbatore District 641032",COIMBATORE,SELF FINANCING COLLEGES TIER 1,SC,Computer Science and Engineering (Cyber Security),23781,33621,,42244,95353,128590,,0,0,0,0,0,0,0
2710,"Karpagam College of Engineering (Autonomous), Othakkalmandapam, Coimbatore District 641032",COIMBATORE,SELF FINANCING COLLEGES TIER 1,TS,Computer Science and Technology,28073,33868,51327,36037,137805,120722,,0,0,0,0,0,0,0
2711,"Kongu Engineering College (Autonomous), Perundurai, Erode District 638052",ERODE,SELF FINANCING COLLEGES TIER 1,AD,ARTIFICIAL INTELLIGENCE AND DATA SCIENCE,14283,16394,30252,29438,124992,97155,,0,0,0,0,0,0,0
2711,"Kongu Engineering College (Autonomous), Perundurai, Erode District 638052",ERODE,SELF FINANCING COLLEGES TIER 1,AL,Artificial Intelligence and Machine Learning,18078,22437,47369,41581,151707,145043,,0,0,0,0,1,1,0
2711,"Kongu Engineering College (Autonomous), Perundurai, Erode District 638052",ERODE,SELF FINANCING COLLEGES TIER 1,AU,AUTOMOBILE ENGINEERING,76756,116634,,124536,,,,0,0,0,0,0,0,0
2711,"Kongu Engineering College (Autonomous), Perundurai, Erode District 638052",ERODE,SELF FINANCING COLLEGES TIER 1,CD,COMPUTER SCIENCE AND DESIGN,20099,24536,37600,45459,151542,,,0,0,0,0,1,0,0
2711,"Kongu Engineering College (Autonomous), Perundurai, Erode District 638052",ERODE,SELF FINANCING COLLEGES TIER 1,CE,CIVIL  ENGINEERING,76948,153127,95716,138180,127524,,,0,1,1,1,1,0,0
2711,"Kongu Engineering College (Autonomous), Perundurai, Erode District 638052",ERODE,SELF FINANCING COLLEGES TIER 1,CH,CHEMICAL  ENGINEERING,58802,108107,99623,126936,,,,0,0,1,1,1,0,0
2711,"Kongu Engineering College (Autonomous), Perundurai, Erode District 638052",ERODE,SELF FINANCING COLLEGES TIER 1,CS,COMPUTER SCIENCE AND ENGINEERING,7048,10351,20661,19186,88619,97719,60653,0,0,0,0,0,0,0
2711,"Kongu Engineering College (Autonomous), Perundurai, Erode District 638052",ERODE,SELF FINANCING COLLEGES TIER 1,EC,ELECTRONICS AND COMMUNICATION ENGINEERING,13561,19764,28460,29400,142031,124335,,0,0,0,0,0,1,0
2711,"Kongu Engineering College (Autonomous), Perundurai, Erode District 638052",ERODE,SELF FINANCING COLLEGES TIER 1,EE,ELECTRICAL AND ELECTRONICS ENGINEERING,22680,28571,43096,48155,139681,,,0,0,0,0,1,0,0
2711,"Kongu Engineering College (Autonomous), Perundurai, Erode District 638052",ERODE,SELF FINANCING COLLEGES TIER 1,EI,ELECTRONICS AND INSTRUMENTATION ENGINEERING,27599,37994,84061,62232,126896,133038,,0,0,0,0,1,0,0
2711,"Kongu Engineering College (Autonomous), Perundurai, Erode District 638052",ERODE,SELF FINANCING COLLEGES TIER 1,FD,FOOD TECHNOLOGY,37471,59718,63760,91436,112071,,,0,0,0,0,1,0,0
2711,"Kongu Engineering College (Autonomous), Perundurai, Erode District 638052",ERODE,SELF FINANCING COLLEGES TIER 1,IT,INFORMATION TECHNOLOGY,10618,12663,22808,24335,95850,103144,,0,0,0,0,0,0,0
2711,"Kongu Engineering College (Autonomous), Perundurai, Erode District 638052",ERODE,SELF FINANCING COLLEGES TIER 1,ME,MECHANICAL ENGINEERING,43930,57488,73845,87452,152209,,,0,0,0,0,1,0,0
2711,"Kongu Engineering College (Autonomous), Perundurai, Erode District 638052",ERODE,SELF FINANCING COLLEGES TIER 1,MZ,Mechatronics Engineering,36199,51830,49326,66088,140130,114371,,0,0,0,0,1,0,0
2712,"Kumaraguru College of Technology (Autonomous), Chinnavedampatti Post, Coimbatore District 641006",COIMBATORE,SELF FINANCING COLLEGES TIER 1,AD,ARTIFICIAL INTELLIGENCE AND DATA SCIENCE,3594,4309,9909,8747,35392,35870,,0,0,0,0,0,0,0
2712,"Kumaraguru College of Technology (Autonomous), Chinnavedampatti Post, Coimbatore District 641006",COIMBATORE,SELF FINANCING COLLEGES TIER 1,AE,AERONAUTICAL ENGINEERING,14040,30590,,37120,99072,92306,,0,0,0,0,0,0,0
2712,"Kumaraguru College of Technology (Autonomous), Chinnavedampatti Post, Coimbatore District 641006",COIMBATORE,SELF FINANCING COLLEGES TIER 1,AU,AUTOMOBILE ENGINEERING,35498,44788,73844,61172,132662,,,0,0,0,0,0,0,0
2712,"Kumaraguru College of Technology (Autonomous), Chinnavedampatti Post, Coimbatore District 641006",COIMBATORE,SELF FINANCING COLLEGES TIER 1,BT,BIO TECHNOLOGY,9574,15487,18486,26895,49315,39626,,0,0,0,0,0,0,0
2712,"Kumaraguru College of Technology (Autonomous), Chinnavedampatti Post, Coimbatore District 641006",COIMBATORE,SELF FINANCING COLLEGES TIER 1,CE,CIVIL  ENGINEERING,29366,43661,65587,55878,96426,72481,,0,0,0,0,0,0,0
2712,"Kumaraguru College of Technology (Autonomous), Chinnavedampatti Post, Coimbatore District 641006",COIMBATORE,SELF FINANCING COLLEGES TIER 1,CS,COMPUTER SCIENCE AND ENGINEERING,2386,3224,4666,6207,29160,31368,46755,0,0,0,0,0,0,0
2712,"Kumaraguru College of Technology (Autonomous), Chinnavedampatti Post, Coimbatore District 641006",COIMBATORE,SELF FINANCING COLLEGES TIER 1,EC,ELECTRONICS AND COMMUNICATION ENGINEERING,3898,5068,9811,9679,38977,47566,66514,0,0,0,0,0,0,0
2712,"Kumaraguru College of Technology (Autonomous), Chinnavedampatti Post, Coimbatore District 641006",COIMBATORE,SELF FINANCING COLLEGES TIER 1,EE,ELECTRICAL AND ELECTRONICS ENGINEERING,8292,10014,15731,15672,53352,94779,,0,0,0,0,0,0,0
2712,"Kumaraguru College of Technology (Autonomous), Chinnavedampatti Post, Coimbatore District 641006",COIMBATORE,SELF FINANCING COLLEGES TIER 1,EI,ELECTRONICS AND INSTRUMENTATION ENGINEERING,9666,13515,14387,18573,100144,88237,105950,0,0,0,0,0,0,0
2712,"Kumaraguru College of Technology (Autonomous), Chinnavedampatti Post, Coimbatore District 641006",COIMBATORE,SELF FINANCING COLLEGES TIER 1,FT,FASHION TECHNOLOGY,38365,72971,76834,86824,119611,81508,,0,0,0,0,1,0,0
2712,"Kumaraguru College of Technology (Autonomous), Chinnavedampatti Post, Coimbatore District 641006",COIMBATORE,SELF FINANCING COLLEGES TIER 1,IT,INFORMATION TECHNOLOGY,2812,3661,4914,7311,31202,40571,,0,0,0,0,0,0,0
2712,"Kumaraguru College of Technology (Autonomous), Chinnavedampatti Post, Coimbatore District 641006",COIMBATORE,SELF FINANCING COLLEGES TIER 1,ME,MECHANICAL ENGINEERING,20581,28910,36445,45889,98261,111032,,0,0,0,0,0,0,0
2712,"Kumaraguru College of Technology (Autonomous), Chinnavedampatti Post, Coimbatore District 641006",COIMBATORE,SELF FINANCING COLLEGES TIER 1,MZ,Mechatronics Engineering,15347,23289,17915,25272,111775,110717,,0,0,0,0,0,0,0
2712,"Kumaraguru College of Technology (Autonomous), Chinnavedampatti Post, Coimbatore District 641006",COIMBATORE,SELF FINANCING COLLEGES TIER 1,TX,TEXTILE TECHNOLOGY,56719,74495,86357,91608,137284,124052,,0,0,1,0,1,1,0
2713,"M P Nachimuthu M Jaganathan Engineering College, Chennimalai, Erode District 638112",ERODE,SELF FINANCING COLLEGES TIER 3,CE,CIVIL  ENGINEERING,151479,,,,,,,1,0,0,0,0,0,0
2713,"M P Nachimuthu M Jaganathan Engineering College, Chennimalai, Erode District 638112",ERODE,SELF FINANCING COLLEGES TIER 3,CS,COMPUTER SCIENCE AND ENGINEERING,115098,151463,,154985,155339,135714,,0,0,0,0,1,0,0
2713,"M P Nachimuthu M Jaganathan Engineering College, Chennimalai, Erode District 638112",ERODE,SELF FINANCING COLLEGES TIER 3,EC,ELECTRONICS AND COMMUNICATION ENGINEERING,122581,153196,,155548,154982,150586,,0,1,0,1,1,0,0
2713,"M P Nachimuthu M Jaganathan Engineering College, Chennimalai, Erode District 638112",ERODE,SELF FINANCING COLLEGES TIER 3,EE,ELECTRICAL AND ELECTRONICS ENGINEERING,124214,154476,,156109,,124489,,0,1,0,1,0,0,0
2713,"M P Nachimuthu M Jaganathan Engineering College, Chennimalai, Erode District 638112",ERODE,SELF FINANCING COLLEGES TIER 3,IT,INFORMATION TECHNOLOGY,83846,139725,155789,150968,154898,150120,,0,0,0,0,1,0,0
2713,"M P Nachimuthu M Jaganathan Engineering College, Chennimalai, Erode District 638112",ERODE,SELF FINANCING COLLEGES TIER 3,ME,MECHANICAL ENGINEERING,155217,,,,,,,1,0,0,0,0,0,0
2715,"Nandha Engineering College (Autonomous), Pitchandampalayam Post, Erode District 638052",ERODE,SELF FINANCING COLLEGES TIER 3,AD,ARTIFICIAL INTELLIGENCE AND DATA SCIENCE,61954,77971,72947,101345,156039,112741,,0,0,0,0,1,0,0
2715,"Nandha Engineering College (Autonomous), Pitchandampalayam Post, Erode District 638052",ERODE,SELF FINANCING COLLEGES TIER 3,AG,AGRICULTURAL ENGINEERING,88510,150803,122163,134835,149952,91430,,0,0,0,0,0,0,0
2715,"Nandha Engineering College (Autonomous), Pitchandampalayam Post, Erode District 638052",ERODE,SELF FINANCING COLLEGES TIER 3,BM,BIO MEDICAL ENGINEERING,101736,122553,131094,125141,154513,103040,,0,0,0,0,0,0,0
2715,"Nandha Engineering College (Autonomous), Pitchandampalayam Post, Erode District 638052",ERODE,SELF FINANCING COLLEGES TIER 3,CE,CIVIL  ENGINEERING,138074,153287,154400,155872,,154336,,0,1,0,0,0,0,0
2715,"Nandha Engineering College (Autonomous), Pitchandampalayam Post, Erode District 638052",ERODE,SELF FINANCING COLLEGES TIER 3,CH,CHEMICAL  ENGINEERING,95368,147920,116310,153271,150877,,,0,0,0,1,1,0,0
2715,"Nandha Engineering College (Autonomous), Pitchandampalayam Post, Erode District 638052",ERODE,SELF FINANCING COLLEGES TIER 3,CI,Computer Science and Engineering (Internet of Things),79608,96276,110336,105473,141253,,,0,0,0,0,1,0,0
2715,"Nandha Engineering College (Autonomous), Pitchandampalayam Post, Erode District 638052",ERODE,SELF FINANCING COLLEGES TIER 3,CS,COMPUTER SCIENCE AND ENGINEERING,42048,66772,76919,93782,142766,77595,,0,0,0,0,1,1,0
2715,"Nandha Engineering College (Autonomous), Pitchandampalayam Post, Erode District 638052",ERODE,SELF FINANCING COLLEGES TIER 3,EC,ELECTRONICS AND COMMUNICATION ENGINEERING,66819,86345,125618,100084,145411,133497,,0,0,1,0,1,0,0
2715,"Nandha Engineering College (Autonomous), Pitchandampalayam Post, Erode District 638052",ERODE,SELF FINANCING COLLEGES TIER 3,EE,ELECTRICAL AND ELECTRONICS ENGINEERING,94383,103809,149205,135744,155081,,,0,0,0,0,0,0,0
2715,"Nandha Engineering College (Autonomous), Pitchandampalayam Post, Erode District 638052",ERODE,SELF FINANCING COLLEGES TIER 3,IT,INFORMATION TECHNOLOGY,33997,65434,142046,84869,140736,,,0,0,0,0,1,0,0
2715,"Nandha Engineering College (Autonomous), Pitchandampalayam Post, Erode District 638052",ERODE,SELF FINANCING COLLEGES TIER 3,ME,MECHANICAL ENGINEERING,119646,145215,,149153,154779,141780,,0,0,0,0,1,1,0
2715,"Nandha Engineering College (Autonomous), Pitchandampalayam Post, Erode District 638052",ERODE,SELF FINANCING COLLEGES TIER 3,SC,Computer Science and Engineering (Cyber Security),72101,88492,118244,94802,154396,92056,,0,0,1,0,1,0,0
2716,"Park College of Engineering and Technology, Kaniyur, Coimbatore District 641659",COIMBATORE,SELF FINANCING COLLEGES TIER 3,AE,AERONAUTICAL ENGINEERING,153691,,,,,,,1,0,0,0,0,0,0
2716,"Park College of Engineering and Technology, Kaniyur, Coimbatore District 641659",COIMBATORE,SELF FINANCING COLLEGES TIER 3,AG,AGRICULTURAL ENGINEERING,148274,,,,,,,1,0,0,0,0,0,0
2716,"Park College of Engineering and Technology, Kaniyur, Coimbatore District 641659",COIMBATORE,SELF FINANCING COLLEGES TIER 3,BM,BIO MEDICAL ENGINEERING,151722,,,,,,,1,0,0,0,0,0,0
2716,"Park College of Engineering and Technology, Kaniyur, Coimbatore District 641659",COIMBATORE,SELF FINANCING COLLEGES TIER 3,CS,COMPUTER SCIENCE AND ENGINEERING,97695,135332,,147759,104849,,,0,1,0,0,1,0,0
2716,"Park College of Engineering and Technology, Kaniyur, Coimbatore District 641659",COIMBATORE,SELF FINANCING COLLEGES TIER 3,EC,ELECTRONICS AND COMMUNICATION ENGINEERING,154545,,,,,,,1,0,0,0,0,0,0
2716,"Park College of Engineering and Technology, Kaniyur, Coimbatore District 641659",COIMBATORE,SELF FINANCING COLLEGES TIER 3,EE,ELECTRICAL AND ELECTRONICS ENGINEERING,121239,,,,,,,1,0,0,0,0,0,0
2716,"Park College of Engineering and Technology, Kaniyur, Coimbatore District 641659",COIMBATORE,SELF FINANCING COLLEGES TIER 3,GI,GEO INFORMATICS,,,,,,,,0,0,0,0,0,0,0
2716,"Park College of Engineering and Technology, Kaniyur, Coimbatore District 641659",COIMBATORE,SELF FINANCING COLLEGES TIER 3,IT,INFORMATION TECHNOLOGY,114982,135040,,140388,156215,,,0,1,0,1,1,0,0
2716,"Park College of Engineering and Technology, Kaniyur, Coimbatore District 641659",COIMBATORE,SELF FINANCING COLLEGES TIER 3,MD,MEDICAL ELECTRONICS ENGINEERING,,,,,,,,0,0,0,0,0,0,0
2716,"Park College of Engineering and Technology, Kaniyur, Coimbatore District 641659",COIMBATORE,SELF FINANCING COLLEGES TIER 3,ME,MECHANICAL ENGINEERING,,,,,,,,0,0,0,0,0,0,0
2716,"Park College of Engineering and Technology, Kaniyur, Coimbatore District 641659",COIMBATORE,SELF FINANCING COLLEGES TIER 3,MZ,Mechatronics Engineering,,,,,,,,0,0,0,0,0,0,0
2716,"Park College of Engineering and Technology, Kaniyur, Coimbatore District 641659",COIMBATORE,SELF FINANCING COLLEGES TIER 3,RM,ROBOTICS AND AUTOMATION,151418,,,,,,,1,0,0,0,0,0,0
2716,"Park College of Engineering and Technology, Kaniyur, Coimbatore District 641659",COIMBATORE,SELF FINANCING COLLEGES TIER 3,TX,TEXTILE TECHNOLOGY,92535,,,,,,,1,0,0,0,0,0,0
2717,"Sasurie College of Engineering, Vijayamangalam, Tiruppur District 638056",TIRUPPUR,SELF FINANCING COLLEGES TIER 3,AD,ARTIFICIAL INTELLIGENCE AND DATA SCIENCE,149751,,,,,,,1,0,0,0,0,0,0
2717,"Sasurie College of Engineering, Vijayamangalam, Tiruppur District 638056",TIRUPPUR,SELF FINANCING COLLEGES TIER 3,CE,CIVIL  ENGINEERING,145593,,,,,,,1,0,0,0,0,0,0
2717,"Sasurie College of Engineering, Vijayamangalam, Tiruppur District 638056",TIRUPPUR,SELF FINANCING COLLEGES TIER 3,CS,COMPUTER SCIENCE AND ENGINEERING,156063,,,,,,,0,0,0,0,0,0,0
2717,"Sasurie College of Engineering, Vijayamangalam, Tiruppur District 638056",TIRUPPUR,SELF FINANCING COLLEGES TIER 3,EC,ELECTRONICS AND COMMUNICATION ENGINEERING,146884,,,,,,,1,0,0,0,0,0,0
2717,"Sasurie College of Engineering, Vijayamangalam, Tiruppur District 638056",TIRUPPUR,SELF FINANCING COLLEGES TIER 3,EE,ELECTRICAL AND ELECTRONICS ENGINEERING,,,,,,,,0,0,0,0,0,0,0
2717,"Sasurie College of Engineering, Vijayamangalam, Tiruppur District 638056",TIRUPPUR,SELF FINANCING COLLEGES TIER 3,ME,MECHANICAL ENGINEERING,,,,,,,,0,0,0,0,0,0,0
2717,"Sasurie College of Engineering, Vijayamangalam, Tiruppur District 638056",TIRUPPUR,SELF FINANCING COLLEGES TIER 3,RM,ROBOTICS AND AUTOMATION,,,,,,,,0,0,0,0,0,0,0
2718,"Sri Krishna College of Enginering and Technology (Autonomous) , Kuniamuthur, Coimbatore District 641008",COIMBATORE,SELF FINANCING COLLEGES TIER 1,AD,ARTIFICIAL INTELLIGENCE AND DATA SCIENCE,4870,5984,12613,12021,35156,62297,,0,0,0,0,0,0,0
2718,"Sri Krishna College of Enginering and Technology (Autonomous) , Kuniamuthur, Coimbatore District 641008",COIMBATORE,SELF FINANCING COLLEGES TIER 1,CB,COMPUTER SCIENCE AND BUSSINESS SYSTEM,7697,8253,12541,13012,45240,112334,,0,0,0,0,0,0,0
2718,"Sri Krishna College of Enginering and Technology (Autonomous) , Kuniamuthur, Coimbatore District 641008",COIMBATORE,SELF FINANCING COLLEGES TIER 1,CD,COMPUTER SCIENCE AND DESIGN,9634,11482,11443,16221,58654,78263,,0,0,0,0,0,0,0
2718,"Sri Krishna College of Enginering and Technology (Autonomous) , Kuniamuthur, Coimbatore District 641008",COIMBATORE,SELF FINANCING COLLEGES TIER 1,CE,CIVIL  ENGINEERING,37151,46908,71912,57055,140046,67843,,0,0,0,0,1,0,0
2718,"Sri Krishna College of Enginering and Technology (Autonomous) , Kuniamuthur, Coimbatore District 641008",COIMBATORE,SELF FINANCING COLLEGES TIER 1,CJ,M.Tech. Computer Science and Engineering (Integrated 5 years),10201,12554,16739,20442,61660,132224,,0,0,0,0,0,0,0
2718,"Sri Krishna College of Enginering and Technology (Autonomous) , Kuniamuthur, Coimbatore District 641008",COIMBATORE,SELF FINANCING COLLEGES TIER 1,CS,COMPUTER SCIENCE AND ENGINEERING,3514,4490,8639,10084,37667,50382,49280,0,0,0,0,0,0,0
2718,"Sri Krishna College of Enginering and Technology (Autonomous) , Kuniamuthur, Coimbatore District 641008",COIMBATORE,SELF FINANCING COLLEGES TIER 1,EC,ELECTRONICS AND COMMUNICATION ENGINEERING,5963,7719,15801,13020,61180,58675,73568,0,0,0,0,0,0,0
2718,"Sri Krishna College of Enginering and Technology (Autonomous) , Kuniamuthur, Coimbatore District 641008",COIMBATORE,SELF FINANCING COLLEGES TIER 1,EE,ELECTRICAL AND ELECTRONICS ENGINEERING,12193,14873,19601,18418,96057,68247,,0,0,0,0,0,1,0
2718,"Sri Krishna College of Enginering and Technology (Autonomous) , Kuniamuthur, Coimbatore District 641008",COIMBATORE,SELF FINANCING COLLEGES TIER 1,IT,INFORMATION TECHNOLOGY,5196,6332,12174,11884,40391,61071,104427,0,0,0,0,0,0,0
2718,"Sri Krishna College of Enginering and Technology (Autonomous) , Kuniamuthur, Coimbatore District 641008",COIMBATORE,SELF FINANCING COLLEGES TIER 1,ME,MECHANICAL ENGINEERING,28849,35827,41903,47708,112974,101276,,0,0,0,0,0,0,0
2718,"Sri Krishna College of Enginering and Technology (Autonomous) , Kuniamuthur, Coimbatore District 641008",COIMBATORE,SELF FINANCING COLLEGES TIER 1,MZ,Mechatronics Engineering,25861,34871,47252,54614,123865,121690,,0,0,0,0,0,0,0
2718,"Sri Krishna College of Enginering and Technology (Autonomous) , Kuniamuthur, Coimbatore District 641008",COIMBATORE,SELF FINANCING COLLEGES TIER 1,SC,Computer Science and Engineering (Cyber Security),6449,7535,15149,13588,50796,103775,48107,0,0,0,0,0,0,0
2719,"Sri Ramakrishna Engineering College (Autonomous), Vattamalaipalayam, Coimbatore District 641022",COIMBATORE,SELF FINANCING COLLEGES TIER 1,AD,ARTIFICIAL INTELLIGENCE AND DATA SCIENCE,13836,20504,35399,35497,80459,90959,,0,0,0,0,0,0,0
2719,"Sri Ramakrishna Engineering College (Autonomous), Vattamalaipalayam, Coimbatore District 641022",COIMBATORE,SELF FINANCING COLLEGES TIER 1,AE,AERONAUTICAL ENGINEERING,40902,64347,50004,88177,116668,,,0,0,0,0,1,0,0
2719,"Sri Ramakrishna Engineering College (Autonomous), Vattamalaipalayam, Coimbatore District 641022",COIMBATORE,SELF FINANCING COLLEGES TIER 1,BM,BIO MEDICAL ENGINEERING,30798,42026,66923,60644,109771,110001,,0,0,0,0,0,0,0
2719,"Sri Ramakrishna Engineering College (Autonomous), Vattamalaipalayam, Coimbatore District 641022",COIMBATORE,SELF FINANCING COLLEGES TIER 1,CE,CIVIL  ENGINEERING,84609,145039,,145015,142585,,,0,1,0,1,1,0,0
2719,"Sri Ramakrishna Engineering College (Autonomous), Vattamalaipalayam, Coimbatore District 641022",COIMBATORE,SELF FINANCING COLLEGES TIER 1,CJ,M.Tech. Computer Science and Engineering (Integrated 5 years),24277,31625,47496,51224,96309,133742,95746,0,0,0,0,0,0,0
2719,"Sri Ramakrishna Engineering College (Autonomous), Vattamalaipalayam, Coimbatore District 641022",COIMBATORE,SELF FINANCING COLLEGES TIER 1,CS,COMPUTER SCIENCE AND ENGINEERING,12637,15727,36977,30540,67995,77878,120222,0,0,0,0,0,0,0
2719,"Sri Ramakrishna Engineering College (Autonomous), Vattamalaipalayam, Coimbatore District 641022",COIMBATORE,SELF FINANCING COLLEGES TIER 1,EC,ELECTRONICS AND COMMUNICATION ENGINEERING,19108,24014,44617,34835,110245,92419,108030,0,0,0,0,0,1,0
2719,"Sri Ramakrishna Engineering College (Autonomous), Vattamalaipalayam, Coimbatore District 641022",COIMBATORE,SELF FINANCING COLLEGES TIER 1,EE,ELECTRICAL AND ELECTRONICS ENGINEERING,27533,32683,63064,52384,143112,,,0,0,0,0,1,0,0
2719,"Sri Ramakrishna Engineering College (Autonomous), Vattamalaipalayam, Coimbatore District 641022",COIMBATORE,SELF FINANCING COLLEGES TIER 1,EI,ELECTRONICS AND INSTRUMENTATION ENGINEERING,32420,41353,60002,53433,123483,151088,,0,0,0,0,1,0,0
2719,"Sri Ramakrishna Engineering College (Autonomous), Vattamalaipalayam, Coimbatore District 641022",COIMBATORE,SELF FINANCING COLLEGES TIER 1,IT,INFORMATION TECHNOLOGY,15587,19419,32522,30965,80761,125953,117745,0,0,0,0,0,0,0
2719,"Sri Ramakrishna Engineering College (Autonomous), Vattamalaipalayam, Coimbatore District 641022",COIMBATORE,SELF FINANCING COLLEGES TIER 1,ME,MECHANICAL ENGINEERING,53065,71382,98770,95457,139266,,,0,0,0,0,1,0,0
2719,"Sri Ramakrishna Engineering College (Autonomous), Vattamalaipalayam, Coimbatore District 641022",COIMBATORE,SELF FINANCING COLLEGES TIER 1,RM,ROBOTICS AND AUTOMATION,29205,42825,67668,54763,129743,155945,,0,0,0,0,1,0,0
2721,"Tamilnadu College of Engineering, Karumathampatti Post, Coimbatore District 641659",COIMBATORE,SELF FINANCING COLLEGES TIER 3,AD,ARTIFICIAL INTELLIGENCE AND DATA SCIENCE,48816,88813,,89246,98007,,,0,0,0,0,0,0,0
2721,"Tamilnadu College of Engineering, Karumathampatti Post, Coimbatore District 641659",COIMBATORE,SELF FINANCING COLLEGES TIER 3,AU,AUTOMOBILE ENGINEERING,154300,,,,,,,1,0,0,0,0,0,0
2721,"Tamilnadu College of Engineering, Karumathampatti Post, Coimbatore District 641659",COIMBATORE,SELF FINANCING COLLEGES TIER 3,CE,CIVIL  ENGINEERING,73162,,,,,,,1,0,0,0,0,0,0
2721,"Tamilnadu College of Engineering, Karumathampatti Post, Coimbatore District 641659",COIMBATORE,SELF FINANCING COLLEGES TIER 3,CS,COMPUTER SCIENCE AND ENGINEERING,51521,83034,,74871,97094,,,0,0,0,0,0,0,0
2721,"Tamilnadu College of Engineering, Karumathampatti Post, Coimbatore District 641659",COIMBATORE,SELF FINANCING COLLEGES TIER 3,EC,ELECTRONICS AND COMMUNICATION ENGINEERING,64286,92646,,87300,136038,,,0,0,0,0,1,0,0
2721,"Tamilnadu College of Engineering, Karumathampatti Post, Coimbatore District 641659",COIMBATORE,SELF FINANCING COLLEGES TIER 3,EE,ELECTRICAL AND ELECTRONICS ENGINEERING,101796,143774,,139328,,,,0,1,0,1,0,0,0
2721,"Tamilnadu College of Engineering, Karumathampatti Post, Coimbatore District 641659",COIMBATORE,SELF FINANCING COLLEGES TIER 3,IC,INSTRUMENTATION AND CONTROL ENGINEERING,121818,152344,,124549,,,,0,1,0,1,0,0,0
2721,"Tamilnadu College of Engineering, Karumathampatti Post, Coimbatore District 641659",COIMBATORE,SELF FINANCING COLLEGES TIER 3,ME,MECHANICAL ENGINEERING,136058,148321,,,153743,,,0,1,0,0,1,0,0
2722,"Sri Krishna College of Technology (Autonomous) , Kovaipudur Post, Coimbatore District 641042",COIMBATORE,SELF FINANCING COLLEGES TIER 1,AD,ARTIFICIAL INTELLIGENCE AND DATA SCIENCE,9271,14443,16439,22183,55613,96317,,0,0,0,0,0,0,0
2722,"Sri Krishna College of Technology (Autonomous) , Kovaipudur Post, Coimbatore District 641042",COIMBATORE,SELF FINANCING COLLEGES TIER 1,AM,COMPUTER SCIENCE AND ENGINEERING (ARTIFICIAL INTELLIGENCE AND MACHINE LEARNING),15024,17959,17886,28210,80587,112705,,0,0,0,0,0,0,0
2722,"Sri Krishna College of Technology (Autonomous) , Kovaipudur Post, Coimbatore District 641042",COIMBATORE,SELF FINANCING COLLEGES TIER 1,CE,CIVIL  ENGINEERING,59853,83725,88898,115804,135786,,,0,0,0,0,1,0,0
2722,"Sri Krishna College of Technology (Autonomous) , Kovaipudur Post, Coimbatore District 641042",COIMBATORE,SELF FINANCING COLLEGES TIER 1,CI,Computer Science and Engineering (Internet of Things),17026,19900,22894,31440,107670,115334,97771,0,0,0,0,0,0,0
2722,"Sri Krishna College of Technology (Autonomous) , Kovaipudur Post, Coimbatore District 641042",COIMBATORE,SELF FINANCING COLLEGES TIER 1,CS,COMPUTER SCIENCE AND ENGINEERING,9240,12974,17405,18134,71164,73534,137834,0,0,0,0,0,0,0
2722,"Sri Krishna College of Technology (Autonomous) , Kovaipudur Post, Coimbatore District 641042",COIMBATORE,SELF FINANCING COLLEGES TIER 1,EC,ELECTRONICS AND COMMUNICATION ENGINEERING,14063,17555,32185,30135,97113,106129,93558,0,0,0,0,0,0,0
2722,"Sri Krishna College of Technology (Autonomous) , Kovaipudur Post, Coimbatore District 641042",COIMBATORE,SELF FINANCING COLLEGES TIER 1,EE,ELECTRICAL AND ELECTRONICS ENGINEERING,21502,27385,34059,50021,117779,,,0,0,0,0,0,0,0
2722,"Sri Krishna College of Technology (Autonomous) , Kovaipudur Post, Coimbatore District 641042",COIMBATORE,SELF FINANCING COLLEGES TIER 1,IT,INFORMATION TECHNOLOGY,12089,15717,24970,22901,62461,103992,113444,0,0,0,0,0,0,0
2722,"Sri Krishna College of Technology (Autonomous) , Kovaipudur Post, Coimbatore District 641042",COIMBATORE,SELF FINANCING COLLEGES TIER 1,ME,MECHANICAL ENGINEERING,40476,48766,75453,60371,132333,,,0,0,0,0,1,0,0
2722,"Sri Krishna College of Technology (Autonomous) , Kovaipudur Post, Coimbatore District 641042",COIMBATORE,SELF FINANCING COLLEGES TIER 1,SC,Computer Science and Engineering (Cyber Security),15317,18922,19942,27516,78289,112801,,0,0,0,0,0,0,0
2723,"Velalar College of Engineering and Technology (Autonomous), Thindal Post, Erode District 638012",ERODE,SELF FINANCING COLLEGES TIER 3,AD,ARTIFICIAL INTELLIGENCE AND DATA SCIENCE,41750,55514,41956,103346,,84380,,0,0,0,0,0,0,0
2723,"Velalar College of Engineering and Technology (Autonomous), Thindal Post, Erode District 638012",ERODE,SELF FINANCING COLLEGES TIER 3,BM,BIO MEDICAL ENGINEERING,62980,91765,,110196,155337,73511,,0,0,0,0,1,0,0
2723,"Velalar College of Engineering and Technology (Autonomous), Thindal Post, Erode District 638012",ERODE,SELF FINANCING COLLEGES TIER 3,CE,CIVIL  ENGINEERING,127629,154510,,154696,142578,133697,,0,1,0,0,1,0,0
2723,"Velalar College of Engineering and Technology (Autonomous), Thindal Post, Erode District 638012",ERODE,SELF FINANCING COLLEGES TIER 3,CS,COMPUTER SCIENCE AND ENGINEERING,29924,42455,92990,67814,145528,116482,,0,0,0,0,0,0,0
2723,"Velalar College of Engineering and Technology (Autonomous), Thindal Post, Erode District 638012",ERODE,SELF FINANCING COLLEGES TIER 3,EC,ELECTRONICS AND COMMUNICATION ENGINEERING,46100,65164,128479,92123,150526,103195,,0,0,0,0,1,1,0
2723,"Velalar College of Engineering and Technology (Autonomous), Thindal Post, Erode District 638012",ERODE,SELF FINANCING COLLEGES TIER 3,EE,ELECTRICAL AND ELECTRONICS ENGINEERING,69046,85169,118914,112900,154729,104172,,0,0,0,0,1,0,0
2723,"Velalar College of Engineering and Technology (Autonomous), Thindal Post, Erode District 638012",ERODE,SELF FINANCING COLLEGES TIER 3,IT,INFORMATION TECHNOLOGY,39991,50637,119947,80065,147611,132634,,0,0,0,0,1,1,0
2723,"Velalar College of Engineering and Technology (Autonomous), Thindal Post, Erode District 638012",ERODE,SELF FINANCING COLLEGES TIER 3,MD,MEDICAL ELECTRONICS ENGINEERING,77480,123975,,130948,145422,136950,,0,0,0,0,1,0,0
2723,"Velalar College of Engineering and Technology (Autonomous), Thindal Post, Erode District 638012",ERODE,SELF FINANCING COLLEGES TIER 3,ME,MECHANICAL ENGINEERING,100780,132343,156155,144452,139772,,,0,0,0,0,1,0,0
2725,"Sri Ramakrishna Institute of Technology (Autonomous), Pachapalayam, Coimbatore District 641010",COIMBATORE,SELF FINANCING COLLEGES TIER 2,CS,COMPUTER SCIENCE AND ENGINEERING,34186,45933,54383,58145,140790,143355,,0,0,0,0,1,0,0
2725,"Sri Ramakrishna Institute of Technology (Autonomous), Pachapalayam, Coimbatore District 641010",COIMBATORE,SELF FINANCING COLLEGES TIER 2,EC,ELECTRONICS AND COMMUNICATION ENGINEERING,40299,48563,88787,65470,143828,116733,,0,0,0,0,1,0,0
2725,"Sri Ramakrishna Institute of Technology (Autonomous), Pachapalayam, Coimbatore District 641010",COIMBATORE,SELF FINANCING COLLEGES TIER 2,EE,ELECTRICAL AND ELECTRONICS ENGINEERING,47623,58302,95912,80018,,,,0,0,0,0,0,0,0
2725,"Sri Ramakrishna Institute of Technology (Autonomous), Pachapalayam, Coimbatore District 641010",COIMBATORE,SELF FINANCING COLLEGES TIER 2,IT,INFORMATION TECHNOLOGY,32331,46869,80997,42457,117580,,,0,0,0,0,0,0,0
2725,"Sri Ramakrishna Institute of Technology (Autonomous), Pachapalayam, Coimbatore District 641010",COIMBATORE,SELF FINANCING COLLEGES TIER 2,ME,MECHANICAL ENGINEERING,75804,89552,145206,125773,152326,,,0,0,0,0,1,0,0
2726,"SNS College of Technology (Autonomous), Kalappatti Post, Coimbatore District 641035",COIMBATORE,SELF FINANCING COLLEGES TIER 3,AG,AGRICULTURAL ENGINEERING,94694,130519,,152009,142022,133524,,0,1,0,1,1,0,0
2726,"SNS College of Technology (Autonomous), Kalappatti Post, Coimbatore District 641035",COIMBATORE,SELF FINANCING COLLEGES TIER 3,AL,Artificial Intelligence and Machine Learning,46092,56961,76090,77833,149159,,,0,0,0,0,1,0,0
2726,"SNS College of Technology (Autonomous), Kalappatti Post, Coimbatore District 641035",COIMBATORE,SELF FINANCING COLLEGES TIER 3,AO,AEROSPACE ENGINEERING,82066,123624,,137472,,,,0,0,0,0,0,0,0
2726,"SNS College of Technology (Autonomous), Kalappatti Post, Coimbatore District 641035",COIMBATORE,SELF FINANCING COLLEGES TIER 3,AU,AUTOMOBILE ENGINEERING,114342,129461,,151846,,,,0,1,0,1,0,0,0
2726,"SNS College of Technology (Autonomous), Kalappatti Post, Coimbatore District 641035",COIMBATORE,SELF FINANCING COLLEGES TIER 3,BM,BIO MEDICAL ENGINEERING,78648,104298,86768,111900,148604,126643,,0,0,0,0,1,0,0
2726,"SNS College of Technology (Autonomous), Kalappatti Post, Coimbatore District 641035",COIMBATORE,SELF FINANCING COLLEGES TIER 3,CE,CIVIL  ENGINEERING,119375,147201,,140000,131839,,,0,1,0,1,1,0,0
2726,"SNS College of Technology (Autonomous), Kalappatti Post, Coimbatore District 641035",COIMBATORE,SELF FINANCING COLLEGES TIER 3,CS,COMPUTER SCIENCE AND ENGINEERING,36216,48782,72512,60237,144191,118791,,0,0,0,0,0,1,0
2726,"SNS College of Technology (Autonomous), Kalappatti Post, Coimbatore District 641035",COIMBATORE,SELF FINANCING COLLEGES TIER 3,EC,ELECTRONICS AND COMMUNICATION ENGINEERING,45815,58743,66023,73807,155444,138435,,0,0,0,0,1,1,0
2726,"SNS College of Technology (Autonomous), Kalappatti Post, Coimbatore District 641035",COIMBATORE,SELF FINANCING COLLEGES TIER 3,EE,ELECTRICAL AND ELECTRONICS ENGINEERING,61609,85098,89489,97526,130780,,,0,0,0,0,1,0,0
2726,"SNS College of Technology (Autonomous), Kalappatti Post, Coimbatore District 641035",COIMBATORE,SELF FINANCING COLLEGES TIER 3,FD,FOOD TECHNOLOGY,71344,115141,,135696,131891,,,0,0,0,0,1,0,0
2726,"SNS College of Technology (Autonomous), Kalappatti Post, Coimbatore District 641035",COIMBATORE,SELF FINANCING COLLEGES TIER 3,IT,INFORMATION TECHNOLOGY,37559,50136,43338,65479,124810,124511,133891,0,0,0,0,0,0,0
2726,"SNS College of Technology (Autonomous), Kalappatti Post, Coimbatore District 641035",COIMBATORE,SELF FINANCING COLLEGES TIER 3,ME,MECHANICAL ENGINEERING,110800,128600,129877,149386,,,,0,1,1,1,0,0,0
2726,"SNS College of Technology (Autonomous), Kalappatti Post, Coimbatore District 641035",COIMBATORE,SELF FINANCING COLLEGES TIER 3,MZ,Mechatronics Engineering,70992,96820,138387,100669,,,,0,0,0,0,0,0,0
2727,"Sri Shakthi Institute of Engineering and Technology (Autonomous), L&T Bye-Pass, Venkitapuram Post, Comibatore District 641062",COIMBATORE,SELF FINANCING COLLEGES TIER 3,AD,ARTIFICIAL INTELLIGENCE AND DATA SCIENCE,38398,46912,76642,61547,147950,,,0,0,0,0,1,0,0
2727,"Sri Shakthi Institute of Engineering and Technology (Autonomous), L&T Bye-Pass, Venkitapuram Post, Comibatore District 641062",COIMBATORE,SELF FINANCING COLLEGES TIER 3,AG,AGRICULTURAL ENGINEERING,56112,84388,,86969,134612,148294,,0,0,0,0,1,0,0
2727,"Sri Shakthi Institute of Engineering and Technology (Autonomous), L&T Bye-Pass, Venkitapuram Post, Comibatore District 641062",COIMBATORE,SELF FINANCING COLLEGES TIER 3,AL,Artificial Intelligence and Machine Learning,43246,48860,70222,71214,,,,0,0,0,0,0,0,0
2727,"Sri Shakthi Institute of Engineering and Technology (Autonomous), L&T Bye-Pass, Venkitapuram Post, Comibatore District 641062",COIMBATORE,SELF FINANCING COLLEGES TIER 3,BM,BIO MEDICAL ENGINEERING,75573,115475,,128130,143863,,,0,0,0,1,1,0,0
2727,"Sri Shakthi Institute of Engineering and Technology (Autonomous), L&T Bye-Pass, Venkitapuram Post, Comibatore District 641062",COIMBATORE,SELF FINANCING COLLEGES TIER 3,BT,BIO TECHNOLOGY,62542,85217,,138063,116166,,,0,0,0,0,1,0,0
2727,"Sri Shakthi Institute of Engineering and Technology (Autonomous), L&T Bye-Pass, Venkitapuram Post, Comibatore District 641062",COIMBATORE,SELF FINANCING COLLEGES TIER 3,CE,CIVIL  ENGINEERING,135869,,,137453,,,,0,0,0,1,0,0,0
2727,"Sri Shakthi Institute of Engineering and Technology (Autonomous), L&T Bye-Pass, Venkitapuram Post, Comibatore District 641062",COIMBATORE,SELF FINANCING COLLEGES TIER 3,CS,COMPUTER SCIENCE AND ENGINEERING,30125,37856,55773,55682,156093,142907,138563,0,0,0,0,1,1,0
2727,"Sri Shakthi Institute of Engineering and Technology (Autonomous), L&T Bye-Pass, Venkitapuram Post, Comibatore District 641062",COIMBATORE,SELF FINANCING COLLEGES TIER 3,EC,ELECTRONICS AND COMMUNICATION ENGINEERING,39454,49882,70077,67251,125419,154009,,0,0,0,0,1,1,0
2727,"Sri Shakthi Institute of Engineering and Technology (Autonomous), L&T Bye-Pass, Venkitapuram Post, Comibatore District 641062",COIMBATORE,SELF FINANCING COLLEGES TIER 3,EE,ELECTRICAL AND ELECTRONICS ENGINEERING,55172,68123,86373,97008,149745,,,0,0,0,0,1,0,0
2727,"Sri Shakthi Institute of Engineering and Technology (Autonomous), L&T Bye-Pass, Venkitapuram Post, Comibatore District 641062",COIMBATORE,SELF FINANCING COLLEGES TIER 3,FD,FOOD TECHNOLOGY,68099,124798,92369,145048,117208,,,0,0,1,1,1,0,0
2727,"Sri Shakthi Institute of Engineering and Technology (Autonomous), L&T Bye-Pass, Venkitapuram Post, Comibatore District 641062",COIMBATORE,SELF FINANCING COLLEGES TIER 3,IT,INFORMATION TECHNOLOGY,35289,43651,65340,54022,144005,138214,,0,0,0,0,1,1,0
2727,"Sri Shakthi Institute of Engineering and Technology (Autonomous), L&T Bye-Pass, Venkitapuram Post, Comibatore District 641062",COIMBATORE,SELF FINANCING COLLEGES TIER 3,ME,MECHANICAL ENGINEERING,92138,120025,123594,120164,,,,0,0,0,1,0,0,0
2727,"Sri Shakthi Institute of Engineering and Technology (Autonomous), L&T Bye-Pass, Venkitapuram Post, Comibatore District 641062",COIMBATORE,SELF FINANCING COLLEGES TIER 3,SC,Computer Science and Engineering (Cyber Security),39929,49630,78059,56533,109313,136408,78802,0,0,0,0,1,0,0
2729,"Nehru Institute of Engineering and Technology, Thirumalayampalayam Post, Coimbatore District 641105",COIMBATORE,SELF FINANCING COLLEGES TIER 3,AD,ARTIFICIAL INTELLIGENCE AND DATA SCIENCE,65087,81665,84524,106843,132576,129701,,0,0,0,0,0,0,0
2729,"Nehru Institute of Engineering and Technology, Thirumalayampalayam Post, Coimbatore District 641105",COIMBATORE,SELF FINANCING COLLEGES TIER 3,AE,AERONAUTICAL ENGINEERING,69160,122254,110933,124568,122375,155437,108797,0,0,0,0,0,1,0
2729,"Nehru Institute of Engineering and Technology, Thirumalayampalayam Post, Coimbatore District 641105",COIMBATORE,SELF FINANCING COLLEGES TIER 3,CB,COMPUTER SCIENCE AND BUSSINESS SYSTEM,79055,93590,86285,93834,134922,154015,,0,0,0,0,0,0,0
2729,"Nehru Institute of Engineering and Technology, Thirumalayampalayam Post, Coimbatore District 641105",COIMBATORE,SELF FINANCING COLLEGES TIER 3,CS,COMPUTER SCIENCE AND ENGINEERING,57955,70182,86976,90418,142194,,,0,0,0,0,0,0,0
2729,"Nehru Institute of Engineering and Technology, Thirumalayampalayam Post, Coimbatore District 641105",COIMBATORE,SELF FINANCING COLLEGES TIER 3,EC,ELECTRONICS AND COMMUNICATION ENGINEERING,71193,91898,98568,113575,145734,132614,82832,0,0,0,0,0,0,0
2729,"Nehru Institute of Engineering and Technology, Thirumalayampalayam Post, Coimbatore District 641105",COIMBATORE,SELF FINANCING COLLEGES TIER 3,EE,ELECTRICAL AND ELECTRONICS ENGINEERING,99290,132026,114160,151405,147790,,148398,0,1,0,1,0,0,0
2729,"Nehru Institute of Engineering and Technology, Thirumalayampalayam Post, Coimbatore District 641105",COIMBATORE,SELF FINANCING COLLEGES TIER 3,IT,INFORMATION TECHNOLOGY,58564,73073,79578,86591,93226,127682,,0,0,0,0,0,0,0
2729,"Nehru Institute of Engineering and Technology, Thirumalayampalayam Post, Coimbatore District 641105",COIMBATORE,SELF FINANCING COLLEGES TIER 3,ME,MECHANICAL ENGINEERING,138054,153344,144260,155783,154381,151444,,0,1,0,1,1,0,0
2729,"Nehru Institute of Engineering and Technology, Thirumalayampalayam Post, Coimbatore District 641105",COIMBATORE,SELF FINANCING COLLEGES TIER 3,MZ,Mechatronics Engineering,105187,152992,148228,142404,153524,,,0,1,0,0,0,0,0
2731,"R V S College of Engineering and Technology, Kannampalayam, Sulur, Coimbatore District 641402",COIMBATORE,SELF FINANCING COLLEGES TIER 3,AD,ARTIFICIAL INTELLIGENCE AND DATA SCIENCE,74517,103522,,124991,140345,132241,,0,0,0,0,0,0,0
2731,"R V S College of Engineering and Technology, Kannampalayam, Sulur, Coimbatore District 641402",COIMBATORE,SELF FINANCING COLLEGES TIER 3,CS,COMPUTER SCIENCE AND ENGINEERING,17536,62681,78581,80102,97048,141876,138237,0,0,0,0,0,0,0
2731,"R V S College of Engineering and Technology, Kannampalayam, Sulur, Coimbatore District 641402",COIMBATORE,SELF FINANCING COLLEGES TIER 3,EC,ELECTRONICS AND COMMUNICATION ENGINEERING,84387,97326,125533,120269,142252,94062,,0,0,0,0,0,0,0
2731,"R V S College of Engineering and Technology, Kannampalayam, Sulur, Coimbatore District 641402",COIMBATORE,SELF FINANCING COLLEGES TIER 3,EE,ELECTRICAL AND ELECTRONICS ENGINEERING,107651,147693,,155341,139298,111455,,0,1,0,1,1,0,0
2731,"R V S College of Engineering and Technology, Kannampalayam, Sulur, Coimbatore District 641402",COIMBATORE,SELF FINANCING COLLEGES TIER 3,ME,MECHANICAL ENGINEERING,144422,151974,,155143,155728,,,0,1,0,1,0,0,0
2731,"R V S College of Engineering and Technology, Kannampalayam, Sulur, Coimbatore District 641402",COIMBATORE,SELF FINANCING COLLEGES TIER 3,PD,PETRO CHEMICAL ENGINEERING,152497,,,,155380,,,0,0,0,0,1,0,0
2732,"Info Institute of Engineering, Sarkar Samakulam, Coimbatore District 641107",COIMBATORE,SELF FINANCING COLLEGES TIER 3,CS,COMPUTER SCIENCE AND ENGINEERING,94591,143512,136882,148434,153246,124710,,0,0,1,1,1,1,0
2732,"Info Institute of Engineering, Sarkar Samakulam, Coimbatore District 641107",COIMBATORE,SELF FINANCING COLLEGES TIER 3,EC,ELECTRONICS AND COMMUNICATION ENGINEERING,152837,155284,,,,,,0,1,0,0,0,0,0
2732,"Info Institute of Engineering, Sarkar Samakulam, Coimbatore District 641107",COIMBATORE,SELF FINANCING COLLEGES TIER 3,EE,ELECTRICAL AND ELECTRONICS ENGINEERING,,,,,,,,0,0,0,0,0,0,0
2732,"Info Institute of Engineering, Sarkar Samakulam, Coimbatore District 641107",COIMBATORE,SELF FINANCING COLLEGES TIER 3,IT,INFORMATION TECHNOLOGY,87419,132980,,136591,152786,,,0,0,0,0,0,0,0
2732,"Info Institute of Engineering, Sarkar Samakulam, Coimbatore District 641107",COIMBATORE,SELF FINANCING COLLEGES TIER 3,ME,MECHANICAL ENGINEERING,,,,,,,,0,0,0,0,0,0,0
2733,"Angel College of Engineering and Technology, P.K.Palayam, Ugayanur Village, Tirupur District 641 665",TIRUPPUR,SELF FINANCING COLLEGES TIER 3,CE,CIVIL  ENGINEERING,148242,,,,,,,1,0,0,0,0,0,0
2733,"Angel College of Engineering and Technology, P.K.Palayam, Ugayanur Village, Tirupur District 641 665",TIRUPPUR,SELF FINANCING COLLEGES TIER 3,CS,COMPUTER SCIENCE AND ENGINEERING,115478,153505,,154438,153469,139892,,0,1,0,1,0,0,0
2733,"Angel College of Engineering and Technology, P.K.Palayam, Ugayanur Village, Tirupur District 641 665",TIRUPPUR,SELF FINANCING COLLEGES TIER 3,EC,ELECTRONICS AND COMMUNICATION ENGINEERING,154262,,,,,,,1,0,0,0,0,0,0
2733,"Angel College of Engineering and Technology, P.K.Palayam, Ugayanur Village, Tirupur District 641 665",TIRUPPUR,SELF FINANCING COLLEGES TIER 3,EE,ELECTRICAL AND ELECTRONICS ENGINEERING,152782,,,,,,,1,0,0,0,0,0,0
2733,"Angel College of Engineering and Technology, P.K.Palayam, Ugayanur Village, Tirupur District 641 665",TIRUPPUR,SELF FINANCING COLLEGES TIER 3,FT,FASHION TECHNOLOGY,153147,155706,,155906,155256,,,0,1,0,1,1,0,0
2733,"Angel College of Engineering and Technology, P.K.Palayam, Ugayanur Village, Tirupur District 641 665",TIRUPPUR,SELF FINANCING COLLEGES TIER 3,ME,MECHANICAL ENGINEERING,144201,,,,,,,1,0,0,0,0,0,0
2734,"SNS College of Engineering (Autonomous), Sathy Main Road, Kurumbapalayam Post, Coimbatore District 641107",COIMBATORE,SELF FINANCING COLLEGES TIER 3,AD,ARTIFICIAL INTELLIGENCE AND DATA SCIENCE,49259,58346,65124,80545,146479,,,0,0,0,0,1,0,0
2734,"SNS College of Engineering (Autonomous), Sathy Main Road, Kurumbapalayam Post, Coimbatore District 641107",COIMBATORE,SELF FINANCING COLLEGES TIER 3,CD,COMPUTER SCIENCE AND DESIGN,58945,67340,70574,94882,144774,,,0,0,0,0,1,0,0
2734,"SNS College of Engineering (Autonomous), Sathy Main Road, Kurumbapalayam Post, Coimbatore District 641107",COIMBATORE,SELF FINANCING COLLEGES TIER 3,CS,COMPUTER SCIENCE AND ENGINEERING,38289,51888,56968,63905,119901,89395,,0,0,0,0,1,1,0
2734,"SNS College of Engineering (Autonomous), Sathy Main Road, Kurumbapalayam Post, Coimbatore District 641107",COIMBATORE,SELF FINANCING COLLEGES TIER 3,EC,ELECTRONICS AND COMMUNICATION ENGINEERING,52702,60879,71294,81514,144632,105899,,0,0,0,0,1,0,0
2734,"SNS College of Engineering (Autonomous), Sathy Main Road, Kurumbapalayam Post, Coimbatore District 641107",COIMBATORE,SELF FINANCING COLLEGES TIER 3,EE,ELECTRICAL AND ELECTRONICS ENGINEERING,66099,79801,103260,93641,,,,0,0,0,0,0,0,0
2734,"SNS College of Engineering (Autonomous), Sathy Main Road, Kurumbapalayam Post, Coimbatore District 641107",COIMBATORE,SELF FINANCING COLLEGES TIER 3,IT,INFORMATION TECHNOLOGY,43239,54119,83876,61850,148454,,,0,0,0,0,0,0,0
2734,"SNS College of Engineering (Autonomous), Sathy Main Road, Kurumbapalayam Post, Coimbatore District 641107",COIMBATORE,SELF FINANCING COLLEGES TIER 3,ME,MECHANICAL ENGINEERING,118871,122604,,153732,153661,,,0,1,0,1,1,0,0
2734,"SNS College of Engineering (Autonomous), Sathy Main Road, Kurumbapalayam Post, Coimbatore District 641107",COIMBATORE,SELF FINANCING COLLEGES TIER 3,MO,Mechanical and Mechatronics Engineering (Additive Manufacturing),107699,141930,,145637,,,,0,1,0,1,0,0,0
2734,"SNS College of Engineering (Autonomous), Sathy Main Road, Kurumbapalayam Post, Coimbatore District 641107",COIMBATORE,SELF FINANCING COLLEGES TIER 3,SB,Computer Science and Engineering (Internet of Things and Cyber Security including Block Chain Technology),49805,61623,68095,74790,120266,,,0,0,0,0,1,0,0
2734,"SNS College of Engineering (Autonomous), Sathy Main Road, Kurumbapalayam Post, Coimbatore District 641107",COIMBATORE,SELF FINANCING COLLEGES TIER 3,TS,Computer Science and Technology,55866,64481,74208,86636,147569,,,0,0,0,0,1,0,0
2735,"Karpagam Institute of Technology, Seerapalayam Village, L&T By pass Road, Coimbatore District 641021",COIMBATORE,SELF FINANCING COLLEGES TIER 2,AD,ARTIFICIAL INTELLIGENCE AND DATA SCIENCE,31574,38579,32307,41727,122062,,,0,0,0,0,0,0,0
2735,"Karpagam Institute of Technology, Seerapalayam Village, L&T By pass Road, Coimbatore District 641021",COIMBATORE,SELF FINANCING COLLEGES TIER 2,CS,COMPUTER SCIENCE AND ENGINEERING,15742,25473,19594,46217,95233,95259,,0,0,0,0,0,0,0
2735,"Karpagam Institute of Technology, Seerapalayam Village, L&T By pass Road, Coimbatore District 641021",COIMBATORE,SELF FINANCING COLLEGES TIER 2,EC,ELECTRONICS AND COMMUNICATION ENGINEERING,39102,47639,72699,57671,130391,97057,,0,0,0,0,1,0,0
2735,"Karpagam Institute of Technology, Seerapalayam Village, L&T By pass Road, Coimbatore District 641021",COIMBATORE,SELF FINANCING COLLEGES TIER 2,EE,ELECTRICAL AND ELECTRONICS ENGINEERING,55660,72561,96442,72119,148401,,,0,0,0,0,1,0,0
2735,"Karpagam Institute of Technology, Seerapalayam Village, L&T By pass Road, Coimbatore District 641021",COIMBATORE,SELF FINANCING COLLEGES TIER 2,IT,INFORMATION TECHNOLOGY,27031,35641,78309,38831,126728,103303,,0,0,0,0,0,0,0
2735,"Karpagam Institute of Technology, Seerapalayam Village, L&T By pass Road, Coimbatore District 641021",COIMBATORE,SELF FINANCING COLLEGES TIER 2,ME,MECHANICAL ENGINEERING,87851,118383,,127246,,142937,,0,1,0,1,0,0,0
2736,"Dr. N G P Institute of Technology (Autonomous), Kalapatti Road, Coimbatore District 641035",COIMBATORE,SELF FINANCING COLLEGES TIER 3,AD,ARTIFICIAL INTELLIGENCE AND DATA SCIENCE,37039,50374,43706,75413,153866,,,0,0,0,0,1,0,0
2736,"Dr. N G P Institute of Technology (Autonomous), Kalapatti Road, Coimbatore District 641035",COIMBATORE,SELF FINANCING COLLEGES TIER 3,BM,BIO MEDICAL ENGINEERING,56454,83751,,152969,99928,,,0,0,0,1,1,0,0
2736,"Dr. N G P Institute of Technology (Autonomous), Kalapatti Road, Coimbatore District 641035",COIMBATORE,SELF FINANCING COLLEGES TIER 3,CB,COMPUTER SCIENCE AND BUSSINESS SYSTEM,46737,54203,62340,67025,,,,0,0,0,0,0,0,0
2736,"Dr. N G P Institute of Technology (Autonomous), Kalapatti Road, Coimbatore District 641035",COIMBATORE,SELF FINANCING COLLEGES TIER 3,CE,CIVIL  ENGINEERING,96210,117770,,143735,114143,,,0,1,0,1,0,0,0
2736,"Dr. N G P Institute of Technology (Autonomous), Kalapatti Road, Coimbatore District 641035",COIMBATORE,SELF FINANCING COLLEGES TIER 3,CS,COMPUTER SCIENCE AND ENGINEERING,30472,44691,56026,64774,141509,102958,,0,0,0,0,0,1,0
2736,"Dr. N G P Institute of Technology (Autonomous), Kalapatti Road, Coimbatore District 641035",COIMBATORE,SELF FINANCING COLLEGES TIER 3,EC,ELECTRONICS AND COMMUNICATION ENGINEERING,47010,56247,94512,80939,110926,,,0,0,0,0,1,0,0
2736,"Dr. N G P Institute of Technology (Autonomous), Kalapatti Road, Coimbatore District 641035",COIMBATORE,SELF FINANCING COLLEGES TIER 3,EE,ELECTRICAL AND ELECTRONICS ENGINEERING,61655,75745,117490,103864,87341,,,0,0,0,0,1,0,0
2736,"Dr. N G P Institute of Technology (Autonomous), Kalapatti Road, Coimbatore District 641035",COIMBATORE,SELF FINANCING COLLEGES TIER 3,IT,INFORMATION TECHNOLOGY,35295,46095,84452,73452,119332,106949,,0,0,0,0,1,0,0
2736,"Dr. N G P Institute of Technology (Autonomous), Kalapatti Road, Coimbatore District 641035",COIMBATORE,SELF FINANCING COLLEGES TIER 3,ME,MECHANICAL ENGINEERING,126388,144580,,143942,135579,,,0,1,0,1,1,0,0
2737,"Sri Sai Ranganathan Engineering College, Zahirnaickenpalayam Village, Viraliyur Post, Thondamuthur Via, Coimbatore District 641109",COIMBATORE,SELF FINANCING COLLEGES TIER 3,CE,CIVIL  ENGINEERING,136869,,,,,,,1,0,0,0,0,0,0
2737,"Sri Sai Ranganathan Engineering College, Zahirnaickenpalayam Village, Viraliyur Post, Thondamuthur Via, Coimbatore District 641109",COIMBATORE,SELF FINANCING COLLEGES TIER 3,CS,COMPUTER SCIENCE AND ENGINEERING,119265,,,127497,130618,127087,,0,0,0,1,1,0,0
2737,"Sri Sai Ranganathan Engineering College, Zahirnaickenpalayam Village, Viraliyur Post, Thondamuthur Via, Coimbatore District 641109",COIMBATORE,SELF FINANCING COLLEGES TIER 3,EC,ELECTRONICS AND COMMUNICATION ENGINEERING,150476,155260,,,,,,0,1,0,0,0,0,0
2737,"Sri Sai Ranganathan Engineering College, Zahirnaickenpalayam Village, Viraliyur Post, Thondamuthur Via, Coimbatore District 641109",COIMBATORE,SELF FINANCING COLLEGES TIER 3,EE,ELECTRICAL AND ELECTRONICS ENGINEERING,,,,,,,,0,0,0,0,0,0,0
2737,"Sri Sai Ranganathan Engineering College, Zahirnaickenpalayam Village, Viraliyur Post, Thondamuthur Via, Coimbatore District 641109",COIMBATORE,SELF FINANCING COLLEGES TIER 3,IT,INFORMATION TECHNOLOGY,116055,154921,,142727,148006,,,0,1,0,1,1,0,0
2737,"Sri Sai Ranganathan Engineering College, Zahirnaickenpalayam Village, Viraliyur Post, Thondamuthur Via, Coimbatore District 641109",COIMBATORE,SELF FINANCING COLLEGES TIER 3,ME,MECHANICAL ENGINEERING,,,,,,,,0,0,0,0,0,0,0
2739,"Sri Eshwar College of Engineering (Autonomous), Kondampatti Post, Vadasithur (Via), Kinathukadavu, Coimbatore District 641202",COIMBATORE,SELF FINANCING COLLEGES TIER 3,AD,ARTIFICIAL INTELLIGENCE AND DATA SCIENCE,14145,20988,41741,34519,102307,37437,,0,0,0,0,0,0,0
2739,"Sri Eshwar College of Engineering (Autonomous), Kondampatti Post, Vadasithur (Via), Kinathukadavu, Coimbatore District 641202",COIMBATORE,SELF FINANCING COLLEGES TIER 3,AM,COMPUTER SCIENCE AND ENGINEERING (ARTIFICIAL INTELLIGENCE AND MACHINE LEARNING),16279,22222,23037,37343,104810,129575,,0,0,0,0,0,0,0
2739,"Sri Eshwar College of Engineering (Autonomous), Kondampatti Post, Vadasithur (Via), Kinathukadavu, Coimbatore District 641202",COIMBATORE,SELF FINANCING COLLEGES TIER 3,CB,COMPUTER SCIENCE AND BUSSINESS SYSTEM,19272,24437,41046,38286,151674,93914,,0,0,0,0,0,0,0
2739,"Sri Eshwar College of Engineering (Autonomous), Kondampatti Post, Vadasithur (Via), Kinathukadavu, Coimbatore District 641202",COIMBATORE,SELF FINANCING COLLEGES TIER 3,CO,COMPUTER AND  COMMUNICATION ENGINEERING,12892,20322,24037,40031,124273,87074,,0,0,0,0,0,0,0
2739,"Sri Eshwar College of Engineering (Autonomous), Kondampatti Post, Vadasithur (Via), Kinathukadavu, Coimbatore District 641202",COIMBATORE,SELF FINANCING COLLEGES TIER 3,CS,COMPUTER SCIENCE AND ENGINEERING,9084,16988,15929,22191,91329,122668,50543,0,0,0,0,0,1,0
2739,"Sri Eshwar College of Engineering (Autonomous), Kondampatti Post, Vadasithur (Via), Kinathukadavu, Coimbatore District 641202",COIMBATORE,SELF FINANCING COLLEGES TIER 3,EC,ELECTRONICS AND COMMUNICATION ENGINEERING,20209,24411,44649,37872,153870,154993,93404,0,0,0,0,1,1,0
2739,"Sri Eshwar College of Engineering (Autonomous), Kondampatti Post, Vadasithur (Via), Kinathukadavu, Coimbatore District 641202",COIMBATORE,SELF FINANCING COLLEGES TIER 3,EE,ELECTRICAL AND ELECTRONICS ENGINEERING,26133,29346,36980,46569,134475,,,0,0,0,0,1,0,0
2739,"Sri Eshwar College of Engineering (Autonomous), Kondampatti Post, Vadasithur (Via), Kinathukadavu, Coimbatore District 641202",COIMBATORE,SELF FINANCING COLLEGES TIER 3,IT,INFORMATION TECHNOLOGY,15512,18354,21786,30443,91884,,,0,0,0,0,0,0,0
2739,"Sri Eshwar College of Engineering (Autonomous), Kondampatti Post, Vadasithur (Via), Kinathukadavu, Coimbatore District 641202",COIMBATORE,SELF FINANCING COLLEGES TIER 3,ME,MECHANICAL ENGINEERING,41730,52005,73415,60794,134851,,,0,0,0,0,1,0,0
2740,"Hindusthan Institute of Technology (Autonomous), Othakkalmandapam, Coimbatore District 641032",COIMBATORE,SELF FINANCING COLLEGES TIER 3,AD,ARTIFICIAL INTELLIGENCE AND DATA SCIENCE,48674,59322,54816,83921,107787,,,0,0,0,0,1,0,0
2740,"Hindusthan Institute of Technology (Autonomous), Othakkalmandapam, Coimbatore District 641032",COIMBATORE,SELF FINANCING COLLEGES TIER 3,AE,AERONAUTICAL ENGINEERING,75674,135709,134715,147674,153794,,,0,0,0,1,1,0,0
2740,"Hindusthan Institute of Technology (Autonomous), Othakkalmandapam, Coimbatore District 641032",COIMBATORE,SELF FINANCING COLLEGES TIER 3,CS,COMPUTER SCIENCE AND ENGINEERING,52857,65236,81022,72209,120176,,132786,0,0,0,0,1,0,0
2740,"Hindusthan Institute of Technology (Autonomous), Othakkalmandapam, Coimbatore District 641032",COIMBATORE,SELF FINANCING COLLEGES TIER 3,EC,ELECTRONICS AND COMMUNICATION ENGINEERING,60621,69099,73276,88547,152641,,,0,0,0,0,1,0,0
2740,"Hindusthan Institute of Technology (Autonomous), Othakkalmandapam, Coimbatore District 641032",COIMBATORE,SELF FINANCING COLLEGES TIER 3,IT,INFORMATION TECHNOLOGY,48454,62489,83975,69869,134343,,,0,0,0,0,0,0,0
2740,"Hindusthan Institute of Technology (Autonomous), Othakkalmandapam, Coimbatore District 641032",COIMBATORE,SELF FINANCING COLLEGES TIER 3,ME,MECHANICAL ENGINEERING,97747,150421,143849,147353,144989,149163,,0,1,0,1,1,0,0
2740,"Hindusthan Institute of Technology (Autonomous), Othakkalmandapam, Coimbatore District 641032",COIMBATORE,SELF FINANCING COLLEGES TIER 3,PH,PHARMACEUTICAL TECHNOLOGY,97696,156111,,128471,132647,,,0,1,0,0,1,0,0
2741,"P A College of Engineering and Technology (Autonomous), Palladam Road, Pollachi, Coimbatore District 642002",COIMBATORE,SELF FINANCING COLLEGES TIER 3,AD,ARTIFICIAL INTELLIGENCE AND DATA SCIENCE,71221,84342,92664,106155,141561,132598,116741,0,0,0,0,0,0,0
2741,"P A College of Engineering and Technology (Autonomous), Palladam Road, Pollachi, Coimbatore District 642002",COIMBATORE,SELF FINANCING COLLEGES TIER 3,CS,COMPUTER SCIENCE AND ENGINEERING,53845,75567,68715,108247,123001,103184,131458,0,0,0,0,0,0,0
2741,"P A College of Engineering and Technology (Autonomous), Palladam Road, Pollachi, Coimbatore District 642002",COIMBATORE,SELF FINANCING COLLEGES TIER 3,EC,ELECTRONICS AND COMMUNICATION ENGINEERING,84477,105528,126151,146818,142908,125522,137365,0,0,0,0,0,0,0
2741,"P A College of Engineering and Technology (Autonomous), Palladam Road, Pollachi, Coimbatore District 642002",COIMBATORE,SELF FINANCING COLLEGES TIER 3,EE,ELECTRICAL AND ELECTRONICS ENGINEERING,121537,142950,143286,139540,144217,138297,147002,0,0,0,1,0,0,0
2741,"P A College of Engineering and Technology (Autonomous), Palladam Road, Pollachi, Coimbatore District 642002",COIMBATORE,SELF FINANCING COLLEGES TIER 3,IT,INFORMATION TECHNOLOGY,57174,82142,78531,102399,117769,65411,,0,0,0,0,0,0,0
2741,"P A College of Engineering and Technology (Autonomous), Palladam Road, Pollachi, Coimbatore District 642002",COIMBATORE,SELF FINANCING COLLEGES TIER 3,ME,MECHANICAL ENGINEERING,144722,153082,154632,156154,150560,146958,,0,1,0,1,0,0,0
2743,"Dhanalakshmi Srinivasan College of Engineering (CBE), NH47, Palakkad Main Road, Navakkarai Post, Near Nandhi Temple, Coimbatore District 641105",COIMBATORE,SELF FINANCING COLLEGES TIER 3,AD,ARTIFICIAL INTELLIGENCE AND DATA SCIENCE,75625,102690,95211,125744,144188,150233,109561,0,0,0,0,1,0,0
2743,"Dhanalakshmi Srinivasan College of Engineering (CBE), NH47, Palakkad Main Road, Navakkarai Post, Near Nandhi Temple, Coimbatore District 641105",COIMBATORE,SELF FINANCING COLLEGES TIER 3,AG,AGRICULTURAL ENGINEERING,109539,153204,129072,155426,136479,110877,127023,0,0,1,1,0,0,0
2743,"Dhanalakshmi Srinivasan College of Engineering (CBE), NH47, Palakkad Main Road, Navakkarai Post, Near Nandhi Temple, Coimbatore District 641105",COIMBATORE,SELF FINANCING COLLEGES TIER 3,BM,BIO MEDICAL ENGINEERING,32193,119270,117271,128319,141788,57582,,0,0,0,0,1,0,0
2743,"Dhanalakshmi Srinivasan College of Engineering (CBE), NH47, Palakkad Main Road, Navakkarai Post, Near Nandhi Temple, Coimbatore District 641105",COIMBATORE,SELF FINANCING COLLEGES TIER 3,CE,CIVIL  ENGINEERING,155509,,,,,,,1,0,0,0,0,0,0
2743,"Dhanalakshmi Srinivasan College of Engineering (CBE), NH47, Palakkad Main Road, Navakkarai Post, Near Nandhi Temple, Coimbatore District 641105",COIMBATORE,SELF FINANCING COLLEGES TIER 3,CS,COMPUTER SCIENCE AND ENGINEERING,72215,92624,85826,108346,151867,,133899,0,0,0,0,1,0,0
2743,"Dhanalakshmi Srinivasan College of Engineering (CBE), NH47, Palakkad Main Road, Navakkarai Post, Near Nandhi Temple, Coimbatore District 641105",COIMBATORE,SELF FINANCING COLLEGES TIER 3,EC,ELECTRONICS AND COMMUNICATION ENGINEERING,78407,108650,84708,114222,129497,114287,,0,0,0,0,0,0,0
2743,"Dhanalakshmi Srinivasan College of Engineering (CBE), NH47, Palakkad Main Road, Navakkarai Post, Near Nandhi Temple, Coimbatore District 641105",COIMBATORE,SELF FINANCING COLLEGES TIER 3,EE,ELECTRICAL AND ELECTRONICS ENGINEERING,128835,145432,130125,148107,154605,156152,,0,1,1,1,0,1,0
2743,"Dhanalakshmi Srinivasan College of Engineering (CBE), NH47, Palakkad Main Road, Navakkarai Post, Near Nandhi Temple, Coimbatore District 641105",COIMBATORE,SELF FINANCING COLLEGES TIER 3,FD,FOOD TECHNOLOGY,123477,146135,,144649,150982,,,0,1,0,1,1,0,0
2743,"Dhanalakshmi Srinivasan College of Engineering (CBE), NH47, Palakkad Main Road, Navakkarai Post, Near Nandhi Temple, Coimbatore District 641105",COIMBATORE,SELF FINANCING COLLEGES TIER 3,ME,MECHANICAL ENGINEERING,128352,149243,,147761,155620,149285,,0,1,0,1,1,0,0
2743,"Dhanalakshmi Srinivasan College of Engineering (CBE), NH47, Palakkad Main Road, Navakkarai Post, Near Nandhi Temple, Coimbatore District 641105",COIMBATORE,SELF FINANCING COLLEGES TIER 3,SC,Computer Science and Engineering (Cyber Security),71673,92186,100310,95014,132073,,,0,0,0,0,0,0,0
2744,"Adithya Institute of Technology, Kurumbapalayam Village, Coimbatore District 641107",COIMBATORE,SELF FINANCING COLLEGES TIER 3,CE,CIVIL  ENGINEERING,153725,,,,,,,1,0,0,0,0,0,0
2744,"Adithya Institute of Technology, Kurumbapalayam Village, Coimbatore District 641107",COIMBATORE,SELF FINANCING COLLEGES TIER 3,CS,COMPUTER SCIENCE AND ENGINEERING,76791,97334,,106030,137809,104110,,0,0,0,0,1,0,0
2744,"Adithya Institute of Technology, Kurumbapalayam Village, Coimbatore District 641107",COIMBATORE,SELF FINANCING COLLEGES TIER 3,EC,ELECTRONICS AND COMMUNICATION ENGINEERING,101643,149510,,134340,148694,,,0,0,0,0,1,0,0
2744,"Adithya Institute of Technology, Kurumbapalayam Village, Coimbatore District 641107",COIMBATORE,SELF FINANCING COLLEGES TIER 3,EE,ELECTRICAL AND ELECTRONICS ENGINEERING,123829,137829,,150158,,,145937,0,1,0,1,0,0,0
2744,"Adithya Institute of Technology, Kurumbapalayam Village, Coimbatore District 641107",COIMBATORE,SELF FINANCING COLLEGES TIER 3,IT,INFORMATION TECHNOLOGY,65921,101996,128156,96199,102917,89431,,0,0,1,0,1,0,0
2744,"Adithya Institute of Technology, Kurumbapalayam Village, Coimbatore District 641107",COIMBATORE,SELF FINANCING COLLEGES TIER 3,ME,MECHANICAL ENGINEERING,151819,,,153504,153664,,,0,0,0,1,1,0,0
2745,"Kathir College of Engineering, Neelambur, Avinashi Road, Coimbatore District 641062",COIMBATORE,SELF FINANCING COLLEGES TIER 3,AD,ARTIFICIAL INTELLIGENCE AND DATA SCIENCE,85543,117372,103311,136468,143052,140097,,0,0,0,0,0,0,0
2745,"Kathir College of Engineering, Neelambur, Avinashi Road, Coimbatore District 641062",COIMBATORE,SELF FINANCING COLLEGES TIER 3,CS,COMPUTER SCIENCE AND ENGINEERING,72638,103194,133331,105121,139011,98398,,0,0,1,0,1,0,0
2745,"Kathir College of Engineering, Neelambur, Avinashi Road, Coimbatore District 641062",COIMBATORE,SELF FINANCING COLLEGES TIER 3,EC,ELECTRONICS AND COMMUNICATION ENGINEERING,107116,148623,152154,154109,152693,143266,,0,1,0,1,0,0,0
2745,"Kathir College of Engineering, Neelambur, Avinashi Road, Coimbatore District 641062",COIMBATORE,SELF FINANCING COLLEGES TIER 3,EE,ELECTRICAL AND ELECTRONICS ENGINEERING,138910,150991,,153262,,151802,,0,1,0,1,0,1,0
2745,"Kathir College of Engineering, Neelambur, Avinashi Road, Coimbatore District 641062",COIMBATORE,SELF FINANCING COLLEGES TIER 3,ME,MECHANICAL ENGINEERING,156087,,,,,,,1,0,0,0,0,0,0
2747,"Shree Venkateshwara Hi-Tech Engineering College, Othakuthirai, K Mettupalayam Post, Gobichettipalayam, Erode District 638455",ERODE,SELF FINANCING COLLEGES TIER 3,CE,CIVIL  ENGINEERING,152817,154967,,154154,,,,0,1,0,1,0,0,0
2747,"Shree Venkateshwara Hi-Tech Engineering College, Othakuthirai, K Mettupalayam Post, Gobichettipalayam, Erode District 638455",ERODE,SELF FINANCING COLLEGES TIER 3,CS,COMPUTER SCIENCE AND ENGINEERING,126236,155819,,152379,155660,127319,,0,1,0,1,1,1,0
2747,"Shree Venkateshwara Hi-Tech Engineering College, Othakuthirai, K Mettupalayam Post, Gobichettipalayam, Erode District 638455",ERODE,SELF FINANCING COLLEGES TIER 3,EC,ELECTRONICS AND COMMUNICATION ENGINEERING,130314,155790,,151570,156161,138597,,0,1,0,0,1,0,0
2747,"Shree Venkateshwara Hi-Tech Engineering College, Othakuthirai, K Mettupalayam Post, Gobichettipalayam, Erode District 638455",ERODE,SELF FINANCING COLLEGES TIER 3,EE,ELECTRICAL AND ELECTRONICS ENGINEERING,155259,,,,,,,0,0,0,0,0,0,0
2747,"Shree Venkateshwara Hi-Tech Engineering College, Othakuthirai, K Mettupalayam Post, Gobichettipalayam, Erode District 638455",ERODE,SELF FINANCING COLLEGES TIER 3,ME,MECHANICAL ENGINEERING,156192,,,,,,,1,0,0,0,0,0,0
2748,"Surya Engineering College, Mettukadai, Kathirampatti Post, Erode District 638107",ERODE,SELF FINANCING COLLEGES TIER 3,CE,CIVIL  ENGINEERING,103033,,,,,,,1,0,0,0,0,0,0
2748,"Surya Engineering College, Mettukadai, Kathirampatti Post, Erode District 638107",ERODE,SELF FINANCING COLLEGES TIER 3,CS,COMPUTER SCIENCE AND ENGINEERING,147062,155162,155230,153507,156076,155476,,0,1,0,1,1,0,0
2748,"Surya Engineering College, Mettukadai, Kathirampatti Post, Erode District 638107",ERODE,SELF FINANCING COLLEGES TIER 3,EC,ELECTRONICS AND COMMUNICATION ENGINEERING,149760,,,,,,,1,0,0,0,0,0,0
2748,"Surya Engineering College, Mettukadai, Kathirampatti Post, Erode District 638107",ERODE,SELF FINANCING COLLEGES TIER 3,EE,ELECTRICAL AND ELECTRONICS ENGINEERING,155455,,,,,,,1,0,0,0,0,0,0
2748,"Surya Engineering College, Mettukadai, Kathirampatti Post, Erode District 638107",ERODE,SELF FINANCING COLLEGES TIER 3,ME,MECHANICAL ENGINEERING,,,,,,,,0,0,0,0,0,0,0
2749,"Easa College of Engineering and Technology, NH-47, Coimbatore-Palakkad Main Road, Navakarai Post, Coimbatore District 641105",COIMBATORE,SELF FINANCING COLLEGES TIER 3,AD,ARTIFICIAL INTELLIGENCE AND DATA SCIENCE,121139,155785,132210,153798,144699,,,0,1,0,1,1,0,0
2749,"Easa College of Engineering and Technology, NH-47, Coimbatore-Palakkad Main Road, Navakarai Post, Coimbatore District 641105",COIMBATORE,SELF FINANCING COLLEGES TIER 3,AG,AGRICULTURAL ENGINEERING,112471,156165,,145958,146392,,,0,1,0,1,1,0,0
2749,"Easa College of Engineering and Technology, NH-47, Coimbatore-Palakkad Main Road, Navakarai Post, Coimbatore District 641105",COIMBATORE,SELF FINANCING COLLEGES TIER 3,CS,COMPUTER SCIENCE AND ENGINEERING,100659,146136,,137606,146581,138996,,0,1,0,1,0,0,0
2749,"Easa College of Engineering and Technology, NH-47, Coimbatore-Palakkad Main Road, Navakarai Post, Coimbatore District 641105",COIMBATORE,SELF FINANCING COLLEGES TIER 3,EC,ELECTRONICS AND COMMUNICATION ENGINEERING,110407,152513,,153677,154026,148730,124280,0,1,0,1,1,0,0
2749,"Easa College of Engineering and Technology, NH-47, Coimbatore-Palakkad Main Road, Navakarai Post, Coimbatore District 641105",COIMBATORE,SELF FINANCING COLLEGES TIER 3,IT,INFORMATION TECHNOLOGY,103095,154352,137124,152849,147604,,152914,0,0,1,0,1,0,0
2749,"Easa College of Engineering and Technology, NH-47, Coimbatore-Palakkad Main Road, Navakarai Post, Coimbatore District 641105",COIMBATORE,SELF FINANCING COLLEGES TIER 3,ME,MECHANICAL ENGINEERING,155158,,,,,,,1,0,0,0,0,0,0
2749,"Easa College of Engineering and Technology, NH-47, Coimbatore-Palakkad Main Road, Navakarai Post, Coimbatore District 641105",COIMBATORE,SELF FINANCING COLLEGES TIER 3,SC,Computer Science and Engineering (Cyber Security),124639,155096,,153536,141504,,,0,1,0,1,1,0,0
2750,"KIT - Kalaignar Karunanidhi Institute of Technology (Autonomous), Kannampalayam, Coimbatore District 641402",COIMBATORE,SELF FINANCING COLLEGES TIER 1,AD,ARTIFICIAL INTELLIGENCE AND DATA SCIENCE,38191,58843,46343,61988,96485,126469,,0,0,0,0,0,0,0
2750,"KIT - Kalaignar Karunanidhi Institute of Technology (Autonomous), Kannampalayam, Coimbatore District 641402",COIMBATORE,SELF FINANCING COLLEGES TIER 1,AE,AERONAUTICAL ENGINEERING,91334,114130,146117,144272,137461,134404,,0,0,0,0,0,0,0
2750,"KIT - Kalaignar Karunanidhi Institute of Technology (Autonomous), Kannampalayam, Coimbatore District 641402",COIMBATORE,SELF FINANCING COLLEGES TIER 1,AG,AGRICULTURAL ENGINEERING,63845,88944,147140,130406,127579,70383,103455,0,0,0,0,0,0,0
2750,"KIT - Kalaignar Karunanidhi Institute of Technology (Autonomous), Kannampalayam, Coimbatore District 641402",COIMBATORE,SELF FINANCING COLLEGES TIER 1,BM,BIO MEDICAL ENGINEERING,70850,93459,89145,125997,114355,141601,,0,0,0,0,0,0,0
2750,"KIT - Kalaignar Karunanidhi Institute of Technology (Autonomous), Kannampalayam, Coimbatore District 641402",COIMBATORE,SELF FINANCING COLLEGES TIER 1,BT,BIO TECHNOLOGY,55010,83282,114753,146849,147628,138300,,0,0,0,0,0,0,0
2750,"KIT - Kalaignar Karunanidhi Institute of Technology (Autonomous), Kannampalayam, Coimbatore District 641402",COIMBATORE,SELF FINANCING COLLEGES TIER 1,CB,COMPUTER SCIENCE AND BUSSINESS SYSTEM,50636,57219,73388,79790,116786,54836,,0,0,0,0,0,0,0
2750,"KIT - Kalaignar Karunanidhi Institute of Technology (Autonomous), Kannampalayam, Coimbatore District 641402",COIMBATORE,SELF FINANCING COLLEGES TIER 1,CS,COMPUTER SCIENCE AND ENGINEERING,27924,45458,85629,60682,91489,88202,62129,0,0,0,0,0,0,0
2750,"KIT - Kalaignar Karunanidhi Institute of Technology (Autonomous), Kannampalayam, Coimbatore District 641402",COIMBATORE,SELF FINANCING COLLEGES TIER 1,EC,ELECTRONICS AND COMMUNICATION ENGINEERING,50610,62944,83208,80208,132556,75285,145891,0,0,0,0,0,0,0
2750,"KIT - Kalaignar Karunanidhi Institute of Technology (Autonomous), Kannampalayam, Coimbatore District 641402",COIMBATORE,SELF FINANCING COLLEGES TIER 1,EE,ELECTRICAL AND ELECTRONICS ENGINEERING,68541,87200,118645,94400,145914,152022,148868,0,0,0,0,0,0,0
2750,"KIT - Kalaignar Karunanidhi Institute of Technology (Autonomous), Kannampalayam, Coimbatore District 641402",COIMBATORE,SELF FINANCING COLLEGES TIER 1,ME,MECHANICAL ENGINEERING,115444,138575,139193,155462,143339,149628,,0,0,0,0,0,0,0
2751,"KGISL Institute of Technology, KGISL Campus, Thudiyalur Road, Saravanampatti, Coimbatore District 641035",COIMBATORE,SELF FINANCING COLLEGES TIER 3,AD,ARTIFICIAL INTELLIGENCE AND DATA SCIENCE,41907,51294,74286,77397,57295,82759,102432,0,0,0,0,1,1,0
2751,"KGISL Institute of Technology, KGISL Campus, Thudiyalur Road, Saravanampatti, Coimbatore District 641035",COIMBATORE,SELF FINANCING COLLEGES TIER 3,CB,COMPUTER SCIENCE AND BUSSINESS SYSTEM,54894,61848,55558,82519,116694,,,0,0,0,0,1,0,0
2751,"KGISL Institute of Technology, KGISL Campus, Thudiyalur Road, Saravanampatti, Coimbatore District 641035",COIMBATORE,SELF FINANCING COLLEGES TIER 3,CS,COMPUTER SCIENCE AND ENGINEERING,28217,51423,44297,63987,147846,89375,,0,0,0,0,1,0,0
2751,"KGISL Institute of Technology, KGISL Campus, Thudiyalur Road, Saravanampatti, Coimbatore District 641035",COIMBATORE,SELF FINANCING COLLEGES TIER 3,EC,ELECTRONICS AND COMMUNICATION ENGINEERING,56304,65007,93009,92827,146680,,,0,0,0,0,1,0,0
2751,"KGISL Institute of Technology, KGISL Campus, Thudiyalur Road, Saravanampatti, Coimbatore District 641035",COIMBATORE,SELF FINANCING COLLEGES TIER 3,IT,INFORMATION TECHNOLOGY,34393,50729,51123,52687,129446,53003,,0,0,0,0,0,0,0
2751,"KGISL Institute of Technology, KGISL Campus, Thudiyalur Road, Saravanampatti, Coimbatore District 641035",COIMBATORE,SELF FINANCING COLLEGES TIER 3,ME,MECHANICAL ENGINEERING,124821,153445,,154329,136015,,,0,1,0,1,1,0,0
2752,"Nandha College of Technology, Pitchandampalayam Post, Erode District 638052",ERODE,SELF FINANCING COLLEGES TIER 3,CS,COMPUTER SCIENCE AND ENGINEERING,85871,114426,147330,137573,155949,139879,,0,0,1,0,1,1,0
2752,"Nandha College of Technology, Pitchandampalayam Post, Erode District 638052",ERODE,SELF FINANCING COLLEGES TIER 3,EC,ELECTRONICS AND COMMUNICATION ENGINEERING,95925,114752,149827,141752,145778,120995,,0,0,0,0,1,0,0
2752,"Nandha College of Technology, Pitchandampalayam Post, Erode District 638052",ERODE,SELF FINANCING COLLEGES TIER 3,EE,ELECTRICAL AND ELECTRONICS ENGINEERING,121860,144526,126596,151095,,,,0,0,1,0,0,0,0
2752,"Nandha College of Technology, Pitchandampalayam Post, Erode District 638052",ERODE,SELF FINANCING COLLEGES TIER 3,IT,INFORMATION TECHNOLOGY,82163,100014,133455,122060,152553,,,0,0,0,0,0,0,0
2753,"PPG Institute of Technology, Vilankurichi Village, Coimbatore District 641035",COIMBATORE,SELF FINANCING COLLEGES TIER 3,AD,ARTIFICIAL INTELLIGENCE AND DATA SCIENCE,91582,103556,,148818,145867,151951,,0,0,0,0,1,0,0
2753,"PPG Institute of Technology, Vilankurichi Village, Coimbatore District 641035",COIMBATORE,SELF FINANCING COLLEGES TIER 3,AG,AGRICULTURAL ENGINEERING,137524,152227,,,153105,,155599,0,1,0,0,0,0,0
2753,"PPG Institute of Technology, Vilankurichi Village, Coimbatore District 641035",COIMBATORE,SELF FINANCING COLLEGES TIER 3,BM,BIO MEDICAL ENGINEERING,115623,155946,,142702,154805,,,0,1,0,1,0,0,0
2753,"PPG Institute of Technology, Vilankurichi Village, Coimbatore District 641035",COIMBATORE,SELF FINANCING COLLEGES TIER 3,CS,COMPUTER SCIENCE AND ENGINEERING,91021,121063,138473,127349,133132,140220,,0,0,0,1,1,0,0
2753,"PPG Institute of Technology, Vilankurichi Village, Coimbatore District 641035",COIMBATORE,SELF FINANCING COLLEGES TIER 3,EC,ELECTRONICS AND COMMUNICATION ENGINEERING,104496,128527,,152144,145581,,,0,0,0,1,1,0,0
2753,"PPG Institute of Technology, Vilankurichi Village, Coimbatore District 641035",COIMBATORE,SELF FINANCING COLLEGES TIER 3,IT,INFORMATION TECHNOLOGY,85365,100383,,147131,134254,,,0,0,0,0,1,0,0
2753,"PPG Institute of Technology, Vilankurichi Village, Coimbatore District 641035",COIMBATORE,SELF FINANCING COLLEGES TIER 3,ME,MECHANICAL ENGINEERING,155146,,,,,,,1,0,0,0,0,0,0
2755,"Nehru Institute of Technology, Thirumalayampalayam Post, Coimbatore District 641105",COIMBATORE,SELF FINANCING COLLEGES TIER 3,AE,AERONAUTICAL ENGINEERING,102219,124717,124106,137783,145715,124969,,0,0,0,0,0,0,0
2755,"Nehru Institute of Technology, Thirumalayampalayam Post, Coimbatore District 641105",COIMBATORE,SELF FINANCING COLLEGES TIER 3,AG,AGRICULTURAL ENGINEERING,127749,141972,,153145,150921,,,0,1,0,1,0,0,0
2755,"Nehru Institute of Technology, Thirumalayampalayam Post, Coimbatore District 641105",COIMBATORE,SELF FINANCING COLLEGES TIER 3,CE,CIVIL  ENGINEERING,151242,,,,,155801,,0,0,0,0,0,0,0
2755,"Nehru Institute of Technology, Thirumalayampalayam Post, Coimbatore District 641105",COIMBATORE,SELF FINANCING COLLEGES TIER 3,CS,COMPUTER SCIENCE AND ENGINEERING,64246,86744,96035,80425,143474,150870,117865,0,0,0,0,0,1,0
2755,"Nehru Institute of Technology, Thirumalayampalayam Post, Coimbatore District 641105",COIMBATORE,SELF FINANCING COLLEGES TIER 3,FD,FOOD TECHNOLOGY,102350,138132,149063,141893,154163,,,0,1,1,1,0,0,0
2755,"Nehru Institute of Technology, Thirumalayampalayam Post, Coimbatore District 641105",COIMBATORE,SELF FINANCING COLLEGES TIER 3,IT,INFORMATION TECHNOLOGY,74184,83149,,96301,145258,,,0,0,0,0,0,0,0
2758,"J K K Munirajah College of Technology, T N Palayam, Gobi Taluk, Erode District 638506",ERODE,SELF FINANCING COLLEGES TIER 3,AU,AUTOMOBILE ENGINEERING,154445,,,,,,,1,0,0,0,0,0,0
2758,"J K K Munirajah College of Technology, T N Palayam, Gobi Taluk, Erode District 638506",ERODE,SELF FINANCING COLLEGES TIER 3,CE,CIVIL  ENGINEERING,,,,,,,,0,0,0,0,0,0,0
2758,"J K K Munirajah College of Technology, T N Palayam, Gobi Taluk, Erode District 638506",ERODE,SELF FINANCING COLLEGES TIER 3,CS,COMPUTER SCIENCE AND ENGINEERING,148099,,,155948,154919,,,0,0,0,1,1,0,0
2758,"J K K Munirajah College of Technology, T N Palayam, Gobi Taluk, Erode District 638506",ERODE,SELF FINANCING COLLEGES TIER 3,EC,ELECTRONICS AND COMMUNICATION ENGINEERING,146792,156210,,155877,153835,148161,,0,1,0,1,1,0,0
2758,"J K K Munirajah College of Technology, T N Palayam, Gobi Taluk, Erode District 638506",ERODE,SELF FINANCING COLLEGES TIER 3,EE,ELECTRICAL AND ELECTRONICS ENGINEERING,153186,,,155619,155752,,,0,0,0,1,1,0,0
2758,"J K K Munirajah College of Technology, T N Palayam, Gobi Taluk, Erode District 638506",ERODE,SELF FINANCING COLLEGES TIER 3,IT,INFORMATION TECHNOLOGY,127214,153094,,155602,154694,,,0,1,0,1,0,0,0
2758,"J K K Munirajah College of Technology, T N Palayam, Gobi Taluk, Erode District 638506",ERODE,SELF FINANCING COLLEGES TIER 3,ME,MECHANICAL ENGINEERING,153754,,,,,,,1,0,0,0,0,0,0
2761,"United Institute of Technology, Gadalore Village, Perianaickenpalayam, Coimbatore District 641020",COIMBATORE,SELF FINANCING COLLEGES TIER 3,AD,ARTIFICIAL INTELLIGENCE AND DATA SCIENCE,111435,138955,113712,148892,,,,0,0,0,1,0,0,0
2761,"United Institute of Technology, Gadalore Village, Perianaickenpalayam, Coimbatore District 641020",COIMBATORE,SELF FINANCING COLLEGES TIER 3,CS,COMPUTER SCIENCE AND ENGINEERING,60368,134616,83664,115976,,99683,,0,0,0,1,0,0,0
2761,"United Institute of Technology, Gadalore Village, Perianaickenpalayam, Coimbatore District 641020",COIMBATORE,SELF FINANCING COLLEGES TIER 3,EC,ELECTRONICS AND COMMUNICATION ENGINEERING,120016,149790,139230,153780,,,,0,1,1,1,0,0,0
2761,"United Institute of Technology, Gadalore Village, Perianaickenpalayam, Coimbatore District 641020",COIMBATORE,SELF FINANCING COLLEGES TIER 3,IT,INFORMATION TECHNOLOGY,81006,119871,117318,119012,112552,,,0,0,0,0,0,0,0
2761,"United Institute of Technology, Gadalore Village, Perianaickenpalayam, Coimbatore District 641020",COIMBATORE,SELF FINANCING COLLEGES TIER 3,RM,ROBOTICS AND AUTOMATION,150428,152291,,,,,,0,1,0,0,0,0,0
2761,"United Institute of Technology, Gadalore Village, Perianaickenpalayam, Coimbatore District 641020",COIMBATORE,SELF FINANCING COLLEGES TIER 3,SC,Computer Science and Engineering (Cyber Security),94759,146537,139905,151304,153360,,,0,1,0,1,1,0,0
2762,"Jansons Institute of Technology, Karumathampatty, Somaur, Coimbatore District 641659",COIMBATORE,SELF FINANCING COLLEGES TIER 3,AD,ARTIFICIAL INTELLIGENCE AND DATA SCIENCE,77379,109364,152450,89312,,,,0,0,0,0,0,0,0
2762,"Jansons Institute of Technology, Karumathampatty, Somaur, Coimbatore District 641659",COIMBATORE,SELF FINANCING COLLEGES TIER 3,CE,CIVIL  ENGINEERING,152901,,,,,,,1,0,0,0,0,0,0
2762,"Jansons Institute of Technology, Karumathampatty, Somaur, Coimbatore District 641659",COIMBATORE,SELF FINANCING COLLEGES TIER 3,CS,COMPUTER SCIENCE AND ENGINEERING,63818,101543,95582,101522,146944,130304,,0,0,1,0,1,1,0
2762,"Jansons Institute of Technology, Karumathampatty, Somaur, Coimbatore District 641659",COIMBATORE,SELF FINANCING COLLEGES TIER 3,EC,ELECTRONICS AND COMMUNICATION ENGINEERING,107880,143710,,147400,148041,,,0,1,0,0,1,0,0
2762,"Jansons Institute of Technology, Karumathampatty, Somaur, Coimbatore District 641659",COIMBATORE,SELF FINANCING COLLEGES TIER 3,ME,MECHANICAL ENGINEERING,116475,134524,,139922,,,,0,1,0,1,0,0,0
2763,"Akshaya College of Engineering and Technology, Kinathukadavu, Coimbatore District 642109",COIMBATORE,SELF FINANCING COLLEGES TIER 3,AD,ARTIFICIAL INTELLIGENCE AND DATA SCIENCE,75628,125920,97214,122322,145144,,,0,0,0,0,1,0,0
2763,"Akshaya College of Engineering and Technology, Kinathukadavu, Coimbatore District 642109",COIMBATORE,SELF FINANCING COLLEGES TIER 3,CB,COMPUTER SCIENCE AND BUSSINESS SYSTEM,93897,111814,104969,132589,148276,153668,,0,0,0,0,0,0,0
2763,"Akshaya College of Engineering and Technology, Kinathukadavu, Coimbatore District 642109",COIMBATORE,SELF FINANCING COLLEGES TIER 3,CE,CIVIL  ENGINEERING,152368,154788,,,,,,0,1,0,0,0,0,0
2763,"Akshaya College of Engineering and Technology, Kinathukadavu, Coimbatore District 642109",COIMBATORE,SELF FINANCING COLLEGES TIER 3,CS,COMPUTER SCIENCE AND ENGINEERING,84601,116114,112644,125890,148348,121287,,0,0,0,0,0,0,0
2763,"Akshaya College of Engineering and Technology, Kinathukadavu, Coimbatore District 642109",COIMBATORE,SELF FINANCING COLLEGES TIER 3,EC,ELECTRONICS AND COMMUNICATION ENGINEERING,108958,137308,114680,134905,142337,155530,,0,0,0,1,0,1,0
2763,"Akshaya College of Engineering and Technology, Kinathukadavu, Coimbatore District 642109",COIMBATORE,SELF FINANCING COLLEGES TIER 3,ME,MECHANICAL ENGINEERING,150602,,,,,,,1,0,0,0,0,0,0
2763,"Akshaya College of Engineering and Technology, Kinathukadavu, Coimbatore District 642109",COIMBATORE,SELF FINANCING COLLEGES TIER 3,MZ,Mechatronics Engineering,129646,155419,,145057,,,,0,1,0,1,0,0,0
2764,"K P R Institute of Engineering and Technology (Autonomous), Kollupalayam Village, Arasur Panchayat, Coimbatore District 641407",COIMBATORE,SELF FINANCING COLLEGES TIER 3,AD,ARTIFICIAL INTELLIGENCE AND DATA SCIENCE,17662,25225,27169,37236,112732,,,0,0,0,0,0,0,0
2764,"K P R Institute of Engineering and Technology (Autonomous), Kollupalayam Village, Arasur Panchayat, Coimbatore District 641407",COIMBATORE,SELF FINANCING COLLEGES TIER 3,AM,COMPUTER SCIENCE AND ENGINEERING (ARTIFICIAL INTELLIGENCE AND MACHINE LEARNING),20924,27381,46877,45286,111596,91549,,0,0,0,0,0,0,0
2764,"K P R Institute of Engineering and Technology (Autonomous), Kollupalayam Village, Arasur Panchayat, Coimbatore District 641407",COIMBATORE,SELF FINANCING COLLEGES TIER 3,BM,BIO MEDICAL ENGINEERING,36349,61422,42151,84996,147190,130670,,0,0,0,0,1,0,0
2764,"K P R Institute of Engineering and Technology (Autonomous), Kollupalayam Village, Arasur Panchayat, Coimbatore District 641407",COIMBATORE,SELF FINANCING COLLEGES TIER 3,CB,COMPUTER SCIENCE AND BUSSINESS SYSTEM,22058,27908,51182,45208,141837,131959,,0,0,0,0,0,0,0
2764,"K P R Institute of Engineering and Technology (Autonomous), Kollupalayam Village, Arasur Panchayat, Coimbatore District 641407",COIMBATORE,SELF FINANCING COLLEGES TIER 3,CE,CIVIL  ENGINEERING,64837,86377,130104,112835,137112,71806,,0,0,0,0,0,0,0
2764,"K P R Institute of Engineering and Technology (Autonomous), Kollupalayam Village, Arasur Panchayat, Coimbatore District 641407",COIMBATORE,SELF FINANCING COLLEGES TIER 3,CH,CHEMICAL  ENGINEERING,70563,98848,,120359,129379,,,0,0,0,0,1,0,0
2764,"K P R Institute of Engineering and Technology (Autonomous), Kollupalayam Village, Arasur Panchayat, Coimbatore District 641407",COIMBATORE,SELF FINANCING COLLEGES TIER 3,CS,COMPUTER SCIENCE AND ENGINEERING,14173,18710,36157,36076,104683,91696,59974,0,0,0,0,0,0,0
2764,"K P R Institute of Engineering and Technology (Autonomous), Kollupalayam Village, Arasur Panchayat, Coimbatore District 641407",COIMBATORE,SELF FINANCING COLLEGES TIER 3,EC,ELECTRONICS AND COMMUNICATION ENGINEERING,21719,26779,43780,40042,103953,133658,,0,0,0,0,0,0,0
2764,"K P R Institute of Engineering and Technology (Autonomous), Kollupalayam Village, Arasur Panchayat, Coimbatore District 641407",COIMBATORE,SELF FINANCING COLLEGES TIER 3,EE,ELECTRICAL AND ELECTRONICS ENGINEERING,32000,37103,48210,50759,146795,152833,141579,0,0,0,0,0,0,0
2764,"K P R Institute of Engineering and Technology (Autonomous), Kollupalayam Village, Arasur Panchayat, Coimbatore District 641407",COIMBATORE,SELF FINANCING COLLEGES TIER 3,IT,INFORMATION TECHNOLOGY,19633,20888,33059,31309,82877,59523,85360,0,0,0,0,0,0,0
2764,"K P R Institute of Engineering and Technology (Autonomous), Kollupalayam Village, Arasur Panchayat, Coimbatore District 641407",COIMBATORE,SELF FINANCING COLLEGES TIER 3,ME,MECHANICAL ENGINEERING,49634,64477,100001,106425,155531,114818,,0,0,0,0,1,0,0
2764,"K P R Institute of Engineering and Technology (Autonomous), Kollupalayam Village, Arasur Panchayat, Coimbatore District 641407",COIMBATORE,SELF FINANCING COLLEGES TIER 3,MZ,Mechatronics Engineering,48030,60365,65196,73553,142607,102159,,0,0,0,0,0,0,0
2767,"SRG Engineering College, Aniyapuram Post, Namakkal District 637017",NAMAKKAL,SELF FINANCING COLLEGES TIER 3,AD,ARTIFICIAL INTELLIGENCE AND DATA SCIENCE,,,,,,,,0,0,0,0,0,0,0
2767,"SRG Engineering College, Aniyapuram Post, Namakkal District 637017",NAMAKKAL,SELF FINANCING COLLEGES TIER 3,BM,BIO MEDICAL ENGINEERING,105450,,,,,,,1,0,0,0,0,0,0
2767,"SRG Engineering College, Aniyapuram Post, Namakkal District 637017",NAMAKKAL,SELF FINANCING COLLEGES TIER 3,CE,CIVIL  ENGINEERING,,,,,,,,0,0,0,0,0,0,0
2767,"SRG Engineering College, Aniyapuram Post, Namakkal District 637017",NAMAKKAL,SELF FINANCING COLLEGES TIER 3,CS,COMPUTER SCIENCE AND ENGINEERING,155521,,,,,,,1,0,0,0,0,0,0
2767,"SRG Engineering College, Aniyapuram Post, Namakkal District 637017",NAMAKKAL,SELF FINANCING COLLEGES TIER 3,EE,ELECTRICAL AND ELECTRONICS ENGINEERING,,,,,,,,0,0,0,0,0,0,0
2767,"SRG Engineering College, Aniyapuram Post, Namakkal District 637017",NAMAKKAL,SELF FINANCING COLLEGES TIER 3,IT,INFORMATION TECHNOLOGY,115292,,,,,,,1,0,0,0,0,0,0
2767,"SRG Engineering College, Aniyapuram Post, Namakkal District 637017",NAMAKKAL,SELF FINANCING COLLEGES TIER 3,ME,MECHANICAL ENGINEERING,,,,,,,,0,0,0,0,0,0,0
2768,"Park College of Technology, Prema Ravi Nagar, Karumathampatti, Coimbatore - 641 659",COIMBATORE,SELF FINANCING COLLEGES TIER 3,AO,AEROSPACE ENGINEERING,,,,,,,,0,0,0,0,0,0,0
2768,"Park College of Technology, Prema Ravi Nagar, Karumathampatti, Coimbatore - 641 659",COIMBATORE,SELF FINANCING COLLEGES TIER 3,CE,CIVIL  ENGINEERING,155715,,,,,,,1,0,0,0,0,0,0
2768,"Park College of Technology, Prema Ravi Nagar, Karumathampatti, Coimbatore - 641 659",COIMBATORE,SELF FINANCING COLLEGES TIER 3,CS,COMPUTER SCIENCE AND ENGINEERING,145111,,,,,,,0,0,0,0,0,0,0
2768,"Park College of Technology, Prema Ravi Nagar, Karumathampatti, Coimbatore - 641 659",COIMBATORE,SELF FINANCING COLLEGES TIER 3,EC,ELECTRONICS AND COMMUNICATION ENGINEERING,151842,,,,,,,1,0,0,0,0,0,0
2768,"Park College of Technology, Prema Ravi Nagar, Karumathampatti, Coimbatore - 641 659",COIMBATORE,SELF FINANCING COLLEGES TIER 3,EN,ENVIRONMENTAL ENGINEERING,110180,,,,,,,1,0,0,0,0,0,0
2768,"Park College of Technology, Prema Ravi Nagar, Karumathampatti, Coimbatore - 641 659",COIMBATORE,SELF FINANCING COLLEGES TIER 3,ME,MECHANICAL ENGINEERING,,,,,,,,0,0,0,0,0,0,0
2769,"J C T College of Engineering and Technology, Pichanur, Coimbatore District 641105",COIMBATORE,SELF FINANCING COLLEGES TIER 3,AD,ARTIFICIAL INTELLIGENCE AND DATA SCIENCE,134262,151125,137506,150874,,,,0,1,1,1,0,0,0
2769,"J C T College of Engineering and Technology, Pichanur, Coimbatore District 641105",COIMBATORE,SELF FINANCING COLLEGES TIER 3,BC,Bio Technology and Bio Chemical Engineering,131020,156265,,153980,154722,,,0,1,0,1,1,0,0
2769,"J C T College of Engineering and Technology, Pichanur, Coimbatore District 641105",COIMBATORE,SELF FINANCING COLLEGES TIER 3,CB,COMPUTER SCIENCE AND BUSSINESS SYSTEM,137140,141491,,,139204,137556,,0,1,0,0,1,0,0
2769,"J C T College of Engineering and Technology, Pichanur, Coimbatore District 641105",COIMBATORE,SELF FINANCING COLLEGES TIER 3,CE,CIVIL  ENGINEERING,136050,,,,155682,,,0,0,0,0,1,0,0
2769,"J C T College of Engineering and Technology, Pichanur, Coimbatore District 641105",COIMBATORE,SELF FINANCING COLLEGES TIER 3,CS,COMPUTER SCIENCE AND ENGINEERING,103666,120463,150156,149270,137071,135032,,0,1,0,1,1,1,0
2769,"J C T College of Engineering and Technology, Pichanur, Coimbatore District 641105",COIMBATORE,SELF FINANCING COLLEGES TIER 3,EC,ELECTRONICS AND COMMUNICATION ENGINEERING,135732,145378,,145578,146534,146847,,0,1,0,1,1,0,0
2769,"J C T College of Engineering and Technology, Pichanur, Coimbatore District 641105",COIMBATORE,SELF FINANCING COLLEGES TIER 3,EE,ELECTRICAL AND ELECTRONICS ENGINEERING,148540,,,,,,,1,0,0,0,0,0,0
2769,"J C T College of Engineering and Technology, Pichanur, Coimbatore District 641105",COIMBATORE,SELF FINANCING COLLEGES TIER 3,FD,FOOD TECHNOLOGY,88882,149693,109568,138104,113617,,114013,0,1,0,1,0,0,0
2769,"J C T College of Engineering and Technology, Pichanur, Coimbatore District 641105",COIMBATORE,SELF FINANCING COLLEGES TIER 3,ME,MECHANICAL ENGINEERING,141915,,,,150939,,,0,0,0,0,0,0,0
2769,"J C T College of Engineering and Technology, Pichanur, Coimbatore District 641105",COIMBATORE,SELF FINANCING COLLEGES TIER 3,PD,PETRO CHEMICAL ENGINEERING,146702,,,,,,,1,0,0,0,0,0,0
2769,"J C T College of Engineering and Technology, Pichanur, Coimbatore District 641105",COIMBATORE,SELF FINANCING COLLEGES TIER 3,PE,PETROLEUM ENGINEERING,144593,,,,,,,0,0,0,0,0,0,0
2770,"Studyworld College of Engineering, Madukarai Post, Coimbatore - 641 105.",COIMBATORE,SELF FINANCING COLLEGES TIER 3,CS,COMPUTER SCIENCE AND ENGINEERING,113955,144879,,151481,134614,,,0,1,0,1,1,0,0
2770,"Studyworld College of Engineering, Madukarai Post, Coimbatore - 641 105.",COIMBATORE,SELF FINANCING COLLEGES TIER 3,EC,ELECTRONICS AND COMMUNICATION ENGINEERING,141244,148329,,147192,150101,,,0,1,0,1,1,0,0
2770,"Studyworld College of Engineering, Madukarai Post, Coimbatore - 641 105.",COIMBATORE,SELF FINANCING COLLEGES TIER 3,EE,ELECTRICAL AND ELECTRONICS ENGINEERING,154521,,,,155469,,,0,0,0,0,1,0,0
2770,"Studyworld College of Engineering, Madukarai Post, Coimbatore - 641 105.",COIMBATORE,SELF FINANCING COLLEGES TIER 3,ME,MECHANICAL ENGINEERING,155254,,,,,,,1,0,0,0,0,0,0
2772,"C M S College of Engineering and Technology, Appachigoundenpathy, Kumittipathi Post, Coimbatore District 641032",COIMBATORE,SELF FINANCING COLLEGES TIER 3,AD,ARTIFICIAL INTELLIGENCE AND DATA SCIENCE,148252,,,,,,,1,0,0,0,0,0,0
2772,"C M S College of Engineering and Technology, Appachigoundenpathy, Kumittipathi Post, Coimbatore District 641032",COIMBATORE,SELF FINANCING COLLEGES TIER 3,CB,COMPUTER SCIENCE AND BUSSINESS SYSTEM,149007,,,,,,,1,0,0,0,0,0,0
2772,"C M S College of Engineering and Technology, Appachigoundenpathy, Kumittipathi Post, Coimbatore District 641032",COIMBATORE,SELF FINANCING COLLEGES TIER 3,CE,CIVIL  ENGINEERING,,,,,,,,0,0,0,0,0,0,0
2772,"C M S College of Engineering and Technology, Appachigoundenpathy, Kumittipathi Post, Coimbatore District 641032",COIMBATORE,SELF FINANCING COLLEGES TIER 3,CS,COMPUTER SCIENCE AND ENGINEERING,121983,136985,149412,145324,122420,,,0,1,0,1,1,0,0
2772,"C M S College of Engineering and Technology, Appachigoundenpathy, Kumittipathi Post, Coimbatore District 641032",COIMBATORE,SELF FINANCING COLLEGES TIER 3,EC,ELECTRONICS AND COMMUNICATION ENGINEERING,127649,154792,,154041,145157,132231,,0,1,0,1,1,0,0
2772,"C M S College of Engineering and Technology, Appachigoundenpathy, Kumittipathi Post, Coimbatore District 641032",COIMBATORE,SELF FINANCING COLLEGES TIER 3,EE,ELECTRICAL AND ELECTRONICS ENGINEERING,,,,,,,,0,0,0,0,0,0,0
2772,"C M S College of Engineering and Technology, Appachigoundenpathy, Kumittipathi Post, Coimbatore District 641032",COIMBATORE,SELF FINANCING COLLEGES TIER 3,ME,MECHANICAL ENGINEERING,152507,153465,,,,155240,,0,1,0,0,0,0,0
2776,"R V S Technical Campus-Coimbatore, Kumaran Kottam Campus,  Kannampalayam, Sulur, Coimbatore District 641 402",COIMBATORE,SELF FINANCING COLLEGES TIER 3,AD,ARTIFICIAL INTELLIGENCE AND DATA SCIENCE,81668,103615,83903,133580,123333,,,0,0,0,0,0,0,0
2776,"R V S Technical Campus-Coimbatore, Kumaran Kottam Campus,  Kannampalayam, Sulur, Coimbatore District 641 402",COIMBATORE,SELF FINANCING COLLEGES TIER 3,AG,AGRICULTURAL ENGINEERING,111330,152791,,135627,138167,147618,148532,0,1,0,1,0,0,0
2776,"R V S Technical Campus-Coimbatore, Kumaran Kottam Campus,  Kannampalayam, Sulur, Coimbatore District 641 402",COIMBATORE,SELF FINANCING COLLEGES TIER 3,AU,AUTOMOBILE ENGINEERING,147111,,,,,,,0,0,0,0,0,0,0
2776,"R V S Technical Campus-Coimbatore, Kumaran Kottam Campus,  Kannampalayam, Sulur, Coimbatore District 641 402",COIMBATORE,SELF FINANCING COLLEGES TIER 3,CE,CIVIL  ENGINEERING,138402,152850,,149659,143444,,,0,1,0,1,1,0,0
2776,"R V S Technical Campus-Coimbatore, Kumaran Kottam Campus,  Kannampalayam, Sulur, Coimbatore District 641 402",COIMBATORE,SELF FINANCING COLLEGES TIER 3,CS,COMPUTER SCIENCE AND ENGINEERING,71302,87089,123929,126569,138294,148325,,0,0,0,0,0,0,0
2776,"R V S Technical Campus-Coimbatore, Kumaran Kottam Campus,  Kannampalayam, Sulur, Coimbatore District 641 402",COIMBATORE,SELF FINANCING COLLEGES TIER 3,ME,MECHANICAL ENGINEERING,150760,154469,,,151894,,,0,1,0,0,1,0,0
2776,"R V S Technical Campus-Coimbatore, Kumaran Kottam Campus,  Kannampalayam, Sulur, Coimbatore District 641 402",COIMBATORE,SELF FINANCING COLLEGES TIER 3,MZ,Mechatronics Engineering,151589,,,156104,154793,,156118,0,0,0,1,1,0,0
3403,"Mahalakshmi Engineering College, Trichy-Salem Highways, (Near No.1 Tollgate), Melpathu, Siruganbur Post, Tiruchirappalli District 621213",TRICHIRAPPALLI,SELF FINANCING COLLEGES TIER 3,AD,ARTIFICIAL INTELLIGENCE AND DATA SCIENCE,,,,,,,,0,0,0,0,0,0,0
3403,"Mahalakshmi Engineering College, Trichy-Salem Highways, (Near No.1 Tollgate), Melpathu, Siruganbur Post, Tiruchirappalli District 621213",TRICHIRAPPALLI,SELF FINANCING COLLEGES TIER 3,AG,AGRICULTURAL ENGINEERING,,,,,,,,0,0,0,0,0,0,0
3403,"Mahalakshmi Engineering College, Trichy-Salem Highways, (Near No.1 Tollgate), Melpathu, Siruganbur Post, Tiruchirappalli District 621213",TRICHIRAPPALLI,SELF FINANCING COLLEGES TIER 3,BC,Bio Technology and Bio Chemical Engineering,,,,,,,,0,0,0,0,0,0,0
3403,"Mahalakshmi Engineering College, Trichy-Salem Highways, (Near No.1 Tollgate), Melpathu, Siruganbur Post, Tiruchirappalli District 621213",TRICHIRAPPALLI,SELF FINANCING COLLEGES TIER 3,CE,CIVIL  ENGINEERING,,,,,,,,0,0,0,0,0,0,0
3403,"Mahalakshmi Engineering College, Trichy-Salem Highways, (Near No.1 Tollgate), Melpathu, Siruganbur Post, Tiruchirappalli District 621213",TRICHIRAPPALLI,SELF FINANCING COLLEGES TIER 3,CS,COMPUTER SCIENCE AND ENGINEERING,152644,,,,,,,1,0,0,0,0,0,0
3403,"Mahalakshmi Engineering College, Trichy-Salem Highways, (Near No.1 Tollgate), Melpathu, Siruganbur Post, Tiruchirappalli District 621213",TRICHIRAPPALLI,SELF FINANCING COLLEGES TIER 3,EC,ELECTRONICS AND COMMUNICATION ENGINEERING,132372,,,,,,,1,0,0,0,0,0,0
3403,"Mahalakshmi Engineering College, Trichy-Salem Highways, (Near No.1 Tollgate), Melpathu, Siruganbur Post, Tiruchirappalli District 621213",TRICHIRAPPALLI,SELF FINANCING COLLEGES TIER 3,EE,ELECTRICAL AND ELECTRONICS ENGINEERING,,,,,,,,0,0,0,0,0,0,0
3403,"Mahalakshmi Engineering College, Trichy-Salem Highways, (Near No.1 Tollgate), Melpathu, Siruganbur Post, Tiruchirappalli District 621213",TRICHIRAPPALLI,SELF FINANCING COLLEGES TIER 3,ME,MECHANICAL ENGINEERING,,,,,,,,0,0,0,0,0,0,0
3403,"Mahalakshmi Engineering College, Trichy-Salem Highways, (Near No.1 Tollgate), Melpathu, Siruganbur Post, Tiruchirappalli District 621213",TRICHIRAPPALLI,SELF FINANCING COLLEGES TIER 3,PH,PHARMACEUTICAL TECHNOLOGY,,,,,,,,0,0,0,0,0,0,0
3410,"Krishnasamy College of Engineering and Technology, S Kumarapuram, Cuddalore District 607109",CUDDALORE,SELF FINANCING COLLEGES TIER 3,CE,CIVIL  ENGINEERING,156219,,,,,,,1,0,0,0,0,0,0
3410,"Krishnasamy College of Engineering and Technology, S Kumarapuram, Cuddalore District 607109",CUDDALORE,SELF FINANCING COLLEGES TIER 3,CS,COMPUTER SCIENCE AND ENGINEERING,77903,125966,101062,91108,152746,,,0,0,0,0,0,0,0
3410,"Krishnasamy College of Engineering and Technology, S Kumarapuram, Cuddalore District 607109",CUDDALORE,SELF FINANCING COLLEGES TIER 3,EC,ELECTRONICS AND COMMUNICATION ENGINEERING,102172,133162,122132,130877,152149,,,0,1,0,0,1,0,0
3410,"Krishnasamy College of Engineering and Technology, S Kumarapuram, Cuddalore District 607109",CUDDALORE,SELF FINANCING COLLEGES TIER 3,EE,ELECTRICAL AND ELECTRONICS ENGINEERING,131853,153108,150799,151805,152152,140975,,0,1,0,0,1,1,0
3410,"Krishnasamy College of Engineering and Technology, S Kumarapuram, Cuddalore District 607109",CUDDALORE,SELF FINANCING COLLEGES TIER 3,ME,MECHANICAL ENGINEERING,141895,152632,,150410,154062,,,0,1,0,0,1,0,0
3425,"C K College of Engineering and Technology, Chellangkuppam, Cuddalore District 607003",CUDDALORE,SELF FINANCING COLLEGES TIER 3,AD,ARTIFICIAL INTELLIGENCE AND DATA SCIENCE,44271,139964,94811,101898,147259,,,0,0,0,0,0,0,0
3425,"C K College of Engineering and Technology, Chellangkuppam, Cuddalore District 607003",CUDDALORE,SELF FINANCING COLLEGES TIER 3,CE,CIVIL  ENGINEERING,139289,,,149728,156208,,,0,0,0,0,0,0,0
3425,"C K College of Engineering and Technology, Chellangkuppam, Cuddalore District 607003",CUDDALORE,SELF FINANCING COLLEGES TIER 3,CS,COMPUTER SCIENCE AND ENGINEERING,42777,127059,59959,68028,111325,131987,,0,0,0,0,0,1,0
3425,"C K College of Engineering and Technology, Chellangkuppam, Cuddalore District 607003",CUDDALORE,SELF FINANCING COLLEGES TIER 3,EC,ELECTRONICS AND COMMUNICATION ENGINEERING,80788,152133,146058,93309,145517,143628,,0,0,0,0,0,0,0
3425,"C K College of Engineering and Technology, Chellangkuppam, Cuddalore District 607003",CUDDALORE,SELF FINANCING COLLEGES TIER 3,EE,ELECTRICAL AND ELECTRONICS ENGINEERING,103382,151711,152479,137646,148894,,,0,1,0,0,0,0,0
3425,"C K College of Engineering and Technology, Chellangkuppam, Cuddalore District 607003",CUDDALORE,SELF FINANCING COLLEGES TIER 3,ME,MECHANICAL ENGINEERING,121820,154708,141487,141801,143640,,,0,1,1,0,0,0,0
3454,"Sri Ramakrishna College of Engineering, Sri Saradha Nagar, NH-45, Perambalur District  621113",PERAMBALUR,SELF FINANCING COLLEGES TIER 3,AD,ARTIFICIAL INTELLIGENCE AND DATA SCIENCE,80884,114709,115297,101660,,,,0,1,0,0,0,0,0
3454,"Sri Ramakrishna College of Engineering, Sri Saradha Nagar, NH-45, Perambalur District  621113",PERAMBALUR,SELF FINANCING COLLEGES TIER 3,AG,AGRICULTURAL ENGINEERING,106977,150561,,139235,143890,,,0,1,0,1,0,0,0
3454,"Sri Ramakrishna College of Engineering, Sri Saradha Nagar, NH-45, Perambalur District  621113",PERAMBALUR,SELF FINANCING COLLEGES TIER 3,BM,BIO MEDICAL ENGINEERING,78402,137447,,133292,142309,,,0,1,0,0,0,0,0
3454,"Sri Ramakrishna College of Engineering, Sri Saradha Nagar, NH-45, Perambalur District  621113",PERAMBALUR,SELF FINANCING COLLEGES TIER 3,CE,CIVIL  ENGINEERING,,,,,,,,0,0,0,0,0,0,0
3454,"Sri Ramakrishna College of Engineering, Sri Saradha Nagar, NH-45, Perambalur District  621113",PERAMBALUR,SELF FINANCING COLLEGES TIER 3,CS,COMPUTER SCIENCE AND ENGINEERING,57528,99187,151348,89720,150559,139195,,0,0,0,0,0,1,0
3454,"Sri Ramakrishna College of Engineering, Sri Saradha Nagar, NH-45, Perambalur District  621113",PERAMBALUR,SELF FINANCING COLLEGES TIER 3,ME,MECHANICAL ENGINEERING,145684,,,,,,,1,0,0,0,0,0,0
3456,"K S K College of Engineering and Technology, Thanjavur Main Road, Darasuram, Kumbakonam, Thanjavur District 612702",THANJAVUR,SELF FINANCING COLLEGES TIER 3,AG,AGRICULTURAL ENGINEERING,151391,,,,,,,0,0,0,0,0,0,0
3456,"K S K College of Engineering and Technology, Thanjavur Main Road, Darasuram, Kumbakonam, Thanjavur District 612702",THANJAVUR,SELF FINANCING COLLEGES TIER 3,BM,BIO MEDICAL ENGINEERING,144476,152721,,153655,154169,,,0,1,0,1,1,0,0
3456,"K S K College of Engineering and Technology, Thanjavur Main Road, Darasuram, Kumbakonam, Thanjavur District 612702",THANJAVUR,SELF FINANCING COLLEGES TIER 3,CS,COMPUTER SCIENCE AND ENGINEERING,119336,151844,130364,147418,152503,,,0,1,0,0,0,0,0
3456,"K S K College of Engineering and Technology, Thanjavur Main Road, Darasuram, Kumbakonam, Thanjavur District 612702",THANJAVUR,SELF FINANCING COLLEGES TIER 3,EC,ELECTRONICS AND COMMUNICATION ENGINEERING,138222,155464,,155405,153939,,,0,1,0,1,0,0,0
3456,"K S K College of Engineering and Technology, Thanjavur Main Road, Darasuram, Kumbakonam, Thanjavur District 612702",THANJAVUR,SELF FINANCING COLLEGES TIER 3,EE,ELECTRICAL AND ELECTRONICS ENGINEERING,156056,,,,,,,1,0,0,0,0,0,0
3456,"K S K College of Engineering and Technology, Thanjavur Main Road, Darasuram, Kumbakonam, Thanjavur District 612702",THANJAVUR,SELF FINANCING COLLEGES TIER 3,ME,MECHANICAL ENGINEERING,155830,,,,,,,1,0,0,0,0,0,0
3460,"Surya College of Engineering, Konalai, Tiruchirappalli District 621132",TRICHIRAPPALLI,SELF FINANCING COLLEGES TIER 3,CE,CIVIL  ENGINEERING,,,,,,,,0,0,0,0,0,0,0
3460,"Surya College of Engineering, Konalai, Tiruchirappalli District 621132",TRICHIRAPPALLI,SELF FINANCING COLLEGES TIER 3,CS,COMPUTER SCIENCE AND ENGINEERING,156051,,,,,,,1,0,0,0,0,0,0
3460,"Surya College of Engineering, Konalai, Tiruchirappalli District 621132",TRICHIRAPPALLI,SELF FINANCING COLLEGES TIER 3,EE,ELECTRICAL AND ELECTRONICS ENGINEERING,153264,,,,,,,1,0,0,0,0,0,0
3460,"Surya College of Engineering, Konalai, Tiruchirappalli District 621132",TRICHIRAPPALLI,SELF FINANCING COLLEGES TIER 3,ME,MECHANICAL ENGINEERING,,,,,,,,0,0,0,0,0,0,0
3461,"Arifa Institute of Technology(Formly Haji sheik Ismail Engineering College), Esanoor, Keelaiyur Post, Thirukkuvalai Taluk, Nagapattinam District 611103",NAGAPATTINAM,SELF FINANCING COLLEGES TIER 3,AD,ARTIFICIAL INTELLIGENCE AND DATA SCIENCE,155808,,,,,,,1,0,0,0,0,0,0
3461,"Arifa Institute of Technology(Formly Haji sheik Ismail Engineering College), Esanoor, Keelaiyur Post, Thirukkuvalai Taluk, Nagapattinam District 611103",NAGAPATTINAM,SELF FINANCING COLLEGES TIER 3,CS,COMPUTER SCIENCE AND ENGINEERING,126406,144305,,154758,146821,,,0,1,0,1,1,0,0
3461,"Arifa Institute of Technology(Formly Haji sheik Ismail Engineering College), Esanoor, Keelaiyur Post, Thirukkuvalai Taluk, Nagapattinam District 611103",NAGAPATTINAM,SELF FINANCING COLLEGES TIER 3,EC,ELECTRONICS AND COMMUNICATION ENGINEERING,142379,,,151560,150224,,,0,0,0,1,1,0,0
3461,"Arifa Institute of Technology(Formly Haji sheik Ismail Engineering College), Esanoor, Keelaiyur Post, Thirukkuvalai Taluk, Nagapattinam District 611103",NAGAPATTINAM,SELF FINANCING COLLEGES TIER 3,EE,ELECTRICAL AND ELECTRONICS ENGINEERING,155903,,,,,,,1,0,0,0,0,0,0
3461,"Arifa Institute of Technology(Formly Haji sheik Ismail Engineering College), Esanoor, Keelaiyur Post, Thirukkuvalai Taluk, Nagapattinam District 611103",NAGAPATTINAM,SELF FINANCING COLLEGES TIER 3,ME,MECHANICAL ENGINEERING,155278,,,,,,,1,0,0,0,0,0,0
3462,"Ariyalur Engineering College, NH-227, Trichy-Chithambaram NH, Karuppur-Senapathy Post, Ariyalur District 621707",ARIYALUR,SELF FINANCING COLLEGES TIER 3,CE,CIVIL  ENGINEERING,80650,,,,,,,1,0,0,0,0,0,0
3462,"Ariyalur Engineering College, NH-227, Trichy-Chithambaram NH, Karuppur-Senapathy Post, Ariyalur District 621707",ARIYALUR,SELF FINANCING COLLEGES TIER 3,CS,COMPUTER SCIENCE AND ENGINEERING,133311,153776,,152032,155596,,,0,1,0,1,1,0,0
3462,"Ariyalur Engineering College, NH-227, Trichy-Chithambaram NH, Karuppur-Senapathy Post, Ariyalur District 621707",ARIYALUR,SELF FINANCING COLLEGES TIER 3,EC,ELECTRONICS AND COMMUNICATION ENGINEERING,146297,,,,,,,1,0,0,0,0,0,0
3462,"Ariyalur Engineering College, NH-227, Trichy-Chithambaram NH, Karuppur-Senapathy Post, Ariyalur District 621707",ARIYALUR,SELF FINANCING COLLEGES TIER 3,EE,ELECTRICAL AND ELECTRONICS ENGINEERING,144319,,,,,,,1,0,0,0,0,0,0
3462,"Ariyalur Engineering College, NH-227, Trichy-Chithambaram NH, Karuppur-Senapathy Post, Ariyalur District 621707",ARIYALUR,SELF FINANCING COLLEGES TIER 3,ME,MECHANICAL ENGINEERING,152004,,,,,,,1,0,0,0,0,0,0
3466,"Nelliandavar Institute of Technology, Nerunjikorai Village, Pudhupalayam, Ariyalur Taluk, Ariyalur District 621704",ARIYALUR,SELF FINANCING COLLEGES TIER 3,CE,CIVIL  ENGINEERING,,,,,,,,0,0,0,0,0,0,0
3466,"Nelliandavar Institute of Technology, Nerunjikorai Village, Pudhupalayam, Ariyalur Taluk, Ariyalur District 621704",ARIYALUR,SELF FINANCING COLLEGES TIER 3,CS,COMPUTER SCIENCE AND ENGINEERING,126965,127277,,153347,151283,,,0,1,0,1,1,0,0
3466,"Nelliandavar Institute of Technology, Nerunjikorai Village, Pudhupalayam, Ariyalur Taluk, Ariyalur District 621704",ARIYALUR,SELF FINANCING COLLEGES TIER 3,EC,ELECTRONICS AND COMMUNICATION ENGINEERING,155512,,,,,,,1,0,0,0,0,0,0
3466,"Nelliandavar Institute of Technology, Nerunjikorai Village, Pudhupalayam, Ariyalur Taluk, Ariyalur District 621704",ARIYALUR,SELF FINANCING COLLEGES TIER 3,EE,ELECTRICAL AND ELECTRONICS ENGINEERING,134533,,,,,,,1,0,0,0,0,0,0
3466,"Nelliandavar Institute of Technology, Nerunjikorai Village, Pudhupalayam, Ariyalur Taluk, Ariyalur District 621704",ARIYALUR,SELF FINANCING COLLEGES TIER 3,ME,MECHANICAL ENGINEERING,152819,,,,,,,1,0,0,0,0,0,0
3701,"K Ramakrishnan College of Technology (Autonomous), Kariyamanickam Road, Samayapuram, Manachanallur Taluk, Tiruchirappalli District 621112",TIRUCHIRAPALLI,SELF FINANCING COLLEGES TIER 3,AD,ARTIFICIAL INTELLIGENCE AND DATA SCIENCE,48964,59247,60320,87870,143519,121440,,0,0,0,0,1,0,0
3701,"K Ramakrishnan College of Technology (Autonomous), Kariyamanickam Road, Samayapuram, Manachanallur Taluk, Tiruchirappalli District 621112",TIRUCHIRAPALLI,SELF FINANCING COLLEGES TIER 3,AL,Artificial Intelligence and Machine Learning,61393,78164,70180,85784,105461,,,0,0,0,0,1,0,0
3701,"K Ramakrishnan College of Technology (Autonomous), Kariyamanickam Road, Samayapuram, Manachanallur Taluk, Tiruchirappalli District 621112",TIRUCHIRAPALLI,SELF FINANCING COLLEGES TIER 3,CE,CIVIL  ENGINEERING,88551,153179,,100985,115282,,,0,1,0,1,1,0,0
3701,"K Ramakrishnan College of Technology (Autonomous), Kariyamanickam Road, Samayapuram, Manachanallur Taluk, Tiruchirappalli District 621112",TIRUCHIRAPALLI,SELF FINANCING COLLEGES TIER 3,CS,COMPUTER SCIENCE AND ENGINEERING,44040,60891,55689,73740,144199,97765,,0,0,0,0,1,1,0
3701,"K Ramakrishnan College of Technology (Autonomous), Kariyamanickam Road, Samayapuram, Manachanallur Taluk, Tiruchirappalli District 621112",TIRUCHIRAPALLI,SELF FINANCING COLLEGES TIER 3,EC,ELECTRONICS AND COMMUNICATION ENGINEERING,61987,79120,102162,93819,141628,,,0,0,0,0,1,0,0
3701,"K Ramakrishnan College of Technology (Autonomous), Kariyamanickam Road, Samayapuram, Manachanallur Taluk, Tiruchirappalli District 621112",TIRUCHIRAPALLI,SELF FINANCING COLLEGES TIER 3,EE,ELECTRICAL AND ELECTRONICS ENGINEERING,90663,103210,115870,113688,151232,,,0,0,0,0,1,0,0
3701,"K Ramakrishnan College of Technology (Autonomous), Kariyamanickam Road, Samayapuram, Manachanallur Taluk, Tiruchirappalli District 621112",TIRUCHIRAPALLI,SELF FINANCING COLLEGES TIER 3,ME,MECHANICAL ENGINEERING,119258,147367,135168,153220,,,,0,1,1,1,0,0,0
3760,"Sir Issac Newton College of Engineering and Technology, Anthanapeetai Post, Papakoil, Nagappattinam District 611102",NAGAPATTINAM,SELF FINANCING COLLEGES TIER 3,AD,ARTIFICIAL INTELLIGENCE AND DATA SCIENCE,112101,142718,122774,145705,150107,,,0,0,0,0,0,0,0
3760,"Sir Issac Newton College of Engineering and Technology, Anthanapeetai Post, Papakoil, Nagappattinam District 611102",NAGAPATTINAM,SELF FINANCING COLLEGES TIER 3,AG,AGRICULTURAL ENGINEERING,140194,154129,,150616,155369,,,0,1,0,1,0,0,0
3760,"Sir Issac Newton College of Engineering and Technology, Anthanapeetai Post, Papakoil, Nagappattinam District 611102",NAGAPATTINAM,SELF FINANCING COLLEGES TIER 3,CS,COMPUTER SCIENCE AND ENGINEERING,104508,144848,,149623,151155,,,0,0,0,1,0,0,0
3760,"Sir Issac Newton College of Engineering and Technology, Anthanapeetai Post, Papakoil, Nagappattinam District 611102",NAGAPATTINAM,SELF FINANCING COLLEGES TIER 3,EC,ELECTRONICS AND COMMUNICATION ENGINEERING,126729,148796,131966,142958,149709,,,0,1,1,1,0,0,0
3760,"Sir Issac Newton College of Engineering and Technology, Anthanapeetai Post, Papakoil, Nagappattinam District 611102",NAGAPATTINAM,SELF FINANCING COLLEGES TIER 3,ME,MECHANICAL ENGINEERING,141124,149668,143219,152528,154070,,,0,1,0,1,0,0,0
3766,"Star Lion College of Engineering and Technology, Manankorai Main Road, Manankorai Village, Thanjavur District 614206",THANJAVUR,SELF FINANCING COLLEGES TIER 3,CE,CIVIL  ENGINEERING,,,,,,,,0,0,0,0,0,0,0
3766,"Star Lion College of Engineering and Technology, Manankorai Main Road, Manankorai Village, Thanjavur District 614206",THANJAVUR,SELF FINANCING COLLEGES TIER 3,CS,COMPUTER SCIENCE AND ENGINEERING,146960,,,,,,,1,0,0,0,0,0,0
3766,"Star Lion College of Engineering and Technology, Manankorai Main Road, Manankorai Village, Thanjavur District 614206",THANJAVUR,SELF FINANCING COLLEGES TIER 3,EC,ELECTRONICS AND COMMUNICATION ENGINEERING,,,,,,,,0,0,0,0,0,0,0
3766,"Star Lion College of Engineering and Technology, Manankorai Main Road, Manankorai Village, Thanjavur District 614206",THANJAVUR,SELF FINANCING COLLEGES TIER 3,EE,ELECTRICAL AND ELECTRONICS ENGINEERING,,,,,,,,0,0,0,0,0,0,0
3766,"Star Lion College of Engineering and Technology, Manankorai Main Road, Manankorai Village, Thanjavur District 614206",THANJAVUR,SELF FINANCING COLLEGES TIER 3,ME,MECHANICAL ENGINEERING,147778,,,,,,,1,0,0,0,0,0,0
3782,"OASYS Institute of Technology , Pulivalam Village, Musiri Taluk, Tiruchirappalli District 621006",TIRUCHIRAPALLI,SELF FINANCING COLLEGES TIER 3,CS,COMPUTER SCIENCE AND ENGINEERING,109464,154452,119255,154251,152729,139596,140818,0,1,1,1,0,1,0
3782,"OASYS Institute of Technology , Pulivalam Village, Musiri Taluk, Tiruchirappalli District 621006",TIRUCHIRAPALLI,SELF FINANCING COLLEGES TIER 3,EC,ELECTRONICS AND COMMUNICATION ENGINEERING,152299,155889,,,154654,,,0,1,0,0,1,0,0
3782,"OASYS Institute of Technology , Pulivalam Village, Musiri Taluk, Tiruchirappalli District 621006",TIRUCHIRAPALLI,SELF FINANCING COLLEGES TIER 3,EE,ELECTRICAL AND ELECTRONICS ENGINEERING,132444,154692,,155407,137347,,,0,1,0,1,1,0,0
3782,"OASYS Institute of Technology , Pulivalam Village, Musiri Taluk, Tiruchirappalli District 621006",TIRUCHIRAPALLI,SELF FINANCING COLLEGES TIER 3,ME,MECHANICAL ENGINEERING,151642,,,,,,,1,0,0,0,0,0,0
3786,"M.A.M. School of Engineering, Siruganur, Tiruchirappalli District 621105",TIRUCHIRAPALLI,SELF FINANCING COLLEGES TIER 3,AD,ARTIFICIAL INTELLIGENCE AND DATA SCIENCE,87437,134204,,111627,118170,,,0,0,0,0,0,0,0
3786,"M.A.M. School of Engineering, Siruganur, Tiruchirappalli District 621105",TIRUCHIRAPALLI,SELF FINANCING COLLEGES TIER 3,AE,AERONAUTICAL ENGINEERING,143572,,,153626,146258,,,0,0,0,1,1,0,0
3786,"M.A.M. School of Engineering, Siruganur, Tiruchirappalli District 621105",TIRUCHIRAPALLI,SELF FINANCING COLLEGES TIER 3,BM,BIO MEDICAL ENGINEERING,99848,114682,,136830,153612,,,0,1,0,1,0,0,0
3786,"M.A.M. School of Engineering, Siruganur, Tiruchirappalli District 621105",TIRUCHIRAPALLI,SELF FINANCING COLLEGES TIER 3,CS,COMPUTER SCIENCE AND ENGINEERING,90751,121218,124833,154496,144012,130551,,0,1,0,0,0,0,0
3786,"M.A.M. School of Engineering, Siruganur, Tiruchirappalli District 621105",TIRUCHIRAPALLI,SELF FINANCING COLLEGES TIER 3,EC,ELECTRONICS AND COMMUNICATION ENGINEERING,122644,136486,,146500,139041,,,0,1,0,1,1,0,0
3786,"M.A.M. School of Engineering, Siruganur, Tiruchirappalli District 621105",TIRUCHIRAPALLI,SELF FINANCING COLLEGES TIER 3,EE,ELECTRICAL AND ELECTRONICS ENGINEERING,155315,,,,,,,1,0,0,0,0,0,0
3786,"M.A.M. School of Engineering, Siruganur, Tiruchirappalli District 621105",TIRUCHIRAPALLI,SELF FINANCING COLLEGES TIER 3,ME,MECHANICAL ENGINEERING,152125,,,,,,,1,0,0,0,0,0,0
3786,"M.A.M. School of Engineering, Siruganur, Tiruchirappalli District 621105",TIRUCHIRAPALLI,SELF FINANCING COLLEGES TIER 3,MZ,Mechatronics Engineering,132028,,,140265,153544,,,0,0,0,1,1,0,0
3795,"SRM TRP Engineering College, Irungalur, Manachanallur Taluk, Tiruchirappalli District 621105",TIRUCHIRAPALLI,SELF FINANCING COLLEGES TIER 2,AD,ARTIFICIAL INTELLIGENCE AND DATA SCIENCE,43219,66673,55748,87399,120692,90626,,0,0,0,0,1,0,0
3795,"SRM TRP Engineering College, Irungalur, Manachanallur Taluk, Tiruchirappalli District 621105",TIRUCHIRAPALLI,SELF FINANCING COLLEGES TIER 2,CE,CIVIL  ENGINEERING,115970,141557,,,,,,0,1,0,0,0,0,0
3795,"SRM TRP Engineering College, Irungalur, Manachanallur Taluk, Tiruchirappalli District 621105",TIRUCHIRAPALLI,SELF FINANCING COLLEGES TIER 2,CS,COMPUTER SCIENCE AND ENGINEERING,43298,69149,48154,90384,140460,145505,90912,0,0,0,0,0,0,0
3795,"SRM TRP Engineering College, Irungalur, Manachanallur Taluk, Tiruchirappalli District 621105",TIRUCHIRAPALLI,SELF FINANCING COLLEGES TIER 2,EC,ELECTRONICS AND COMMUNICATION ENGINEERING,65285,84621,80600,90615,146651,,,0,0,0,0,1,0,0
3795,"SRM TRP Engineering College, Irungalur, Manachanallur Taluk, Tiruchirappalli District 621105",TIRUCHIRAPALLI,SELF FINANCING COLLEGES TIER 2,EE,ELECTRICAL AND ELECTRONICS ENGINEERING,92324,117488,124708,125012,138864,,,0,0,0,1,1,0,0
3795,"SRM TRP Engineering College, Irungalur, Manachanallur Taluk, Tiruchirappalli District 621105",TIRUCHIRAPALLI,SELF FINANCING COLLEGES TIER 2,ME,MECHANICAL ENGINEERING,155178,,,,,,,1,0,0,0,0,0,0
3801,"A V C College of Engineering, Mannampandal Post, MayiladuthuraiDistrict 609305",MAYILADUTHURAI,SELF FINANCING COLLEGES TIER 3,CE,CIVIL  ENGINEERING,132475,,,,,,,1,0,0,0,0,0,0
3801,"A V C College of Engineering, Mannampandal Post, MayiladuthuraiDistrict 609305",MAYILADUTHURAI,SELF FINANCING COLLEGES TIER 3,CS,COMPUTER SCIENCE AND ENGINEERING,36499,71681,56463,47685,101203,,,0,0,0,0,0,0,0
3801,"A V C College of Engineering, Mannampandal Post, MayiladuthuraiDistrict 609305",MAYILADUTHURAI,SELF FINANCING COLLEGES TIER 3,EC,ELECTRONICS AND COMMUNICATION ENGINEERING,64799,102107,94389,87025,106683,,,0,0,0,0,1,0,0
3801,"A V C College of Engineering, Mannampandal Post, MayiladuthuraiDistrict 609305",MAYILADUTHURAI,SELF FINANCING COLLEGES TIER 3,EE,ELECTRICAL AND ELECTRONICS ENGINEERING,108597,141438,,137217,116067,,,0,1,0,1,1,0,0
3801,"A V C College of Engineering, Mannampandal Post, MayiladuthuraiDistrict 609305",MAYILADUTHURAI,SELF FINANCING COLLEGES TIER 3,IC,INSTRUMENTATION AND CONTROL ENGINEERING,147993,,,,,,,1,0,0,0,0,0,0
3801,"A V C College of Engineering, Mannampandal Post, MayiladuthuraiDistrict 609305",MAYILADUTHURAI,SELF FINANCING COLLEGES TIER 3,IT,INFORMATION TECHNOLOGY,43620,73815,68171,67116,92273,,,0,0,0,0,0,0,0
3801,"A V C College of Engineering, Mannampandal Post, MayiladuthuraiDistrict 609305",MAYILADUTHURAI,SELF FINANCING COLLEGES TIER 3,ME,MECHANICAL ENGINEERING,151449,,,,,,,1,0,0,0,0,0,0
3802,"Shri Angalamman College of Engineering and Technology,Siruganoor,Tiruchirapalli-621 105",TRICHIRAPPALLI,SELF FINANCING COLLEGES TIER 3,CE,CIVIL  ENGINEERING,,,,,,,,0,0,0,0,0,0,0
3802,"Shri Angalamman College of Engineering and Technology,Siruganoor,Tiruchirapalli-621 105",TRICHIRAPPALLI,SELF FINANCING COLLEGES TIER 3,CS,COMPUTER SCIENCE AND ENGINEERING,,,,,,,,0,0,0,0,0,0,0
3802,"Shri Angalamman College of Engineering and Technology,Siruganoor,Tiruchirapalli-621 105",TRICHIRAPPALLI,SELF FINANCING COLLEGES TIER 3,EE,ELECTRICAL AND ELECTRONICS ENGINEERING,,,,,,,,0,0,0,0,0,0,0
3802,"Shri Angalamman College of Engineering and Technology,Siruganoor,Tiruchirapalli-621 105",TRICHIRAPPALLI,SELF FINANCING COLLEGES TIER 3,ME,MECHANICAL ENGINEERING,,,,,,,,0,0,0,0,0,0,0
3803,"Anjalai Ammal Mahalingam Engineering College, Kovilvenni, Thiruvarur District 614403",THIRUVARUR,SELF FINANCING COLLEGES TIER 3,CE,CIVIL  ENGINEERING,146039,,,,,,,1,0,0,0,0,0,0
3803,"Anjalai Ammal Mahalingam Engineering College, Kovilvenni, Thiruvarur District 614403",THIRUVARUR,SELF FINANCING COLLEGES TIER 3,CH,CHEMICAL  ENGINEERING,120563,144420,144425,,,,,0,1,1,0,0,0,0
3803,"Anjalai Ammal Mahalingam Engineering College, Kovilvenni, Thiruvarur District 614403",THIRUVARUR,SELF FINANCING COLLEGES TIER 3,CS,COMPUTER SCIENCE AND ENGINEERING,39247,46997,54124,100228,113370,,,0,0,0,0,0,0,0
3803,"Anjalai Ammal Mahalingam Engineering College, Kovilvenni, Thiruvarur District 614403",THIRUVARUR,SELF FINANCING COLLEGES TIER 3,EC,ELECTRONICS AND COMMUNICATION ENGINEERING,69028,93938,106538,120282,104137,,,0,0,0,1,1,0,0
3803,"Anjalai Ammal Mahalingam Engineering College, Kovilvenni, Thiruvarur District 614403",THIRUVARUR,SELF FINANCING COLLEGES TIER 3,EE,ELECTRICAL AND ELECTRONICS ENGINEERING,107863,146084,113104,133915,154027,,,0,1,0,1,1,0,0
3803,"Anjalai Ammal Mahalingam Engineering College, Kovilvenni, Thiruvarur District 614403",THIRUVARUR,SELF FINANCING COLLEGES TIER 3,IT,INFORMATION TECHNOLOGY,54919,82577,55273,146570,136138,,,0,0,0,0,0,0,0
3803,"Anjalai Ammal Mahalingam Engineering College, Kovilvenni, Thiruvarur District 614403",THIRUVARUR,SELF FINANCING COLLEGES TIER 3,ME,MECHANICAL ENGINEERING,145049,,,,,,,1,0,0,0,0,0,0
3804,"Arasu Engineering  College, Chennai Main Road, Kumbakonam, Thanjavur District 612501",THANJAVUR,SELF FINANCING COLLEGES TIER 3,AG,AGRICULTURAL ENGINEERING,143744,150447,153560,150852,150822,,,0,1,1,1,1,0,0
3804,"Arasu Engineering  College, Chennai Main Road, Kumbakonam, Thanjavur District 612501",THANJAVUR,SELF FINANCING COLLEGES TIER 3,AU,AUTOMOBILE ENGINEERING,153150,,,,,,,1,0,0,0,0,0,0
3804,"Arasu Engineering  College, Chennai Main Road, Kumbakonam, Thanjavur District 612501",THANJAVUR,SELF FINANCING COLLEGES TIER 3,BM,BIO MEDICAL ENGINEERING,154274,154397,,,,,,0,1,0,0,0,0,0
3804,"Arasu Engineering  College, Chennai Main Road, Kumbakonam, Thanjavur District 612501",THANJAVUR,SELF FINANCING COLLEGES TIER 3,CE,CIVIL  ENGINEERING,153313,,,,,,,1,0,0,0,0,0,0
3804,"Arasu Engineering  College, Chennai Main Road, Kumbakonam, Thanjavur District 612501",THANJAVUR,SELF FINANCING COLLEGES TIER 3,CS,COMPUTER SCIENCE AND ENGINEERING,62611,132329,85460,101214,151263,92125,,0,0,0,0,1,1,0
3804,"Arasu Engineering  College, Chennai Main Road, Kumbakonam, Thanjavur District 612501",THANJAVUR,SELF FINANCING COLLEGES TIER 3,EC,ELECTRONICS AND COMMUNICATION ENGINEERING,118709,138641,141125,146140,146513,,,0,1,0,0,1,0,0
3804,"Arasu Engineering  College, Chennai Main Road, Kumbakonam, Thanjavur District 612501",THANJAVUR,SELF FINANCING COLLEGES TIER 3,EE,ELECTRICAL AND ELECTRONICS ENGINEERING,146597,,150247,156084,153630,,,0,0,0,1,1,0,0
3804,"Arasu Engineering  College, Chennai Main Road, Kumbakonam, Thanjavur District 612501",THANJAVUR,SELF FINANCING COLLEGES TIER 3,ME,MECHANICAL ENGINEERING,155420,,,,,,,1,0,0,0,0,0,0
3805,"Dhanalakshmi Srinivasan  Engineering College (Autonomous), Thuraiyur Road, Perambalur District 621212",PERAMBALUR,SELF FINANCING COLLEGES TIER 1,AD,ARTIFICIAL INTELLIGENCE AND DATA SCIENCE,72129,94042,106479,97964,144801,,,0,0,0,0,1,0,0
3805,"Dhanalakshmi Srinivasan  Engineering College (Autonomous), Thuraiyur Road, Perambalur District 621212",PERAMBALUR,SELF FINANCING COLLEGES TIER 1,AE,AERONAUTICAL ENGINEERING,107596,151557,132135,128091,153848,121043,,0,1,0,1,0,0,0
3805,"Dhanalakshmi Srinivasan  Engineering College (Autonomous), Thuraiyur Road, Perambalur District 621212",PERAMBALUR,SELF FINANCING COLLEGES TIER 1,AG,AGRICULTURAL ENGINEERING,128118,154604,,155638,140543,,,0,1,0,1,1,0,0
3805,"Dhanalakshmi Srinivasan  Engineering College (Autonomous), Thuraiyur Road, Perambalur District 621212",PERAMBALUR,SELF FINANCING COLLEGES TIER 1,AO,AEROSPACE ENGINEERING,117585,153128,145305,,147262,,,0,1,0,0,0,0,0
3805,"Dhanalakshmi Srinivasan  Engineering College (Autonomous), Thuraiyur Road, Perambalur District 621212",PERAMBALUR,SELF FINANCING COLLEGES TIER 1,BM,BIO MEDICAL ENGINEERING,101710,150113,135133,152790,145275,104250,,0,1,0,1,1,1,0
3805,"Dhanalakshmi Srinivasan  Engineering College (Autonomous), Thuraiyur Road, Perambalur District 621212",PERAMBALUR,SELF FINANCING COLLEGES TIER 1,BT,BIO TECHNOLOGY,97079,129647,152659,135935,147716,,,0,1,0,1,1,0,0
3805,"Dhanalakshmi Srinivasan  Engineering College (Autonomous), Thuraiyur Road, Perambalur District 621212",PERAMBALUR,SELF FINANCING COLLEGES TIER 1,CE,CIVIL  ENGINEERING,125511,145896,,151947,129027,,,0,1,0,1,1,0,0
3805,"Dhanalakshmi Srinivasan  Engineering College (Autonomous), Thuraiyur Road, Perambalur District 621212",PERAMBALUR,SELF FINANCING COLLEGES TIER 1,CH,CHEMICAL  ENGINEERING,129609,139538,,145191,149715,,,0,1,0,1,1,0,0
3805,"Dhanalakshmi Srinivasan  Engineering College (Autonomous), Thuraiyur Road, Perambalur District 621212",PERAMBALUR,SELF FINANCING COLLEGES TIER 1,CS,COMPUTER SCIENCE AND ENGINEERING,36670,84788,87182,92384,98758,138239,,0,0,0,0,0,1,0
3805,"Dhanalakshmi Srinivasan  Engineering College (Autonomous), Thuraiyur Road, Perambalur District 621212",PERAMBALUR,SELF FINANCING COLLEGES TIER 1,EC,ELECTRONICS AND COMMUNICATION ENGINEERING,60838,94215,90359,91372,137142,101464,,0,0,0,0,0,0,0
3805,"Dhanalakshmi Srinivasan  Engineering College (Autonomous), Thuraiyur Road, Perambalur District 621212",PERAMBALUR,SELF FINANCING COLLEGES TIER 1,EE,ELECTRICAL AND ELECTRONICS ENGINEERING,111341,156180,143568,151949,150751,120471,,0,1,0,1,1,1,0
3805,"Dhanalakshmi Srinivasan  Engineering College (Autonomous), Thuraiyur Road, Perambalur District 621212",PERAMBALUR,SELF FINANCING COLLEGES TIER 1,FD,FOOD TECHNOLOGY,93435,144193,105128,137060,154480,,,0,1,0,1,1,0,0
3805,"Dhanalakshmi Srinivasan  Engineering College (Autonomous), Thuraiyur Road, Perambalur District 621212",PERAMBALUR,SELF FINANCING COLLEGES TIER 1,IT,INFORMATION TECHNOLOGY,47411,93628,104233,92907,128336,136441,,0,0,0,0,0,1,0
3805,"Dhanalakshmi Srinivasan  Engineering College (Autonomous), Thuraiyur Road, Perambalur District 621212",PERAMBALUR,SELF FINANCING COLLEGES TIER 1,ME,MECHANICAL ENGINEERING,145893,152128,,150787,155413,148182,,0,1,0,1,1,1,0
3805,"Dhanalakshmi Srinivasan  Engineering College (Autonomous), Thuraiyur Road, Perambalur District 621212",PERAMBALUR,SELF FINANCING COLLEGES TIER 1,PH,PHARMACEUTICAL TECHNOLOGY,105736,137390,134948,150653,139459,,,0,1,0,1,1,0,0
3805,"Dhanalakshmi Srinivasan  Engineering College (Autonomous), Thuraiyur Road, Perambalur District 621212",PERAMBALUR,SELF FINANCING COLLEGES TIER 1,RM,ROBOTICS AND AUTOMATION,149593,154995,,,,,,0,1,0,0,0,0,0
3806,"E G S Pillay  Engineering College (Autonomous), Nagapattinam District 611002",NAGAPATTINAM,SELF FINANCING COLLEGES TIER 3,AD,ARTIFICIAL INTELLIGENCE AND DATA SCIENCE,42116,79893,73863,98575,113493,146373,,0,0,0,0,0,0,0
3806,"E G S Pillay  Engineering College (Autonomous), Nagapattinam District 611002",NAGAPATTINAM,SELF FINANCING COLLEGES TIER 3,BM,BIO MEDICAL ENGINEERING,88661,155635,91971,114167,113508,,,0,0,0,0,0,0,0
3806,"E G S Pillay  Engineering College (Autonomous), Nagapattinam District 611002",NAGAPATTINAM,SELF FINANCING COLLEGES TIER 3,CB,COMPUTER SCIENCE AND BUSSINESS SYSTEM,93747,105562,120729,111461,137798,,,0,0,0,0,0,0,0
3806,"E G S Pillay  Engineering College (Autonomous), Nagapattinam District 611002",NAGAPATTINAM,SELF FINANCING COLLEGES TIER 3,CE,CIVIL  ENGINEERING,128765,,,148628,156015,,,0,0,0,1,1,0,0
3806,"E G S Pillay  Engineering College (Autonomous), Nagapattinam District 611002",NAGAPATTINAM,SELF FINANCING COLLEGES TIER 3,CS,COMPUTER SCIENCE AND ENGINEERING,57662,86887,85434,78238,110569,,,0,0,0,0,0,0,0
3806,"E G S Pillay  Engineering College (Autonomous), Nagapattinam District 611002",NAGAPATTINAM,SELF FINANCING COLLEGES TIER 3,EC,ELECTRONICS AND COMMUNICATION ENGINEERING,89175,109242,108020,115286,141232,,,0,0,0,0,0,0,0
3806,"E G S Pillay  Engineering College (Autonomous), Nagapattinam District 611002",NAGAPATTINAM,SELF FINANCING COLLEGES TIER 3,EE,ELECTRICAL AND ELECTRONICS ENGINEERING,114176,148568,118294,140783,155378,,,0,1,1,0,0,0,0
3806,"E G S Pillay  Engineering College (Autonomous), Nagapattinam District 611002",NAGAPATTINAM,SELF FINANCING COLLEGES TIER 3,IT,INFORMATION TECHNOLOGY,40365,67606,95745,64538,103725,70293,,0,0,0,0,0,0,0
3806,"E G S Pillay  Engineering College (Autonomous), Nagapattinam District 611002",NAGAPATTINAM,SELF FINANCING COLLEGES TIER 3,ME,MECHANICAL ENGINEERING,128162,156065,144918,151681,155917,,,0,1,1,1,1,0,0
3807,"J J College of Engineering and Technology, Poolankulathupatti Post, Thiruchirappalli District 620009",TIRUCHIRAPALLI,SELF FINANCING COLLEGES TIER 3,AD,ARTIFICIAL INTELLIGENCE AND DATA SCIENCE,76295,109748,78293,116771,125256,,,0,0,0,0,0,0,0
3807,"J J College of Engineering and Technology, Poolankulathupatti Post, Thiruchirappalli District 620009",TIRUCHIRAPALLI,SELF FINANCING COLLEGES TIER 3,AE,AERONAUTICAL ENGINEERING,115368,144666,143711,148026,143035,137840,,0,0,0,1,0,0,0
3807,"J J College of Engineering and Technology, Poolankulathupatti Post, Thiruchirappalli District 620009",TIRUCHIRAPALLI,SELF FINANCING COLLEGES TIER 3,CE,CIVIL  ENGINEERING,127480,155595,136083,155117,152432,,,0,1,0,1,0,0,0
3807,"J J College of Engineering and Technology, Poolankulathupatti Post, Thiruchirappalli District 620009",TIRUCHIRAPALLI,SELF FINANCING COLLEGES TIER 3,CS,COMPUTER SCIENCE AND ENGINEERING,67329,105269,83186,100819,140425,151839,,0,0,0,0,0,0,0
3807,"J J College of Engineering and Technology, Poolankulathupatti Post, Thiruchirappalli District 620009",TIRUCHIRAPALLI,SELF FINANCING COLLEGES TIER 3,EC,ELECTRONICS AND COMMUNICATION ENGINEERING,91054,116812,113304,139838,124304,149543,,0,0,0,0,0,0,0
3807,"J J College of Engineering and Technology, Poolankulathupatti Post, Thiruchirappalli District 620009",TIRUCHIRAPALLI,SELF FINANCING COLLEGES TIER 3,EE,ELECTRICAL AND ELECTRONICS ENGINEERING,114118,148370,148955,139819,139869,131493,,0,0,0,1,0,0,0
3807,"J J College of Engineering and Technology, Poolankulathupatti Post, Thiruchirappalli District 620009",TIRUCHIRAPALLI,SELF FINANCING COLLEGES TIER 3,IT,INFORMATION TECHNOLOGY,73326,93756,88244,101687,140258,,,0,0,0,0,0,0,0
3807,"J J College of Engineering and Technology, Poolankulathupatti Post, Thiruchirappalli District 620009",TIRUCHIRAPALLI,SELF FINANCING COLLEGES TIER 3,ME,MECHANICAL ENGINEERING,125240,151177,149213,155717,147166,,,0,0,0,1,0,0,0
3807,"J J College of Engineering and Technology, Poolankulathupatti Post, Thiruchirappalli District 620009",TIRUCHIRAPALLI,SELF FINANCING COLLEGES TIER 3,SC,Computer Science and Engineering (Cyber Security),81628,103365,106046,133255,142216,152838,,0,0,0,0,0,0,0
3808,"Jayaram College of Engineering and Technology, Karattampatti, Pagalavadi Po,Thuraivur, Trichy-621014",TIRUCHIRAPALLI,SELF FINANCING COLLEGES TIER 3,CE,CIVIL  ENGINEERING,,,,,,,,0,0,0,0,0,0,0
3808,"Jayaram College of Engineering and Technology, Karattampatti, Pagalavadi Po,Thuraivur, Trichy-621014",TIRUCHIRAPALLI,SELF FINANCING COLLEGES TIER 3,CS,COMPUTER SCIENCE AND ENGINEERING,,,,,,,,0,0,0,0,0,0,0
3808,"Jayaram College of Engineering and Technology, Karattampatti, Pagalavadi Po,Thuraivur, Trichy-621014",TIRUCHIRAPALLI,SELF FINANCING COLLEGES TIER 3,EC,ELECTRONICS AND COMMUNICATION ENGINEERING,,,,,,,,0,0,0,0,0,0,0
3808,"Jayaram College of Engineering and Technology, Karattampatti, Pagalavadi Po,Thuraivur, Trichy-621014",TIRUCHIRAPALLI,SELF FINANCING COLLEGES TIER 3,EE,ELECTRICAL AND ELECTRONICS ENGINEERING,,,,,,,,0,0,0,0,0,0,0
3808,"Jayaram College of Engineering and Technology, Karattampatti, Pagalavadi Po,Thuraivur, Trichy-621014",TIRUCHIRAPALLI,SELF FINANCING COLLEGES TIER 3,IT,INFORMATION TECHNOLOGY,,,,,,,,0,0,0,0,0,0,0
3808,"Jayaram College of Engineering and Technology, Karattampatti, Pagalavadi Po,Thuraivur, Trichy-621014",TIRUCHIRAPALLI,SELF FINANCING COLLEGES TIER 3,ME,MECHANICAL ENGINEERING,,,,,,,,0,0,0,0,0,0,0
3809,"Kurinji College of Engineering and Technology, Manapparai, Tiruchirappalli District 621307",TRICHIRAPPALLI,SELF FINANCING COLLEGES TIER 3,CS,COMPUTER SCIENCE AND ENGINEERING,152119,,,,,,,1,0,0,0,0,0,0
3809,"Kurinji College of Engineering and Technology, Manapparai, Tiruchirappalli District 621307",TRICHIRAPPALLI,SELF FINANCING COLLEGES TIER 3,EC,ELECTRONICS AND COMMUNICATION ENGINEERING,,,,,,,,0,0,0,0,0,0,0
3809,"Kurinji College of Engineering and Technology, Manapparai, Tiruchirappalli District 621307",TRICHIRAPPALLI,SELF FINANCING COLLEGES TIER 3,EE,ELECTRICAL AND ELECTRONICS ENGINEERING,152929,,,,,,,1,0,0,0,0,0,0
3809,"Kurinji College of Engineering and Technology, Manapparai, Tiruchirappalli District 621307",TRICHIRAPPALLI,SELF FINANCING COLLEGES TIER 3,ME,MECHANICAL ENGINEERING,,,,,,,,0,0,0,0,0,0,0
3810,"M.A.M. College of Engineering, Siruganur, Tiruchirappalli District 621105",TIRUCHIRAPALLI,SELF FINANCING COLLEGES TIER 3,AD,ARTIFICIAL INTELLIGENCE AND DATA SCIENCE,86486,133731,138321,155740,149520,,,0,0,0,0,0,0,0
3810,"M.A.M. College of Engineering, Siruganur, Tiruchirappalli District 621105",TIRUCHIRAPALLI,SELF FINANCING COLLEGES TIER 3,AG,AGRICULTURAL ENGINEERING,107386,143776,,135595,142944,113072,,0,1,0,1,1,0,0
3810,"M.A.M. College of Engineering, Siruganur, Tiruchirappalli District 621105",TIRUCHIRAPALLI,SELF FINANCING COLLEGES TIER 3,BM,BIO MEDICAL ENGINEERING,119343,151631,,140489,155122,,,0,1,0,1,0,0,0
3810,"M.A.M. College of Engineering, Siruganur, Tiruchirappalli District 621105",TIRUCHIRAPALLI,SELF FINANCING COLLEGES TIER 3,CE,CIVIL  ENGINEERING,154151,155947,,,,,,0,1,0,0,0,0,0
3810,"M.A.M. College of Engineering, Siruganur, Tiruchirappalli District 621105",TIRUCHIRAPALLI,SELF FINANCING COLLEGES TIER 3,CS,COMPUTER SCIENCE AND ENGINEERING,83818,156088,108347,131661,141182,,98069,0,0,0,0,0,0,0
3810,"M.A.M. College of Engineering, Siruganur, Tiruchirappalli District 621105",TIRUCHIRAPALLI,SELF FINANCING COLLEGES TIER 3,EC,ELECTRONICS AND COMMUNICATION ENGINEERING,110610,146721,140378,146013,140191,151887,,0,1,0,1,0,0,0
3810,"M.A.M. College of Engineering, Siruganur, Tiruchirappalli District 621105",TIRUCHIRAPALLI,SELF FINANCING COLLEGES TIER 3,EE,ELECTRICAL AND ELECTRONICS ENGINEERING,154707,,,,,,,1,0,0,0,0,0,0
3810,"M.A.M. College of Engineering, Siruganur, Tiruchirappalli District 621105",TIRUCHIRAPALLI,SELF FINANCING COLLEGES TIER 3,EI,ELECTRONICS AND INSTRUMENTATION ENGINEERING,147304,,,,,,,1,0,0,0,0,0,0
3810,"M.A.M. College of Engineering, Siruganur, Tiruchirappalli District 621105",TIRUCHIRAPALLI,SELF FINANCING COLLEGES TIER 3,FD,FOOD TECHNOLOGY,153008,,,,,,,1,0,0,0,0,0,0
3810,"M.A.M. College of Engineering, Siruganur, Tiruchirappalli District 621105",TIRUCHIRAPALLI,SELF FINANCING COLLEGES TIER 3,IT,INFORMATION TECHNOLOGY,75323,113798,,113868,91529,,,0,1,0,0,0,0,0
3810,"M.A.M. College of Engineering, Siruganur, Tiruchirappalli District 621105",TIRUCHIRAPALLI,SELF FINANCING COLLEGES TIER 3,ME,MECHANICAL ENGINEERING,148814,,,,,,,1,0,0,0,0,0,0
3811,"M I E T Engineering College, Trichy-Pudukkottai Road, Tiruchirappalli District 620007",TIRUCHIRAPALLI,SELF FINANCING COLLEGES TIER 3,AD,ARTIFICIAL INTELLIGENCE AND DATA SCIENCE,105359,155661,110385,147893,144443,,,0,1,0,1,1,0,0
3811,"M I E T Engineering College, Trichy-Pudukkottai Road, Tiruchirappalli District 620007",TIRUCHIRAPALLI,SELF FINANCING COLLEGES TIER 3,BM,BIO MEDICAL ENGINEERING,152262,,,,,,,1,0,0,0,0,0,0
3811,"M I E T Engineering College, Trichy-Pudukkottai Road, Tiruchirappalli District 620007",TIRUCHIRAPALLI,SELF FINANCING COLLEGES TIER 3,CE,CIVIL  ENGINEERING,149747,,,,,,,1,0,0,0,0,0,0
3811,"M I E T Engineering College, Trichy-Pudukkottai Road, Tiruchirappalli District 620007",TIRUCHIRAPALLI,SELF FINANCING COLLEGES TIER 3,CS,COMPUTER SCIENCE AND ENGINEERING,95810,149388,110439,143295,137577,,,0,1,0,1,1,0,0
3811,"M I E T Engineering College, Trichy-Pudukkottai Road, Tiruchirappalli District 620007",TIRUCHIRAPALLI,SELF FINANCING COLLEGES TIER 3,EC,ELECTRONICS AND COMMUNICATION ENGINEERING,120124,145480,124276,154199,149615,,,0,1,0,1,1,0,0
3811,"M I E T Engineering College, Trichy-Pudukkottai Road, Tiruchirappalli District 620007",TIRUCHIRAPALLI,SELF FINANCING COLLEGES TIER 3,EE,ELECTRICAL AND ELECTRONICS ENGINEERING,149867,151592,155966,154233,,,,0,1,1,1,0,0,0
3811,"M I E T Engineering College, Trichy-Pudukkottai Road, Tiruchirappalli District 620007",TIRUCHIRAPALLI,SELF FINANCING COLLEGES TIER 3,IT,INFORMATION TECHNOLOGY,68372,126098,79390,103515,126574,153139,,0,0,0,1,1,0,0
3811,"M I E T Engineering College, Trichy-Pudukkottai Road, Tiruchirappalli District 620007",TIRUCHIRAPALLI,SELF FINANCING COLLEGES TIER 3,ME,MECHANICAL ENGINEERING,156078,,,,,,,1,0,0,0,0,0,0
3812,"Mookambigai College of Engineering, Keeranur, Pudukkottai District 622502",PUDUKKOTTAI,SELF FINANCING COLLEGES TIER 3,AD,ARTIFICIAL INTELLIGENCE AND DATA SCIENCE,110622,137264,,151038,149447,152448,,0,1,0,1,1,0,0
3812,"Mookambigai College of Engineering, Keeranur, Pudukkottai District 622502",PUDUKKOTTAI,SELF FINANCING COLLEGES TIER 3,CE,CIVIL  ENGINEERING,146493,,,,,,,1,0,0,0,0,0,0
3812,"Mookambigai College of Engineering, Keeranur, Pudukkottai District 622502",PUDUKKOTTAI,SELF FINANCING COLLEGES TIER 3,CS,COMPUTER SCIENCE AND ENGINEERING,100627,150450,102884,147478,149418,,,0,1,0,1,1,0,0
3812,"Mookambigai College of Engineering, Keeranur, Pudukkottai District 622502",PUDUKKOTTAI,SELF FINANCING COLLEGES TIER 3,EC,ELECTRONICS AND COMMUNICATION ENGINEERING,120759,143698,,138077,153915,,,0,1,0,1,1,0,0
3812,"Mookambigai College of Engineering, Keeranur, Pudukkottai District 622502",PUDUKKOTTAI,SELF FINANCING COLLEGES TIER 3,EE,ELECTRICAL AND ELECTRONICS ENGINEERING,154291,,,,,,,1,0,0,0,0,0,0
3812,"Mookambigai College of Engineering, Keeranur, Pudukkottai District 622502",PUDUKKOTTAI,SELF FINANCING COLLEGES TIER 3,EI,ELECTRONICS AND INSTRUMENTATION ENGINEERING,122537,,,,,,,1,0,0,0,0,0,0
3812,"Mookambigai College of Engineering, Keeranur, Pudukkottai District 622502",PUDUKKOTTAI,SELF FINANCING COLLEGES TIER 3,IT,INFORMATION TECHNOLOGY,116606,139732,138338,146579,146228,,,0,1,0,1,1,0,0
3812,"Mookambigai College of Engineering, Keeranur, Pudukkottai District 622502",PUDUKKOTTAI,SELF FINANCING COLLEGES TIER 3,ME,MECHANICAL ENGINEERING,151551,,,,,,,1,0,0,0,0,0,0
3813,"Oxford Engineering College,Karumandapam,Pirattiyur,Trichy-620 009",TIRUCHIRAPALLI,SELF FINANCING COLLEGES TIER 3,CE,CIVIL  ENGINEERING,,,,,,,,0,0,0,0,0,0,0
3813,"Oxford Engineering College,Karumandapam,Pirattiyur,Trichy-620 009",TIRUCHIRAPALLI,SELF FINANCING COLLEGES TIER 3,CS,COMPUTER SCIENCE AND ENGINEERING,151770,,,,,,,1,0,0,0,0,0,0
3813,"Oxford Engineering College,Karumandapam,Pirattiyur,Trichy-620 009",TIRUCHIRAPALLI,SELF FINANCING COLLEGES TIER 3,EC,ELECTRONICS AND COMMUNICATION ENGINEERING,138178,,,,,,,1,0,0,0,0,0,0
3813,"Oxford Engineering College,Karumandapam,Pirattiyur,Trichy-620 009",TIRUCHIRAPALLI,SELF FINANCING COLLEGES TIER 3,EE,ELECTRICAL AND ELECTRONICS ENGINEERING,,,,,,,,0,0,0,0,0,0,0
3813,"Oxford Engineering College,Karumandapam,Pirattiyur,Trichy-620 009",TIRUCHIRAPALLI,SELF FINANCING COLLEGES TIER 3,IT,INFORMATION TECHNOLOGY,146672,153499,146925,153442,,,,0,1,1,1,0,0,0
3813,"Oxford Engineering College,Karumandapam,Pirattiyur,Trichy-620 009",TIRUCHIRAPALLI,SELF FINANCING COLLEGES TIER 3,ME,MECHANICAL ENGINEERING,,,,,,,,0,0,0,0,0,0,0
3814,"P R Engineering College, Vallam, Thanjavur District 613403",THANJAVUR,SELF FINANCING COLLEGES TIER 3,AD,ARTIFICIAL INTELLIGENCE AND DATA SCIENCE,148074,,,,,,,1,0,0,0,0,0,0
3814,"P R Engineering College, Vallam, Thanjavur District 613403",THANJAVUR,SELF FINANCING COLLEGES TIER 3,CE,CIVIL  ENGINEERING,,,,,,,,0,0,0,0,0,0,0
3814,"P R Engineering College, Vallam, Thanjavur District 613403",THANJAVUR,SELF FINANCING COLLEGES TIER 3,CS,COMPUTER SCIENCE AND ENGINEERING,108415,134764,,145252,148315,,,0,0,0,1,1,0,0
3814,"P R Engineering College, Vallam, Thanjavur District 613403",THANJAVUR,SELF FINANCING COLLEGES TIER 3,EC,ELECTRONICS AND COMMUNICATION ENGINEERING,154566,,,,,,,1,0,0,0,0,0,0
3814,"P R Engineering College, Vallam, Thanjavur District 613403",THANJAVUR,SELF FINANCING COLLEGES TIER 3,EE,ELECTRICAL AND ELECTRONICS ENGINEERING,,,,,,,,0,0,0,0,0,0,0
3814,"P R Engineering College, Vallam, Thanjavur District 613403",THANJAVUR,SELF FINANCING COLLEGES TIER 3,ME,MECHANICAL ENGINEERING,,,,,,,,0,0,0,0,0,0,0
3815,"Pavendar Bharathidasan College of Engineering and Technology, Pudukkottai Main Road, Tiruchirappalli District 622515",TIRUCHIRAPALLI,SELF FINANCING COLLEGES TIER 3,BM,BIO MEDICAL ENGINEERING,137139,,,149509,154497,,,0,0,0,1,1,0,0
3815,"Pavendar Bharathidasan College of Engineering and Technology, Pudukkottai Main Road, Tiruchirappalli District 622515",TIRUCHIRAPALLI,SELF FINANCING COLLEGES TIER 3,BT,BIO TECHNOLOGY,155735,,,,,,,0,0,0,0,0,0,0
3815,"Pavendar Bharathidasan College of Engineering and Technology, Pudukkottai Main Road, Tiruchirappalli District 622515",TIRUCHIRAPALLI,SELF FINANCING COLLEGES TIER 3,CS,COMPUTER SCIENCE AND ENGINEERING,126667,151753,132120,154574,137844,153374,,0,1,0,1,1,1,0
3815,"Pavendar Bharathidasan College of Engineering and Technology, Pudukkottai Main Road, Tiruchirappalli District 622515",TIRUCHIRAPALLI,SELF FINANCING COLLEGES TIER 3,EC,ELECTRONICS AND COMMUNICATION ENGINEERING,140816,,,,,,,1,0,0,0,0,0,0
3815,"Pavendar Bharathidasan College of Engineering and Technology, Pudukkottai Main Road, Tiruchirappalli District 622515",TIRUCHIRAPALLI,SELF FINANCING COLLEGES TIER 3,EE,ELECTRICAL AND ELECTRONICS ENGINEERING,142933,,,,,,,1,0,0,0,0,0,0
3815,"Pavendar Bharathidasan College of Engineering and Technology, Pudukkottai Main Road, Tiruchirappalli District 622515",TIRUCHIRAPALLI,SELF FINANCING COLLEGES TIER 3,IT,INFORMATION TECHNOLOGY,111010,145476,,127223,,,,0,1,0,1,0,0,0
3815,"Pavendar Bharathidasan College of Engineering and Technology, Pudukkottai Main Road, Tiruchirappalli District 622515",TIRUCHIRAPALLI,SELF FINANCING COLLEGES TIER 3,ME,MECHANICAL ENGINEERING,142496,,,,,,,1,0,0,0,0,0,0
3815,"Pavendar Bharathidasan College of Engineering and Technology, Pudukkottai Main Road, Tiruchirappalli District 622515",TIRUCHIRAPALLI,SELF FINANCING COLLEGES TIER 3,TX,TEXTILE TECHNOLOGY,138478,,,,,,,1,0,0,0,0,0,0
3817,"Roever Engineering College, Elambalur, Perambalur District 621212",PERAMBALUR,SELF FINANCING COLLEGES TIER 3,BT,BIO TECHNOLOGY,93376,147828,,125623,136846,,,0,1,0,1,0,0,0
3817,"Roever Engineering College, Elambalur, Perambalur District 621212",PERAMBALUR,SELF FINANCING COLLEGES TIER 3,CE,CIVIL  ENGINEERING,142516,,,,,,,1,0,0,0,0,0,0
3817,"Roever Engineering College, Elambalur, Perambalur District 621212",PERAMBALUR,SELF FINANCING COLLEGES TIER 3,CH,CHEMICAL  ENGINEERING,,,,,,,,0,0,0,0,0,0,0
3817,"Roever Engineering College, Elambalur, Perambalur District 621212",PERAMBALUR,SELF FINANCING COLLEGES TIER 3,CS,COMPUTER SCIENCE AND ENGINEERING,62909,127171,88878,102217,132572,,,0,0,0,0,1,0,0
3817,"Roever Engineering College, Elambalur, Perambalur District 621212",PERAMBALUR,SELF FINANCING COLLEGES TIER 3,EC,ELECTRONICS AND COMMUNICATION ENGINEERING,88761,133665,103785,111937,136219,,,0,0,0,0,1,0,0
3817,"Roever Engineering College, Elambalur, Perambalur District 621212",PERAMBALUR,SELF FINANCING COLLEGES TIER 3,EE,ELECTRICAL AND ELECTRONICS ENGINEERING,111598,154628,,148930,136710,,,0,1,0,1,0,0,0
3817,"Roever Engineering College, Elambalur, Perambalur District 621212",PERAMBALUR,SELF FINANCING COLLEGES TIER 3,ME,MECHANICAL ENGINEERING,141065,,,155844,152988,,,0,0,0,1,1,0,0
3819,"Saranathan College of  Engineering, Panjappur, Tiruchirappalli District  620012",TIRUCHIRAPALLI,SELF FINANCING COLLEGES TIER 3,AD,ARTIFICIAL INTELLIGENCE AND DATA SCIENCE,37747,53076,62416,86567,107272,,,0,0,0,0,0,0,0
3819,"Saranathan College of  Engineering, Panjappur, Tiruchirappalli District  620012",TIRUCHIRAPALLI,SELF FINANCING COLLEGES TIER 3,AM,COMPUTER SCIENCE AND ENGINEERING (ARTIFICIAL INTELLIGENCE AND MACHINE LEARNING),41034,55784,60476,79716,116230,,,0,0,0,0,0,0,0
3819,"Saranathan College of  Engineering, Panjappur, Tiruchirappalli District  620012",TIRUCHIRAPALLI,SELF FINANCING COLLEGES TIER 3,CB,COMPUTER SCIENCE AND BUSSINESS SYSTEM,44904,54712,66678,91726,151939,,,0,0,0,0,0,0,0
3819,"Saranathan College of  Engineering, Panjappur, Tiruchirappalli District  620012",TIRUCHIRAPALLI,SELF FINANCING COLLEGES TIER 3,CE,CIVIL  ENGINEERING,89166,144621,,103577,132854,,,0,0,0,1,0,0,0
3819,"Saranathan College of  Engineering, Panjappur, Tiruchirappalli District  620012",TIRUCHIRAPALLI,SELF FINANCING COLLEGES TIER 3,CS,COMPUTER SCIENCE AND ENGINEERING,15589,26865,55703,44006,63849,,86310,0,0,0,0,0,0,0
3819,"Saranathan College of  Engineering, Panjappur, Tiruchirappalli District  620012",TIRUCHIRAPALLI,SELF FINANCING COLLEGES TIER 3,EC,ELECTRONICS AND COMMUNICATION ENGINEERING,39904,54867,75890,75191,112284,69717,,0,0,0,0,1,1,0
3819,"Saranathan College of  Engineering, Panjappur, Tiruchirappalli District  620012",TIRUCHIRAPALLI,SELF FINANCING COLLEGES TIER 3,EE,ELECTRICAL AND ELECTRONICS ENGINEERING,58560,78940,92250,96532,136227,,,0,0,0,0,1,0,0
3819,"Saranathan College of  Engineering, Panjappur, Tiruchirappalli District  620012",TIRUCHIRAPALLI,SELF FINANCING COLLEGES TIER 3,IC,INSTRUMENTATION AND CONTROL ENGINEERING,69836,99251,123657,121844,141231,,,0,0,0,1,1,0,0
3819,"Saranathan College of  Engineering, Panjappur, Tiruchirappalli District  620012",TIRUCHIRAPALLI,SELF FINANCING COLLEGES TIER 3,IT,INFORMATION TECHNOLOGY,25762,43660,50127,39436,74385,,101658,0,0,0,0,0,0,0
3819,"Saranathan College of  Engineering, Panjappur, Tiruchirappalli District  620012",TIRUCHIRAPALLI,SELF FINANCING COLLEGES TIER 3,ME,MECHANICAL ENGINEERING,92259,132065,113613,143673,137169,,,0,0,0,1,1,0,0
3820,"Trichy Engineering College, Konalai, Tiruchirappalli District 621132",TIRUCHIRAPALLI,SELF FINANCING COLLEGES TIER 3,CE,CIVIL  ENGINEERING,,,,,,,,0,0,0,0,0,0,0
3820,"Trichy Engineering College, Konalai, Tiruchirappalli District 621132",TIRUCHIRAPALLI,SELF FINANCING COLLEGES TIER 3,CS,COMPUTER SCIENCE AND ENGINEERING,132428,152584,,150592,148596,,,0,1,0,1,1,0,0
3820,"Trichy Engineering College, Konalai, Tiruchirappalli District 621132",TIRUCHIRAPALLI,SELF FINANCING COLLEGES TIER 3,EC,ELECTRONICS AND COMMUNICATION ENGINEERING,,,,,,,,0,0,0,0,0,0,0
3820,"Trichy Engineering College, Konalai, Tiruchirappalli District 621132",TIRUCHIRAPALLI,SELF FINANCING COLLEGES TIER 3,EE,ELECTRICAL AND ELECTRONICS ENGINEERING,,,,,,,,0,0,0,0,0,0,0
3820,"Trichy Engineering College, Konalai, Tiruchirappalli District 621132",TIRUCHIRAPALLI,SELF FINANCING COLLEGES TIER 3,MC,MECHATRONICS,142827,,,,,,,1,0,0,0,0,0,0
3820,"Trichy Engineering College, Konalai, Tiruchirappalli District 621132",TIRUCHIRAPALLI,SELF FINANCING COLLEGES TIER 3,ME,MECHANICAL ENGINEERING,,,,,,,,0,0,0,0,0,0,0
3821,"A R J College of Engineering and Technology, Mannargudi Taluk, Thiruvarur District 614001",THIRUVARUR,SELF FINANCING COLLEGES TIER 3,AG,AGRICULTURAL ENGINEERING,111063,,,153944,133883,,,0,0,0,1,1,0,0
3821,"A R J College of Engineering and Technology, Mannargudi Taluk, Thiruvarur District 614001",THIRUVARUR,SELF FINANCING COLLEGES TIER 3,BM,BIO MEDICAL ENGINEERING,115571,151582,,138698,140936,,,0,1,0,1,1,0,0
3821,"A R J College of Engineering and Technology, Mannargudi Taluk, Thiruvarur District 614001",THIRUVARUR,SELF FINANCING COLLEGES TIER 3,CE,CIVIL  ENGINEERING,155894,,,,,,,1,0,0,0,0,0,0
3821,"A R J College of Engineering and Technology, Mannargudi Taluk, Thiruvarur District 614001",THIRUVARUR,SELF FINANCING COLLEGES TIER 3,CS,COMPUTER SCIENCE AND ENGINEERING,135400,156170,,149038,151119,,,0,1,0,1,1,0,0
3821,"A R J College of Engineering and Technology, Mannargudi Taluk, Thiruvarur District 614001",THIRUVARUR,SELF FINANCING COLLEGES TIER 3,EC,ELECTRONICS AND COMMUNICATION ENGINEERING,137130,,,,,,,1,0,0,0,0,0,0
3821,"A R J College of Engineering and Technology, Mannargudi Taluk, Thiruvarur District 614001",THIRUVARUR,SELF FINANCING COLLEGES TIER 3,EE,ELECTRICAL AND ELECTRONICS ENGINEERING,154257,,,,,,,1,0,0,0,0,0,0
3821,"A R J College of Engineering and Technology, Mannargudi Taluk, Thiruvarur District 614001",THIRUVARUR,SELF FINANCING COLLEGES TIER 3,ME,MECHANICAL ENGINEERING,145369,,,,,,,1,0,0,0,0,0,0
3822,"Dr.Navalar Nedunchezhiyan College of Engineering,Raja Nagar,Vaithiyanathapuram,tholudur, Cuddalore-606303",CUDDALORE,SELF FINANCING COLLEGES TIER 3,CE,CIVIL  ENGINEERING,,,,,,,,0,0,0,0,0,0,0
3822,"Dr.Navalar Nedunchezhiyan College of Engineering,Raja Nagar,Vaithiyanathapuram,tholudur, Cuddalore-606303",CUDDALORE,SELF FINANCING COLLEGES TIER 3,CS,COMPUTER SCIENCE AND ENGINEERING,138092,,,,,,,1,0,0,0,0,0,0
3822,"Dr.Navalar Nedunchezhiyan College of Engineering,Raja Nagar,Vaithiyanathapuram,tholudur, Cuddalore-606303",CUDDALORE,SELF FINANCING COLLEGES TIER 3,EC,ELECTRONICS AND COMMUNICATION ENGINEERING,,,,,,,,0,0,0,0,0,0,0
3822,"Dr.Navalar Nedunchezhiyan College of Engineering,Raja Nagar,Vaithiyanathapuram,tholudur, Cuddalore-606303",CUDDALORE,SELF FINANCING COLLEGES TIER 3,EE,ELECTRICAL AND ELECTRONICS ENGINEERING,149451,,,,,,,1,0,0,0,0,0,0
3822,"Dr.Navalar Nedunchezhiyan College of Engineering,Raja Nagar,Vaithiyanathapuram,tholudur, Cuddalore-606303",CUDDALORE,SELF FINANCING COLLEGES TIER 3,ME,MECHANICAL ENGINEERING,,,,,,,,0,0,0,0,0,0,0
3825,"St. Joseph's College of Engineering and Technology, Elupatti Village, Rawaspatti Post, Thanjavur District 613403",THANJAVUR,SELF FINANCING COLLEGES TIER 3,AD,ARTIFICIAL INTELLIGENCE AND DATA SCIENCE,82351,136740,,119193,84830,,,0,0,0,0,0,0,0
3825,"St. Joseph's College of Engineering and Technology, Elupatti Village, Rawaspatti Post, Thanjavur District 613403",THANJAVUR,SELF FINANCING COLLEGES TIER 3,CS,COMPUTER SCIENCE AND ENGINEERING,92457,124145,104744,136025,140935,,,0,0,0,1,1,0,0
3825,"St. Joseph's College of Engineering and Technology, Elupatti Village, Rawaspatti Post, Thanjavur District 613403",THANJAVUR,SELF FINANCING COLLEGES TIER 3,EC,ELECTRONICS AND COMMUNICATION ENGINEERING,124509,148915,127452,139735,152888,,,0,0,0,1,1,0,0
3825,"St. Joseph's College of Engineering and Technology, Elupatti Village, Rawaspatti Post, Thanjavur District 613403",THANJAVUR,SELF FINANCING COLLEGES TIER 3,EE,ELECTRICAL AND ELECTRONICS ENGINEERING,143773,152666,146611,,,,,0,1,0,0,0,0,0
3825,"St. Joseph's College of Engineering and Technology, Elupatti Village, Rawaspatti Post, Thanjavur District 613403",THANJAVUR,SELF FINANCING COLLEGES TIER 3,ME,MECHANICAL ENGINEERING,142995,153704,,146401,153746,,,0,1,1,1,1,0,0
3826,"Kongunadu College of Engineering and Technology (Autonomous), Tholurpatti, Thottiyam, Tiruchirappalli District 621215",TIRUCHIRAPALLI,SELF FINANCING COLLEGES TIER 3,AD,ARTIFICIAL INTELLIGENCE AND DATA SCIENCE,50862,65602,71982,66751,114692,62853,,0,0,0,0,0,0,0
3826,"Kongunadu College of Engineering and Technology (Autonomous), Tholurpatti, Thottiyam, Tiruchirappalli District 621215",TIRUCHIRAPALLI,SELF FINANCING COLLEGES TIER 3,AG,AGRICULTURAL ENGINEERING,66100,111414,114425,121797,119126,144597,,0,0,0,0,0,0,0
3826,"Kongunadu College of Engineering and Technology (Autonomous), Tholurpatti, Thottiyam, Tiruchirappalli District 621215",TIRUCHIRAPALLI,SELF FINANCING COLLEGES TIER 3,BM,BIO MEDICAL ENGINEERING,74828,119664,,131519,133163,120658,,0,1,0,0,0,0,0
3826,"Kongunadu College of Engineering and Technology (Autonomous), Tholurpatti, Thottiyam, Tiruchirappalli District 621215",TIRUCHIRAPALLI,SELF FINANCING COLLEGES TIER 3,CE,CIVIL  ENGINEERING,97286,153219,105353,142574,140374,148875,,0,1,0,0,0,0,0
3826,"Kongunadu College of Engineering and Technology (Autonomous), Tholurpatti, Thottiyam, Tiruchirappalli District 621215",TIRUCHIRAPALLI,SELF FINANCING COLLEGES TIER 3,CS,COMPUTER SCIENCE AND ENGINEERING,40562,55664,63401,61337,96226,68051,105834,0,0,0,0,0,0,0
3826,"Kongunadu College of Engineering and Technology (Autonomous), Tholurpatti, Thottiyam, Tiruchirappalli District 621215",TIRUCHIRAPALLI,SELF FINANCING COLLEGES TIER 3,EC,ELECTRONICS AND COMMUNICATION ENGINEERING,55176,66640,122144,87339,144496,122436,,0,0,0,0,0,0,0
3826,"Kongunadu College of Engineering and Technology (Autonomous), Tholurpatti, Thottiyam, Tiruchirappalli District 621215",TIRUCHIRAPALLI,SELF FINANCING COLLEGES TIER 3,EE,ELECTRICAL AND ELECTRONICS ENGINEERING,75549,111828,120076,93866,147609,80236,150446,0,0,1,0,0,0,0
3826,"Kongunadu College of Engineering and Technology (Autonomous), Tholurpatti, Thottiyam, Tiruchirappalli District 621215",TIRUCHIRAPALLI,SELF FINANCING COLLEGES TIER 3,IT,INFORMATION TECHNOLOGY,33754,53449,56020,45680,118754,,,0,0,0,0,0,0,0
3826,"Kongunadu College of Engineering and Technology (Autonomous), Tholurpatti, Thottiyam, Tiruchirappalli District 621215",TIRUCHIRAPALLI,SELF FINANCING COLLEGES TIER 3,ME,MECHANICAL ENGINEERING,98392,141724,129584,139700,153678,152213,,0,0,1,0,0,0,0
3829,"M.A.M. College of Engineering and Technology, Trichy-Chennai Trunk Road, Siruganur, Tiruchirappalli District 621105",TIRUCHIRAPALLI,SELF FINANCING COLLEGES TIER 3,AD,ARTIFICIAL INTELLIGENCE AND DATA SCIENCE,101020,142163,126184,149690,136411,,,0,0,0,0,1,0,0
3829,"M.A.M. College of Engineering and Technology, Trichy-Chennai Trunk Road, Siruganur, Tiruchirappalli District 621105",TIRUCHIRAPALLI,SELF FINANCING COLLEGES TIER 3,CE,CIVIL  ENGINEERING,112843,154098,133505,,145495,,,0,1,0,0,1,0,0
3829,"M.A.M. College of Engineering and Technology, Trichy-Chennai Trunk Road, Siruganur, Tiruchirappalli District 621105",TIRUCHIRAPALLI,SELF FINANCING COLLEGES TIER 3,CS,COMPUTER SCIENCE AND ENGINEERING,76299,105307,115457,128239,129087,110991,,0,0,0,0,1,0,0
3829,"M.A.M. College of Engineering and Technology, Trichy-Chennai Trunk Road, Siruganur, Tiruchirappalli District 621105",TIRUCHIRAPALLI,SELF FINANCING COLLEGES TIER 3,EC,ELECTRONICS AND COMMUNICATION ENGINEERING,107467,136147,121671,130782,147046,140175,,0,0,0,0,1,0,0
3829,"M.A.M. College of Engineering and Technology, Trichy-Chennai Trunk Road, Siruganur, Tiruchirappalli District 621105",TIRUCHIRAPALLI,SELF FINANCING COLLEGES TIER 3,EE,ELECTRICAL AND ELECTRONICS ENGINEERING,129265,148855,148224,153990,144700,151026,,0,0,0,0,1,0,0
3829,"M.A.M. College of Engineering and Technology, Trichy-Chennai Trunk Road, Siruganur, Tiruchirappalli District 621105",TIRUCHIRAPALLI,SELF FINANCING COLLEGES TIER 3,IT,INFORMATION TECHNOLOGY,62270,101779,76511,93241,103780,125206,,0,0,0,0,0,0,0
3829,"M.A.M. College of Engineering and Technology, Trichy-Chennai Trunk Road, Siruganur, Tiruchirappalli District 621105",TIRUCHIRAPALLI,SELF FINANCING COLLEGES TIER 3,ME,MECHANICAL ENGINEERING,141713,156158,147944,154512,146423,145916,,0,1,0,1,1,0,0
3830,"K Ramakrishnan College of Engineering (Autonomous), Kariyamanickam Road, Samayapuram, Manachanallur Taluk, Tiruchirappalli District 621112",TIRUCHIRAPALLI,SELF FINANCING COLLEGES TIER 3,AD,ARTIFICIAL INTELLIGENCE AND DATA SCIENCE,31590,44260,72823,71225,125764,,,0,0,0,0,0,0,0
3830,"K Ramakrishnan College of Engineering (Autonomous), Kariyamanickam Road, Samayapuram, Manachanallur Taluk, Tiruchirappalli District 621112",TIRUCHIRAPALLI,SELF FINANCING COLLEGES TIER 3,AL,Artificial Intelligence and Machine Learning,57059,71100,67820,91416,128864,,,0,0,0,0,1,0,0
3830,"K Ramakrishnan College of Engineering (Autonomous), Kariyamanickam Road, Samayapuram, Manachanallur Taluk, Tiruchirappalli District 621112",TIRUCHIRAPALLI,SELF FINANCING COLLEGES TIER 3,CB,COMPUTER SCIENCE AND BUSSINESS SYSTEM,55206,66753,71750,88623,107687,,,0,0,0,0,1,0,0
3830,"K Ramakrishnan College of Engineering (Autonomous), Kariyamanickam Road, Samayapuram, Manachanallur Taluk, Tiruchirappalli District 621112",TIRUCHIRAPALLI,SELF FINANCING COLLEGES TIER 3,CS,COMPUTER SCIENCE AND ENGINEERING,24984,40122,66085,46703,82410,47946,96099,0,0,0,0,0,1,0
3830,"K Ramakrishnan College of Engineering (Autonomous), Kariyamanickam Road, Samayapuram, Manachanallur Taluk, Tiruchirappalli District 621112",TIRUCHIRAPALLI,SELF FINANCING COLLEGES TIER 3,EC,ELECTRONICS AND COMMUNICATION ENGINEERING,45038,57570,82267,75266,118933,115161,137241,0,0,0,0,1,1,0
3830,"K Ramakrishnan College of Engineering (Autonomous), Kariyamanickam Road, Samayapuram, Manachanallur Taluk, Tiruchirappalli District 621112",TIRUCHIRAPALLI,SELF FINANCING COLLEGES TIER 3,EE,ELECTRICAL AND ELECTRONICS ENGINEERING,71293,88658,110209,111125,142033,122531,,0,0,0,0,1,0,0
3830,"K Ramakrishnan College of Engineering (Autonomous), Kariyamanickam Road, Samayapuram, Manachanallur Taluk, Tiruchirappalli District 621112",TIRUCHIRAPALLI,SELF FINANCING COLLEGES TIER 3,IT,INFORMATION TECHNOLOGY,35374,49498,71442,66488,96963,,,0,0,0,0,0,0,0
3830,"K Ramakrishnan College of Engineering (Autonomous), Kariyamanickam Road, Samayapuram, Manachanallur Taluk, Tiruchirappalli District 621112",TIRUCHIRAPALLI,SELF FINANCING COLLEGES TIER 3,ME,MECHANICAL ENGINEERING,90307,112062,117639,139923,144869,,,0,0,0,1,1,0,0
3831,"Indra Ganesan College of Engineering, Madurai Main Road, Manikandam, Tiruchirappalli District 620012",TIRUCHIRAPALLI,SELF FINANCING COLLEGES TIER 3,AD,ARTIFICIAL INTELLIGENCE AND DATA SCIENCE,136751,144454,,,152079,,,0,1,0,0,1,0,0
3831,"Indra Ganesan College of Engineering, Madurai Main Road, Manikandam, Tiruchirappalli District 620012",TIRUCHIRAPALLI,SELF FINANCING COLLEGES TIER 3,AG,AGRICULTURAL ENGINEERING,147269,,,,,,,0,0,0,0,1,0,0
3831,"Indra Ganesan College of Engineering, Madurai Main Road, Manikandam, Tiruchirappalli District 620012",TIRUCHIRAPALLI,SELF FINANCING COLLEGES TIER 3,CS,COMPUTER SCIENCE AND ENGINEERING,117589,150515,125616,132162,149997,,,0,1,0,1,1,0,0
3831,"Indra Ganesan College of Engineering, Madurai Main Road, Manikandam, Tiruchirappalli District 620012",TIRUCHIRAPALLI,SELF FINANCING COLLEGES TIER 3,EC,ELECTRONICS AND COMMUNICATION ENGINEERING,150375,155442,,,151516,,,0,1,0,0,1,0,0
3831,"Indra Ganesan College of Engineering, Madurai Main Road, Manikandam, Tiruchirappalli District 620012",TIRUCHIRAPALLI,SELF FINANCING COLLEGES TIER 3,EE,ELECTRICAL AND ELECTRONICS ENGINEERING,125915,,,,,,,1,0,0,0,0,0,0
3831,"Indra Ganesan College of Engineering, Madurai Main Road, Manikandam, Tiruchirappalli District 620012",TIRUCHIRAPALLI,SELF FINANCING COLLEGES TIER 3,IT,INFORMATION TECHNOLOGY,109493,135940,115628,156082,127061,,,0,1,0,1,1,0,0
3831,"Indra Ganesan College of Engineering, Madurai Main Road, Manikandam, Tiruchirappalli District 620012",TIRUCHIRAPALLI,SELF FINANCING COLLEGES TIER 3,ME,MECHANICAL ENGINEERING,153931,,,,,,,1,0,0,0,0,0,0
3833,"Parisutham Institute of Technology and Science, Ring Road, Nanjikottai, Thanjavur District 613006",THANJAVUR,SELF FINANCING COLLEGES TIER 3,AE,AERONAUTICAL ENGINEERING,135591,144672,,,,,,0,1,0,0,0,0,0
3833,"Parisutham Institute of Technology and Science, Ring Road, Nanjikottai, Thanjavur District 613006",THANJAVUR,SELF FINANCING COLLEGES TIER 3,CE,CIVIL  ENGINEERING,136964,,,,,,,1,0,0,0,0,0,0
3833,"Parisutham Institute of Technology and Science, Ring Road, Nanjikottai, Thanjavur District 613006",THANJAVUR,SELF FINANCING COLLEGES TIER 3,CS,COMPUTER SCIENCE AND ENGINEERING,60818,83932,108365,121931,112049,,,0,0,0,0,1,0,0
3833,"Parisutham Institute of Technology and Science, Ring Road, Nanjikottai, Thanjavur District 613006",THANJAVUR,SELF FINANCING COLLEGES TIER 3,EC,ELECTRONICS AND COMMUNICATION ENGINEERING,110857,144370,111320,141830,132086,,,0,0,0,1,1,0,0
3833,"Parisutham Institute of Technology and Science, Ring Road, Nanjikottai, Thanjavur District 613006",THANJAVUR,SELF FINANCING COLLEGES TIER 3,EE,ELECTRICAL AND ELECTRONICS ENGINEERING,154823,,,,,,,1,0,0,0,0,0,0
3833,"Parisutham Institute of Technology and Science, Ring Road, Nanjikottai, Thanjavur District 613006",THANJAVUR,SELF FINANCING COLLEGES TIER 3,ME,MECHANICAL ENGINEERING,121327,,,,,,,1,0,0,0,0,0,0
3841,"CARE College of Engineering (Formerly C.A.R.E Group of Institutions), Thayanoor Village, Thayanoor Village, Kuttappatti, Srirangam Taluk, Tiruchirappalli District 620009",TIRUCHIRAPALLI,SELF FINANCING COLLEGES TIER 3,AD,ARTIFICIAL INTELLIGENCE AND DATA SCIENCE,74917,96813,80296,138390,134990,,,0,0,0,0,0,0,0
3841,"CARE College of Engineering (Formerly C.A.R.E Group of Institutions), Thayanoor Village, Thayanoor Village, Kuttappatti, Srirangam Taluk, Tiruchirappalli District 620009",TIRUCHIRAPALLI,SELF FINANCING COLLEGES TIER 3,CE,CIVIL  ENGINEERING,151634,155138,,,155616,,,0,1,0,0,1,0,0
3841,"CARE College of Engineering (Formerly C.A.R.E Group of Institutions), Thayanoor Village, Thayanoor Village, Kuttappatti, Srirangam Taluk, Tiruchirappalli District 620009",TIRUCHIRAPALLI,SELF FINANCING COLLEGES TIER 3,CS,COMPUTER SCIENCE AND ENGINEERING,76905,106572,81349,129196,133153,136244,139287,0,0,0,0,0,1,0
3841,"CARE College of Engineering (Formerly C.A.R.E Group of Institutions), Thayanoor Village, Thayanoor Village, Kuttappatti, Srirangam Taluk, Tiruchirappalli District 620009",TIRUCHIRAPALLI,SELF FINANCING COLLEGES TIER 3,EC,ELECTRONICS AND COMMUNICATION ENGINEERING,88962,111808,,119333,155486,,,0,0,0,1,0,0,0
3841,"CARE College of Engineering (Formerly C.A.R.E Group of Institutions), Thayanoor Village, Thayanoor Village, Kuttappatti, Srirangam Taluk, Tiruchirappalli District 620009",TIRUCHIRAPALLI,SELF FINANCING COLLEGES TIER 3,ME,MECHANICAL ENGINEERING,121000,150474,128899,139586,142978,,,0,0,0,1,1,0,0
3843,"M R K Institute of Technology, Nattarmangalam Village, Kattumannarkoil, Cuddalore District 608306",CUDDALORE,SELF FINANCING COLLEGES TIER 3,CE,CIVIL  ENGINEERING,146754,147421,,153361,,,,0,1,0,1,0,0,0
3843,"M R K Institute of Technology, Nattarmangalam Village, Kattumannarkoil, Cuddalore District 608306",CUDDALORE,SELF FINANCING COLLEGES TIER 3,CS,COMPUTER SCIENCE AND ENGINEERING,71332,144894,144782,93799,145588,,,0,0,0,0,1,0,0
3843,"M R K Institute of Technology, Nattarmangalam Village, Kattumannarkoil, Cuddalore District 608306",CUDDALORE,SELF FINANCING COLLEGES TIER 3,EC,ELECTRONICS AND COMMUNICATION ENGINEERING,94086,152110,139968,113028,144793,,,0,1,0,0,1,0,0
3843,"M R K Institute of Technology, Nattarmangalam Village, Kattumannarkoil, Cuddalore District 608306",CUDDALORE,SELF FINANCING COLLEGES TIER 3,EE,ELECTRICAL AND ELECTRONICS ENGINEERING,115274,149208,129579,143638,135249,,,0,1,0,0,1,0,0
3843,"M R K Institute of Technology, Nattarmangalam Village, Kattumannarkoil, Cuddalore District 608306",CUDDALORE,SELF FINANCING COLLEGES TIER 3,ME,MECHANICAL ENGINEERING,143950,,,156020,149343,,,0,0,0,1,1,0,0
3844,"Shivani Engineering College, Trichy-Dindigul NH Road, Poolangulathupatti, Tiruchirappalli - 620009",TIRUCHIRAPALLI,SELF FINANCING COLLEGES TIER 3,AD,ARTIFICIAL INTELLIGENCE AND DATA SCIENCE,152427,,,,,,,0,0,0,0,0,0,0
3844,"Shivani Engineering College, Trichy-Dindigul NH Road, Poolangulathupatti, Tiruchirappalli - 620009",TIRUCHIRAPALLI,SELF FINANCING COLLEGES TIER 3,BM,BIO MEDICAL ENGINEERING,147294,,,,,,,1,0,0,0,0,0,0
3844,"Shivani Engineering College, Trichy-Dindigul NH Road, Poolangulathupatti, Tiruchirappalli - 620009",TIRUCHIRAPALLI,SELF FINANCING COLLEGES TIER 3,CS,COMPUTER SCIENCE AND ENGINEERING,111210,150501,,143808,143601,,,0,1,0,1,1,0,0
3844,"Shivani Engineering College, Trichy-Dindigul NH Road, Poolangulathupatti, Tiruchirappalli - 620009",TIRUCHIRAPALLI,SELF FINANCING COLLEGES TIER 3,EE,ELECTRICAL AND ELECTRONICS ENGINEERING,141352,,,,,,,1,0,0,0,0,0,0
3844,"Shivani Engineering College, Trichy-Dindigul NH Road, Poolangulathupatti, Tiruchirappalli - 620009",TIRUCHIRAPALLI,SELF FINANCING COLLEGES TIER 3,ME,MECHANICAL ENGINEERING,,,,,,,,0,0,0,0,0,0,0
3844,"Shivani Engineering College, Trichy-Dindigul NH Road, Poolangulathupatti, Tiruchirappalli - 620009",TIRUCHIRAPALLI,SELF FINANCING COLLEGES TIER 3,SC,Computer Science and Engineering (Cyber Security),146006,,,,,,,1,0,0,0,0,0,0
3845,"Imayam College of Engineering, Kannanur, Thuraiyur, Tiruchirappalli District 621206",TIRUCHIRAPALLI,SELF FINANCING COLLEGES TIER 3,CE,CIVIL  ENGINEERING,,,,,,,,0,0,0,0,0,0,0
3845,"Imayam College of Engineering, Kannanur, Thuraiyur, Tiruchirappalli District 621206",TIRUCHIRAPALLI,SELF FINANCING COLLEGES TIER 3,CS,COMPUTER SCIENCE AND ENGINEERING,135980,155392,,145698,151547,140084,,0,1,0,1,1,0,0
3845,"Imayam College of Engineering, Kannanur, Thuraiyur, Tiruchirappalli District 621206",TIRUCHIRAPALLI,SELF FINANCING COLLEGES TIER 3,EC,ELECTRONICS AND COMMUNICATION ENGINEERING,153079,,,,,,,0,1,0,0,0,0,0
3845,"Imayam College of Engineering, Kannanur, Thuraiyur, Tiruchirappalli District 621206",TIRUCHIRAPALLI,SELF FINANCING COLLEGES TIER 3,EE,ELECTRICAL AND ELECTRONICS ENGINEERING,153117,,,,,,,1,0,0,0,0,0,0
3845,"Imayam College of Engineering, Kannanur, Thuraiyur, Tiruchirappalli District 621206",TIRUCHIRAPALLI,SELF FINANCING COLLEGES TIER 3,ME,MECHANICAL ENGINEERING,155458,,,,,,,1,0,0,0,0,0,0
3846,"Mother Terasa College of Engineering and Technology, Mettusalai Post and Taluk, Pudukkottai District 622102",PUDUKKOTTAI,SELF FINANCING COLLEGES TIER 3,AD,ARTIFICIAL INTELLIGENCE AND DATA SCIENCE,147293,,,,,,,1,0,0,0,0,0,0
3846,"Mother Terasa College of Engineering and Technology, Mettusalai Post and Taluk, Pudukkottai District 622102",PUDUKKOTTAI,SELF FINANCING COLLEGES TIER 3,CB,COMPUTER SCIENCE AND BUSSINESS SYSTEM,82636,,,,,,,1,0,0,0,0,0,0
3846,"Mother Terasa College of Engineering and Technology, Mettusalai Post and Taluk, Pudukkottai District 622102",PUDUKKOTTAI,SELF FINANCING COLLEGES TIER 3,CE,CIVIL  ENGINEERING,153582,,,,,,,1,0,0,0,0,0,0
3846,"Mother Terasa College of Engineering and Technology, Mettusalai Post and Taluk, Pudukkottai District 622102",PUDUKKOTTAI,SELF FINANCING COLLEGES TIER 3,CS,COMPUTER SCIENCE AND ENGINEERING,124216,154379,147906,152991,140876,,,0,1,0,1,1,0,0
3846,"Mother Terasa College of Engineering and Technology, Mettusalai Post and Taluk, Pudukkottai District 622102",PUDUKKOTTAI,SELF FINANCING COLLEGES TIER 3,EC,ELECTRONICS AND COMMUNICATION ENGINEERING,154526,,,,,,,1,0,0,0,0,0,0
3846,"Mother Terasa College of Engineering and Technology, Mettusalai Post and Taluk, Pudukkottai District 622102",PUDUKKOTTAI,SELF FINANCING COLLEGES TIER 3,EE,ELECTRICAL AND ELECTRONICS ENGINEERING,151964,,,,,,,1,0,0,0,0,0,0
3846,"Mother Terasa College of Engineering and Technology, Mettusalai Post and Taluk, Pudukkottai District 622102",PUDUKKOTTAI,SELF FINANCING COLLEGES TIER 3,ME,MECHANICAL ENGINEERING,154816,,,,,,,1,0,0,0,0,0,0
3846,"Mother Terasa College of Engineering and Technology, Mettusalai Post and Taluk, Pudukkottai District 622102",PUDUKKOTTAI,SELF FINANCING COLLEGES TIER 3,RM,ROBOTICS AND AUTOMATION,78621,,,,,,,1,0,0,0,0,0,0
3848,"Vandayar Engineering College, Pulavarnatham Post, Mariamman Koil (Via), Thanjavur District 613001",THANJAVUR,SELF FINANCING COLLEGES TIER 3,CE,CIVIL  ENGINEERING,,,,,,,,0,0,0,0,0,0,0
3848,"Vandayar Engineering College, Pulavarnatham Post, Mariamman Koil (Via), Thanjavur District 613001",THANJAVUR,SELF FINANCING COLLEGES TIER 3,CS,COMPUTER SCIENCE AND ENGINEERING,154259,,,,,,,1,0,0,0,0,0,0
3848,"Vandayar Engineering College, Pulavarnatham Post, Mariamman Koil (Via), Thanjavur District 613001",THANJAVUR,SELF FINANCING COLLEGES TIER 3,EC,ELECTRONICS AND COMMUNICATION ENGINEERING,,,,,,,,0,0,0,0,0,0,0
3848,"Vandayar Engineering College, Pulavarnatham Post, Mariamman Koil (Via), Thanjavur District 613001",THANJAVUR,SELF FINANCING COLLEGES TIER 3,EE,ELECTRICAL AND ELECTRONICS ENGINEERING,,,,,,,,0,0,0,0,0,0,0
3848,"Vandayar Engineering College, Pulavarnatham Post, Mariamman Koil (Via), Thanjavur District 613001",THANJAVUR,SELF FINANCING COLLEGES TIER 3,ME,MECHANICAL ENGINEERING,149003,,,,,,,1,0,0,0,0,0,0
3849,"Annai College of Engineering and Technology, Anakudi Road, Kovilacheri, Kumbakonam, Thanjavur District 612503",THANJAVUR,SELF FINANCING COLLEGES TIER 3,CE,CIVIL  ENGINEERING,155943,,,,,,,1,0,0,0,0,0,0
3849,"Annai College of Engineering and Technology, Anakudi Road, Kovilacheri, Kumbakonam, Thanjavur District 612503",THANJAVUR,SELF FINANCING COLLEGES TIER 3,CS,COMPUTER SCIENCE AND ENGINEERING,140045,155245,144637,154140,155583,,,0,1,0,1,0,0,0
3849,"Annai College of Engineering and Technology, Anakudi Road, Kovilacheri, Kumbakonam, Thanjavur District 612503",THANJAVUR,SELF FINANCING COLLEGES TIER 3,EC,ELECTRONICS AND COMMUNICATION ENGINEERING,156026,,,,,,,1,0,0,0,0,0,0
3849,"Annai College of Engineering and Technology, Anakudi Road, Kovilacheri, Kumbakonam, Thanjavur District 612503",THANJAVUR,SELF FINANCING COLLEGES TIER 3,EE,ELECTRICAL AND ELECTRONICS ENGINEERING,154980,,,,,,,1,0,0,0,0,0,0
3849,"Annai College of Engineering and Technology, Anakudi Road, Kovilacheri, Kumbakonam, Thanjavur District 612503",THANJAVUR,SELF FINANCING COLLEGES TIER 3,IT,INFORMATION TECHNOLOGY,129246,156132,133355,141201,154517,,,0,1,0,1,1,0,0
3849,"Annai College of Engineering and Technology, Anakudi Road, Kovilacheri, Kumbakonam, Thanjavur District 612503",THANJAVUR,SELF FINANCING COLLEGES TIER 3,ME,MECHANICAL ENGINEERING,154956,,,,,,,1,0,0,0,0,0,0
3850,"Vetri Vinayaha College of Engineering and Technology, Namakkal-Trichy Main Road, Tholurpatti Village, Thottiam, Tiruchirappalli District 621215",TRICHIRAPPALLI,SELF FINANCING COLLEGES TIER 3,AD,ARTIFICIAL INTELLIGENCE AND DATA SCIENCE,137735,,,,,,,1,0,0,0,0,0,0
3850,"Vetri Vinayaha College of Engineering and Technology, Namakkal-Trichy Main Road, Tholurpatti Village, Thottiam, Tiruchirappalli District 621215",TRICHIRAPPALLI,SELF FINANCING COLLEGES TIER 3,CS,COMPUTER SCIENCE AND ENGINEERING,152420,,,,,,,1,0,0,0,0,0,0
3850,"Vetri Vinayaha College of Engineering and Technology, Namakkal-Trichy Main Road, Tholurpatti Village, Thottiam, Tiruchirappalli District 621215",TRICHIRAPPALLI,SELF FINANCING COLLEGES TIER 3,EC,ELECTRONICS AND COMMUNICATION ENGINEERING,,,,,,,,0,0,0,0,0,0,0
3850,"Vetri Vinayaha College of Engineering and Technology, Namakkal-Trichy Main Road, Tholurpatti Village, Thottiam, Tiruchirappalli District 621215",TRICHIRAPPALLI,SELF FINANCING COLLEGES TIER 3,EE,ELECTRICAL AND ELECTRONICS ENGINEERING,,,,,,,,0,0,0,0,0,0,0
3850,"Vetri Vinayaha College of Engineering and Technology, Namakkal-Trichy Main Road, Tholurpatti Village, Thottiam, Tiruchirappalli District 621215",TRICHIRAPPALLI,SELF FINANCING COLLEGES TIER 3,ME,MECHANICAL ENGINEERING,,,,,,,,0,0,0,0,0,0,0
3852,"Sri Bharathi Engineering College for Women, Kaikkuruchi Village, Alangudi Taluk, Pudukkottai District 622303",PUDUKKOTTAI,SELF FINANCING COLLEGES TIER 3,CE,CIVIL  ENGINEERING,134620,,,,,,,1,0,0,0,0,0,0
3852,"Sri Bharathi Engineering College for Women, Kaikkuruchi Village, Alangudi Taluk, Pudukkottai District 622303",PUDUKKOTTAI,SELF FINANCING COLLEGES TIER 3,CS,COMPUTER SCIENCE AND ENGINEERING,108412,153625,135686,142904,153197,,,0,1,0,1,1,0,0
3852,"Sri Bharathi Engineering College for Women, Kaikkuruchi Village, Alangudi Taluk, Pudukkottai District 622303",PUDUKKOTTAI,SELF FINANCING COLLEGES TIER 3,EC,ELECTRONICS AND COMMUNICATION ENGINEERING,138129,,,147357,140590,,,0,0,0,1,1,0,0
3852,"Sri Bharathi Engineering College for Women, Kaikkuruchi Village, Alangudi Taluk, Pudukkottai District 622303",PUDUKKOTTAI,SELF FINANCING COLLEGES TIER 3,EE,ELECTRICAL AND ELECTRONICS ENGINEERING,139339,,,,,,,1,0,0,0,0,0,0
3854,"Mahath Amma Institute of Engineering and Technology (MIET), Ariyur, Annavasal Road, Illupur Taluk, Pudukkottai District 622101",PUDUKKOTTAI,SELF FINANCING COLLEGES TIER 3,CS,COMPUTER SCIENCE AND ENGINEERING,150283,152855,,155114,,,,0,1,0,1,0,0,0
3854,"Mahath Amma Institute of Engineering and Technology (MIET), Ariyur, Annavasal Road, Illupur Taluk, Pudukkottai District 622101",PUDUKKOTTAI,SELF FINANCING COLLEGES TIER 3,EE,ELECTRICAL AND ELECTRONICS ENGINEERING,154245,,,,,,,1,0,0,0,0,0,0
3854,"Mahath Amma Institute of Engineering and Technology (MIET), Ariyur, Annavasal Road, Illupur Taluk, Pudukkottai District 622101",PUDUKKOTTAI,SELF FINANCING COLLEGES TIER 3,ME,MECHANICAL ENGINEERING,143431,,,,,,,1,0,0,0,0,0,0
3855,"As-Salam College of Engineering and Technology, Thirumangalakudi, Aduthurai, Thiruvidaimaruthur, Thanjavur District 612102",THANJAVUR,SELF FINANCING COLLEGES TIER 3,CE,CIVIL  ENGINEERING,,,,,,,,0,0,0,0,0,0,0
3855,"As-Salam College of Engineering and Technology, Thirumangalakudi, Aduthurai, Thiruvidaimaruthur, Thanjavur District 612102",THANJAVUR,SELF FINANCING COLLEGES TIER 3,CS,COMPUTER SCIENCE AND ENGINEERING,133071,145498,,153879,154771,,,0,1,0,1,1,0,0
3855,"As-Salam College of Engineering and Technology, Thirumangalakudi, Aduthurai, Thiruvidaimaruthur, Thanjavur District 612102",THANJAVUR,SELF FINANCING COLLEGES TIER 3,EC,ELECTRONICS AND COMMUNICATION ENGINEERING,131366,,,,,,,1,0,0,0,0,0,0
3855,"As-Salam College of Engineering and Technology, Thirumangalakudi, Aduthurai, Thiruvidaimaruthur, Thanjavur District 612102",THANJAVUR,SELF FINANCING COLLEGES TIER 3,EE,ELECTRICAL AND ELECTRONICS ENGINEERING,,,,,,,,0,0,0,0,0,0,0
3855,"As-Salam College of Engineering and Technology, Thirumangalakudi, Aduthurai, Thiruvidaimaruthur, Thanjavur District 612102",THANJAVUR,SELF FINANCING COLLEGES TIER 3,ME,MECHANICAL ENGINEERING,151694,,,,,,,1,0,0,0,0,0,0
3857,"Meenakshi Ramaswamy Engineering College, Trichy Main Road,  Thathanur, Udayarpalayam, Ariyalur District 621804",ARIYALUR,SELF FINANCING COLLEGES TIER 3,CE,CIVIL  ENGINEERING,155551,,,,,,,1,0,0,0,0,0,0
3857,"Meenakshi Ramaswamy Engineering College, Trichy Main Road,  Thathanur, Udayarpalayam, Ariyalur District 621804",ARIYALUR,SELF FINANCING COLLEGES TIER 3,CS,COMPUTER SCIENCE AND ENGINEERING,128206,142296,,151219,153240,,,0,1,0,1,1,0,0
3857,"Meenakshi Ramaswamy Engineering College, Trichy Main Road,  Thathanur, Udayarpalayam, Ariyalur District 621804",ARIYALUR,SELF FINANCING COLLEGES TIER 3,EC,ELECTRONICS AND COMMUNICATION ENGINEERING,155198,,,,,,,1,0,0,0,0,0,0
3857,"Meenakshi Ramaswamy Engineering College, Trichy Main Road,  Thathanur, Udayarpalayam, Ariyalur District 621804",ARIYALUR,SELF FINANCING COLLEGES TIER 3,EE,ELECTRICAL AND ELECTRONICS ENGINEERING,155500,,,,,,,1,0,0,0,0,0,0
3857,"Meenakshi Ramaswamy Engineering College, Trichy Main Road,  Thathanur, Udayarpalayam, Ariyalur District 621804",ARIYALUR,SELF FINANCING COLLEGES TIER 3,ME,MECHANICAL ENGINEERING,155513,,,,,,,1,0,0,0,0,0,0
3859,"Sembodai Rukmani Varatharajan Engineering College, Sembodai Village, Vedaraniam, Nagappattinam District 614820",NAGAPATTINAM,SELF FINANCING COLLEGES TIER 3,CE,CIVIL  ENGINEERING,,,,,,,,0,0,0,0,0,0,0
3859,"Sembodai Rukmani Varatharajan Engineering College, Sembodai Village, Vedaraniam, Nagappattinam District 614820",NAGAPATTINAM,SELF FINANCING COLLEGES TIER 3,CS,COMPUTER SCIENCE AND ENGINEERING,143905,,,,,,,1,0,0,0,0,0,0
3859,"Sembodai Rukmani Varatharajan Engineering College, Sembodai Village, Vedaraniam, Nagappattinam District 614820",NAGAPATTINAM,SELF FINANCING COLLEGES TIER 3,EC,ELECTRONICS AND COMMUNICATION ENGINEERING,,,,,,,,0,0,0,0,0,0,0
3859,"Sembodai Rukmani Varatharajan Engineering College, Sembodai Village, Vedaraniam, Nagappattinam District 614820",NAGAPATTINAM,SELF FINANCING COLLEGES TIER 3,EE,ELECTRICAL AND ELECTRONICS ENGINEERING,,,,,,,,0,0,0,0,0,0,0
3859,"Sembodai Rukmani Varatharajan Engineering College, Sembodai Village, Vedaraniam, Nagappattinam District 614820",NAGAPATTINAM,SELF FINANCING COLLEGES TIER 3,ME,MECHANICAL ENGINEERING,,,,,,,,0,0,0,0,0,0,0
3860,"St. Anne's College of Engineering and Technology, Anguchettypalayam, Siruvathur Post, Panruti, Cuddalore District 607110",CUDDALORE,SELF FINANCING COLLEGES TIER 3,CS,COMPUTER SCIENCE AND ENGINEERING,115420,147238,142403,141394,155406,,,0,1,0,0,1,0,0
3860,"St. Anne's College of Engineering and Technology, Anguchettypalayam, Siruvathur Post, Panruti, Cuddalore District 607110",CUDDALORE,SELF FINANCING COLLEGES TIER 3,EC,ELECTRONICS AND COMMUNICATION ENGINEERING,137700,154410,,152629,154865,,,0,1,0,0,0,0,0
3860,"St. Anne's College of Engineering and Technology, Anguchettypalayam, Siruvathur Post, Panruti, Cuddalore District 607110",CUDDALORE,SELF FINANCING COLLEGES TIER 3,EE,ELECTRICAL AND ELECTRONICS ENGINEERING,155503,,,,,,,1,0,0,0,0,0,0
3860,"St. Anne's College of Engineering and Technology, Anguchettypalayam, Siruvathur Post, Panruti, Cuddalore District 607110",CUDDALORE,SELF FINANCING COLLEGES TIER 3,ME,MECHANICAL ENGINEERING,152138,,,,,,,1,0,0,0,0,0,0
3905,"Kings College of Engineering, Punalkulam, Pudukkottai District 613303",PUDUKKOTTAI,SELF FINANCING COLLEGES TIER 3,CE,CIVIL  ENGINEERING,155895,,,,,,,1,0,0,0,0,0,0
3905,"Kings College of Engineering, Punalkulam, Pudukkottai District 613303",PUDUKKOTTAI,SELF FINANCING COLLEGES TIER 3,CS,COMPUTER SCIENCE AND ENGINEERING,67738,129323,74207,118442,103198,,,0,0,0,0,1,0,0
3905,"Kings College of Engineering, Punalkulam, Pudukkottai District 613303",PUDUKKOTTAI,SELF FINANCING COLLEGES TIER 3,EC,ELECTRONICS AND COMMUNICATION ENGINEERING,107734,134782,124939,145802,138149,,,0,0,1,1,0,0,0
3905,"Kings College of Engineering, Punalkulam, Pudukkottai District 613303",PUDUKKOTTAI,SELF FINANCING COLLEGES TIER 3,EE,ELECTRICAL AND ELECTRONICS ENGINEERING,138769,147091,,152076,147663,,,0,1,0,1,1,0,0
3905,"Kings College of Engineering, Punalkulam, Pudukkottai District 613303",PUDUKKOTTAI,SELF FINANCING COLLEGES TIER 3,ME,MECHANICAL ENGINEERING,145642,155352,,148379,155344,,,0,1,0,1,1,0,0
3908,"Mount Zion College of Engineering and Technology, Pilivalam Post, Pudukkottai District 622507",PUDUKKOTTAI,SELF FINANCING COLLEGES TIER 3,CE,CIVIL  ENGINEERING,154627,,,,,,,1,0,0,0,0,0,0
3908,"Mount Zion College of Engineering and Technology, Pilivalam Post, Pudukkottai District 622507",PUDUKKOTTAI,SELF FINANCING COLLEGES TIER 3,CS,COMPUTER SCIENCE AND ENGINEERING,60350,92214,66455,98547,136293,,,0,0,0,0,0,0,0
3908,"Mount Zion College of Engineering and Technology, Pilivalam Post, Pudukkottai District 622507",PUDUKKOTTAI,SELF FINANCING COLLEGES TIER 3,EC,ELECTRONICS AND COMMUNICATION ENGINEERING,89587,106773,92831,133784,142412,,,0,0,0,1,1,0,0
3908,"Mount Zion College of Engineering and Technology, Pilivalam Post, Pudukkottai District 622507",PUDUKKOTTAI,SELF FINANCING COLLEGES TIER 3,EE,ELECTRICAL AND ELECTRONICS ENGINEERING,127541,151672,137413,153831,154727,,,0,1,1,1,1,0,0
3908,"Mount Zion College of Engineering and Technology, Pilivalam Post, Pudukkottai District 622507",PUDUKKOTTAI,SELF FINANCING COLLEGES TIER 3,ME,MECHANICAL ENGINEERING,154875,,,,,,,1,0,0,0,0,0,0
3918,"Shanmuganathan Engineering College, Pillivalam Post, Pudukkottai District 622507",PUDUKKOTTAI,SELF FINANCING COLLEGES TIER 3,CE,CIVIL  ENGINEERING,138526,,,,,,,1,0,0,0,0,0,0
3918,"Shanmuganathan Engineering College, Pillivalam Post, Pudukkottai District 622507",PUDUKKOTTAI,SELF FINANCING COLLEGES TIER 3,CS,COMPUTER SCIENCE AND ENGINEERING,100208,151255,100624,146590,150180,,,0,1,0,0,0,0,0
3918,"Shanmuganathan Engineering College, Pillivalam Post, Pudukkottai District 622507",PUDUKKOTTAI,SELF FINANCING COLLEGES TIER 3,EC,ELECTRONICS AND COMMUNICATION ENGINEERING,135366,144292,,151937,,,,0,1,0,1,0,0,0
3918,"Shanmuganathan Engineering College, Pillivalam Post, Pudukkottai District 622507",PUDUKKOTTAI,SELF FINANCING COLLEGES TIER 3,EE,ELECTRICAL AND ELECTRONICS ENGINEERING,142783,,,,,,,1,0,0,0,0,0,0
3918,"Shanmuganathan Engineering College, Pillivalam Post, Pudukkottai District 622507",PUDUKKOTTAI,SELF FINANCING COLLEGES TIER 3,ME,MECHANICAL ENGINEERING,155712,,,,,,,1,0,0,0,0,0,0
3920,"Sudharsan Engineering College, Sathiyamangalam Post, Pudukkottai District 622501",PUDUKKOTTAI,SELF FINANCING COLLEGES TIER 3,AD,ARTIFICIAL INTELLIGENCE AND DATA SCIENCE,138333,150050,,155181,153295,,,0,1,0,1,1,0,0
3920,"Sudharsan Engineering College, Sathiyamangalam Post, Pudukkottai District 622501",PUDUKKOTTAI,SELF FINANCING COLLEGES TIER 3,CE,CIVIL  ENGINEERING,151820,,,,,,,1,0,0,0,0,0,0
3920,"Sudharsan Engineering College, Sathiyamangalam Post, Pudukkottai District 622501",PUDUKKOTTAI,SELF FINANCING COLLEGES TIER 3,CS,COMPUTER SCIENCE AND ENGINEERING,131928,152399,,154629,154571,,,0,1,0,1,1,0,0
3920,"Sudharsan Engineering College, Sathiyamangalam Post, Pudukkottai District 622501",PUDUKKOTTAI,SELF FINANCING COLLEGES TIER 3,EC,ELECTRONICS AND COMMUNICATION ENGINEERING,156071,,,,,,,1,0,0,0,0,0,0
3920,"Sudharsan Engineering College, Sathiyamangalam Post, Pudukkottai District 622501",PUDUKKOTTAI,SELF FINANCING COLLEGES TIER 3,EE,ELECTRICAL AND ELECTRONICS ENGINEERING,154952,,,,,,,1,0,0,0,0,0,0
3920,"Sudharsan Engineering College, Sathiyamangalam Post, Pudukkottai District 622501",PUDUKKOTTAI,SELF FINANCING COLLEGES TIER 3,ME,MECHANICAL ENGINEERING,155123,,,,,,,1,0,0,0,0,0,0
3923,"M N S K College of Engineering, Vallathirakkottai Post, Pudukkottai District 622305",PUDUKKOTTAI,SELF FINANCING COLLEGES TIER 3,CE,CIVIL  ENGINEERING,,,,,,,,0,0,0,0,0,0,0
3923,"M N S K College of Engineering, Vallathirakkottai Post, Pudukkottai District 622305",PUDUKKOTTAI,SELF FINANCING COLLEGES TIER 3,CS,COMPUTER SCIENCE AND ENGINEERING,80871,,,,,,,1,0,0,0,0,0,0
3923,"M N S K College of Engineering, Vallathirakkottai Post, Pudukkottai District 622305",PUDUKKOTTAI,SELF FINANCING COLLEGES TIER 3,EC,ELECTRONICS AND COMMUNICATION ENGINEERING,,,,,,,,0,0,0,0,0,0,0
3923,"M N S K College of Engineering, Vallathirakkottai Post, Pudukkottai District 622305",PUDUKKOTTAI,SELF FINANCING COLLEGES TIER 3,EE,ELECTRICAL AND ELECTRONICS ENGINEERING,,,,,,,,0,0,0,0,0,0,0
3923,"M N S K College of Engineering, Vallathirakkottai Post, Pudukkottai District 622305",PUDUKKOTTAI,SELF FINANCING COLLEGES TIER 3,ME,MECHANICAL ENGINEERING,,,,,,,,0,0,0,0,0,0,0
3926,"Chendhuran College of Engineering and Technology, Madurai Road, Lenavilakku, Pilivalam Post, Pudukkottai - 622 507",PUDUKKOTTAI,SELF FINANCING COLLEGES TIER 3,CE,CIVIL  ENGINEERING,149909,,,,,,,1,0,0,0,0,0,0
3926,"Chendhuran College of Engineering and Technology, Madurai Road, Lenavilakku, Pilivalam Post, Pudukkottai - 622 507",PUDUKKOTTAI,SELF FINANCING COLLEGES TIER 3,CS,COMPUTER SCIENCE AND ENGINEERING,96334,130634,96465,149678,137515,,,0,0,0,0,1,0,0
3926,"Chendhuran College of Engineering and Technology, Madurai Road, Lenavilakku, Pilivalam Post, Pudukkottai - 622 507",PUDUKKOTTAI,SELF FINANCING COLLEGES TIER 3,EC,ELECTRONICS AND COMMUNICATION ENGINEERING,140165,149011,,,152588,142503,,0,1,0,0,1,1,0
3926,"Chendhuran College of Engineering and Technology, Madurai Road, Lenavilakku, Pilivalam Post, Pudukkottai - 622 507",PUDUKKOTTAI,SELF FINANCING COLLEGES TIER 3,EE,ELECTRICAL AND ELECTRONICS ENGINEERING,149957,,,,,,,1,0,0,0,0,0,0
3926,"Chendhuran College of Engineering and Technology, Madurai Road, Lenavilakku, Pilivalam Post, Pudukkottai - 622 507",PUDUKKOTTAI,SELF FINANCING COLLEGES TIER 3,ME,MECHANICAL ENGINEERING,153467,,,,,,,1,0,0,0,0,0,0
4669,"Thamirabharani Engineering College, Chathirampudukulam Village, Thatchanallur, Tirunelveli District 627358",TIRUNELVELI,SELF FINANCING COLLEGES TIER 3,CE,CIVIL  ENGINEERING,156209,,,,,,,0,0,0,0,0,0,0
4669,"Thamirabharani Engineering College, Chathirampudukulam Village, Thatchanallur, Tirunelveli District 627358",TIRUNELVELI,SELF FINANCING COLLEGES TIER 3,CS,COMPUTER SCIENCE AND ENGINEERING,146159,155296,154202,,,,,0,1,1,0,0,0,0
4669,"Thamirabharani Engineering College, Chathirampudukulam Village, Thatchanallur, Tirunelveli District 627358",TIRUNELVELI,SELF FINANCING COLLEGES TIER 3,EC,ELECTRONICS AND COMMUNICATION ENGINEERING,123850,151324,139237,151953,,,,0,1,1,1,0,0,0
4669,"Thamirabharani Engineering College, Chathirampudukulam Village, Thatchanallur, Tirunelveli District 627358",TIRUNELVELI,SELF FINANCING COLLEGES TIER 3,EE,ELECTRICAL AND ELECTRONICS ENGINEERING,151543,,,,156240,,,0,0,0,0,1,0,0
4669,"Thamirabharani Engineering College, Chathirampudukulam Village, Thatchanallur, Tirunelveli District 627358",TIRUNELVELI,SELF FINANCING COLLEGES TIER 3,ME,MECHANICAL ENGINEERING,144458,155019,,148853,155760,,,0,1,0,1,1,0,0
4670,"Rohini College of Engineering & Technology, Anjugramam-Kanyakumari Main Road, Palkulam, Variyoor Post, Kanyakumari District 629401",KANYAKUMARI,SELF FINANCING COLLEGES TIER 3,AG,AGRICULTURAL ENGINEERING,89098,153538,116330,136294,144579,,,0,0,1,1,1,0,0
4670,"Rohini College of Engineering & Technology, Anjugramam-Kanyakumari Main Road, Palkulam, Variyoor Post, Kanyakumari District 629401",KANYAKUMARI,SELF FINANCING COLLEGES TIER 3,BM,BIO MEDICAL ENGINEERING,77913,133173,147106,,,,,0,0,0,0,0,0,0
4670,"Rohini College of Engineering & Technology, Anjugramam-Kanyakumari Main Road, Palkulam, Variyoor Post, Kanyakumari District 629401",KANYAKUMARI,SELF FINANCING COLLEGES TIER 3,CE,CIVIL  ENGINEERING,115846,151385,,,142847,,,0,0,0,0,1,0,0
4670,"Rohini College of Engineering & Technology, Anjugramam-Kanyakumari Main Road, Palkulam, Variyoor Post, Kanyakumari District 629401",KANYAKUMARI,SELF FINANCING COLLEGES TIER 3,CS,COMPUTER SCIENCE AND ENGINEERING,57201,90919,76107,146134,107545,,,0,0,0,1,1,0,0
4670,"Rohini College of Engineering & Technology, Anjugramam-Kanyakumari Main Road, Palkulam, Variyoor Post, Kanyakumari District 629401",KANYAKUMARI,SELF FINANCING COLLEGES TIER 3,EC,ELECTRONICS AND COMMUNICATION ENGINEERING,72747,101919,82764,80561,74737,,,0,0,0,1,1,0,0
4670,"Rohini College of Engineering & Technology, Anjugramam-Kanyakumari Main Road, Palkulam, Variyoor Post, Kanyakumari District 629401",KANYAKUMARI,SELF FINANCING COLLEGES TIER 3,EE,ELECTRICAL AND ELECTRONICS ENGINEERING,106816,145872,137814,146210,,,,0,0,1,1,0,0,0
4670,"Rohini College of Engineering & Technology, Anjugramam-Kanyakumari Main Road, Palkulam, Variyoor Post, Kanyakumari District 629401",KANYAKUMARI,SELF FINANCING COLLEGES TIER 3,ME,MECHANICAL ENGINEERING,123207,144167,152148,152425,,,,0,0,1,1,0,0,0
4672,"Stella Mary's College of Engineering, Arunthengan Vilai, Azhikal Post, Kanyakumari District 629202",KANYAKUMARI,SELF FINANCING COLLEGES TIER 3,CE,CIVIL  ENGINEERING,140358,156057,,,,,,0,1,0,0,0,0,0
4672,"Stella Mary's College of Engineering, Arunthengan Vilai, Azhikal Post, Kanyakumari District 629202",KANYAKUMARI,SELF FINANCING COLLEGES TIER 3,CS,COMPUTER SCIENCE AND ENGINEERING,89828,104136,134911,140706,99722,130446,,0,0,0,1,1,1,0
4672,"Stella Mary's College of Engineering, Arunthengan Vilai, Azhikal Post, Kanyakumari District 629202",KANYAKUMARI,SELF FINANCING COLLEGES TIER 3,EC,ELECTRONICS AND COMMUNICATION ENGINEERING,107624,134287,,155623,,141761,,0,1,0,1,0,0,0
4672,"Stella Mary's College of Engineering, Arunthengan Vilai, Azhikal Post, Kanyakumari District 629202",KANYAKUMARI,SELF FINANCING COLLEGES TIER 3,EE,ELECTRICAL AND ELECTRONICS ENGINEERING,137416,153627,,151843,153734,,,0,0,0,1,1,0,0
4672,"Stella Mary's College of Engineering, Arunthengan Vilai, Azhikal Post, Kanyakumari District 629202",KANYAKUMARI,SELF FINANCING COLLEGES TIER 3,ME,MECHANICAL ENGINEERING,137571,155892,138843,,,,,0,0,1,0,0,0,0
4675,"Universal College of Engineering and Technology, Anbagam Campus, Radhapuram Road, Vallioor, Tirunelveli District 627117",TIRUNELVELI,SELF FINANCING COLLEGES TIER 3,CE,CIVIL  ENGINEERING,,,,,,,,0,0,0,0,0,0,0
4675,"Universal College of Engineering and Technology, Anbagam Campus, Radhapuram Road, Vallioor, Tirunelveli District 627117",TIRUNELVELI,SELF FINANCING COLLEGES TIER 3,CS,COMPUTER SCIENCE AND ENGINEERING,123869,153778,126909,153491,155045,,,0,1,1,1,1,0,0
4675,"Universal College of Engineering and Technology, Anbagam Campus, Radhapuram Road, Vallioor, Tirunelveli District 627117",TIRUNELVELI,SELF FINANCING COLLEGES TIER 3,EC,ELECTRONICS AND COMMUNICATION ENGINEERING,148703,154588,,153977,,150097,,0,1,0,1,0,1,0
4675,"Universal College of Engineering and Technology, Anbagam Campus, Radhapuram Road, Vallioor, Tirunelveli District 627117",TIRUNELVELI,SELF FINANCING COLLEGES TIER 3,EE,ELECTRICAL AND ELECTRONICS ENGINEERING,144623,,,,,,,1,0,0,0,0,0,0
4675,"Universal College of Engineering and Technology, Anbagam Campus, Radhapuram Road, Vallioor, Tirunelveli District 627117",TIRUNELVELI,SELF FINANCING COLLEGES TIER 3,ME,MECHANICAL ENGINEERING,154470,,,,,,,1,0,0,0,0,0,0
4676,"Renganayagi Varatharaj College of Engineering, Salvarpatti, Sivakasi, Virudhunagar District 626128",VIRUDHUNAGAR,SELF FINANCING COLLEGES TIER 3,CS,COMPUTER SCIENCE AND ENGINEERING,123225,146690,,153464,144917,134559,,0,1,0,1,1,1,0
4676,"Renganayagi Varatharaj College of Engineering, Salvarpatti, Sivakasi, Virudhunagar District 626128",VIRUDHUNAGAR,SELF FINANCING COLLEGES TIER 3,EC,ELECTRONICS AND COMMUNICATION ENGINEERING,132592,153231,,151138,154084,,,0,1,0,1,1,0,0
4676,"Renganayagi Varatharaj College of Engineering, Salvarpatti, Sivakasi, Virudhunagar District 626128",VIRUDHUNAGAR,SELF FINANCING COLLEGES TIER 3,EE,ELECTRICAL AND ELECTRONICS ENGINEERING,156179,,,,,,,1,0,0,0,0,0,0
4676,"Renganayagi Varatharaj College of Engineering, Salvarpatti, Sivakasi, Virudhunagar District 626128",VIRUDHUNAGAR,SELF FINANCING COLLEGES TIER 3,ME,MECHANICAL ENGINEERING,154369,,,,,,,1,0,0,0,0,0,0
4677,"Lourdes Mount College of Engineering and Technology, Marthandam-Karungal Road, Chundavilai, Mullanganavilai, Nattalam Post, Kanyakumari District 629195",KANYAKUMARI,SELF FINANCING COLLEGES TIER 3,CE,CIVIL  ENGINEERING,,,,,,,,0,0,0,0,0,0,0
4677,"Lourdes Mount College of Engineering and Technology, Marthandam-Karungal Road, Chundavilai, Mullanganavilai, Nattalam Post, Kanyakumari District 629195",KANYAKUMARI,SELF FINANCING COLLEGES TIER 3,CS,COMPUTER SCIENCE AND ENGINEERING,140311,156184,146791,,,,,0,1,1,0,0,0,0
4677,"Lourdes Mount College of Engineering and Technology, Marthandam-Karungal Road, Chundavilai, Mullanganavilai, Nattalam Post, Kanyakumari District 629195",KANYAKUMARI,SELF FINANCING COLLEGES TIER 3,EC,ELECTRONICS AND COMMUNICATION ENGINEERING,91995,,,,,,,1,0,0,0,0,0,0
4677,"Lourdes Mount College of Engineering and Technology, Marthandam-Karungal Road, Chundavilai, Mullanganavilai, Nattalam Post, Kanyakumari District 629195",KANYAKUMARI,SELF FINANCING COLLEGES TIER 3,EE,ELECTRICAL AND ELECTRONICS ENGINEERING,,,,,,,,0,0,0,0,0,0,0
4677,"Lourdes Mount College of Engineering and Technology, Marthandam-Karungal Road, Chundavilai, Mullanganavilai, Nattalam Post, Kanyakumari District 629195",KANYAKUMARI,SELF FINANCING COLLEGES TIER 3,ME,MECHANICAL ENGINEERING,,,,,,,,0,0,0,0,0,0,0
4678,"Ramco Institute of Technology, North venganallur Village, Krishnapuram Panchayat, Rajapalayam, Virudhunagar District 626117",VIRUDHUNAGAR,SELF FINANCING COLLEGES TIER 3,AD,ARTIFICIAL INTELLIGENCE AND DATA SCIENCE,53746,78683,126905,99510,114679,,,0,0,0,0,1,0,0
4678,"Ramco Institute of Technology, North venganallur Village, Krishnapuram Panchayat, Rajapalayam, Virudhunagar District 626117",VIRUDHUNAGAR,SELF FINANCING COLLEGES TIER 3,CB,COMPUTER SCIENCE AND BUSSINESS SYSTEM,62134,83383,76339,102576,90809,,,0,0,0,0,1,0,0
4678,"Ramco Institute of Technology, North venganallur Village, Krishnapuram Panchayat, Rajapalayam, Virudhunagar District 626117",VIRUDHUNAGAR,SELF FINANCING COLLEGES TIER 3,CE,CIVIL  ENGINEERING,94627,131137,116955,155281,128047,,,0,1,0,1,1,0,0
4678,"Ramco Institute of Technology, North venganallur Village, Krishnapuram Panchayat, Rajapalayam, Virudhunagar District 626117",VIRUDHUNAGAR,SELF FINANCING COLLEGES TIER 3,CS,COMPUTER SCIENCE AND ENGINEERING,32695,52202,65084,60708,133031,,120015,0,0,0,0,1,0,0
4678,"Ramco Institute of Technology, North venganallur Village, Krishnapuram Panchayat, Rajapalayam, Virudhunagar District 626117",VIRUDHUNAGAR,SELF FINANCING COLLEGES TIER 3,EC,ELECTRONICS AND COMMUNICATION ENGINEERING,55238,74205,101297,88744,,,,0,0,0,0,0,0,0
4678,"Ramco Institute of Technology, North venganallur Village, Krishnapuram Panchayat, Rajapalayam, Virudhunagar District 626117",VIRUDHUNAGAR,SELF FINANCING COLLEGES TIER 3,EE,ELECTRICAL AND ELECTRONICS ENGINEERING,74272,117067,,108420,118248,,,0,0,0,0,1,0,0
4678,"Ramco Institute of Technology, North venganallur Village, Krishnapuram Panchayat, Rajapalayam, Virudhunagar District 626117",VIRUDHUNAGAR,SELF FINANCING COLLEGES TIER 3,IT,INFORMATION TECHNOLOGY,43233,63163,55767,68984,,,,0,0,0,0,0,0,0
4678,"Ramco Institute of Technology, North venganallur Village, Krishnapuram Panchayat, Rajapalayam, Virudhunagar District 626117",VIRUDHUNAGAR,SELF FINANCING COLLEGES TIER 3,ME,MECHANICAL ENGINEERING,107317,138388,,154095,,,,0,1,0,1,0,0,0
4680,"AAA College of Engineering and Technology, Kamarajar Educational Road, Amathur Village, Sivakasi, Virudhunagar District 626005",VIRUDHUNAGAR,SELF FINANCING COLLEGES TIER 3,CE,CIVIL  ENGINEERING,132070,134147,,,150332,,,0,1,0,0,1,0,0
4680,"AAA College of Engineering and Technology, Kamarajar Educational Road, Amathur Village, Sivakasi, Virudhunagar District 626005",VIRUDHUNAGAR,SELF FINANCING COLLEGES TIER 3,CS,COMPUTER SCIENCE AND ENGINEERING,44235,61060,53328,77558,141335,119755,,0,0,0,0,1,0,0
4680,"AAA College of Engineering and Technology, Kamarajar Educational Road, Amathur Village, Sivakasi, Virudhunagar District 626005",VIRUDHUNAGAR,SELF FINANCING COLLEGES TIER 3,EC,ELECTRONICS AND COMMUNICATION ENGINEERING,56692,79415,,94018,141301,75466,93561,0,0,0,0,1,0,0
4680,"AAA College of Engineering and Technology, Kamarajar Educational Road, Amathur Village, Sivakasi, Virudhunagar District 626005",VIRUDHUNAGAR,SELF FINANCING COLLEGES TIER 3,EE,ELECTRICAL AND ELECTRONICS ENGINEERING,92131,119967,,153860,155983,,,0,0,0,0,1,0,0
4680,"AAA College of Engineering and Technology, Kamarajar Educational Road, Amathur Village, Sivakasi, Virudhunagar District 626005",VIRUDHUNAGAR,SELF FINANCING COLLEGES TIER 3,ME,MECHANICAL ENGINEERING,118351,154118,132031,142588,128614,,,0,1,0,1,1,0,0
4686,"Good Shepherd College of Engineering and Technology, Maruthamparai, Kanyakumari District 629101",KANYAKUMARI,SELF FINANCING COLLEGES TIER 3,CE,CIVIL  ENGINEERING,148145,,,,,,,1,0,0,0,0,0,0
4686,"Good Shepherd College of Engineering and Technology, Maruthamparai, Kanyakumari District 629101",KANYAKUMARI,SELF FINANCING COLLEGES TIER 3,CS,COMPUTER SCIENCE AND ENGINEERING,137213,151102,,144090,,,,0,1,0,1,0,0,0
4686,"Good Shepherd College of Engineering and Technology, Maruthamparai, Kanyakumari District 629101",KANYAKUMARI,SELF FINANCING COLLEGES TIER 3,EC,ELECTRONICS AND COMMUNICATION ENGINEERING,153410,,,,,,,1,0,0,0,0,0,0
4686,"Good Shepherd College of Engineering and Technology, Maruthamparai, Kanyakumari District 629101",KANYAKUMARI,SELF FINANCING COLLEGES TIER 3,ME,MECHANICAL ENGINEERING,155641,,,,,,,1,0,0,0,0,0,0
4864,"V V College of Engineering, Arasoor Village, Idaichivilai Post, Santhakulam Taluk, Thoothukudi District 628656",TUTICORIN,SELF FINANCING COLLEGES TIER 3,CE,CIVIL  ENGINEERING,142089,,,,,,,1,0,0,0,0,0,0
4864,"V V College of Engineering, Arasoor Village, Idaichivilai Post, Santhakulam Taluk, Thoothukudi District 628656",TUTICORIN,SELF FINANCING COLLEGES TIER 3,CS,COMPUTER SCIENCE AND ENGINEERING,62784,92146,121458,111172,140970,,,0,0,0,1,1,0,0
4864,"V V College of Engineering, Arasoor Village, Idaichivilai Post, Santhakulam Taluk, Thoothukudi District 628656",TUTICORIN,SELF FINANCING COLLEGES TIER 3,EC,ELECTRONICS AND COMMUNICATION ENGINEERING,97630,123756,154740,,139080,,,0,0,1,0,1,0,0
4864,"V V College of Engineering, Arasoor Village, Idaichivilai Post, Santhakulam Taluk, Thoothukudi District 628656",TUTICORIN,SELF FINANCING COLLEGES TIER 3,EE,ELECTRICAL AND ELECTRONICS ENGINEERING,151362,,,,,,,0,0,0,0,0,0,0
4864,"V V College of Engineering, Arasoor Village, Idaichivilai Post, Santhakulam Taluk, Thoothukudi District 628656",TUTICORIN,SELF FINANCING COLLEGES TIER 3,ME,MECHANICAL ENGINEERING,151862,155145,,154616,,,,0,1,0,1,0,0,0
4917,"Sethu Institute of Technology (Autonomous), Kariapatti Post, Virudhunagar District 626115",VIRUDHUNAGAR,SELF FINANCING COLLEGES TIER 2,AD,ARTIFICIAL INTELLIGENCE AND DATA SCIENCE,66841,83384,79773,117819,,88467,,0,0,0,0,0,0,0
4917,"Sethu Institute of Technology (Autonomous), Kariapatti Post, Virudhunagar District 626115",VIRUDHUNAGAR,SELF FINANCING COLLEGES TIER 2,AG,AGRICULTURAL ENGINEERING,123459,144855,154504,134855,,,,0,1,1,1,0,0,0
4917,"Sethu Institute of Technology (Autonomous), Kariapatti Post, Virudhunagar District 626115",VIRUDHUNAGAR,SELF FINANCING COLLEGES TIER 2,AM,COMPUTER SCIENCE AND ENGINEERING (ARTIFICIAL INTELLIGENCE AND MACHINE LEARNING),67467,82397,74370,101845,84696,,,0,0,0,0,1,0,0
4917,"Sethu Institute of Technology (Autonomous), Kariapatti Post, Virudhunagar District 626115",VIRUDHUNAGAR,SELF FINANCING COLLEGES TIER 2,BM,BIO MEDICAL ENGINEERING,68523,102393,111003,131110,95710,,,0,0,0,1,1,0,0
4917,"Sethu Institute of Technology (Autonomous), Kariapatti Post, Virudhunagar District 626115",VIRUDHUNAGAR,SELF FINANCING COLLEGES TIER 2,BT,BIO TECHNOLOGY,90808,150806,100803,138961,148158,,,0,0,0,1,1,0,0
4917,"Sethu Institute of Technology (Autonomous), Kariapatti Post, Virudhunagar District 626115",VIRUDHUNAGAR,SELF FINANCING COLLEGES TIER 2,CB,COMPUTER SCIENCE AND BUSSINESS SYSTEM,73651,83999,101924,128652,89769,,,0,0,0,0,1,0,0
4917,"Sethu Institute of Technology (Autonomous), Kariapatti Post, Virudhunagar District 626115",VIRUDHUNAGAR,SELF FINANCING COLLEGES TIER 2,CD,COMPUTER SCIENCE AND DESIGN,78703,91669,95128,116523,,,,0,0,0,1,0,0,0
4917,"Sethu Institute of Technology (Autonomous), Kariapatti Post, Virudhunagar District 626115",VIRUDHUNAGAR,SELF FINANCING COLLEGES TIER 2,CE,CIVIL  ENGINEERING,121577,149963,146195,142789,140304,,,0,1,0,1,1,0,0
4917,"Sethu Institute of Technology (Autonomous), Kariapatti Post, Virudhunagar District 626115",VIRUDHUNAGAR,SELF FINANCING COLLEGES TIER 2,CS,COMPUTER SCIENCE AND ENGINEERING,48757,69283,57228,116098,127622,148884,,0,0,0,0,1,0,0
4917,"Sethu Institute of Technology (Autonomous), Kariapatti Post, Virudhunagar District 626115",VIRUDHUNAGAR,SELF FINANCING COLLEGES TIER 2,EC,ELECTRONICS AND COMMUNICATION ENGINEERING,69192,88852,79311,146854,152642,115257,,0,0,0,1,1,1,0
4917,"Sethu Institute of Technology (Autonomous), Kariapatti Post, Virudhunagar District 626115",VIRUDHUNAGAR,SELF FINANCING COLLEGES TIER 2,EE,ELECTRICAL AND ELECTRONICS ENGINEERING,94957,120382,112605,145265,152160,,154682,0,0,0,1,1,0,0
4917,"Sethu Institute of Technology (Autonomous), Kariapatti Post, Virudhunagar District 626115",VIRUDHUNAGAR,SELF FINANCING COLLEGES TIER 2,IT,INFORMATION TECHNOLOGY,58490,75859,64503,112997,150881,,,0,0,0,0,1,0,0
4917,"Sethu Institute of Technology (Autonomous), Kariapatti Post, Virudhunagar District 626115",VIRUDHUNAGAR,SELF FINANCING COLLEGES TIER 2,ME,MECHANICAL ENGINEERING,113311,156231,142549,151264,122814,,,0,1,0,1,1,0,0
4925,"Sun College of Engineering and Technology, Ammandivilai & Post, Kanyakumari District - 629204",KANYAKUMARI,SELF FINANCING COLLEGES TIER 3,AD,ARTIFICIAL INTELLIGENCE AND DATA SCIENCE,49996,,,,,,,1,0,0,0,0,0,0
4925,"Sun College of Engineering and Technology, Ammandivilai & Post, Kanyakumari District - 629204",KANYAKUMARI,SELF FINANCING COLLEGES TIER 3,MD,MEDICAL ELECTRONICS ENGINEERING,,,,,,,,0,0,0,0,0,0,0
4925,"Sun College of Engineering and Technology, Ammandivilai & Post, Kanyakumari District - 629204",KANYAKUMARI,SELF FINANCING COLLEGES TIER 3,PC,PETRO CHEMICAL TECHNOLOGY,,,,,,,,0,0,0,0,0,0,0
4925,"Sun College of Engineering and Technology, Ammandivilai & Post, Kanyakumari District - 629204",KANYAKUMARI,SELF FINANCING COLLEGES TIER 3,PH,PHARMACEUTICAL TECHNOLOGY,144505,,,,,,,1,0,0,0,0,0,0
4927,"Maria College of Engineering and Technology, Attoor Puliyamoodu Junction, Thiruvattar Post, Kanyakumari District 629177",KANYAKUMARI,SELF FINANCING COLLEGES TIER 3,AU,AUTOMOBILE ENGINEERING,,,,,,,,0,0,0,0,0,0,0
4927,"Maria College of Engineering and Technology, Attoor Puliyamoodu Junction, Thiruvattar Post, Kanyakumari District 629177",KANYAKUMARI,SELF FINANCING COLLEGES TIER 3,CE,CIVIL  ENGINEERING,147665,,,,,,,1,0,0,0,0,0,0
4927,"Maria College of Engineering and Technology, Attoor Puliyamoodu Junction, Thiruvattar Post, Kanyakumari District 629177",KANYAKUMARI,SELF FINANCING COLLEGES TIER 3,CS,COMPUTER SCIENCE AND ENGINEERING,150765,,,,,,,0,0,0,0,0,0,0
4927,"Maria College of Engineering and Technology, Attoor Puliyamoodu Junction, Thiruvattar Post, Kanyakumari District 629177",KANYAKUMARI,SELF FINANCING COLLEGES TIER 3,EC,ELECTRONICS AND COMMUNICATION ENGINEERING,,,,,,,,0,0,0,0,0,0,0
4927,"Maria College of Engineering and Technology, Attoor Puliyamoodu Junction, Thiruvattar Post, Kanyakumari District 629177",KANYAKUMARI,SELF FINANCING COLLEGES TIER 3,EE,ELECTRICAL AND ELECTRONICS ENGINEERING,,,,,,,,0,0,0,0,0,0,0
4927,"Maria College of Engineering and Technology, Attoor Puliyamoodu Junction, Thiruvattar Post, Kanyakumari District 629177",KANYAKUMARI,SELF FINANCING COLLEGES TIER 3,ME,MECHANICAL ENGINEERING,150098,,,,,,,1,0,0,0,0,0,0
4928,"MAR Ephraem College of Engineering & Technology, Malankara Hills, Elavuvillai, Marthandam, Kanyakumari District 629171",KANYAKUMARI,SELF FINANCING COLLEGES TIER 3,AD,ARTIFICIAL INTELLIGENCE AND DATA SCIENCE,109191,135604,139552,146481,151665,,,0,0,0,1,1,0,0
4928,"MAR Ephraem College of Engineering & Technology, Malankara Hills, Elavuvillai, Marthandam, Kanyakumari District 629171",KANYAKUMARI,SELF FINANCING COLLEGES TIER 3,CE,CIVIL  ENGINEERING,148453,,,,,,,1,0,0,0,0,0,0
4928,"MAR Ephraem College of Engineering & Technology, Malankara Hills, Elavuvillai, Marthandam, Kanyakumari District 629171",KANYAKUMARI,SELF FINANCING COLLEGES TIER 3,CS,COMPUTER SCIENCE AND ENGINEERING,70018,113363,100698,129421,150667,,,0,0,0,1,1,0,0
4928,"MAR Ephraem College of Engineering & Technology, Malankara Hills, Elavuvillai, Marthandam, Kanyakumari District 629171",KANYAKUMARI,SELF FINANCING COLLEGES TIER 3,EC,ELECTRONICS AND COMMUNICATION ENGINEERING,105375,137675,,,,,,0,0,0,0,0,0,0
4928,"MAR Ephraem College of Engineering & Technology, Malankara Hills, Elavuvillai, Marthandam, Kanyakumari District 629171",KANYAKUMARI,SELF FINANCING COLLEGES TIER 3,EE,ELECTRICAL AND ELECTRONICS ENGINEERING,155561,,,,,,,0,0,0,0,0,0,0
4928,"MAR Ephraem College of Engineering & Technology, Malankara Hills, Elavuvillai, Marthandam, Kanyakumari District 629171",KANYAKUMARI,SELF FINANCING COLLEGES TIER 3,ME,MECHANICAL ENGINEERING,151193,154342,,,,,,0,1,0,0,0,0,0
4929,"M E T Engineering College, Mogals Garden, Thovalai Village, Aralvaimozhi Town Panchayat, Thovalai, Kanyakumari District 629304",KANYAKUMARI,SELF FINANCING COLLEGES TIER 3,CE,CIVIL  ENGINEERING,150649,,,,,,,1,0,0,0,0,0,0
4929,"M E T Engineering College, Mogals Garden, Thovalai Village, Aralvaimozhi Town Panchayat, Thovalai, Kanyakumari District 629304",KANYAKUMARI,SELF FINANCING COLLEGES TIER 3,CS,COMPUTER SCIENCE AND ENGINEERING,118775,150100,150088,151673,152123,,,0,1,0,1,0,0,0
4929,"M E T Engineering College, Mogals Garden, Thovalai Village, Aralvaimozhi Town Panchayat, Thovalai, Kanyakumari District 629304",KANYAKUMARI,SELF FINANCING COLLEGES TIER 3,EC,ELECTRONICS AND COMMUNICATION ENGINEERING,146531,154375,148456,,153416,,,0,1,1,0,1,0,0
4929,"M E T Engineering College, Mogals Garden, Thovalai Village, Aralvaimozhi Town Panchayat, Thovalai, Kanyakumari District 629304",KANYAKUMARI,SELF FINANCING COLLEGES TIER 3,EE,ELECTRICAL AND ELECTRONICS ENGINEERING,154425,,,,,,,1,0,0,0,0,0,0
4929,"M E T Engineering College, Mogals Garden, Thovalai Village, Aralvaimozhi Town Panchayat, Thovalai, Kanyakumari District 629304",KANYAKUMARI,SELF FINANCING COLLEGES TIER 3,ME,MECHANICAL ENGINEERING,154288,,,,,,,1,0,0,0,0,0,0
4931,"Grace College of Engineering, Chandy Nagar, Mullakkadu, Thoothukudi District 628005",TUTICORIN,SELF FINANCING COLLEGES TIER 3,AD,ARTIFICIAL INTELLIGENCE AND DATA SCIENCE,90598,143145,,154176,107945,,,0,0,0,1,1,0,0
4931,"Grace College of Engineering, Chandy Nagar, Mullakkadu, Thoothukudi District 628005",TUTICORIN,SELF FINANCING COLLEGES TIER 3,CE,CIVIL  ENGINEERING,145459,,,,,,,1,0,0,0,0,0,0
4931,"Grace College of Engineering, Chandy Nagar, Mullakkadu, Thoothukudi District 628005",TUTICORIN,SELF FINANCING COLLEGES TIER 3,CS,COMPUTER SCIENCE AND ENGINEERING,94159,155845,115669,142292,152808,,,0,1,1,1,1,0,0
4931,"Grace College of Engineering, Chandy Nagar, Mullakkadu, Thoothukudi District 628005",TUTICORIN,SELF FINANCING COLLEGES TIER 3,EC,ELECTRONICS AND COMMUNICATION ENGINEERING,97189,132228,,148421,151069,,,0,0,0,1,1,0,0
4931,"Grace College of Engineering, Chandy Nagar, Mullakkadu, Thoothukudi District 628005",TUTICORIN,SELF FINANCING COLLEGES TIER 3,EE,ELECTRICAL AND ELECTRONICS ENGINEERING,137181,151158,,140435,153281,,,0,1,0,1,1,0,0
4931,"Grace College of Engineering, Chandy Nagar, Mullakkadu, Thoothukudi District 628005",TUTICORIN,SELF FINANCING COLLEGES TIER 3,ME,MECHANICAL ENGINEERING,146196,,,153212,,,,0,0,0,1,0,0,0
4932,"Immanuel Arasar J.J. College of Engineering, Edavilagam, Nattalam, Marthandam, Kanyakumari-629165",KANYAKUMARI,SELF FINANCING COLLEGES TIER 3,AE,AERONAUTICAL ENGINEERING,,,,,,,,0,0,0,0,0,0,0
4932,"Immanuel Arasar J.J. College of Engineering, Edavilagam, Nattalam, Marthandam, Kanyakumari-629165",KANYAKUMARI,SELF FINANCING COLLEGES TIER 3,CE,CIVIL  ENGINEERING,,,,,,,,0,0,0,0,0,0,0
4932,"Immanuel Arasar J.J. College of Engineering, Edavilagam, Nattalam, Marthandam, Kanyakumari-629165",KANYAKUMARI,SELF FINANCING COLLEGES TIER 3,CS,COMPUTER SCIENCE AND ENGINEERING,83247,,,,,,,1,0,0,0,0,0,0
4932,"Immanuel Arasar J.J. College of Engineering, Edavilagam, Nattalam, Marthandam, Kanyakumari-629165",KANYAKUMARI,SELF FINANCING COLLEGES TIER 3,EC,ELECTRONICS AND COMMUNICATION ENGINEERING,,,,,,,,0,0,0,0,0,0,0
4932,"Immanuel Arasar J.J. College of Engineering, Edavilagam, Nattalam, Marthandam, Kanyakumari-629165",KANYAKUMARI,SELF FINANCING COLLEGES TIER 3,EE,ELECTRICAL AND ELECTRONICS ENGINEERING,,,,,,,,0,0,0,0,0,0,0
4932,"Immanuel Arasar J.J. College of Engineering, Edavilagam, Nattalam, Marthandam, Kanyakumari-629165",KANYAKUMARI,SELF FINANCING COLLEGES TIER 3,IT,INFORMATION TECHNOLOGY,,,,,,,,0,0,0,0,0,0,0
4932,"Immanuel Arasar J.J. College of Engineering, Edavilagam, Nattalam, Marthandam, Kanyakumari-629165",KANYAKUMARI,SELF FINANCING COLLEGES TIER 3,ME,MECHANICAL ENGINEERING,,,,,,,,0,0,0,0,0,0,0
4933,"St. Mother Theresa Engineering College, Vagaikulam, Thoothukudi District 628102",TUTICORIN,SELF FINANCING COLLEGES TIER 3,CS,COMPUTER SCIENCE AND ENGINEERING,120993,155851,139051,155225,154416,146007,,0,1,1,1,1,1,0
4933,"St. Mother Theresa Engineering College, Vagaikulam, Thoothukudi District 628102",TUTICORIN,SELF FINANCING COLLEGES TIER 3,EC,ELECTRONICS AND COMMUNICATION ENGINEERING,149148,,,,,,,1,0,0,0,0,0,0
4933,"St. Mother Theresa Engineering College, Vagaikulam, Thoothukudi District 628102",TUTICORIN,SELF FINANCING COLLEGES TIER 3,EE,ELECTRICAL AND ELECTRONICS ENGINEERING,155809,,,,,,,1,0,0,0,0,0,0
4933,"St. Mother Theresa Engineering College, Vagaikulam, Thoothukudi District 628102",TUTICORIN,SELF FINANCING COLLEGES TIER 3,ME,MECHANICAL ENGINEERING,152397,,,,,,,1,0,0,0,0,0,0
4934,"Holy Cross Engineering College, Vagaikulam, Sri Mulakarai, Srivaikuntam,  Thoothukudi District 628851",TUTICORIN,SELF FINANCING COLLEGES TIER 3,BM,BIO MEDICAL ENGINEERING,100410,139602,,132907,126561,,,0,0,0,1,0,0,0
4934,"Holy Cross Engineering College, Vagaikulam, Sri Mulakarai, Srivaikuntam,  Thoothukudi District 628851",TUTICORIN,SELF FINANCING COLLEGES TIER 3,CS,COMPUTER SCIENCE AND ENGINEERING,90844,118730,153636,153606,131586,101480,,0,0,1,1,0,0,0
4934,"Holy Cross Engineering College, Vagaikulam, Sri Mulakarai, Srivaikuntam,  Thoothukudi District 628851",TUTICORIN,SELF FINANCING COLLEGES TIER 3,EC,ELECTRONICS AND COMMUNICATION ENGINEERING,111511,135452,142663,150830,132022,,,0,1,0,1,1,0,0
4934,"Holy Cross Engineering College, Vagaikulam, Sri Mulakarai, Srivaikuntam,  Thoothukudi District 628851",TUTICORIN,SELF FINANCING COLLEGES TIER 3,EE,ELECTRICAL AND ELECTRONICS ENGINEERING,137818,144248,,,140809,,,0,1,0,0,1,0,0
4934,"Holy Cross Engineering College, Vagaikulam, Sri Mulakarai, Srivaikuntam,  Thoothukudi District 628851",TUTICORIN,SELF FINANCING COLLEGES TIER 3,ME,MECHANICAL ENGINEERING,125653,153983,,144925,136500,,,0,1,0,1,1,0,0
4937,"A.R College of Engineering and Technology, A.R Nagar, Kadayam-Alangulam Road, Therkkumadathoor P.o,Ambasamudram Taluk,Tirunelveli-627423",TIRUNELVELI,SELF FINANCING COLLEGES TIER 3,CE,CIVIL  ENGINEERING,,,,,,,,0,0,0,0,0,0,0
4937,"A.R College of Engineering and Technology, A.R Nagar, Kadayam-Alangulam Road, Therkkumadathoor P.o,Ambasamudram Taluk,Tirunelveli-627423",TIRUNELVELI,SELF FINANCING COLLEGES TIER 3,CS,COMPUTER SCIENCE AND ENGINEERING,,,,,,,,0,0,0,0,0,0,0
4937,"A.R College of Engineering and Technology, A.R Nagar, Kadayam-Alangulam Road, Therkkumadathoor P.o,Ambasamudram Taluk,Tirunelveli-627423",TIRUNELVELI,SELF FINANCING COLLEGES TIER 3,EC,ELECTRONICS AND COMMUNICATION ENGINEERING,,,,,,,,0,0,0,0,0,0,0
4937,"A.R College of Engineering and Technology, A.R Nagar, Kadayam-Alangulam Road, Therkkumadathoor P.o,Ambasamudram Taluk,Tirunelveli-627423",TIRUNELVELI,SELF FINANCING COLLEGES TIER 3,EE,ELECTRICAL AND ELECTRONICS ENGINEERING,,,,,,,,0,0,0,0,0,0,0
4937,"A.R College of Engineering and Technology, A.R Nagar, Kadayam-Alangulam Road, Therkkumadathoor P.o,Ambasamudram Taluk,Tirunelveli-627423",TIRUNELVELI,SELF FINANCING COLLEGES TIER 3,ME,MECHANICAL ENGINEERING,,,,,,,,0,0,0,0,0,0,0
4937,"A.R College of Engineering and Technology, A.R Nagar, Kadayam-Alangulam Road, Therkkumadathoor P.o,Ambasamudram Taluk,Tirunelveli-627423",TIRUNELVELI,SELF FINANCING COLLEGES TIER 3,MZ,Mechatronics Engineering,,,,,,,,0,0,0,0,0,0,0
4938,"Sivaji College of Engineering and Technology, Manivilla Palulai Panchayat, Vilavancode, Kanyakumari District 629171",KANYAKUMARI,SELF FINANCING COLLEGES TIER 3,AG,AGRICULTURAL ENGINEERING,80527,,,,,,,1,0,0,0,0,0,0
4938,"Sivaji College of Engineering and Technology, Manivilla Palulai Panchayat, Vilavancode, Kanyakumari District 629171",KANYAKUMARI,SELF FINANCING COLLEGES TIER 3,CE,CIVIL  ENGINEERING,,,,,,,,0,0,0,0,0,0,0
4938,"Sivaji College of Engineering and Technology, Manivilla Palulai Panchayat, Vilavancode, Kanyakumari District 629171",KANYAKUMARI,SELF FINANCING COLLEGES TIER 3,CS,COMPUTER SCIENCE AND ENGINEERING,146614,,,,,,,1,0,0,0,0,0,0
4938,"Sivaji College of Engineering and Technology, Manivilla Palulai Panchayat, Vilavancode, Kanyakumari District 629171",KANYAKUMARI,SELF FINANCING COLLEGES TIER 3,EE,ELECTRICAL AND ELECTRONICS ENGINEERING,137225,,,,,,,1,0,0,0,0,0,0
4938,"Sivaji College of Engineering and Technology, Manivilla Palulai Panchayat, Vilavancode, Kanyakumari District 629171",KANYAKUMARI,SELF FINANCING COLLEGES TIER 3,ME,MECHANICAL ENGINEERING,,,,,,,,0,0,0,0,0,0,0
4941,"Unnamalai Institute of Technology, Ayyaneri, Kovilpatti, Thoothukudi District 628502",TUTICORIN,SELF FINANCING COLLEGES TIER 3,CS,COMPUTER SCIENCE AND ENGINEERING,103824,136597,118148,133799,154012,,,0,1,1,1,1,0,0
4941,"Unnamalai Institute of Technology, Ayyaneri, Kovilpatti, Thoothukudi District 628502",TUTICORIN,SELF FINANCING COLLEGES TIER 3,EC,ELECTRONICS AND COMMUNICATION ENGINEERING,145907,155037,,152763,151635,,,0,1,0,1,1,0,0
4941,"Unnamalai Institute of Technology, Ayyaneri, Kovilpatti, Thoothukudi District 628502",TUTICORIN,SELF FINANCING COLLEGES TIER 3,EE,ELECTRICAL AND ELECTRONICS ENGINEERING,156194,,,,,,,1,0,0,0,0,0,0
4941,"Unnamalai Institute of Technology, Ayyaneri, Kovilpatti, Thoothukudi District 628502",TUTICORIN,SELF FINANCING COLLEGES TIER 3,ME,MECHANICAL ENGINEERING,153315,,,,,,,1,0,0,0,0,0,0
4943,"Satyam College of Engineering and Technology,Satyam Nagar,Aralvoimozhi,Kanyakumari-629301",KANYAKUMARI,SELF FINANCING COLLEGES TIER 3,AE,AERONAUTICAL ENGINEERING,155967,,,,,,,1,0,0,0,0,0,0
4943,"Satyam College of Engineering and Technology,Satyam Nagar,Aralvoimozhi,Kanyakumari-629301",KANYAKUMARI,SELF FINANCING COLLEGES TIER 3,CE,CIVIL  ENGINEERING,119439,,,,,,,1,0,0,0,0,0,0
4943,"Satyam College of Engineering and Technology,Satyam Nagar,Aralvoimozhi,Kanyakumari-629301",KANYAKUMARI,SELF FINANCING COLLEGES TIER 3,CS,COMPUTER SCIENCE AND ENGINEERING,140385,153705,,154465,,,,0,1,0,1,0,0,0
4943,"Satyam College of Engineering and Technology,Satyam Nagar,Aralvoimozhi,Kanyakumari-629301",KANYAKUMARI,SELF FINANCING COLLEGES TIER 3,EC,ELECTRONICS AND COMMUNICATION ENGINEERING,126374,,,,,,,1,0,0,0,0,0,0
4943,"Satyam College of Engineering and Technology,Satyam Nagar,Aralvoimozhi,Kanyakumari-629301",KANYAKUMARI,SELF FINANCING COLLEGES TIER 3,EE,ELECTRICAL AND ELECTRONICS ENGINEERING,86232,,,,,,,1,0,0,0,0,0,0
4943,"Satyam College of Engineering and Technology,Satyam Nagar,Aralvoimozhi,Kanyakumari-629301",KANYAKUMARI,SELF FINANCING COLLEGES TIER 3,ME,MECHANICAL ENGINEERING,156205,,,,,,,1,0,0,0,0,0,0
4944,"Arunachala College of Engineering for Women, Thanka Gardens, Manavilai, Vellichanthai, Nagercoil, Kanyakumari District 629203",KANYAKUMARI,SELF FINANCING COLLEGES TIER 3,AD,ARTIFICIAL INTELLIGENCE AND DATA SCIENCE,76206,109078,125573,149019,,,,0,0,0,1,0,0,0
4944,"Arunachala College of Engineering for Women, Thanka Gardens, Manavilai, Vellichanthai, Nagercoil, Kanyakumari District 629203",KANYAKUMARI,SELF FINANCING COLLEGES TIER 3,CE,CIVIL  ENGINEERING,151735,,,,,,,0,0,0,0,0,0,0
4944,"Arunachala College of Engineering for Women, Thanka Gardens, Manavilai, Vellichanthai, Nagercoil, Kanyakumari District 629203",KANYAKUMARI,SELF FINANCING COLLEGES TIER 3,CS,COMPUTER SCIENCE AND ENGINEERING,54650,88871,98122,141337,65778,,,0,0,0,1,1,0,0
4944,"Arunachala College of Engineering for Women, Thanka Gardens, Manavilai, Vellichanthai, Nagercoil, Kanyakumari District 629203",KANYAKUMARI,SELF FINANCING COLLEGES TIER 3,EC,ELECTRONICS AND COMMUNICATION ENGINEERING,85639,122773,120912,152823,140696,,110189,0,0,1,1,1,0,0
4944,"Arunachala College of Engineering for Women, Thanka Gardens, Manavilai, Vellichanthai, Nagercoil, Kanyakumari District 629203",KANYAKUMARI,SELF FINANCING COLLEGES TIER 3,EE,ELECTRICAL AND ELECTRONICS ENGINEERING,148063,151902,151884,,,,,0,1,1,0,0,0,0
4944,"Arunachala College of Engineering for Women, Thanka Gardens, Manavilai, Vellichanthai, Nagercoil, Kanyakumari District 629203",KANYAKUMARI,SELF FINANCING COLLEGES TIER 3,IT,INFORMATION TECHNOLOGY,91829,131175,,127880,,,,0,1,0,1,0,0,0
4946,"D M I Engineering College, Aralvaimozhi Village, Thovalai, Kanyakumari District 629301",KANYAKUMARI,SELF FINANCING COLLEGES TIER 3,AD,ARTIFICIAL INTELLIGENCE AND DATA SCIENCE,123693,147186,,141824,132235,,,0,1,0,1,1,0,0
4946,"D M I Engineering College, Aralvaimozhi Village, Thovalai, Kanyakumari District 629301",KANYAKUMARI,SELF FINANCING COLLEGES TIER 3,CE,CIVIL  ENGINEERING,136559,,,,,,,1,0,0,0,0,0,0
4946,"D M I Engineering College, Aralvaimozhi Village, Thovalai, Kanyakumari District 629301",KANYAKUMARI,SELF FINANCING COLLEGES TIER 3,CS,COMPUTER SCIENCE AND ENGINEERING,94467,146773,118241,151756,153206,,,0,0,0,1,1,0,0
4946,"D M I Engineering College, Aralvaimozhi Village, Thovalai, Kanyakumari District 629301",KANYAKUMARI,SELF FINANCING COLLEGES TIER 3,EC,ELECTRONICS AND COMMUNICATION ENGINEERING,154279,,,,,,,1,0,0,0,0,0,0
4946,"D M I Engineering College, Aralvaimozhi Village, Thovalai, Kanyakumari District 629301",KANYAKUMARI,SELF FINANCING COLLEGES TIER 3,EE,ELECTRICAL AND ELECTRONICS ENGINEERING,152946,,,,,,,1,0,0,0,0,0,0
4946,"D M I Engineering College, Aralvaimozhi Village, Thovalai, Kanyakumari District 629301",KANYAKUMARI,SELF FINANCING COLLEGES TIER 3,ME,MECHANICAL ENGINEERING,155375,,,,,,,1,0,0,0,0,0,0
4948,"Rajas Institute of Technology , Ozhuginasery, Nagercoil, Kanyakumari District 629001",KANYAKUMARI,SELF FINANCING COLLEGES TIER 3,CE,CIVIL  ENGINEERING,,,,,,,,0,0,0,0,0,0,0
4948,"Rajas Institute of Technology , Ozhuginasery, Nagercoil, Kanyakumari District 629001",KANYAKUMARI,SELF FINANCING COLLEGES TIER 3,CS,COMPUTER SCIENCE AND ENGINEERING,152292,,,,,,,1,0,0,0,0,0,0
4948,"Rajas Institute of Technology , Ozhuginasery, Nagercoil, Kanyakumari District 629001",KANYAKUMARI,SELF FINANCING COLLEGES TIER 3,EC,ELECTRONICS AND COMMUNICATION ENGINEERING,,,,,,,,0,0,0,0,0,0,0
4948,"Rajas Institute of Technology , Ozhuginasery, Nagercoil, Kanyakumari District 629001",KANYAKUMARI,SELF FINANCING COLLEGES TIER 3,EE,ELECTRICAL AND ELECTRONICS ENGINEERING,,,,,,,,0,0,0,0,0,0,0
4948,"Rajas Institute of Technology , Ozhuginasery, Nagercoil, Kanyakumari District 629001",KANYAKUMARI,SELF FINANCING COLLEGES TIER 3,FT,FASHION TECHNOLOGY,142750,,,,,,,1,0,0,0,0,0,0
4949,"PSN Institute of Technology and Science,Melathediyoor, Tirunelveli-627 152",TIRUNELVELI,SELF FINANCING COLLEGES TIER 3,CE,CIVIL  ENGINEERING,83382,,,,,,,1,0,0,0,0,0,0
4949,"PSN Institute of Technology and Science,Melathediyoor, Tirunelveli-627 152",TIRUNELVELI,SELF FINANCING COLLEGES TIER 3,CS,COMPUTER SCIENCE AND ENGINEERING,112813,153820,144969,151803,153015,,,0,1,1,1,0,0,0
4949,"PSN Institute of Technology and Science,Melathediyoor, Tirunelveli-627 152",TIRUNELVELI,SELF FINANCING COLLEGES TIER 3,EC,ELECTRONICS AND COMMUNICATION ENGINEERING,129717,152691,,146596,156163,,,0,1,0,1,1,0,0
4949,"PSN Institute of Technology and Science,Melathediyoor, Tirunelveli-627 152",TIRUNELVELI,SELF FINANCING COLLEGES TIER 3,EE,ELECTRICAL AND ELECTRONICS ENGINEERING,151297,,,,,,,1,0,0,0,0,0,0
4949,"PSN Institute of Technology and Science,Melathediyoor, Tirunelveli-627 152",TIRUNELVELI,SELF FINANCING COLLEGES TIER 3,IN,INDUSTRIAL ENGINEERING AND MANAGEMENT,152345,,,,,,,1,0,0,0,0,0,0
4949,"PSN Institute of Technology and Science,Melathediyoor, Tirunelveli-627 152",TIRUNELVELI,SELF FINANCING COLLEGES TIER 3,ME,MECHANICAL ENGINEERING,155909,,,,,,,1,0,0,0,0,0,0
4949,"PSN Institute of Technology and Science,Melathediyoor, Tirunelveli-627 152",TIRUNELVELI,SELF FINANCING COLLEGES TIER 3,MU,MECHANICAL AND AUTOMATION ENGINEERING,,,,,,,,0,0,0,0,0,0,0
4949,"PSN Institute of Technology and Science,Melathediyoor, Tirunelveli-627 152",TIRUNELVELI,SELF FINANCING COLLEGES TIER 3,MZ,Mechatronics Engineering,151793,,,,,,,1,0,0,0,0,0,0
4952,"C S I Institute of Technology, Thovalai, Kanyakumari District 629302",KANYAKUMARI,SELF FINANCING COLLEGES TIER 3,CE,CIVIL  ENGINEERING,92037,,,,,,,1,0,0,0,0,0,0
4952,"C S I Institute of Technology, Thovalai, Kanyakumari District 629302",KANYAKUMARI,SELF FINANCING COLLEGES TIER 3,CS,COMPUTER SCIENCE AND ENGINEERING,134088,154455,,,154826,,,0,1,0,0,1,0,0
4952,"C S I Institute of Technology, Thovalai, Kanyakumari District 629302",KANYAKUMARI,SELF FINANCING COLLEGES TIER 3,EC,ELECTRONICS AND COMMUNICATION ENGINEERING,149367,152433,,,,,,0,1,0,0,0,0,0
4952,"C S I Institute of Technology, Thovalai, Kanyakumari District 629302",KANYAKUMARI,SELF FINANCING COLLEGES TIER 3,EE,ELECTRICAL AND ELECTRONICS ENGINEERING,142342,,,,,,,1,0,0,0,0,0,0
4952,"C S I Institute of Technology, Thovalai, Kanyakumari District 629302",KANYAKUMARI,SELF FINANCING COLLEGES TIER 3,IT,INFORMATION TECHNOLOGY,152964,,,,,,,0,0,0,0,0,0,0
4952,"C S I Institute of Technology, Thovalai, Kanyakumari District 629302",KANYAKUMARI,SELF FINANCING COLLEGES TIER 3,ME,MECHANICAL ENGINEERING,155447,,,,,,,1,0,0,0,0,0,0
4953,"CAPE Institute of Technology, Levingipuram, Tirunelveli District 627114",TIRUNELVELI,SELF FINANCING COLLEGES TIER 3,CE,CIVIL  ENGINEERING,148042,,,,,,,1,0,0,0,0,0,0
4953,"CAPE Institute of Technology, Levingipuram, Tirunelveli District 627114",TIRUNELVELI,SELF FINANCING COLLEGES TIER 3,CS,COMPUTER SCIENCE AND ENGINEERING,134696,155554,148770,,,,,0,1,1,0,0,0,0
4953,"CAPE Institute of Technology, Levingipuram, Tirunelveli District 627114",TIRUNELVELI,SELF FINANCING COLLEGES TIER 3,EC,ELECTRONICS AND COMMUNICATION ENGINEERING,137744,,,,,,,1,0,0,0,0,0,0
4953,"CAPE Institute of Technology, Levingipuram, Tirunelveli District 627114",TIRUNELVELI,SELF FINANCING COLLEGES TIER 3,EE,ELECTRICAL AND ELECTRONICS ENGINEERING,145842,,,,,,,1,0,0,0,0,0,0
4953,"CAPE Institute of Technology, Levingipuram, Tirunelveli District 627114",TIRUNELVELI,SELF FINANCING COLLEGES TIER 3,IT,INFORMATION TECHNOLOGY,139921,155911,,,,,,0,1,0,0,0,0,0
4953,"CAPE Institute of Technology, Levingipuram, Tirunelveli District 627114",TIRUNELVELI,SELF FINANCING COLLEGES TIER 3,ME,MECHANICAL ENGINEERING,155152,,,,,,,1,0,0,0,0,0,0
4954,"Dr. Sivanthi Aditanar College of Engineering, Tiruchendur, Thoothukudi District 628215",TUTICORIN,SELF FINANCING COLLEGES TIER 3,CE,CIVIL  ENGINEERING,124266,,,137384,,,,0,0,0,1,0,0,0
4954,"Dr. Sivanthi Aditanar College of Engineering, Tiruchendur, Thoothukudi District 628215",TUTICORIN,SELF FINANCING COLLEGES TIER 3,CS,COMPUTER SCIENCE AND ENGINEERING,40076,70051,47684,108373,129506,,,0,0,0,0,0,0,0
4954,"Dr. Sivanthi Aditanar College of Engineering, Tiruchendur, Thoothukudi District 628215",TUTICORIN,SELF FINANCING COLLEGES TIER 3,EC,ELECTRONICS AND COMMUNICATION ENGINEERING,48601,73851,74101,131291,,,,0,0,0,1,0,0,0
4954,"Dr. Sivanthi Aditanar College of Engineering, Tiruchendur, Thoothukudi District 628215",TUTICORIN,SELF FINANCING COLLEGES TIER 3,EE,ELECTRICAL AND ELECTRONICS ENGINEERING,80745,111683,,125276,,,,0,0,0,1,0,0,0
4954,"Dr. Sivanthi Aditanar College of Engineering, Tiruchendur, Thoothukudi District 628215",TUTICORIN,SELF FINANCING COLLEGES TIER 3,IT,INFORMATION TECHNOLOGY,56472,70856,,110909,70733,,,0,0,0,0,0,0,0
4954,"Dr. Sivanthi Aditanar College of Engineering, Tiruchendur, Thoothukudi District 628215",TUTICORIN,SELF FINANCING COLLEGES TIER 3,ME,MECHANICAL ENGINEERING,116202,151371,,,,,,0,1,0,0,0,0,0
4955,"Francis Xavier Engineering College (Autonomous), Vannarpettai, Tirunelveli District 627003",TIRUNELVELI,SELF FINANCING COLLEGES TIER 3,AD,ARTIFICIAL INTELLIGENCE AND DATA SCIENCE,46636,73622,54524,110507,117588,,,0,0,0,0,0,0,0
4955,"Francis Xavier Engineering College (Autonomous), Vannarpettai, Tirunelveli District 627003",TIRUNELVELI,SELF FINANCING COLLEGES TIER 3,CB,COMPUTER SCIENCE AND BUSSINESS SYSTEM,66280,76164,67769,123460,140431,,,0,0,0,0,0,0,0
4955,"Francis Xavier Engineering College (Autonomous), Vannarpettai, Tirunelveli District 627003",TIRUNELVELI,SELF FINANCING COLLEGES TIER 3,CE,CIVIL  ENGINEERING,106068,143342,,149005,147519,,,0,1,0,1,1,0,0
4955,"Francis Xavier Engineering College (Autonomous), Vannarpettai, Tirunelveli District 627003",TIRUNELVELI,SELF FINANCING COLLEGES TIER 3,CS,COMPUTER SCIENCE AND ENGINEERING,33359,54163,47141,78748,128854,154957,,0,0,0,0,0,1,0
4955,"Francis Xavier Engineering College (Autonomous), Vannarpettai, Tirunelveli District 627003",TIRUNELVELI,SELF FINANCING COLLEGES TIER 3,EC,ELECTRONICS AND COMMUNICATION ENGINEERING,54154,71680,59428,110425,146730,,,0,0,0,0,1,0,0
4955,"Francis Xavier Engineering College (Autonomous), Vannarpettai, Tirunelveli District 627003",TIRUNELVELI,SELF FINANCING COLLEGES TIER 3,EE,ELECTRICAL AND ELECTRONICS ENGINEERING,78732,91204,85194,126920,125520,,,0,0,0,0,1,0,0
4955,"Francis Xavier Engineering College (Autonomous), Vannarpettai, Tirunelveli District 627003",TIRUNELVELI,SELF FINANCING COLLEGES TIER 3,IT,INFORMATION TECHNOLOGY,33848,62210,48650,72131,94006,103414,,0,0,0,0,0,0,0
4955,"Francis Xavier Engineering College (Autonomous), Vannarpettai, Tirunelveli District 627003",TIRUNELVELI,SELF FINANCING COLLEGES TIER 3,ME,MECHANICAL ENGINEERING,105857,136299,139833,153897,145860,,,0,0,1,0,1,0,0
4956,"Jayamatha Engineering College, Aralvaimozhi, Kanyakumari District
- 629301",KANYAKUMARI,SELF FINANCING COLLEGES TIER 3,CE,CIVIL  ENGINEERING,,,,,,,,0,0,0,0,0,0,0
4956,"Jayamatha Engineering College, Aralvaimozhi, Kanyakumari District
- 629301",KANYAKUMARI,SELF FINANCING COLLEGES TIER 3,CS,COMPUTER SCIENCE AND ENGINEERING,152726,,,,,,,1,0,0,0,0,0,0
4956,"Jayamatha Engineering College, Aralvaimozhi, Kanyakumari District
- 629301",KANYAKUMARI,SELF FINANCING COLLEGES TIER 3,EC,ELECTRONICS AND COMMUNICATION ENGINEERING,,,,,,,,0,0,0,0,0,0,0
4956,"Jayamatha Engineering College, Aralvaimozhi, Kanyakumari District
- 629301",KANYAKUMARI,SELF FINANCING COLLEGES TIER 3,EE,ELECTRICAL AND ELECTRONICS ENGINEERING,,,,,,,,0,0,0,0,0,0,0
4956,"Jayamatha Engineering College, Aralvaimozhi, Kanyakumari District
- 629301",KANYAKUMARI,SELF FINANCING COLLEGES TIER 3,IC,INSTRUMENTATION AND CONTROL ENGINEERING,134253,,,,,,,1,0,0,0,0,0,0
4956,"Jayamatha Engineering College, Aralvaimozhi, Kanyakumari District
- 629301",KANYAKUMARI,SELF FINANCING COLLEGES TIER 3,ME,MECHANICAL ENGINEERING,,,,,,,,0,0,0,0,0,0,0
4957,"Jayaraj Annapackiam CSI College of Engineering, Nazareth, Thoothukudi District 628617",TUTICORIN,SELF FINANCING COLLEGES TIER 3,CS,COMPUTER SCIENCE AND ENGINEERING,86053,104536,103105,151027,137171,,,0,0,0,1,0,0,0
4957,"Jayaraj Annapackiam CSI College of Engineering, Nazareth, Thoothukudi District 628617",TUTICORIN,SELF FINANCING COLLEGES TIER 3,EC,ELECTRONICS AND COMMUNICATION ENGINEERING,118001,140239,,149604,153683,,,0,0,0,1,1,0,0
4957,"Jayaraj Annapackiam CSI College of Engineering, Nazareth, Thoothukudi District 628617",TUTICORIN,SELF FINANCING COLLEGES TIER 3,IT,INFORMATION TECHNOLOGY,90970,106881,132360,143305,126337,,,0,0,1,0,0,0,0
4957,"Jayaraj Annapackiam CSI College of Engineering, Nazareth, Thoothukudi District 628617",TUTICORIN,SELF FINANCING COLLEGES TIER 3,ME,MECHANICAL ENGINEERING,147385,154180,,,154182,,,0,1,0,0,1,0,0
4959,"Kamaraj College of Engineering and Technology (Autonomous), Virudhunagar District 626001",VIRUDHUNAGAR,SELF FINANCING COLLEGES TIER 3,AD,ARTIFICIAL INTELLIGENCE AND DATA SCIENCE,58618,71363,69794,109232,,,,0,0,0,0,0,0,0
4959,"Kamaraj College of Engineering and Technology (Autonomous), Virudhunagar District 626001",VIRUDHUNAGAR,SELF FINANCING COLLEGES TIER 3,BT,BIO TECHNOLOGY,83712,109547,,,137980,,,0,1,0,0,1,0,0
4959,"Kamaraj College of Engineering and Technology (Autonomous), Virudhunagar District 626001",VIRUDHUNAGAR,SELF FINANCING COLLEGES TIER 3,CE,CIVIL  ENGINEERING,137658,,,,,,,1,0,0,0,0,0,0
4959,"Kamaraj College of Engineering and Technology (Autonomous), Virudhunagar District 626001",VIRUDHUNAGAR,SELF FINANCING COLLEGES TIER 3,CS,COMPUTER SCIENCE AND ENGINEERING,40086,61653,89227,103909,154599,94834,,0,0,0,0,1,1,0
4959,"Kamaraj College of Engineering and Technology (Autonomous), Virudhunagar District 626001",VIRUDHUNAGAR,SELF FINANCING COLLEGES TIER 3,EC,ELECTRONICS AND COMMUNICATION ENGINEERING,47778,64464,85399,102158,103823,,,0,0,0,0,1,0,0
4959,"Kamaraj College of Engineering and Technology (Autonomous), Virudhunagar District 626001",VIRUDHUNAGAR,SELF FINANCING COLLEGES TIER 3,EE,ELECTRICAL AND ELECTRONICS ENGINEERING,84560,97316,105612,121777,,,,0,0,0,1,0,0,0
4959,"Kamaraj College of Engineering and Technology (Autonomous), Virudhunagar District 626001",VIRUDHUNAGAR,SELF FINANCING COLLEGES TIER 3,IT,INFORMATION TECHNOLOGY,53610,66986,85273,106665,135908,151132,,0,0,0,0,1,0,0
4959,"Kamaraj College of Engineering and Technology (Autonomous), Virudhunagar District 626001",VIRUDHUNAGAR,SELF FINANCING COLLEGES TIER 3,ME,MECHANICAL ENGINEERING,143059,,,,,,,1,0,0,0,0,0,0
4959,"Kamaraj College of Engineering and Technology (Autonomous), Virudhunagar District 626001",VIRUDHUNAGAR,SELF FINANCING COLLEGES TIER 3,MZ,Mechatronics Engineering,70665,96389,,86144,,,,0,0,0,1,0,0,0
4960,"Mepco Schlenk Engineering College (Autonomous),  Sivakasi, Virudhunagar District 626005",VIRUDHUNAGAR,SELF FINANCING COLLEGES TIER 1,AD,ARTIFICIAL INTELLIGENCE AND DATA SCIENCE,17502,24389,33172,37321,135126,,,0,0,0,0,0,0,0
4960,"Mepco Schlenk Engineering College (Autonomous),  Sivakasi, Virudhunagar District 626005",VIRUDHUNAGAR,SELF FINANCING COLLEGES TIER 1,BM,BIO MEDICAL ENGINEERING,38830,66398,47744,112651,86483,,,0,0,0,0,1,0,0
4960,"Mepco Schlenk Engineering College (Autonomous),  Sivakasi, Virudhunagar District 626005",VIRUDHUNAGAR,SELF FINANCING COLLEGES TIER 1,BT,BIO TECHNOLOGY,36326,65366,,105733,115933,,,0,0,0,0,1,0,0
4960,"Mepco Schlenk Engineering College (Autonomous),  Sivakasi, Virudhunagar District 626005",VIRUDHUNAGAR,SELF FINANCING COLLEGES TIER 1,CE,CIVIL  ENGINEERING,62151,128768,,135798,109195,,,0,0,0,1,1,0,0
4960,"Mepco Schlenk Engineering College (Autonomous),  Sivakasi, Virudhunagar District 626005",VIRUDHUNAGAR,SELF FINANCING COLLEGES TIER 1,CS,COMPUTER SCIENCE AND ENGINEERING,9986,22360,26210,34562,102166,126598,,0,0,0,0,0,0,0
4960,"Mepco Schlenk Engineering College (Autonomous),  Sivakasi, Virudhunagar District 626005",VIRUDHUNAGAR,SELF FINANCING COLLEGES TIER 1,EC,ELECTRONICS AND COMMUNICATION ENGINEERING,17074,28058,27209,42999,130059,53029,,0,0,0,0,1,1,0
4960,"Mepco Schlenk Engineering College (Autonomous),  Sivakasi, Virudhunagar District 626005",VIRUDHUNAGAR,SELF FINANCING COLLEGES TIER 1,EE,ELECTRICAL AND ELECTRONICS ENGINEERING,29582,39987,43316,58735,154266,,,0,0,0,0,1,0,0
4960,"Mepco Schlenk Engineering College (Autonomous),  Sivakasi, Virudhunagar District 626005",VIRUDHUNAGAR,SELF FINANCING COLLEGES TIER 1,IT,INFORMATION TECHNOLOGY,14967,27659,25509,36947,117074,150795,,0,0,0,0,0,0,0
4960,"Mepco Schlenk Engineering College (Autonomous),  Sivakasi, Virudhunagar District 626005",VIRUDHUNAGAR,SELF FINANCING COLLEGES TIER 1,ME,MECHANICAL ENGINEERING,55811,93982,80416,126142,141685,128930,,0,0,0,1,1,1,0
4961,"Nellai College of Engineering (Formerly National College of Engineering), Maruthakulam Post, Tirunelveli District 627151",TIRUNELVELI,SELF FINANCING COLLEGES TIER 3,CE,CIVIL  ENGINEERING,,,,,,,,0,0,0,0,0,0,0
4961,"Nellai College of Engineering (Formerly National College of Engineering), Maruthakulam Post, Tirunelveli District 627151",TIRUNELVELI,SELF FINANCING COLLEGES TIER 3,CS,COMPUTER SCIENCE AND ENGINEERING,118987,144606,127644,,,,,0,1,1,0,0,0,0
4961,"Nellai College of Engineering (Formerly National College of Engineering), Maruthakulam Post, Tirunelveli District 627151",TIRUNELVELI,SELF FINANCING COLLEGES TIER 3,EC,ELECTRONICS AND COMMUNICATION ENGINEERING,138447,,140418,,,,,0,0,0,0,0,0,0
4961,"Nellai College of Engineering (Formerly National College of Engineering), Maruthakulam Post, Tirunelveli District 627151",TIRUNELVELI,SELF FINANCING COLLEGES TIER 3,EE,ELECTRICAL AND ELECTRONICS ENGINEERING,156147,,,,,,,1,0,0,0,0,0,0
4961,"Nellai College of Engineering (Formerly National College of Engineering), Maruthakulam Post, Tirunelveli District 627151",TIRUNELVELI,SELF FINANCING COLLEGES TIER 3,ME,MECHANICAL ENGINEERING,155508,,,,,,,1,0,0,0,0,0,0
4962,"National  Engineering College (Autonomous), Kovilpatti, Thoothukudi District 628503",TUTICORIN,SELF FINANCING COLLEGES TIER 2,AD,ARTIFICIAL INTELLIGENCE AND DATA SCIENCE,29650,38257,46015,55187,123026,,,0,0,0,0,0,0,0
4962,"National  Engineering College (Autonomous), Kovilpatti, Thoothukudi District 628503",TUTICORIN,SELF FINANCING COLLEGES TIER 2,CE,CIVIL  ENGINEERING,70608,151293,98300,133062,78843,,,0,0,0,1,1,0,0
4962,"National  Engineering College (Autonomous), Kovilpatti, Thoothukudi District 628503",TUTICORIN,SELF FINANCING COLLEGES TIER 2,CS,COMPUTER SCIENCE AND ENGINEERING,15403,28367,29782,55683,79606,127856,,0,0,0,0,0,0,0
4962,"National  Engineering College (Autonomous), Kovilpatti, Thoothukudi District 628503",TUTICORIN,SELF FINANCING COLLEGES TIER 2,EC,ELECTRONICS AND COMMUNICATION ENGINEERING,28345,37177,52290,53535,111378,,,0,0,0,0,0,0,0
4962,"National  Engineering College (Autonomous), Kovilpatti, Thoothukudi District 628503",TUTICORIN,SELF FINANCING COLLEGES TIER 2,EE,ELECTRICAL AND ELECTRONICS ENGINEERING,38491,53015,53478,83438,142941,,,0,0,0,0,0,0,0
4962,"National  Engineering College (Autonomous), Kovilpatti, Thoothukudi District 628503",TUTICORIN,SELF FINANCING COLLEGES TIER 2,IT,INFORMATION TECHNOLOGY,23630,34616,37087,46848,90584,,,0,0,0,0,0,0,0
4962,"National  Engineering College (Autonomous), Kovilpatti, Thoothukudi District 628503",TUTICORIN,SELF FINANCING COLLEGES TIER 2,ME,MECHANICAL ENGINEERING,66266,121238,94799,118230,76084,,,0,0,0,0,1,0,0
4964,"PSN College of Engineering and  Technology (Autonomous),Melathediyoor, Tirunelveli-627 152",TIRUNELVELI,SELF FINANCING COLLEGES TIER 3,AE,AERONAUTICAL ENGINEERING,155423,,,,,,,1,0,0,0,0,0,0
4964,"PSN College of Engineering and  Technology (Autonomous),Melathediyoor, Tirunelveli-627 152",TIRUNELVELI,SELF FINANCING COLLEGES TIER 3,CE,CIVIL  ENGINEERING,154377,,,,,,,1,0,0,0,0,0,0
4964,"PSN College of Engineering and  Technology (Autonomous),Melathediyoor, Tirunelveli-627 152",TIRUNELVELI,SELF FINANCING COLLEGES TIER 3,CS,COMPUTER SCIENCE AND ENGINEERING,104271,146922,118744,151453,146121,152321,,0,1,1,1,1,1,0
4964,"PSN College of Engineering and  Technology (Autonomous),Melathediyoor, Tirunelveli-627 152",TIRUNELVELI,SELF FINANCING COLLEGES TIER 3,EC,ELECTRONICS AND COMMUNICATION ENGINEERING,155932,,,,,,,1,0,0,0,0,0,0
4964,"PSN College of Engineering and  Technology (Autonomous),Melathediyoor, Tirunelveli-627 152",TIRUNELVELI,SELF FINANCING COLLEGES TIER 3,EE,ELECTRICAL AND ELECTRONICS ENGINEERING,156224,,,,,,,1,0,0,0,0,0,0
4964,"PSN College of Engineering and  Technology (Autonomous),Melathediyoor, Tirunelveli-627 152",TIRUNELVELI,SELF FINANCING COLLEGES TIER 3,ME,MECHANICAL ENGINEERING,146789,,,,,,,1,0,0,0,0,0,0
4964,"PSN College of Engineering and  Technology (Autonomous),Melathediyoor, Tirunelveli-627 152",TIRUNELVELI,SELF FINANCING COLLEGES TIER 3,MR,MARINE ENGINEERING,111567,,,,,,,1,0,0,0,0,0,0
4964,"PSN College of Engineering and  Technology (Autonomous),Melathediyoor, Tirunelveli-627 152",TIRUNELVELI,SELF FINANCING COLLEGES TIER 3,MU,MECHANICAL AND AUTOMATION ENGINEERING,147837,,,,,,,1,0,0,0,0,0,0
4965,"P S R  Engineering College (Autonomous), Appayanaickenpatti, Sevalpatty, Virudhunagar District 626140",VIRUDHUNAGAR,SELF FINANCING COLLEGES TIER 3,AD,ARTIFICIAL INTELLIGENCE AND DATA SCIENCE,74229,103239,133317,123714,155821,105246,,0,0,0,0,1,0,0
4965,"P S R  Engineering College (Autonomous), Appayanaickenpatti, Sevalpatty, Virudhunagar District 626140",VIRUDHUNAGAR,SELF FINANCING COLLEGES TIER 3,BM,BIO MEDICAL ENGINEERING,111671,146029,142287,152967,138856,,,0,1,1,1,1,0,0
4965,"P S R  Engineering College (Autonomous), Appayanaickenpatti, Sevalpatty, Virudhunagar District 626140",VIRUDHUNAGAR,SELF FINANCING COLLEGES TIER 3,BT,BIO TECHNOLOGY,117288,141405,143153,144908,137028,,,0,1,0,1,1,0,0
4965,"P S R  Engineering College (Autonomous), Appayanaickenpatti, Sevalpatty, Virudhunagar District 626140",VIRUDHUNAGAR,SELF FINANCING COLLEGES TIER 3,CE,CIVIL  ENGINEERING,151127,,,,,,,1,0,0,0,0,0,0
4965,"P S R  Engineering College (Autonomous), Appayanaickenpatti, Sevalpatty, Virudhunagar District 626140",VIRUDHUNAGAR,SELF FINANCING COLLEGES TIER 3,CS,COMPUTER SCIENCE AND ENGINEERING,51811,77972,76528,72287,127359,,,0,0,0,0,0,0,0
4965,"P S R  Engineering College (Autonomous), Appayanaickenpatti, Sevalpatty, Virudhunagar District 626140",VIRUDHUNAGAR,SELF FINANCING COLLEGES TIER 3,EC,ELECTRONICS AND COMMUNICATION ENGINEERING,83542,110175,120028,125366,150196,,,0,0,0,0,1,0,0
4965,"P S R  Engineering College (Autonomous), Appayanaickenpatti, Sevalpatty, Virudhunagar District 626140",VIRUDHUNAGAR,SELF FINANCING COLLEGES TIER 3,EE,ELECTRICAL AND ELECTRONICS ENGINEERING,119171,148300,,134916,156117,,,0,0,0,0,1,0,0
4965,"P S R  Engineering College (Autonomous), Appayanaickenpatti, Sevalpatty, Virudhunagar District 626140",VIRUDHUNAGAR,SELF FINANCING COLLEGES TIER 3,ME,MECHANICAL ENGINEERING,141243,152736,,152381,154744,,,0,1,0,1,1,0,0
4966,"PET Engineering College, Vallioor Post, Tirunelveli District 627117",TIRUNELVELI,SELF FINANCING COLLEGES TIER 3,AD,ARTIFICIAL INTELLIGENCE AND DATA SCIENCE,89794,117404,89960,152223,,,,0,1,0,1,0,0,0
4966,"PET Engineering College, Vallioor Post, Tirunelveli District 627117",TIRUNELVELI,SELF FINANCING COLLEGES TIER 3,CE,CIVIL  ENGINEERING,134394,,,,,,,1,0,0,0,0,0,0
4966,"PET Engineering College, Vallioor Post, Tirunelveli District 627117",TIRUNELVELI,SELF FINANCING COLLEGES TIER 3,CS,COMPUTER SCIENCE AND ENGINEERING,84919,143461,96228,142920,135408,,,0,0,0,1,1,0,0
4966,"PET Engineering College, Vallioor Post, Tirunelveli District 627117",TIRUNELVELI,SELF FINANCING COLLEGES TIER 3,EC,ELECTRONICS AND COMMUNICATION ENGINEERING,110183,139474,134864,151068,147086,,,0,1,0,1,1,0,0
4966,"PET Engineering College, Vallioor Post, Tirunelveli District 627117",TIRUNELVELI,SELF FINANCING COLLEGES TIER 3,EE,ELECTRICAL AND ELECTRONICS ENGINEERING,153005,,,,,,,1,0,0,0,0,0,0
4966,"PET Engineering College, Vallioor Post, Tirunelveli District 627117",TIRUNELVELI,SELF FINANCING COLLEGES TIER 3,ME,MECHANICAL ENGINEERING,150321,,,,,,,1,0,0,0,0,0,0
4967,"S Veerasamy Chettiar College of  Engineering and Technology, Puliangudi Post, Tenkasi District 627855",TENKASI,SELF FINANCING COLLEGES TIER 3,CE,CIVIL  ENGINEERING,153969,,,,,,,1,0,0,0,0,0,0
4967,"S Veerasamy Chettiar College of  Engineering and Technology, Puliangudi Post, Tenkasi District 627855",TENKASI,SELF FINANCING COLLEGES TIER 3,CS,COMPUTER SCIENCE AND ENGINEERING,127327,139294,133813,145325,154193,147243,,0,1,0,1,1,0,0
4967,"S Veerasamy Chettiar College of  Engineering and Technology, Puliangudi Post, Tenkasi District 627855",TENKASI,SELF FINANCING COLLEGES TIER 3,EC,ELECTRONICS AND COMMUNICATION ENGINEERING,126919,155865,148649,,154059,,,0,1,1,0,1,0,0
4967,"S Veerasamy Chettiar College of  Engineering and Technology, Puliangudi Post, Tenkasi District 627855",TENKASI,SELF FINANCING COLLEGES TIER 3,EE,ELECTRICAL AND ELECTRONICS ENGINEERING,153498,,,,,,,1,0,0,0,0,0,0
4967,"S Veerasamy Chettiar College of  Engineering and Technology, Puliangudi Post, Tenkasi District 627855",TENKASI,SELF FINANCING COLLEGES TIER 3,ME,MECHANICAL ENGINEERING,146410,,,,,,,1,0,0,0,0,0,0
4968,"Sardar Raja College of Engineering, Alangulam, Tenkasi District 627808",TENKASI,SELF FINANCING COLLEGES TIER 3,AD,ARTIFICIAL INTELLIGENCE AND DATA SCIENCE,152036,,,,,,,1,0,0,0,0,0,0
4968,"Sardar Raja College of Engineering, Alangulam, Tenkasi District 627808",TENKASI,SELF FINANCING COLLEGES TIER 3,CE,CIVIL  ENGINEERING,155396,,,,,,,0,0,0,0,0,0,0
4968,"Sardar Raja College of Engineering, Alangulam, Tenkasi District 627808",TENKASI,SELF FINANCING COLLEGES TIER 3,CS,COMPUTER SCIENCE AND ENGINEERING,127635,154171,,154554,149039,,,0,1,0,1,1,0,0
4968,"Sardar Raja College of Engineering, Alangulam, Tenkasi District 627808",TENKASI,SELF FINANCING COLLEGES TIER 3,EC,ELECTRONICS AND COMMUNICATION ENGINEERING,155202,,,,,,,1,0,0,0,0,0,0
4968,"Sardar Raja College of Engineering, Alangulam, Tenkasi District 627808",TENKASI,SELF FINANCING COLLEGES TIER 3,EE,ELECTRICAL AND ELECTRONICS ENGINEERING,156201,,,,,,,1,0,0,0,0,0,0
4968,"Sardar Raja College of Engineering, Alangulam, Tenkasi District 627808",TENKASI,SELF FINANCING COLLEGES TIER 3,ME,MECHANICAL ENGINEERING,156207,,,,,,,1,0,0,0,0,0,0
4969,"SCAD College of Engineering and Technology, Cheranmahadevi, Tirunelveli District 627414",TIRUNELVELI,SELF FINANCING COLLEGES TIER 3,CE,CIVIL  ENGINEERING,149056,,,,,,,1,0,0,0,0,0,0
4969,"SCAD College of Engineering and Technology, Cheranmahadevi, Tirunelveli District 627414",TIRUNELVELI,SELF FINANCING COLLEGES TIER 3,CS,COMPUTER SCIENCE AND ENGINEERING,84134,148666,109452,154576,141224,147742,,0,0,0,1,0,1,0
4969,"SCAD College of Engineering and Technology, Cheranmahadevi, Tirunelveli District 627414",TIRUNELVELI,SELF FINANCING COLLEGES TIER 3,EC,ELECTRONICS AND COMMUNICATION ENGINEERING,120624,153046,124069,,146061,,,0,1,0,0,1,0,0
4969,"SCAD College of Engineering and Technology, Cheranmahadevi, Tirunelveli District 627414",TIRUNELVELI,SELF FINANCING COLLEGES TIER 3,EE,ELECTRICAL AND ELECTRONICS ENGINEERING,142788,154970,150535,,155667,,,0,1,1,0,1,0,0
4969,"SCAD College of Engineering and Technology, Cheranmahadevi, Tirunelveli District 627414",TIRUNELVELI,SELF FINANCING COLLEGES TIER 3,ME,MECHANICAL ENGINEERING,153380,,,,,,,0,0,0,0,0,0,0
4970,"Sree Sowdambika  College of Engineering, Aruppukkottai Taluk, Virudhunagar District 626134",VIRUDHUNAGAR,SELF FINANCING COLLEGES TIER 3,CE,CIVIL  ENGINEERING,129499,,,,,,,1,0,0,0,0,0,0
4970,"Sree Sowdambika  College of Engineering, Aruppukkottai Taluk, Virudhunagar District 626134",VIRUDHUNAGAR,SELF FINANCING COLLEGES TIER 3,CS,COMPUTER SCIENCE AND ENGINEERING,87471,140850,131606,134496,142283,95969,,0,0,0,1,0,0,0
4970,"Sree Sowdambika  College of Engineering, Aruppukkottai Taluk, Virudhunagar District 626134",VIRUDHUNAGAR,SELF FINANCING COLLEGES TIER 3,EC,ELECTRONICS AND COMMUNICATION ENGINEERING,135880,155722,147326,148633,148447,,,0,1,0,1,1,0,0
4970,"Sree Sowdambika  College of Engineering, Aruppukkottai Taluk, Virudhunagar District 626134",VIRUDHUNAGAR,SELF FINANCING COLLEGES TIER 3,EE,ELECTRICAL AND ELECTRONICS ENGINEERING,152908,,,,,,,1,0,0,0,0,0,0
4970,"Sree Sowdambika  College of Engineering, Aruppukkottai Taluk, Virudhunagar District 626134",VIRUDHUNAGAR,SELF FINANCING COLLEGES TIER 3,ME,MECHANICAL ENGINEERING,146918,,,,,,,1,0,0,0,0,0,0
4971,"St. Xavier's Catholic College of Engineering, Chunkankadai, Nagercoil, Kanyakumari District 629807",KANYAKUMARI,SELF FINANCING COLLEGES TIER 3,AD,ARTIFICIAL INTELLIGENCE AND DATA SCIENCE,47095,68286,64395,101377,,,,0,0,0,0,0,0,0
4971,"St. Xavier's Catholic College of Engineering, Chunkankadai, Nagercoil, Kanyakumari District 629807",KANYAKUMARI,SELF FINANCING COLLEGES TIER 3,CE,CIVIL  ENGINEERING,120581,148179,,130082,,,,0,1,0,1,0,0,0
4971,"St. Xavier's Catholic College of Engineering, Chunkankadai, Nagercoil, Kanyakumari District 629807",KANYAKUMARI,SELF FINANCING COLLEGES TIER 3,CS,COMPUTER SCIENCE AND ENGINEERING,27126,40526,30180,81504,155090,,,0,0,0,0,1,0,0
4971,"St. Xavier's Catholic College of Engineering, Chunkankadai, Nagercoil, Kanyakumari District 629807",KANYAKUMARI,SELF FINANCING COLLEGES TIER 3,EC,ELECTRONICS AND COMMUNICATION ENGINEERING,49742,61437,70066,112564,,,,0,0,0,1,0,0,0
4971,"St. Xavier's Catholic College of Engineering, Chunkankadai, Nagercoil, Kanyakumari District 629807",KANYAKUMARI,SELF FINANCING COLLEGES TIER 3,EE,ELECTRICAL AND ELECTRONICS ENGINEERING,74374,95606,134460,132432,82856,,,0,0,0,1,1,0,0
4971,"St. Xavier's Catholic College of Engineering, Chunkankadai, Nagercoil, Kanyakumari District 629807",KANYAKUMARI,SELF FINANCING COLLEGES TIER 3,IT,INFORMATION TECHNOLOGY,37319,45994,38778,100945,119798,,,0,0,0,0,1,0,0
4971,"St. Xavier's Catholic College of Engineering, Chunkankadai, Nagercoil, Kanyakumari District 629807",KANYAKUMARI,SELF FINANCING COLLEGES TIER 3,ME,MECHANICAL ENGINEERING,127663,148823,145941,146592,,,,0,1,1,1,0,0,0
4972,"AMRITA  College of Engineering and Technology, Erachakulam Post, Kanyakumari District 629902",KANYAKUMARI,SELF FINANCING COLLEGES TIER 3,AD,ARTIFICIAL INTELLIGENCE AND DATA SCIENCE,45591,87054,,83856,72079,,,0,0,0,1,1,0,0
4972,"AMRITA  College of Engineering and Technology, Erachakulam Post, Kanyakumari District 629902",KANYAKUMARI,SELF FINANCING COLLEGES TIER 3,CE,CIVIL  ENGINEERING,152063,,,,,,,1,0,0,0,0,0,0
4972,"AMRITA  College of Engineering and Technology, Erachakulam Post, Kanyakumari District 629902",KANYAKUMARI,SELF FINANCING COLLEGES TIER 3,CS,COMPUTER SCIENCE AND ENGINEERING,45166,88522,88012,133677,139973,,,0,0,1,1,1,0,0
4972,"AMRITA  College of Engineering and Technology, Erachakulam Post, Kanyakumari District 629902",KANYAKUMARI,SELF FINANCING COLLEGES TIER 3,EC,ELECTRONICS AND COMMUNICATION ENGINEERING,69027,96910,135615,125894,,,,0,0,0,1,0,0,0
4972,"AMRITA  College of Engineering and Technology, Erachakulam Post, Kanyakumari District 629902",KANYAKUMARI,SELF FINANCING COLLEGES TIER 3,EE,ELECTRICAL AND ELECTRONICS ENGINEERING,107758,147915,,,,,,0,1,0,0,0,0,0
4972,"AMRITA  College of Engineering and Technology, Erachakulam Post, Kanyakumari District 629902",KANYAKUMARI,SELF FINANCING COLLEGES TIER 3,ME,MECHANICAL ENGINEERING,149908,,,,,,,1,0,0,0,0,0,0
4975,"Dr. G U Pope College of Engineering, Sawyerpuram, Thoothukudi District  628251",TUTICORIN,SELF FINANCING COLLEGES TIER 3,CE,CIVIL  ENGINEERING,152415,,,,,,,1,0,0,0,0,0,0
4975,"Dr. G U Pope College of Engineering, Sawyerpuram, Thoothukudi District  628251",TUTICORIN,SELF FINANCING COLLEGES TIER 3,CS,COMPUTER SCIENCE AND ENGINEERING,113312,144874,,153843,119401,,,0,0,0,1,1,0,0
4975,"Dr. G U Pope College of Engineering, Sawyerpuram, Thoothukudi District  628251",TUTICORIN,SELF FINANCING COLLEGES TIER 3,EC,ELECTRONICS AND COMMUNICATION ENGINEERING,127477,153618,,132997,151247,152340,,0,1,0,1,1,1,0
4975,"Dr. G U Pope College of Engineering, Sawyerpuram, Thoothukudi District  628251",TUTICORIN,SELF FINANCING COLLEGES TIER 3,EE,ELECTRICAL AND ELECTRONICS ENGINEERING,151365,155568,,154553,,,,0,1,0,1,0,0,0
4975,"Dr. G U Pope College of Engineering, Sawyerpuram, Thoothukudi District  628251",TUTICORIN,SELF FINANCING COLLEGES TIER 3,ME,MECHANICAL ENGINEERING,155953,,,,,,,1,0,0,0,0,0,0
4976,"Infant Jesus College of Engineering, Thoothukudi Highway (NH7/A), Thoothukudi District 628851",TUTICORIN,SELF FINANCING COLLEGES TIER 3,AE,AERONAUTICAL ENGINEERING,153845,,,,,,,1,0,0,0,0,0,0
4976,"Infant Jesus College of Engineering, Thoothukudi Highway (NH7/A), Thoothukudi District 628851",TUTICORIN,SELF FINANCING COLLEGES TIER 3,AG,AGRICULTURAL ENGINEERING,132733,,,,,,,1,0,0,0,0,0,0
4976,"Infant Jesus College of Engineering, Thoothukudi Highway (NH7/A), Thoothukudi District 628851",TUTICORIN,SELF FINANCING COLLEGES TIER 3,CS,COMPUTER SCIENCE AND ENGINEERING,153976,,,,,,,1,0,0,0,0,0,0
4976,"Infant Jesus College of Engineering, Thoothukudi Highway (NH7/A), Thoothukudi District 628851",TUTICORIN,SELF FINANCING COLLEGES TIER 3,EC,ELECTRONICS AND COMMUNICATION ENGINEERING,77326,,,,,,,1,0,0,0,0,0,0
4976,"Infant Jesus College of Engineering, Thoothukudi Highway (NH7/A), Thoothukudi District 628851",TUTICORIN,SELF FINANCING COLLEGES TIER 3,ME,MECHANICAL ENGINEERING,,,,,,,,0,0,0,0,0,0,0
4977,"Narayanaguru College of Engineering, Manjalumoodu, Kanyakumari District 629151",KANYAKUMARI,SELF FINANCING COLLEGES TIER 3,AU,AUTOMOBILE ENGINEERING,,,,,,,,0,0,0,0,0,0,0
4977,"Narayanaguru College of Engineering, Manjalumoodu, Kanyakumari District 629151",KANYAKUMARI,SELF FINANCING COLLEGES TIER 3,CE,CIVIL  ENGINEERING,,,,,,,,0,0,0,0,0,0,0
4977,"Narayanaguru College of Engineering, Manjalumoodu, Kanyakumari District 629151",KANYAKUMARI,SELF FINANCING COLLEGES TIER 3,CS,COMPUTER SCIENCE AND ENGINEERING,144057,,,,,,,0,0,0,0,0,0,0
4977,"Narayanaguru College of Engineering, Manjalumoodu, Kanyakumari District 629151",KANYAKUMARI,SELF FINANCING COLLEGES TIER 3,EC,ELECTRONICS AND COMMUNICATION ENGINEERING,154472,,,,,,,1,0,0,0,0,0,0
4977,"Narayanaguru College of Engineering, Manjalumoodu, Kanyakumari District 629151",KANYAKUMARI,SELF FINANCING COLLEGES TIER 3,EE,ELECTRICAL AND ELECTRONICS ENGINEERING,133538,,,,,,,1,0,0,0,0,0,0
4977,"Narayanaguru College of Engineering, Manjalumoodu, Kanyakumari District 629151",KANYAKUMARI,SELF FINANCING COLLEGES TIER 3,ME,MECHANICAL ENGINEERING,152661,,,,,,,1,0,0,0,0,0,0
4978,"Udaya School of Engineering, Ammandivilai Post, Kanyakumari District 629204",KANYAKUMARI,SELF FINANCING COLLEGES TIER 3,AE,AERONAUTICAL ENGINEERING,151655,,,,,,,1,0,0,0,0,0,0
4978,"Udaya School of Engineering, Ammandivilai Post, Kanyakumari District 629204",KANYAKUMARI,SELF FINANCING COLLEGES TIER 3,AG,AGRICULTURAL ENGINEERING,154316,,,,,,,1,0,0,0,0,0,0
4978,"Udaya School of Engineering, Ammandivilai Post, Kanyakumari District 629204",KANYAKUMARI,SELF FINANCING COLLEGES TIER 3,AM,COMPUTER SCIENCE AND ENGINEERING (ARTIFICIAL INTELLIGENCE AND MACHINE LEARNING),153905,,,,,,,1,0,0,0,0,0,0
4978,"Udaya School of Engineering, Ammandivilai Post, Kanyakumari District 629204",KANYAKUMARI,SELF FINANCING COLLEGES TIER 3,BM,BIO MEDICAL ENGINEERING,151299,154685,,,153792,,,0,1,0,0,1,0,0
4978,"Udaya School of Engineering, Ammandivilai Post, Kanyakumari District 629204",KANYAKUMARI,SELF FINANCING COLLEGES TIER 3,BT,BIO TECHNOLOGY,150044,154802,,,155268,,,0,1,0,0,1,0,0
4978,"Udaya School of Engineering, Ammandivilai Post, Kanyakumari District 629204",KANYAKUMARI,SELF FINANCING COLLEGES TIER 3,CE,CIVIL  ENGINEERING,156145,,,,,,,1,0,0,0,0,0,0
4978,"Udaya School of Engineering, Ammandivilai Post, Kanyakumari District 629204",KANYAKUMARI,SELF FINANCING COLLEGES TIER 3,CS,COMPUTER SCIENCE AND ENGINEERING,140942,151379,,149657,144372,,,0,1,0,1,1,0,0
4978,"Udaya School of Engineering, Ammandivilai Post, Kanyakumari District 629204",KANYAKUMARI,SELF FINANCING COLLEGES TIER 3,EC,ELECTRONICS AND COMMUNICATION ENGINEERING,143878,,,,,,,1,0,0,0,0,0,0
4978,"Udaya School of Engineering, Ammandivilai Post, Kanyakumari District 629204",KANYAKUMARI,SELF FINANCING COLLEGES TIER 3,EE,ELECTRICAL AND ELECTRONICS ENGINEERING,149988,,,,,,,1,0,0,0,0,0,0
4978,"Udaya School of Engineering, Ammandivilai Post, Kanyakumari District 629204",KANYAKUMARI,SELF FINANCING COLLEGES TIER 3,ME,MECHANICAL ENGINEERING,140306,,,,,,,1,0,0,0,0,0,0
4978,"Udaya School of Engineering, Ammandivilai Post, Kanyakumari District 629204",KANYAKUMARI,SELF FINANCING COLLEGES TIER 3,RM,ROBOTICS AND AUTOMATION,,,,,,,,0,0,0,0,0,0,0
4978,"Udaya School of Engineering, Ammandivilai Post, Kanyakumari District 629204",KANYAKUMARI,SELF FINANCING COLLEGES TIER 3,SC,Computer Science and Engineering (Cyber Security),152658,,,,,,,1,0,0,0,0,0,0
4979,"Arul Tharum VPMM College of Engineering and Technology (Formerly V.P.Muthaiah Pillai Meenakshi Ammal Engineering College for Women), Krishnakoil,Virudhunagar-626 190",VIRUDHUNAGAR,SELF FINANCING COLLEGES TIER 3,CE,CIVIL  ENGINEERING,,,,,,,,0,0,0,0,0,0,0
4979,"Arul Tharum VPMM College of Engineering and Technology (Formerly V.P.Muthaiah Pillai Meenakshi Ammal Engineering College for Women), Krishnakoil,Virudhunagar-626 190",VIRUDHUNAGAR,SELF FINANCING COLLEGES TIER 3,CS,COMPUTER SCIENCE AND ENGINEERING,,,,,,,,0,0,0,0,0,0,0
4979,"Arul Tharum VPMM College of Engineering and Technology (Formerly V.P.Muthaiah Pillai Meenakshi Ammal Engineering College for Women), Krishnakoil,Virudhunagar-626 190",VIRUDHUNAGAR,SELF FINANCING COLLEGES TIER 3,EC,ELECTRONICS AND COMMUNICATION ENGINEERING,,,,,,,,0,0,0,0,0,0,0
4979,"Arul Tharum VPMM College of Engineering and Technology (Formerly V.P.Muthaiah Pillai Meenakshi Ammal Engineering College for Women), Krishnakoil,Virudhunagar-626 190",VIRUDHUNAGAR,SELF FINANCING COLLEGES TIER 3,EE,ELECTRICAL AND ELECTRONICS ENGINEERING,,,,,,,,0,0,0,0,0,0,0
4979,"Arul Tharum VPMM College of Engineering and Technology (Formerly V.P.Muthaiah Pillai Meenakshi Ammal Engineering College for Women), Krishnakoil,Virudhunagar-626 190",VIRUDHUNAGAR,SELF FINANCING COLLEGES TIER 3,IT,INFORMATION TECHNOLOGY,,,,,,,,0,0,0,0,0,0,0
4980,"Einstein College of Engineering, Seethaparpanallur, Tirunelveli District 627012",TIRUNELVELI,SELF FINANCING COLLEGES TIER 3,CE,CIVIL  ENGINEERING,145635,,,,,,,1,0,0,0,0,0,0
4980,"Einstein College of Engineering, Seethaparpanallur, Tirunelveli District 627012",TIRUNELVELI,SELF FINANCING COLLEGES TIER 3,CS,COMPUTER SCIENCE AND ENGINEERING,78567,111973,99821,140583,153007,,,0,0,0,1,1,0,0
4980,"Einstein College of Engineering, Seethaparpanallur, Tirunelveli District 627012",TIRUNELVELI,SELF FINANCING COLLEGES TIER 3,EC,ELECTRONICS AND COMMUNICATION ENGINEERING,89216,123281,,155618,,,,0,0,0,1,0,0,0
4980,"Einstein College of Engineering, Seethaparpanallur, Tirunelveli District 627012",TIRUNELVELI,SELF FINANCING COLLEGES TIER 3,EE,ELECTRICAL AND ELECTRONICS ENGINEERING,143123,150448,,,,,,0,1,0,0,0,0,0
4980,"Einstein College of Engineering, Seethaparpanallur, Tirunelveli District 627012",TIRUNELVELI,SELF FINANCING COLLEGES TIER 3,ME,MECHANICAL ENGINEERING,150028,,,,,,,0,0,0,0,0,0,0
4981,"Ponjesly College of  Engineering, Vettornimadam Post, Nagercoil, Kanyakumari District 629003",KANYAKUMARI,SELF FINANCING COLLEGES TIER 3,AD,ARTIFICIAL INTELLIGENCE AND DATA SCIENCE,63784,94471,79581,145076,,,,0,0,0,0,0,0,0
4981,"Ponjesly College of  Engineering, Vettornimadam Post, Nagercoil, Kanyakumari District 629003",KANYAKUMARI,SELF FINANCING COLLEGES TIER 3,CE,CIVIL  ENGINEERING,152084,,,,,,,1,0,0,0,0,0,0
4981,"Ponjesly College of  Engineering, Vettornimadam Post, Nagercoil, Kanyakumari District 629003",KANYAKUMARI,SELF FINANCING COLLEGES TIER 3,CS,COMPUTER SCIENCE AND ENGINEERING,55020,65987,101524,127088,151157,,,0,0,0,1,1,0,0
4981,"Ponjesly College of  Engineering, Vettornimadam Post, Nagercoil, Kanyakumari District 629003",KANYAKUMARI,SELF FINANCING COLLEGES TIER 3,EC,ELECTRONICS AND COMMUNICATION ENGINEERING,73003,115975,78799,145706,,,,0,0,0,1,0,0,0
4981,"Ponjesly College of  Engineering, Vettornimadam Post, Nagercoil, Kanyakumari District 629003",KANYAKUMARI,SELF FINANCING COLLEGES TIER 3,EE,ELECTRICAL AND ELECTRONICS ENGINEERING,119677,153475,,,,,,0,1,0,0,0,0,0
4981,"Ponjesly College of  Engineering, Vettornimadam Post, Nagercoil, Kanyakumari District 629003",KANYAKUMARI,SELF FINANCING COLLEGES TIER 3,IT,INFORMATION TECHNOLOGY,68055,89848,110124,110095,136433,,,0,0,0,0,1,0,0
4981,"Ponjesly College of  Engineering, Vettornimadam Post, Nagercoil, Kanyakumari District 629003",KANYAKUMARI,SELF FINANCING COLLEGES TIER 3,ME,MECHANICAL ENGINEERING,138034,153890,144332,,,,,0,1,1,0,0,0,0
4982,"Vins Christian College of Engineering, Chunkankadai Post, Nagercoil, Kanyakumari District  629807",KANYAKUMARI,SELF FINANCING COLLEGES TIER 3,CE,CIVIL  ENGINEERING,144959,,,,,,,1,0,0,0,0,0,0
4982,"Vins Christian College of Engineering, Chunkankadai Post, Nagercoil, Kanyakumari District  629807",KANYAKUMARI,SELF FINANCING COLLEGES TIER 3,CS,COMPUTER SCIENCE AND ENGINEERING,89225,140008,144851,152824,122530,,,0,1,0,1,1,0,0
4982,"Vins Christian College of Engineering, Chunkankadai Post, Nagercoil, Kanyakumari District  629807",KANYAKUMARI,SELF FINANCING COLLEGES TIER 3,EC,ELECTRONICS AND COMMUNICATION ENGINEERING,137569,,,,,,,1,0,0,0,0,0,0
4982,"Vins Christian College of Engineering, Chunkankadai Post, Nagercoil, Kanyakumari District  629807",KANYAKUMARI,SELF FINANCING COLLEGES TIER 3,EE,ELECTRICAL AND ELECTRONICS ENGINEERING,,,,,,,,0,0,0,0,0,0,0
4982,"Vins Christian College of Engineering, Chunkankadai Post, Nagercoil, Kanyakumari District  629807",KANYAKUMARI,SELF FINANCING COLLEGES TIER 3,ME,MECHANICAL ENGINEERING,150733,,,,,,,1,0,0,0,0,0,0
4983,"Lord Jegannath College of Engineering and Technology, Kumarapuram, Thoppur Post, Kanyakumari District 629402",KANYAKUMARI,SELF FINANCING COLLEGES TIER 3,AE,AERONAUTICAL ENGINEERING,,,,,,,,0,0,0,0,0,0,0
4983,"Lord Jegannath College of Engineering and Technology, Kumarapuram, Thoppur Post, Kanyakumari District 629402",KANYAKUMARI,SELF FINANCING COLLEGES TIER 3,AG,AGRICULTURAL ENGINEERING,87761,,,,,,,1,0,0,0,0,0,0
4983,"Lord Jegannath College of Engineering and Technology, Kumarapuram, Thoppur Post, Kanyakumari District 629402",KANYAKUMARI,SELF FINANCING COLLEGES TIER 3,CE,CIVIL  ENGINEERING,144455,,,,,,,1,0,0,0,0,0,0
4983,"Lord Jegannath College of Engineering and Technology, Kumarapuram, Thoppur Post, Kanyakumari District 629402",KANYAKUMARI,SELF FINANCING COLLEGES TIER 3,CS,COMPUTER SCIENCE AND ENGINEERING,145775,,,,,,,1,0,0,0,0,0,0
4983,"Lord Jegannath College of Engineering and Technology, Kumarapuram, Thoppur Post, Kanyakumari District 629402",KANYAKUMARI,SELF FINANCING COLLEGES TIER 3,EC,ELECTRONICS AND COMMUNICATION ENGINEERING,116505,,,,,,,1,0,0,0,0,0,0
4983,"Lord Jegannath College of Engineering and Technology, Kumarapuram, Thoppur Post, Kanyakumari District 629402",KANYAKUMARI,SELF FINANCING COLLEGES TIER 3,EE,ELECTRICAL AND ELECTRONICS ENGINEERING,,,,,,,,0,0,0,0,0,0,0
4983,"Lord Jegannath College of Engineering and Technology, Kumarapuram, Thoppur Post, Kanyakumari District 629402",KANYAKUMARI,SELF FINANCING COLLEGES TIER 3,ME,MECHANICAL ENGINEERING,141455,,,,,,,1,0,0,0,0,0,0
4983,"Lord Jegannath College of Engineering and Technology, Kumarapuram, Thoppur Post, Kanyakumari District 629402",KANYAKUMARI,SELF FINANCING COLLEGES TIER 3,RM,ROBOTICS AND AUTOMATION,,,,,,,,0,0,0,0,0,0,0
4984,"Marthandam College of Engineering & Technology, Kuttakuzhi, Veeyanoor Post, Kanyakumari District 629177",KANYAKUMARI,SELF FINANCING COLLEGES TIER 3,CE,CIVIL  ENGINEERING,,,,,,,,0,0,0,0,0,0,0
4984,"Marthandam College of Engineering & Technology, Kuttakuzhi, Veeyanoor Post, Kanyakumari District 629177",KANYAKUMARI,SELF FINANCING COLLEGES TIER 3,CS,COMPUTER SCIENCE AND ENGINEERING,134865,151624,,,,,,0,1,0,0,0,0,0
4984,"Marthandam College of Engineering & Technology, Kuttakuzhi, Veeyanoor Post, Kanyakumari District 629177",KANYAKUMARI,SELF FINANCING COLLEGES TIER 3,EC,ELECTRONICS AND COMMUNICATION ENGINEERING,145965,,,,,,,1,0,0,0,0,0,0
4984,"Marthandam College of Engineering & Technology, Kuttakuzhi, Veeyanoor Post, Kanyakumari District 629177",KANYAKUMARI,SELF FINANCING COLLEGES TIER 3,EE,ELECTRICAL AND ELECTRONICS ENGINEERING,,,,,,,,0,0,0,0,0,0,0
4984,"Marthandam College of Engineering & Technology, Kuttakuzhi, Veeyanoor Post, Kanyakumari District 629177",KANYAKUMARI,SELF FINANCING COLLEGES TIER 3,IT,INFORMATION TECHNOLOGY,133078,153223,,,,,,0,1,0,0,0,0,0
4984,"Marthandam College of Engineering & Technology, Kuttakuzhi, Veeyanoor Post, Kanyakumari District 629177",KANYAKUMARI,SELF FINANCING COLLEGES TIER 3,ME,MECHANICAL ENGINEERING,142202,,,,,,,1,0,0,0,0,0,0
4989,"PSN Engineering College, Melathediyoor, Tirunelveli District 627152",TIRUNELVELI,SELF FINANCING COLLEGES TIER 3,AG,AGRICULTURAL ENGINEERING,133220,141398,,,150976,,,0,1,0,0,1,0,0
4989,"PSN Engineering College, Melathediyoor, Tirunelveli District 627152",TIRUNELVELI,SELF FINANCING COLLEGES TIER 3,AU,AUTOMOBILE ENGINEERING,,,,,,,,0,0,0,0,0,0,0
4989,"PSN Engineering College, Melathediyoor, Tirunelveli District 627152",TIRUNELVELI,SELF FINANCING COLLEGES TIER 3,CE,CIVIL  ENGINEERING,149029,,,,,,,1,0,0,0,0,0,0
4989,"PSN Engineering College, Melathediyoor, Tirunelveli District 627152",TIRUNELVELI,SELF FINANCING COLLEGES TIER 3,CS,COMPUTER SCIENCE AND ENGINEERING,131348,139206,,150122,153858,,,0,1,0,1,1,0,0
4989,"PSN Engineering College, Melathediyoor, Tirunelveli District 627152",TIRUNELVELI,SELF FINANCING COLLEGES TIER 3,EC,ELECTRONICS AND COMMUNICATION ENGINEERING,132955,,,,,,,1,0,0,0,0,0,0
4989,"PSN Engineering College, Melathediyoor, Tirunelveli District 627152",TIRUNELVELI,SELF FINANCING COLLEGES TIER 3,IT,INFORMATION TECHNOLOGY,133346,153075,,147512,153522,,,0,1,0,1,0,0,0
4989,"PSN Engineering College, Melathediyoor, Tirunelveli District 627152",TIRUNELVELI,SELF FINANCING COLLEGES TIER 3,ME,MECHANICAL ENGINEERING,,,,,,,,0,0,0,0,0,0,0
4989,"PSN Engineering College, Melathediyoor, Tirunelveli District 627152",TIRUNELVELI,SELF FINANCING COLLEGES TIER 3,MU,MECHANICAL AND AUTOMATION ENGINEERING,,,,,,,,0,0,0,0,0,0,0
4992,"Bethlahem Institute of Engineering, Karungal, Kanyakumari District 629157",KANYAKUMARI,SELF FINANCING COLLEGES TIER 3,AU,AUTOMOBILE ENGINEERING,130372,,,,,,,1,0,0,0,0,0,0
4992,"Bethlahem Institute of Engineering, Karungal, Kanyakumari District 629157",KANYAKUMARI,SELF FINANCING COLLEGES TIER 3,CE,CIVIL  ENGINEERING,155316,,,,,,,1,0,0,0,0,0,0
4992,"Bethlahem Institute of Engineering, Karungal, Kanyakumari District 629157",KANYAKUMARI,SELF FINANCING COLLEGES TIER 3,CS,COMPUTER SCIENCE AND ENGINEERING,116119,155663,138255,,150067,,,0,1,1,0,1,0,0
4992,"Bethlahem Institute of Engineering, Karungal, Kanyakumari District 629157",KANYAKUMARI,SELF FINANCING COLLEGES TIER 3,EC,ELECTRONICS AND COMMUNICATION ENGINEERING,144390,154860,,,,,,0,1,0,0,0,0,0
4992,"Bethlahem Institute of Engineering, Karungal, Kanyakumari District 629157",KANYAKUMARI,SELF FINANCING COLLEGES TIER 3,EE,ELECTRICAL AND ELECTRONICS ENGINEERING,150673,,,,,,,1,0,0,0,0,0,0
4992,"Bethlahem Institute of Engineering, Karungal, Kanyakumari District 629157",KANYAKUMARI,SELF FINANCING COLLEGES TIER 3,IT,INFORMATION TECHNOLOGY,146405,155489,,153827,,,,0,1,0,1,0,0,0
4992,"Bethlahem Institute of Engineering, Karungal, Kanyakumari District 629157",KANYAKUMARI,SELF FINANCING COLLEGES TIER 3,ME,MECHANICAL ENGINEERING,154853,,,,,,,1,0,0,0,0,0,0
4993,"Loyola Institute of Technology and Science, Loyola Nagar,  P B No.2, Thovalai, Kanyakumari District 629302",KANYAKUMARI,SELF FINANCING COLLEGES TIER 3,AD,ARTIFICIAL INTELLIGENCE AND DATA SCIENCE,132638,152127,,146598,,,,0,1,0,1,0,0,0
4993,"Loyola Institute of Technology and Science, Loyola Nagar,  P B No.2, Thovalai, Kanyakumari District 629302",KANYAKUMARI,SELF FINANCING COLLEGES TIER 3,AG,AGRICULTURAL ENGINEERING,154411,,,,,,,1,0,0,0,0,0,0
4993,"Loyola Institute of Technology and Science, Loyola Nagar,  P B No.2, Thovalai, Kanyakumari District 629302",KANYAKUMARI,SELF FINANCING COLLEGES TIER 3,BM,BIO MEDICAL ENGINEERING,144690,156123,151043,145008,145827,,,0,1,0,1,1,0,0
4993,"Loyola Institute of Technology and Science, Loyola Nagar,  P B No.2, Thovalai, Kanyakumari District 629302",KANYAKUMARI,SELF FINANCING COLLEGES TIER 3,CE,CIVIL  ENGINEERING,,,,,,,,0,0,0,0,0,0,0
4993,"Loyola Institute of Technology and Science, Loyola Nagar,  P B No.2, Thovalai, Kanyakumari District 629302",KANYAKUMARI,SELF FINANCING COLLEGES TIER 3,CS,COMPUTER SCIENCE AND ENGINEERING,122490,153784,141311,145306,,,,0,1,0,1,0,0,0
4993,"Loyola Institute of Technology and Science, Loyola Nagar,  P B No.2, Thovalai, Kanyakumari District 629302",KANYAKUMARI,SELF FINANCING COLLEGES TIER 3,EC,ELECTRONICS AND COMMUNICATION ENGINEERING,128683,154537,,131471,143565,,,0,1,0,1,1,0,0
4993,"Loyola Institute of Technology and Science, Loyola Nagar,  P B No.2, Thovalai, Kanyakumari District 629302",KANYAKUMARI,SELF FINANCING COLLEGES TIER 3,EE,ELECTRICAL AND ELECTRONICS ENGINEERING,153830,,,,,,,1,0,0,0,0,0,0
4993,"Loyola Institute of Technology and Science, Loyola Nagar,  P B No.2, Thovalai, Kanyakumari District 629302",KANYAKUMARI,SELF FINANCING COLLEGES TIER 3,IT,INFORMATION TECHNOLOGY,117115,144715,125191,142193,147124,,,0,0,1,1,1,0,0
4993,"Loyola Institute of Technology and Science, Loyola Nagar,  P B No.2, Thovalai, Kanyakumari District 629302",KANYAKUMARI,SELF FINANCING COLLEGES TIER 3,ME,MECHANICAL ENGINEERING,155134,,,,,,,1,0,0,0,0,0,0
4993,"Loyola Institute of Technology and Science, Loyola Nagar,  P B No.2, Thovalai, Kanyakumari District 629302",KANYAKUMARI,SELF FINANCING COLLEGES TIER 3,RM,ROBOTICS AND AUTOMATION,,,,,,,,0,0,0,0,0,0,0
4994,"J P College of Engineering, College Road, Ayakudy, Tenkasi Taluk, Tenkasi District 627852",TENKASI,SELF FINANCING COLLEGES TIER 3,CE,CIVIL  ENGINEERING,142893,156211,,,,,,0,1,0,0,0,0,0
4994,"J P College of Engineering, College Road, Ayakudy, Tenkasi Taluk, Tenkasi District 627852",TENKASI,SELF FINANCING COLLEGES TIER 3,CS,COMPUTER SCIENCE AND ENGINEERING,97909,132590,111174,150643,129910,99480,,0,0,0,1,0,0,0
4994,"J P College of Engineering, College Road, Ayakudy, Tenkasi Taluk, Tenkasi District 627852",TENKASI,SELF FINANCING COLLEGES TIER 3,EC,ELECTRONICS AND COMMUNICATION ENGINEERING,140051,153995,147082,155109,,,,0,1,0,1,0,0,0
4994,"J P College of Engineering, College Road, Ayakudy, Tenkasi Taluk, Tenkasi District 627852",TENKASI,SELF FINANCING COLLEGES TIER 3,EE,ELECTRICAL AND ELECTRONICS ENGINEERING,150468,,,,,,,1,0,0,0,0,0,0
4994,"J P College of Engineering, College Road, Ayakudy, Tenkasi Taluk, Tenkasi District 627852",TENKASI,SELF FINANCING COLLEGES TIER 3,IT,INFORMATION TECHNOLOGY,105515,140855,120600,143221,142029,113585,,0,1,0,1,0,1,0
4994,"J P College of Engineering, College Road, Ayakudy, Tenkasi Taluk, Tenkasi District 627852",TENKASI,SELF FINANCING COLLEGES TIER 3,ME,MECHANICAL ENGINEERING,148843,153031,,155022,152329,,,0,1,0,1,1,0,0
4995,"P.S.R.R College of Engineering (Formerly P S R Rengasamy College of Engineering for Women), Appayanaickenpatti, Sevalpatti, Virudhunagar District 626140",VIRUDHUNAGAR,SELF FINANCING COLLEGES TIER 3,AD,ARTIFICIAL INTELLIGENCE AND DATA SCIENCE,121200,146569,,148352,,,,0,1,0,0,0,0,0
4995,"P.S.R.R College of Engineering (Formerly P S R Rengasamy College of Engineering for Women), Appayanaickenpatti, Sevalpatti, Virudhunagar District 626140",VIRUDHUNAGAR,SELF FINANCING COLLEGES TIER 3,CS,COMPUTER SCIENCE AND ENGINEERING,86097,105568,,121763,137325,,,0,0,0,0,1,0,0
4995,"P.S.R.R College of Engineering (Formerly P S R Rengasamy College of Engineering for Women), Appayanaickenpatti, Sevalpatti, Virudhunagar District 626140",VIRUDHUNAGAR,SELF FINANCING COLLEGES TIER 3,EC,ELECTRONICS AND COMMUNICATION ENGINEERING,140671,152926,,149674,,,,0,1,0,1,0,0,0
4995,"P.S.R.R College of Engineering (Formerly P S R Rengasamy College of Engineering for Women), Appayanaickenpatti, Sevalpatti, Virudhunagar District 626140",VIRUDHUNAGAR,SELF FINANCING COLLEGES TIER 3,EE,ELECTRICAL AND ELECTRONICS ENGINEERING,155192,,,,,,,1,0,0,0,0,0,0
4996,"Sri Vidya College of Engineering and Technology, Sivakasi Main Road, P Kumaralinapuram, Virudhunagar District 626005",VIRUDHUNAGAR,SELF FINANCING COLLEGES TIER 3,CE,CIVIL  ENGINEERING,116385,,,,,,,1,0,0,0,0,0,0
4996,"Sri Vidya College of Engineering and Technology, Sivakasi Main Road, P Kumaralinapuram, Virudhunagar District 626005",VIRUDHUNAGAR,SELF FINANCING COLLEGES TIER 3,CS,COMPUTER SCIENCE AND ENGINEERING,90616,120314,,139995,118220,,,0,1,0,1,0,0,0
4996,"Sri Vidya College of Engineering and Technology, Sivakasi Main Road, P Kumaralinapuram, Virudhunagar District 626005",VIRUDHUNAGAR,SELF FINANCING COLLEGES TIER 3,EC,ELECTRONICS AND COMMUNICATION ENGINEERING,149927,,,,,,,1,0,0,0,0,0,0
4996,"Sri Vidya College of Engineering and Technology, Sivakasi Main Road, P Kumaralinapuram, Virudhunagar District 626005",VIRUDHUNAGAR,SELF FINANCING COLLEGES TIER 3,EE,ELECTRICAL AND ELECTRONICS ENGINEERING,150298,,,,,,,1,0,0,0,0,0,0
4996,"Sri Vidya College of Engineering and Technology, Sivakasi Main Road, P Kumaralinapuram, Virudhunagar District 626005",VIRUDHUNAGAR,SELF FINANCING COLLEGES TIER 3,ME,MECHANICAL ENGINEERING,126289,,,,,,,1,0,0,0,0,0,0
4998,"Mahakavi Bharathiyar College of Engineering and Technology, Vasudevanallur, Tenkasi District 627758",TENKASI,SELF FINANCING COLLEGES TIER 3,CE,CIVIL  ENGINEERING,,,,,,,,0,0,0,0,0,0,0
4998,"Mahakavi Bharathiyar College of Engineering and Technology, Vasudevanallur, Tenkasi District 627758",TENKASI,SELF FINANCING COLLEGES TIER 3,CS,COMPUTER SCIENCE AND ENGINEERING,133583,,,,,,,1,0,0,0,0,0,0
4998,"Mahakavi Bharathiyar College of Engineering and Technology, Vasudevanallur, Tenkasi District 627758",TENKASI,SELF FINANCING COLLEGES TIER 3,EC,ELECTRONICS AND COMMUNICATION ENGINEERING,127225,,,,,,,1,0,0,0,0,0,0
4998,"Mahakavi Bharathiyar College of Engineering and Technology, Vasudevanallur, Tenkasi District 627758",TENKASI,SELF FINANCING COLLEGES TIER 3,EE,ELECTRICAL AND ELECTRONICS ENGINEERING,,,,,,,,0,0,0,0,0,0,0
4998,"Mahakavi Bharathiyar College of Engineering and Technology, Vasudevanallur, Tenkasi District 627758",TENKASI,SELF FINANCING COLLEGES TIER 3,ME,MECHANICAL ENGINEERING,,,,,,,,0,0,0,0,0,0,0
4999,"Annai Vailankanni College of Engineering, Pothaiyadi Salai, Pottalkulam, Azhagappapuram, Kanyakumari District 629401",KANYAKUMARI,SELF FINANCING COLLEGES TIER 3,AD,ARTIFICIAL INTELLIGENCE AND DATA SCIENCE,144293,155855,,155838,,,,0,1,0,1,0,0,0
4999,"Annai Vailankanni College of Engineering, Pothaiyadi Salai, Pottalkulam, Azhagappapuram, Kanyakumari District 629401",KANYAKUMARI,SELF FINANCING COLLEGES TIER 3,CE,CIVIL  ENGINEERING,151932,,,,,,,1,0,0,0,0,0,0
4999,"Annai Vailankanni College of Engineering, Pothaiyadi Salai, Pottalkulam, Azhagappapuram, Kanyakumari District 629401",KANYAKUMARI,SELF FINANCING COLLEGES TIER 3,CS,COMPUTER SCIENCE AND ENGINEERING,118028,154811,,,149818,,,0,1,0,0,1,0,0
4999,"Annai Vailankanni College of Engineering, Pothaiyadi Salai, Pottalkulam, Azhagappapuram, Kanyakumari District 629401",KANYAKUMARI,SELF FINANCING COLLEGES TIER 3,EC,ELECTRONICS AND COMMUNICATION ENGINEERING,155099,,,,,,,1,0,0,0,0,0,0
4999,"Annai Vailankanni College of Engineering, Pothaiyadi Salai, Pottalkulam, Azhagappapuram, Kanyakumari District 629401",KANYAKUMARI,SELF FINANCING COLLEGES TIER 3,ME,MECHANICAL ENGINEERING,153662,,,,,,,1,0,0,0,0,0,0
5502,"Sri Raajaraajan College of Engineering & Technology, Amaravathi Village, Amaravathi Pudur Post, Karaikudi, Sivagangai District 630301",SIVAGANGAI,SELF FINANCING COLLEGES TIER 3,AG,AGRICULTURAL ENGINEERING,142385,,,,,,,1,0,0,0,0,0,0
5502,"Sri Raajaraajan College of Engineering & Technology, Amaravathi Village, Amaravathi Pudur Post, Karaikudi, Sivagangai District 630301",SIVAGANGAI,SELF FINANCING COLLEGES TIER 3,CE,CIVIL  ENGINEERING,155826,,,,,,,1,0,0,0,0,0,0
5502,"Sri Raajaraajan College of Engineering & Technology, Amaravathi Village, Amaravathi Pudur Post, Karaikudi, Sivagangai District 630301",SIVAGANGAI,SELF FINANCING COLLEGES TIER 3,CS,COMPUTER SCIENCE AND ENGINEERING,82238,147531,,149506,121946,,,0,1,0,1,1,0,0
5502,"Sri Raajaraajan College of Engineering & Technology, Amaravathi Village, Amaravathi Pudur Post, Karaikudi, Sivagangai District 630301",SIVAGANGAI,SELF FINANCING COLLEGES TIER 3,EC,ELECTRONICS AND COMMUNICATION ENGINEERING,140588,148947,,151612,,,,0,1,0,1,0,0,0
5502,"Sri Raajaraajan College of Engineering & Technology, Amaravathi Village, Amaravathi Pudur Post, Karaikudi, Sivagangai District 630301",SIVAGANGAI,SELF FINANCING COLLEGES TIER 3,EE,ELECTRICAL AND ELECTRONICS ENGINEERING,145006,154188,,,,,,0,1,0,0,0,0,0
5502,"Sri Raajaraajan College of Engineering & Technology, Amaravathi Village, Amaravathi Pudur Post, Karaikudi, Sivagangai District 630301",SIVAGANGAI,SELF FINANCING COLLEGES TIER 3,ME,MECHANICAL ENGINEERING,149630,154205,155238,,,,,0,1,1,0,0,0,0
5530,"SSM Institute of Engineering and Technology, Kuttathupatti Village, Sindalaigundu Post, Dindigul District 624002",DINDIGUL,SELF FINANCING COLLEGES TIER 3,AD,ARTIFICIAL INTELLIGENCE AND DATA SCIENCE,57917,63883,96578,113327,,,,0,0,0,0,0,0,0
5530,"SSM Institute of Engineering and Technology, Kuttathupatti Village, Sindalaigundu Post, Dindigul District 624002",DINDIGUL,SELF FINANCING COLLEGES TIER 3,AU,AUTOMOBILE ENGINEERING,,,,,,,,0,0,0,0,0,0,0
5530,"SSM Institute of Engineering and Technology, Kuttathupatti Village, Sindalaigundu Post, Dindigul District 624002",DINDIGUL,SELF FINANCING COLLEGES TIER 3,CB,COMPUTER SCIENCE AND BUSSINESS SYSTEM,62249,93370,86664,121551,,,,0,0,0,1,0,0,0
5530,"SSM Institute of Engineering and Technology, Kuttathupatti Village, Sindalaigundu Post, Dindigul District 624002",DINDIGUL,SELF FINANCING COLLEGES TIER 3,CE,CIVIL  ENGINEERING,151507,,,,,,,0,0,0,0,0,0,0
5530,"SSM Institute of Engineering and Technology, Kuttathupatti Village, Sindalaigundu Post, Dindigul District 624002",DINDIGUL,SELF FINANCING COLLEGES TIER 3,CS,COMPUTER SCIENCE AND ENGINEERING,46038,55441,49669,77631,131444,,,0,0,0,0,1,0,0
5530,"SSM Institute of Engineering and Technology, Kuttathupatti Village, Sindalaigundu Post, Dindigul District 624002",DINDIGUL,SELF FINANCING COLLEGES TIER 3,EC,ELECTRONICS AND COMMUNICATION ENGINEERING,71829,95351,89583,144059,139374,118838,,0,0,0,0,1,1,0
5530,"SSM Institute of Engineering and Technology, Kuttathupatti Village, Sindalaigundu Post, Dindigul District 624002",DINDIGUL,SELF FINANCING COLLEGES TIER 3,EE,ELECTRICAL AND ELECTRONICS ENGINEERING,97256,111318,97656,143451,,,,0,0,0,1,0,0,0
5530,"SSM Institute of Engineering and Technology, Kuttathupatti Village, Sindalaigundu Post, Dindigul District 624002",DINDIGUL,SELF FINANCING COLLEGES TIER 3,ME,MECHANICAL ENGINEERING,128970,143795,140146,140924,150219,,,0,1,0,1,1,0,0
5532,"Vaigai College of Engineering, Therkutheru, Melur Taluk, Madurai District 625122",MADURAI,SELF FINANCING COLLEGES TIER 3,CE,CIVIL  ENGINEERING,154132,,,,,,,1,0,0,0,0,0,0
5532,"Vaigai College of Engineering, Therkutheru, Melur Taluk, Madurai District 625122",MADURAI,SELF FINANCING COLLEGES TIER 3,CS,COMPUTER SCIENCE AND ENGINEERING,83261,112915,84181,119060,130411,,,0,0,0,0,1,0,0
5532,"Vaigai College of Engineering, Therkutheru, Melur Taluk, Madurai District 625122",MADURAI,SELF FINANCING COLLEGES TIER 3,EC,ELECTRONICS AND COMMUNICATION ENGINEERING,87737,119933,,119099,,,,0,0,0,1,0,0,0
5532,"Vaigai College of Engineering, Therkutheru, Melur Taluk, Madurai District 625122",MADURAI,SELF FINANCING COLLEGES TIER 3,EE,ELECTRICAL AND ELECTRONICS ENGINEERING,137704,154429,,140824,,,,0,1,0,1,0,0,0
5532,"Vaigai College of Engineering, Therkutheru, Melur Taluk, Madurai District 625122",MADURAI,SELF FINANCING COLLEGES TIER 3,ME,MECHANICAL ENGINEERING,156101,,,,,,,1,0,0,0,0,0,0
5533,"Karaikudi Institute of Technology and Karaikudi Institute of Management, KIT & KIM Technical Campus, Keeranipatti, Thalakkuvur, Karaikudi, Sivagangai District 630307",SIVAGANGAI,SELF FINANCING COLLEGES TIER 3,CE,CIVIL  ENGINEERING,153230,,,,,,,1,0,0,0,0,0,0
5533,"Karaikudi Institute of Technology and Karaikudi Institute of Management, KIT & KIM Technical Campus, Keeranipatti, Thalakkuvur, Karaikudi, Sivagangai District 630307",SIVAGANGAI,SELF FINANCING COLLEGES TIER 3,CS,COMPUTER SCIENCE AND ENGINEERING,140693,,,,,,,1,0,0,0,0,0,0
5533,"Karaikudi Institute of Technology and Karaikudi Institute of Management, KIT & KIM Technical Campus, Keeranipatti, Thalakkuvur, Karaikudi, Sivagangai District 630307",SIVAGANGAI,SELF FINANCING COLLEGES TIER 3,EC,ELECTRONICS AND COMMUNICATION ENGINEERING,152462,,,,,,,1,0,0,0,0,0,0
5533,"Karaikudi Institute of Technology and Karaikudi Institute of Management, KIT & KIM Technical Campus, Keeranipatti, Thalakkuvur, Karaikudi, Sivagangai District 630307",SIVAGANGAI,SELF FINANCING COLLEGES TIER 3,EE,ELECTRICAL AND ELECTRONICS ENGINEERING,144559,,,,,,,1,0,0,0,0,0,0
5533,"Karaikudi Institute of Technology and Karaikudi Institute of Management, KIT & KIM Technical Campus, Keeranipatti, Thalakkuvur, Karaikudi, Sivagangai District 630307",SIVAGANGAI,SELF FINANCING COLLEGES TIER 3,ME,MECHANICAL ENGINEERING,144864,,,,,,,1,0,0,0,0,0,0
5536,"Mangayarkarasi College of Engineering, First Street, Mangayarkarasi Nagar, Paravai, Madurai District 625402",MADURAI,SELF FINANCING COLLEGES TIER 3,AG,AGRICULTURAL ENGINEERING,101192,156085,,147727,153985,128150,,0,1,0,1,1,0,0
5536,"Mangayarkarasi College of Engineering, First Street, Mangayarkarasi Nagar, Paravai, Madurai District 625402",MADURAI,SELF FINANCING COLLEGES TIER 3,CS,COMPUTER SCIENCE AND ENGINEERING,58493,109056,87408,135479,153767,,,0,0,0,1,0,0,0
5536,"Mangayarkarasi College of Engineering, First Street, Mangayarkarasi Nagar, Paravai, Madurai District 625402",MADURAI,SELF FINANCING COLLEGES TIER 3,EC,ELECTRONICS AND COMMUNICATION ENGINEERING,91923,147643,122972,100164,149580,149462,,0,0,0,1,1,0,0
5536,"Mangayarkarasi College of Engineering, First Street, Mangayarkarasi Nagar, Paravai, Madurai District 625402",MADURAI,SELF FINANCING COLLEGES TIER 3,EE,ELECTRICAL AND ELECTRONICS ENGINEERING,125801,156098,152317,155340,143294,140474,,0,1,0,1,1,1,0
5536,"Mangayarkarasi College of Engineering, First Street, Mangayarkarasi Nagar, Paravai, Madurai District 625402",MADURAI,SELF FINANCING COLLEGES TIER 3,ME,MECHANICAL ENGINEERING,147204,154998,,148590,155869,147733,,0,1,0,1,1,0,0
5537,"Jainee College of Engineering and Technology, Dindigul-Theni Main Road (Near Vakkampatti), Dindigul District 624303",DINDIGUL,SELF FINANCING COLLEGES TIER 3,CE,CIVIL  ENGINEERING,,,,,,,,0,0,0,0,0,0,0
5537,"Jainee College of Engineering and Technology, Dindigul-Theni Main Road (Near Vakkampatti), Dindigul District 624303",DINDIGUL,SELF FINANCING COLLEGES TIER 3,CS,COMPUTER SCIENCE AND ENGINEERING,,,,,,,,0,0,0,0,0,0,0
5537,"Jainee College of Engineering and Technology, Dindigul-Theni Main Road (Near Vakkampatti), Dindigul District 624303",DINDIGUL,SELF FINANCING COLLEGES TIER 3,EC,ELECTRONICS AND COMMUNICATION ENGINEERING,,,,,,,,0,0,0,0,0,0,0
5537,"Jainee College of Engineering and Technology, Dindigul-Theni Main Road (Near Vakkampatti), Dindigul District 624303",DINDIGUL,SELF FINANCING COLLEGES TIER 3,EE,ELECTRICAL AND ELECTRONICS ENGINEERING,,,,,,,,0,0,0,0,0,0,0
5537,"Jainee College of Engineering and Technology, Dindigul-Theni Main Road (Near Vakkampatti), Dindigul District 624303",DINDIGUL,SELF FINANCING COLLEGES TIER 3,ME,MECHANICAL ENGINEERING,,,,,,,,0,0,0,0,0,0,0
5703,"Christian College of Engineering and Technology, Oddanchatram, Dindigul District 624619",DINDIGUL,SELF FINANCING COLLEGES TIER 3,CE,CIVIL  ENGINEERING,151903,,,,,,,1,0,0,0,0,0,0
5703,"Christian College of Engineering and Technology, Oddanchatram, Dindigul District 624619",DINDIGUL,SELF FINANCING COLLEGES TIER 3,CS,COMPUTER SCIENCE AND ENGINEERING,94201,154828,117033,128588,143198,,,0,1,0,1,0,0,0
5703,"Christian College of Engineering and Technology, Oddanchatram, Dindigul District 624619",DINDIGUL,SELF FINANCING COLLEGES TIER 3,EC,ELECTRONICS AND COMMUNICATION ENGINEERING,146011,154249,,,155211,151724,,0,1,0,0,1,0,0
5703,"Christian College of Engineering and Technology, Oddanchatram, Dindigul District 624619",DINDIGUL,SELF FINANCING COLLEGES TIER 3,EE,ELECTRICAL AND ELECTRONICS ENGINEERING,132949,,,,,,,1,0,0,0,0,0,0
5703,"Christian College of Engineering and Technology, Oddanchatram, Dindigul District 624619",DINDIGUL,SELF FINANCING COLLEGES TIER 3,IT,INFORMATION TECHNOLOGY,96809,140573,110701,,,,,0,0,0,0,0,0,0
5703,"Christian College of Engineering and Technology, Oddanchatram, Dindigul District 624619",DINDIGUL,SELF FINANCING COLLEGES TIER 3,ME,MECHANICAL ENGINEERING,155721,,,,,,,1,0,0,0,0,0,0
5720,"Sri Subramanya College of Engineering and Technology, Sukkamanaickanpatti, Palani, Dindigul District 624615",DINDIGUL,SELF FINANCING COLLEGES TIER 3,CE,CIVIL  ENGINEERING,,,,,,,,0,0,0,0,0,0,0
5720,"Sri Subramanya College of Engineering and Technology, Sukkamanaickanpatti, Palani, Dindigul District 624615",DINDIGUL,SELF FINANCING COLLEGES TIER 3,CS,COMPUTER SCIENCE AND ENGINEERING,154570,,,,,,,1,0,0,0,0,0,0
5720,"Sri Subramanya College of Engineering and Technology, Sukkamanaickanpatti, Palani, Dindigul District 624615",DINDIGUL,SELF FINANCING COLLEGES TIER 3,EC,ELECTRONICS AND COMMUNICATION ENGINEERING,,,,,,,,0,0,0,0,0,0,0
5720,"Sri Subramanya College of Engineering and Technology, Sukkamanaickanpatti, Palani, Dindigul District 624615",DINDIGUL,SELF FINANCING COLLEGES TIER 3,EE,ELECTRICAL AND ELECTRONICS ENGINEERING,,,,,,,,0,0,0,0,0,0,0
5720,"Sri Subramanya College of Engineering and Technology, Sukkamanaickanpatti, Palani, Dindigul District 624615",DINDIGUL,SELF FINANCING COLLEGES TIER 3,ME,MECHANICAL ENGINEERING,,,,,,,,0,0,0,0,0,0,0
5832,"N P R College of Engineering and Technology, Natham, Dindigul District 624401",DINDIGUL,SELF FINANCING COLLEGES TIER 3,AD,ARTIFICIAL INTELLIGENCE AND DATA SCIENCE,81812,102950,105117,146878,,130120,,0,0,0,0,0,0,0
5832,"N P R College of Engineering and Technology, Natham, Dindigul District 624401",DINDIGUL,SELF FINANCING COLLEGES TIER 3,CE,CIVIL  ENGINEERING,139177,,,,,,,0,0,0,0,0,0,0
5832,"N P R College of Engineering and Technology, Natham, Dindigul District 624401",DINDIGUL,SELF FINANCING COLLEGES TIER 3,CS,COMPUTER SCIENCE AND ENGINEERING,64542,98503,80300,123099,145676,148502,,0,0,0,0,1,0,0
5832,"N P R College of Engineering and Technology, Natham, Dindigul District 624401",DINDIGUL,SELF FINANCING COLLEGES TIER 3,EC,ELECTRONICS AND COMMUNICATION ENGINEERING,90628,103066,93236,153020,147090,156119,,0,0,0,1,1,0,0
5832,"N P R College of Engineering and Technology, Natham, Dindigul District 624401",DINDIGUL,SELF FINANCING COLLEGES TIER 3,EE,ELECTRICAL AND ELECTRONICS ENGINEERING,99875,124722,108954,142817,152033,,,0,0,0,0,0,0,0
5832,"N P R College of Engineering and Technology, Natham, Dindigul District 624401",DINDIGUL,SELF FINANCING COLLEGES TIER 3,IT,INFORMATION TECHNOLOGY,67827,101200,,135961,129397,,,0,0,0,0,1,0,0
5832,"N P R College of Engineering and Technology, Natham, Dindigul District 624401",DINDIGUL,SELF FINANCING COLLEGES TIER 3,ME,MECHANICAL ENGINEERING,137243,155255,151111,148735,144805,,,0,1,0,1,0,0,0
5842,"Madurai Institute of Engineering and Technology, Pottapalayam Village, Manamadurai Taluk, Sivagangai District 630611",SIVAGANGAI,SELF FINANCING COLLEGES TIER 3,CE,CIVIL  ENGINEERING,,,,,,,,0,0,0,0,0,0,0
5842,"Madurai Institute of Engineering and Technology, Pottapalayam Village, Manamadurai Taluk, Sivagangai District 630611",SIVAGANGAI,SELF FINANCING COLLEGES TIER 3,CS,COMPUTER SCIENCE AND ENGINEERING,,,,,,,,0,0,0,0,0,0,0
5842,"Madurai Institute of Engineering and Technology, Pottapalayam Village, Manamadurai Taluk, Sivagangai District 630611",SIVAGANGAI,SELF FINANCING COLLEGES TIER 3,EC,ELECTRONICS AND COMMUNICATION ENGINEERING,137297,,,,,,,1,0,0,0,0,0,0
5842,"Madurai Institute of Engineering and Technology, Pottapalayam Village, Manamadurai Taluk, Sivagangai District 630611",SIVAGANGAI,SELF FINANCING COLLEGES TIER 3,EE,ELECTRICAL AND ELECTRONICS ENGINEERING,,,,,,,,0,0,0,0,0,0,0
5842,"Madurai Institute of Engineering and Technology, Pottapalayam Village, Manamadurai Taluk, Sivagangai District 630611",SIVAGANGAI,SELF FINANCING COLLEGES TIER 3,IT,INFORMATION TECHNOLOGY,,,,,,,,0,0,0,0,0,0,0
5842,"Madurai Institute of Engineering and Technology, Pottapalayam Village, Manamadurai Taluk, Sivagangai District 630611",SIVAGANGAI,SELF FINANCING COLLEGES TIER 3,ME,MECHANICAL ENGINEERING,,,,,,,,0,0,0,0,0,0,0
5851,"Veerammal Engineering College, PVP Nagar, K.Singrakottai, Dindigul-624708",DINDIGUL,SELF FINANCING COLLEGES TIER 3,CE,CIVIL  ENGINEERING,,,,,,,,0,0,0,0,0,0,0
5851,"Veerammal Engineering College, PVP Nagar, K.Singrakottai, Dindigul-624708",DINDIGUL,SELF FINANCING COLLEGES TIER 3,CS,COMPUTER SCIENCE AND ENGINEERING,142105,,,,,,,1,0,0,0,0,0,0
5851,"Veerammal Engineering College, PVP Nagar, K.Singrakottai, Dindigul-624708",DINDIGUL,SELF FINANCING COLLEGES TIER 3,EC,ELECTRONICS AND COMMUNICATION ENGINEERING,,,,,,,,0,0,0,0,0,0,0
5851,"Veerammal Engineering College, PVP Nagar, K.Singrakottai, Dindigul-624708",DINDIGUL,SELF FINANCING COLLEGES TIER 3,EE,ELECTRICAL AND ELECTRONICS ENGINEERING,,,,,,,,0,0,0,0,0,0,0
5862,"R V S Educational Trustâ€™s Groups of Institutions (Integrated Campus), N Paraipatti Post, Vedasandur Taluk, Dindigul District 624005",DINDIGUL,SELF FINANCING COLLEGES TIER 3,AE,AERONAUTICAL ENGINEERING,148432,,,,151108,,,0,0,0,0,1,0,0
5862,"R V S Educational Trustâ€™s Groups of Institutions (Integrated Campus), N Paraipatti Post, Vedasandur Taluk, Dindigul District 624005",DINDIGUL,SELF FINANCING COLLEGES TIER 3,AG,AGRICULTURAL ENGINEERING,147632,152369,,156008,150481,,,0,1,0,1,1,0,0
5862,"R V S Educational Trustâ€™s Groups of Institutions (Integrated Campus), N Paraipatti Post, Vedasandur Taluk, Dindigul District 624005",DINDIGUL,SELF FINANCING COLLEGES TIER 3,AU,AUTOMOBILE ENGINEERING,,,,,,,,0,0,0,0,0,0,0
5862,"R V S Educational Trustâ€™s Groups of Institutions (Integrated Campus), N Paraipatti Post, Vedasandur Taluk, Dindigul District 624005",DINDIGUL,SELF FINANCING COLLEGES TIER 3,BM,BIO MEDICAL ENGINEERING,127019,156045,,,144761,,,0,1,0,0,0,0,0
5862,"R V S Educational Trustâ€™s Groups of Institutions (Integrated Campus), N Paraipatti Post, Vedasandur Taluk, Dindigul District 624005",DINDIGUL,SELF FINANCING COLLEGES TIER 3,CE,CIVIL  ENGINEERING,,,,,,,,0,0,0,0,0,0,0
5862,"R V S Educational Trustâ€™s Groups of Institutions (Integrated Campus), N Paraipatti Post, Vedasandur Taluk, Dindigul District 624005",DINDIGUL,SELF FINANCING COLLEGES TIER 3,CS,COMPUTER SCIENCE AND ENGINEERING,94762,144291,125524,125261,143028,,,0,0,0,1,0,0,0
5862,"R V S Educational Trustâ€™s Groups of Institutions (Integrated Campus), N Paraipatti Post, Vedasandur Taluk, Dindigul District 624005",DINDIGUL,SELF FINANCING COLLEGES TIER 3,ME,MECHANICAL ENGINEERING,,,,,,,,0,0,0,0,0,0,0
5865,"Nadar Saraswathi College of Engineering and Technology, Vadupudupatti, Annanji Post, Theni District 625531",THENI,SELF FINANCING COLLEGES TIER 3,AD,ARTIFICIAL INTELLIGENCE AND DATA SCIENCE,107190,135759,120000,155813,,,,0,1,0,1,0,0,0
5865,"Nadar Saraswathi College of Engineering and Technology, Vadupudupatti, Annanji Post, Theni District 625531",THENI,SELF FINANCING COLLEGES TIER 3,CE,CIVIL  ENGINEERING,144718,154739,154637,,,,,0,1,1,0,0,0,0
5865,"Nadar Saraswathi College of Engineering and Technology, Vadupudupatti, Annanji Post, Theni District 625531",THENI,SELF FINANCING COLLEGES TIER 3,CS,COMPUTER SCIENCE AND ENGINEERING,50069,84762,55111,97873,90508,,,0,0,0,0,1,0,0
5865,"Nadar Saraswathi College of Engineering and Technology, Vadupudupatti, Annanji Post, Theni District 625531",THENI,SELF FINANCING COLLEGES TIER 3,EC,ELECTRONICS AND COMMUNICATION ENGINEERING,73301,95338,147484,141089,156002,,,0,0,0,1,1,0,0
5865,"Nadar Saraswathi College of Engineering and Technology, Vadupudupatti, Annanji Post, Theni District 625531",THENI,SELF FINANCING COLLEGES TIER 3,EE,ELECTRICAL AND ELECTRONICS ENGINEERING,133823,149731,155617,153993,,,,0,1,1,1,0,0,0
5865,"Nadar Saraswathi College of Engineering and Technology, Vadupudupatti, Annanji Post, Theni District 625531",THENI,SELF FINANCING COLLEGES TIER 3,IT,INFORMATION TECHNOLOGY,92682,118079,,117803,134958,,,0,0,0,1,1,0,0
5865,"Nadar Saraswathi College of Engineering and Technology, Vadupudupatti, Annanji Post, Theni District 625531",THENI,SELF FINANCING COLLEGES TIER 3,ME,MECHANICAL ENGINEERING,151774,,,,,,,1,0,0,0,0,0,0
5902,"Bharath Niketan Engineering College, Thimmarasanaickanoor, Aundipatti, Theni District 625536",THENI,SELF FINANCING COLLEGES TIER 3,AD,ARTIFICIAL INTELLIGENCE AND DATA SCIENCE,127936,154902,128509,155520,155390,,,0,1,1,1,1,0,0
5902,"Bharath Niketan Engineering College, Thimmarasanaickanoor, Aundipatti, Theni District 625536",THENI,SELF FINANCING COLLEGES TIER 3,CE,CIVIL  ENGINEERING,116979,,,,,,,1,0,0,0,0,0,0
5902,"Bharath Niketan Engineering College, Thimmarasanaickanoor, Aundipatti, Theni District 625536",THENI,SELF FINANCING COLLEGES TIER 3,CS,COMPUTER SCIENCE AND ENGINEERING,117275,147553,134927,155258,155131,144575,,0,1,1,1,0,0,0
5902,"Bharath Niketan Engineering College, Thimmarasanaickanoor, Aundipatti, Theni District 625536",THENI,SELF FINANCING COLLEGES TIER 3,EC,ELECTRONICS AND COMMUNICATION ENGINEERING,116754,130186,,153697,138007,,,0,1,0,0,1,0,0
5902,"Bharath Niketan Engineering College, Thimmarasanaickanoor, Aundipatti, Theni District 625536",THENI,SELF FINANCING COLLEGES TIER 3,EE,ELECTRICAL AND ELECTRONICS ENGINEERING,153403,,,,,,,1,0,0,0,0,0,0
5902,"Bharath Niketan Engineering College, Thimmarasanaickanoor, Aundipatti, Theni District 625536",THENI,SELF FINANCING COLLEGES TIER 3,IT,INFORMATION TECHNOLOGY,99867,146484,,126580,139825,,,0,1,0,1,0,0,0
5902,"Bharath Niketan Engineering College, Thimmarasanaickanoor, Aundipatti, Theni District 625536",THENI,SELF FINANCING COLLEGES TIER 3,ME,MECHANICAL ENGINEERING,118216,149306,,124411,150238,,,0,1,0,1,0,0,0
5904,"K L N College of Engineering (Autonomous), Pottapalayam, Sivagangai District 630611",SIVAGANGAI,SELF FINANCING COLLEGES TIER 3,AD,ARTIFICIAL INTELLIGENCE AND DATA SCIENCE,39615,52759,77861,133350,,,,0,0,0,0,0,0,0
5904,"K L N College of Engineering (Autonomous), Pottapalayam, Sivagangai District 630611",SIVAGANGAI,SELF FINANCING COLLEGES TIER 3,CS,COMPUTER SCIENCE AND ENGINEERING,30553,44022,39371,80314,129909,,,0,0,0,0,1,0,0
5904,"K L N College of Engineering (Autonomous), Pottapalayam, Sivagangai District 630611",SIVAGANGAI,SELF FINANCING COLLEGES TIER 3,EC,ELECTRONICS AND COMMUNICATION ENGINEERING,50453,58130,93275,133650,,,,0,0,0,0,0,0,0
5904,"K L N College of Engineering (Autonomous), Pottapalayam, Sivagangai District 630611",SIVAGANGAI,SELF FINANCING COLLEGES TIER 3,EE,ELECTRICAL AND ELECTRONICS ENGINEERING,71362,92356,88906,139795,152601,,,0,0,0,1,1,0,0
5904,"K L N College of Engineering (Autonomous), Pottapalayam, Sivagangai District 630611",SIVAGANGAI,SELF FINANCING COLLEGES TIER 3,IT,INFORMATION TECHNOLOGY,42146,50569,72236,84840,74199,,,0,0,0,0,1,0,0
5904,"K L N College of Engineering (Autonomous), Pottapalayam, Sivagangai District 630611",SIVAGANGAI,SELF FINANCING COLLEGES TIER 3,ME,MECHANICAL ENGINEERING,140587,146303,,,,,,0,1,0,0,0,0,0
5904,"K L N College of Engineering (Autonomous), Pottapalayam, Sivagangai District 630611",SIVAGANGAI,SELF FINANCING COLLEGES TIER 3,SC,Computer Science and Engineering (Cyber Security),42822,50388,76224,120357,,,,0,0,0,0,0,0,0
5907,"Mohamed Sathak Engineering College, Kilakarai, Ramanathapuram District 623806",RAMANATHAPURAM,SELF FINANCING COLLEGES TIER 3,AD,ARTIFICIAL INTELLIGENCE AND DATA SCIENCE,89084,151818,94186,152570,,147455,,0,0,0,1,0,0,0
5907,"Mohamed Sathak Engineering College, Kilakarai, Ramanathapuram District 623806",RAMANATHAPURAM,SELF FINANCING COLLEGES TIER 3,AE,AERONAUTICAL ENGINEERING,150445,151189,153110,,154911,,,0,1,0,0,1,0,0
5907,"Mohamed Sathak Engineering College, Kilakarai, Ramanathapuram District 623806",RAMANATHAPURAM,SELF FINANCING COLLEGES TIER 3,AG,AGRICULTURAL ENGINEERING,54248,118656,,,83929,,,0,0,0,0,1,0,0
5907,"Mohamed Sathak Engineering College, Kilakarai, Ramanathapuram District 623806",RAMANATHAPURAM,SELF FINANCING COLLEGES TIER 3,CB,COMPUTER SCIENCE AND BUSSINESS SYSTEM,95378,138765,95894,,,,,0,1,0,0,0,0,0
5907,"Mohamed Sathak Engineering College, Kilakarai, Ramanathapuram District 623806",RAMANATHAPURAM,SELF FINANCING COLLEGES TIER 3,CE,CIVIL  ENGINEERING,141465,,152909,,146411,,,0,0,0,0,1,0,0
5907,"Mohamed Sathak Engineering College, Kilakarai, Ramanathapuram District 623806",RAMANATHAPURAM,SELF FINANCING COLLEGES TIER 3,CH,CHEMICAL  ENGINEERING,126756,140298,138424,,,,,0,1,0,0,0,0,0
5907,"Mohamed Sathak Engineering College, Kilakarai, Ramanathapuram District 623806",RAMANATHAPURAM,SELF FINANCING COLLEGES TIER 3,CS,COMPUTER SCIENCE AND ENGINEERING,73567,109863,77565,117389,145388,,,0,0,0,1,1,0,0
5907,"Mohamed Sathak Engineering College, Kilakarai, Ramanathapuram District 623806",RAMANATHAPURAM,SELF FINANCING COLLEGES TIER 3,EC,ELECTRONICS AND COMMUNICATION ENGINEERING,116884,151855,118940,152005,,,,0,1,0,1,0,0,0
5907,"Mohamed Sathak Engineering College, Kilakarai, Ramanathapuram District 623806",RAMANATHAPURAM,SELF FINANCING COLLEGES TIER 3,EE,ELECTRICAL AND ELECTRONICS ENGINEERING,118492,149936,118952,146692,148020,,,0,1,0,1,1,0,0
5907,"Mohamed Sathak Engineering College, Kilakarai, Ramanathapuram District 623806",RAMANATHAPURAM,SELF FINANCING COLLEGES TIER 3,IT,INFORMATION TECHNOLOGY,68228,109969,69047,130097,127829,84944,,0,0,0,1,1,0,0
5907,"Mohamed Sathak Engineering College, Kilakarai, Ramanathapuram District 623806",RAMANATHAPURAM,SELF FINANCING COLLEGES TIER 3,ME,MECHANICAL ENGINEERING,136946,153140,,,142640,,,0,1,0,0,1,0,0
5907,"Mohamed Sathak Engineering College, Kilakarai, Ramanathapuram District 623806",RAMANATHAPURAM,SELF FINANCING COLLEGES TIER 3,MR,MARINE ENGINEERING,69810,107417,,101754,100595,,,0,1,0,1,0,0,0
5910,"P S N A Colllege of Engineering and Technology, Dindigul District 624622",DINDIGUL,SELF FINANCING COLLEGES TIER 3,AD,ARTIFICIAL INTELLIGENCE AND DATA SCIENCE,29607,36985,37801,50539,106280,,,0,0,0,0,0,0,0
5910,"P S N A Colllege of Engineering and Technology, Dindigul District 624622",DINDIGUL,SELF FINANCING COLLEGES TIER 3,BM,BIO MEDICAL ENGINEERING,48876,61164,57789,80638,112195,,,0,0,0,0,1,0,0
5910,"P S N A Colllege of Engineering and Technology, Dindigul District 624622",DINDIGUL,SELF FINANCING COLLEGES TIER 3,CB,COMPUTER SCIENCE AND BUSSINESS SYSTEM,37146,44336,,65467,115561,146376,,0,0,0,0,1,1,0
5910,"P S N A Colllege of Engineering and Technology, Dindigul District 624622",DINDIGUL,SELF FINANCING COLLEGES TIER 3,CE,CIVIL  ENGINEERING,95148,146301,111373,141282,105717,,,0,1,0,1,1,0,0
5910,"P S N A Colllege of Engineering and Technology, Dindigul District 624622",DINDIGUL,SELF FINANCING COLLEGES TIER 3,CS,COMPUTER SCIENCE AND ENGINEERING,22370,29461,34942,46862,135831,120466,81589,0,0,0,0,0,1,0
5910,"P S N A Colllege of Engineering and Technology, Dindigul District 624622",DINDIGUL,SELF FINANCING COLLEGES TIER 3,EC,ELECTRONICS AND COMMUNICATION ENGINEERING,34893,42257,45908,64293,150614,120143,,0,0,0,0,1,1,0
5910,"P S N A Colllege of Engineering and Technology, Dindigul District 624622",DINDIGUL,SELF FINANCING COLLEGES TIER 3,EE,ELECTRICAL AND ELECTRONICS ENGINEERING,44737,49815,52205,77530,139462,,,0,0,0,0,1,0,0
5910,"P S N A Colllege of Engineering and Technology, Dindigul District 624622",DINDIGUL,SELF FINANCING COLLEGES TIER 3,IT,INFORMATION TECHNOLOGY,29602,35977,39201,56562,128920,,,0,0,0,0,0,0,0
5910,"P S N A Colllege of Engineering and Technology, Dindigul District 624622",DINDIGUL,SELF FINANCING COLLEGES TIER 3,ME,MECHANICAL ENGINEERING,84135,126029,116472,152589,,,,0,0,0,1,0,0,0
5911,"P T R College of Engineering and Technology, Thanapandiyan Nagar, Austinpatty Post, Madurai District 625008",MADURAI,SELF FINANCING COLLEGES TIER 3,CE,CIVIL  ENGINEERING,,,,,,,,0,0,0,0,0,0,0
5911,"P T R College of Engineering and Technology, Thanapandiyan Nagar, Austinpatty Post, Madurai District 625008",MADURAI,SELF FINANCING COLLEGES TIER 3,CS,COMPUTER SCIENCE AND ENGINEERING,130133,,,,,,,1,0,0,0,0,0,0
5911,"P T R College of Engineering and Technology, Thanapandiyan Nagar, Austinpatty Post, Madurai District 625008",MADURAI,SELF FINANCING COLLEGES TIER 3,EC,ELECTRONICS AND COMMUNICATION ENGINEERING,85689,,,,,,,1,0,0,0,0,0,0
5911,"P T R College of Engineering and Technology, Thanapandiyan Nagar, Austinpatty Post, Madurai District 625008",MADURAI,SELF FINANCING COLLEGES TIER 3,EE,ELECTRICAL AND ELECTRONICS ENGINEERING,131279,,,,,,,1,0,0,0,0,0,0
5911,"P T R College of Engineering and Technology, Thanapandiyan Nagar, Austinpatty Post, Madurai District 625008",MADURAI,SELF FINANCING COLLEGES TIER 3,ME,MECHANICAL ENGINEERING,143022,,,,,,,1,0,0,0,0,0,0
5912,"Pandian Saraswathi Yadav Engineering College, Thirumansolai Post, Sivagangai District 630 561",SIVAGANGAI,SELF FINANCING COLLEGES TIER 3,AD,ARTIFICIAL INTELLIGENCE AND DATA SCIENCE,125717,149882,,,154108,,,0,1,0,0,1,0,0
5912,"Pandian Saraswathi Yadav Engineering College, Thirumansolai Post, Sivagangai District 630 561",SIVAGANGAI,SELF FINANCING COLLEGES TIER 3,CE,CIVIL  ENGINEERING,149762,,,,,,,1,0,0,0,0,0,0
5912,"Pandian Saraswathi Yadav Engineering College, Thirumansolai Post, Sivagangai District 630 561",SIVAGANGAI,SELF FINANCING COLLEGES TIER 3,CS,COMPUTER SCIENCE AND ENGINEERING,109543,154857,117430,,152242,143202,,0,1,1,0,1,1,0
5912,"Pandian Saraswathi Yadav Engineering College, Thirumansolai Post, Sivagangai District 630 561",SIVAGANGAI,SELF FINANCING COLLEGES TIER 3,EC,ELECTRONICS AND COMMUNICATION ENGINEERING,105037,144088,,149041,,,,0,1,0,1,0,0,0
5912,"Pandian Saraswathi Yadav Engineering College, Thirumansolai Post, Sivagangai District 630 561",SIVAGANGAI,SELF FINANCING COLLEGES TIER 3,EE,ELECTRICAL AND ELECTRONICS ENGINEERING,124595,154330,,,,,,0,1,0,0,0,0,0
5912,"Pandian Saraswathi Yadav Engineering College, Thirumansolai Post, Sivagangai District 630 561",SIVAGANGAI,SELF FINANCING COLLEGES TIER 3,IT,INFORMATION TECHNOLOGY,112306,151927,128914,,115622,,,0,1,0,0,1,0,0
5912,"Pandian Saraswathi Yadav Engineering College, Thirumansolai Post, Sivagangai District 630 561",SIVAGANGAI,SELF FINANCING COLLEGES TIER 3,ME,MECHANICAL ENGINEERING,153104,,,,,,,1,0,0,0,0,0,0
5913,"R V S College of Engineering, N Paraipatti Post, Dindigul District 624005",DINDIGUL,SELF FINANCING COLLEGES TIER 3,CE,CIVIL  ENGINEERING,155954,,,,,,,1,0,0,0,0,0,0
5913,"R V S College of Engineering, N Paraipatti Post, Dindigul District 624005",DINDIGUL,SELF FINANCING COLLEGES TIER 3,CS,COMPUTER SCIENCE AND ENGINEERING,90480,152676,,137561,142710,149187,,0,0,0,1,0,0,0
5913,"R V S College of Engineering, N Paraipatti Post, Dindigul District 624005",DINDIGUL,SELF FINANCING COLLEGES TIER 3,EC,ELECTRONICS AND COMMUNICATION ENGINEERING,128993,149126,,145176,153298,152071,,0,1,0,1,1,0,0
5913,"R V S College of Engineering, N Paraipatti Post, Dindigul District 624005",DINDIGUL,SELF FINANCING COLLEGES TIER 3,EE,ELECTRICAL AND ELECTRONICS ENGINEERING,155627,,,,,,,0,0,0,0,0,0,0
5913,"R V S College of Engineering, N Paraipatti Post, Dindigul District 624005",DINDIGUL,SELF FINANCING COLLEGES TIER 3,ME,MECHANICAL ENGINEERING,154403,,,,,,,1,0,0,0,0,0,0
5913,"R V S College of Engineering, N Paraipatti Post, Dindigul District 624005",DINDIGUL,SELF FINANCING COLLEGES TIER 3,PD,PETRO CHEMICAL ENGINEERING,136234,,,,,,,1,0,0,0,0,0,0
5913,"R V S College of Engineering, N Paraipatti Post, Dindigul District 624005",DINDIGUL,SELF FINANCING COLLEGES TIER 3,TX,TEXTILE TECHNOLOGY,143839,,,,,,,1,0,0,0,0,0,0
5914,"Solamalai College of Engineering, Veerapanjan, Madurai District 625020",MADURAI,SELF FINANCING COLLEGES TIER 3,AD,ARTIFICIAL INTELLIGENCE AND DATA SCIENCE,133773,,,,,,,1,0,0,0,0,0,0
5914,"Solamalai College of Engineering, Veerapanjan, Madurai District 625020",MADURAI,SELF FINANCING COLLEGES TIER 3,CB,COMPUTER SCIENCE AND BUSSINESS SYSTEM,121757,,,,,,,1,0,0,0,0,0,0
5914,"Solamalai College of Engineering, Veerapanjan, Madurai District 625020",MADURAI,SELF FINANCING COLLEGES TIER 3,CE,CIVIL  ENGINEERING,130328,,,,131419,,,0,0,0,0,1,0,0
5914,"Solamalai College of Engineering, Veerapanjan, Madurai District 625020",MADURAI,SELF FINANCING COLLEGES TIER 3,CS,COMPUTER SCIENCE AND ENGINEERING,94786,132449,,152804,155852,,,0,0,0,1,1,0,0
5914,"Solamalai College of Engineering, Veerapanjan, Madurai District 625020",MADURAI,SELF FINANCING COLLEGES TIER 3,EC,ELECTRONICS AND COMMUNICATION ENGINEERING,131244,147265,135648,142782,148299,,,0,1,0,1,1,0,0
5914,"Solamalai College of Engineering, Veerapanjan, Madurai District 625020",MADURAI,SELF FINANCING COLLEGES TIER 3,EE,ELECTRICAL AND ELECTRONICS ENGINEERING,133052,,,152606,153760,,,0,0,0,1,1,0,0
5914,"Solamalai College of Engineering, Veerapanjan, Madurai District 625020",MADURAI,SELF FINANCING COLLEGES TIER 3,ME,MECHANICAL ENGINEERING,149611,,,,,,,1,0,0,0,0,0,0
5915,"SACS-M A V M M Engineering College, Kidaripatty Post, Madurai District 625301",MADURAI,SELF FINANCING COLLEGES TIER 3,CE,CIVIL  ENGINEERING,155068,,,,,,,1,0,0,0,0,0,0
5915,"SACS-M A V M M Engineering College, Kidaripatty Post, Madurai District 625301",MADURAI,SELF FINANCING COLLEGES TIER 3,CS,COMPUTER SCIENCE AND ENGINEERING,91287,136146,135846,137020,149433,135539,,0,1,0,1,0,0,0
5915,"SACS-M A V M M Engineering College, Kidaripatty Post, Madurai District 625301",MADURAI,SELF FINANCING COLLEGES TIER 3,EC,ELECTRONICS AND COMMUNICATION ENGINEERING,130118,154695,143082,145640,149283,,,0,1,0,1,1,0,0
5915,"SACS-M A V M M Engineering College, Kidaripatty Post, Madurai District 625301",MADURAI,SELF FINANCING COLLEGES TIER 3,EE,ELECTRICAL AND ELECTRONICS ENGINEERING,155567,,,,,,,1,0,0,0,0,0,0
5915,"SACS-M A V M M Engineering College, Kidaripatty Post, Madurai District 625301",MADURAI,SELF FINANCING COLLEGES TIER 3,ME,MECHANICAL ENGINEERING,153068,,,,,,,1,0,0,0,0,0,0
5919,"St. Michael College of Engineering and Technology, Kalayarkoil, Sivagangai District 630551",SIVAGANGAI,SELF FINANCING COLLEGES TIER 3,BT,BIO TECHNOLOGY,112803,145721,,139351,150850,,,0,1,0,1,0,0,0
5919,"St. Michael College of Engineering and Technology, Kalayarkoil, Sivagangai District 630551",SIVAGANGAI,SELF FINANCING COLLEGES TIER 3,CH,CHEMICAL  ENGINEERING,146476,,,153640,,,,0,0,0,1,0,0,0
5919,"St. Michael College of Engineering and Technology, Kalayarkoil, Sivagangai District 630551",SIVAGANGAI,SELF FINANCING COLLEGES TIER 3,CS,COMPUTER SCIENCE AND ENGINEERING,93546,135717,,145708,139078,143858,,0,1,0,1,0,0,0
5919,"St. Michael College of Engineering and Technology, Kalayarkoil, Sivagangai District 630551",SIVAGANGAI,SELF FINANCING COLLEGES TIER 3,EC,ELECTRONICS AND COMMUNICATION ENGINEERING,130752,152836,,140060,138023,144729,,0,1,0,1,1,1,0
5919,"St. Michael College of Engineering and Technology, Kalayarkoil, Sivagangai District 630551",SIVAGANGAI,SELF FINANCING COLLEGES TIER 3,EE,ELECTRICAL AND ELECTRONICS ENGINEERING,145255,154506,,,152239,146823,,0,1,0,0,1,0,0
5919,"St. Michael College of Engineering and Technology, Kalayarkoil, Sivagangai District 630551",SIVAGANGAI,SELF FINANCING COLLEGES TIER 3,ME,MECHANICAL ENGINEERING,150642,,,,,,,1,0,0,0,0,0,0
5921,"Syed Ammal Engineering College, Achuthan Vayal Post, Ramanathapuram District 623502",RAMANATHAPURAM,SELF FINANCING COLLEGES TIER 3,AD,ARTIFICIAL INTELLIGENCE AND DATA SCIENCE,60280,92951,90162,96418,,,,0,0,0,1,0,0,0
5921,"Syed Ammal Engineering College, Achuthan Vayal Post, Ramanathapuram District 623502",RAMANATHAPURAM,SELF FINANCING COLLEGES TIER 3,CB,COMPUTER SCIENCE AND BUSSINESS SYSTEM,110327,140836,,,,,,0,1,0,0,0,0,0
5921,"Syed Ammal Engineering College, Achuthan Vayal Post, Ramanathapuram District 623502",RAMANATHAPURAM,SELF FINANCING COLLEGES TIER 3,CE,CIVIL  ENGINEERING,155197,,,,,,,1,0,0,0,0,0,0
5921,"Syed Ammal Engineering College, Achuthan Vayal Post, Ramanathapuram District 623502",RAMANATHAPURAM,SELF FINANCING COLLEGES TIER 3,CS,COMPUTER SCIENCE AND ENGINEERING,34983,84978,57816,122720,150482,,,0,0,0,0,0,0,0
5921,"Syed Ammal Engineering College, Achuthan Vayal Post, Ramanathapuram District 623502",RAMANATHAPURAM,SELF FINANCING COLLEGES TIER 3,EC,ELECTRONICS AND COMMUNICATION ENGINEERING,133422,141191,,144534,,,,0,1,0,1,0,0,0
5921,"Syed Ammal Engineering College, Achuthan Vayal Post, Ramanathapuram District 623502",RAMANATHAPURAM,SELF FINANCING COLLEGES TIER 3,EE,ELECTRICAL AND ELECTRONICS ENGINEERING,151121,,,,,,,1,0,0,0,0,0,0
5921,"Syed Ammal Engineering College, Achuthan Vayal Post, Ramanathapuram District 623502",RAMANATHAPURAM,SELF FINANCING COLLEGES TIER 3,ME,MECHANICAL ENGINEERING,134748,,,,,,,1,0,0,0,0,0,0
5924,"Ganapathy Chettiar College of Engineering and Technology, Melakavanur Post, Paramakudi, Ramanathapuram District 623706",RAMANATHAPURAM,SELF FINANCING COLLEGES TIER 3,CE,CIVIL  ENGINEERING,,,,,,,,0,0,0,0,0,0,0
5924,"Ganapathy Chettiar College of Engineering and Technology, Melakavanur Post, Paramakudi, Ramanathapuram District 623706",RAMANATHAPURAM,SELF FINANCING COLLEGES TIER 3,CS,COMPUTER SCIENCE AND ENGINEERING,,,,,,,,0,0,0,0,0,0,0
5924,"Ganapathy Chettiar College of Engineering and Technology, Melakavanur Post, Paramakudi, Ramanathapuram District 623706",RAMANATHAPURAM,SELF FINANCING COLLEGES TIER 3,EC,ELECTRONICS AND COMMUNICATION ENGINEERING,117985,,,,,,,1,0,0,0,0,0,0
5924,"Ganapathy Chettiar College of Engineering and Technology, Melakavanur Post, Paramakudi, Ramanathapuram District 623706",RAMANATHAPURAM,SELF FINANCING COLLEGES TIER 3,EE,ELECTRICAL AND ELECTRONICS ENGINEERING,,,,,,,,0,0,0,0,0,0,0
5924,"Ganapathy Chettiar College of Engineering and Technology, Melakavanur Post, Paramakudi, Ramanathapuram District 623706",RAMANATHAPURAM,SELF FINANCING COLLEGES TIER 3,IT,INFORMATION TECHNOLOGY,,,,,,,,0,0,0,0,0,0,0
5924,"Ganapathy Chettiar College of Engineering and Technology, Melakavanur Post, Paramakudi, Ramanathapuram District 623706",RAMANATHAPURAM,SELF FINANCING COLLEGES TIER 3,ME,MECHANICAL ENGINEERING,149581,,,,,,,1,0,0,0,0,0,0
5930,"SBM College of Engineering and Technology, Thamaraipady, T N Paraipatti Pirivu, Dindigul District 624005",DINDIGUL,SELF FINANCING COLLEGES TIER 3,CE,CIVIL  ENGINEERING,154661,,,,,,,1,0,0,0,0,0,0
5930,"SBM College of Engineering and Technology, Thamaraipady, T N Paraipatti Pirivu, Dindigul District 624005",DINDIGUL,SELF FINANCING COLLEGES TIER 3,CS,COMPUTER SCIENCE AND ENGINEERING,125796,155439,,155840,155818,154373,,0,1,0,1,1,1,0
5930,"SBM College of Engineering and Technology, Thamaraipady, T N Paraipatti Pirivu, Dindigul District 624005",DINDIGUL,SELF FINANCING COLLEGES TIER 3,EC,ELECTRONICS AND COMMUNICATION ENGINEERING,155206,,,,,,,1,0,0,0,0,0,0
5930,"SBM College of Engineering and Technology, Thamaraipady, T N Paraipatti Pirivu, Dindigul District 624005",DINDIGUL,SELF FINANCING COLLEGES TIER 3,EE,ELECTRICAL AND ELECTRONICS ENGINEERING,154934,,,,,,,1,0,0,0,0,0,0
5930,"SBM College of Engineering and Technology, Thamaraipady, T N Paraipatti Pirivu, Dindigul District 624005",DINDIGUL,SELF FINANCING COLLEGES TIER 3,ME,MECHANICAL ENGINEERING,156186,,,,,,,1,0,0,0,0,0,0
5935,"Fatima Michael College of Engineering and Technology, Sengottai Village, Sivagangai Main Road, Madurai District 625020",MADURAI,SELF FINANCING COLLEGES TIER 3,AU,AUTOMOBILE ENGINEERING,155029,,,,,,,1,0,0,0,0,0,0
5935,"Fatima Michael College of Engineering and Technology, Sengottai Village, Sivagangai Main Road, Madurai District 625020",MADURAI,SELF FINANCING COLLEGES TIER 3,CE,CIVIL  ENGINEERING,147696,,,,,,,1,0,0,0,0,0,0
5935,"Fatima Michael College of Engineering and Technology, Sengottai Village, Sivagangai Main Road, Madurai District 625020",MADURAI,SELF FINANCING COLLEGES TIER 3,CS,COMPUTER SCIENCE AND ENGINEERING,92752,126540,108228,152947,140688,,,0,1,0,1,1,0,0
5935,"Fatima Michael College of Engineering and Technology, Sengottai Village, Sivagangai Main Road, Madurai District 625020",MADURAI,SELF FINANCING COLLEGES TIER 3,EC,ELECTRONICS AND COMMUNICATION ENGINEERING,120848,153257,139066,152403,152645,128136,,0,1,0,1,1,0,0
5935,"Fatima Michael College of Engineering and Technology, Sengottai Village, Sivagangai Main Road, Madurai District 625020",MADURAI,SELF FINANCING COLLEGES TIER 3,EE,ELECTRICAL AND ELECTRONICS ENGINEERING,137808,154153,,151809,,,,0,1,0,1,0,0,0
5935,"Fatima Michael College of Engineering and Technology, Sengottai Village, Sivagangai Main Road, Madurai District 625020",MADURAI,SELF FINANCING COLLEGES TIER 3,ME,MECHANICAL ENGINEERING,156070,,,,,,,1,0,0,0,0,0,0
5942,"Ultra College of Engineering and  Technology, Kodikulam, 1 Bit Village, Madurai-Chennai Highway, Madurai District 625104",MADURAI,SELF FINANCING COLLEGES TIER 3,CE,CIVIL  ENGINEERING,153517,,,,,,,1,0,0,0,0,0,0
5942,"Ultra College of Engineering and  Technology, Kodikulam, 1 Bit Village, Madurai-Chennai Highway, Madurai District 625104",MADURAI,SELF FINANCING COLLEGES TIER 3,CS,COMPUTER SCIENCE AND ENGINEERING,118012,148057,121348,147235,154068,,,0,1,1,1,1,0,0
5942,"Ultra College of Engineering and  Technology, Kodikulam, 1 Bit Village, Madurai-Chennai Highway, Madurai District 625104",MADURAI,SELF FINANCING COLLEGES TIER 3,EC,ELECTRONICS AND COMMUNICATION ENGINEERING,142910,,,,,,,1,0,0,0,0,0,0
5942,"Ultra College of Engineering and  Technology, Kodikulam, 1 Bit Village, Madurai-Chennai Highway, Madurai District 625104",MADURAI,SELF FINANCING COLLEGES TIER 3,EE,ELECTRICAL AND ELECTRONICS ENGINEERING,115690,,,,,,,1,0,0,0,0,0,0
5942,"Ultra College of Engineering and  Technology, Kodikulam, 1 Bit Village, Madurai-Chennai Highway, Madurai District 625104",MADURAI,SELF FINANCING COLLEGES TIER 3,IT,INFORMATION TECHNOLOGY,93802,155937,97114,124792,,,,0,1,0,1,0,0,0
5942,"Ultra College of Engineering and  Technology, Kodikulam, 1 Bit Village, Madurai-Chennai Highway, Madurai District 625104",MADURAI,SELF FINANCING COLLEGES TIER 3,ME,MECHANICAL ENGINEERING,,,,,,,,0,0,0,0,0,0,0
5986,"Velammal College of Engineering and Technology, Madurai District 625009",MADURAI,SELF FINANCING COLLEGES TIER 1,CE,CIVIL  ENGINEERING,63406,109915,133308,134967,134014,,,0,0,0,0,1,0,0
5986,"Velammal College of Engineering and Technology, Madurai District 625009",MADURAI,SELF FINANCING COLLEGES TIER 1,CS,COMPUTER SCIENCE AND ENGINEERING,12367,17433,14430,36434,92824,142080,,0,0,0,0,0,1,0
5986,"Velammal College of Engineering and Technology, Madurai District 625009",MADURAI,SELF FINANCING COLLEGES TIER 1,EC,ELECTRONICS AND COMMUNICATION ENGINEERING,20614,28946,25305,59958,143562,,,0,0,0,0,1,0,0
5986,"Velammal College of Engineering and Technology, Madurai District 625009",MADURAI,SELF FINANCING COLLEGES TIER 1,EE,ELECTRICAL AND ELECTRONICS ENGINEERING,33102,40002,37778,76001,116722,,,0,0,0,0,1,0,0
5986,"Velammal College of Engineering and Technology, Madurai District 625009",MADURAI,SELF FINANCING COLLEGES TIER 1,IT,INFORMATION TECHNOLOGY,17691,22985,24712,43503,134384,,,0,0,0,0,0,0,0
5986,"Velammal College of Engineering and Technology, Madurai District 625009",MADURAI,SELF FINANCING COLLEGES TIER 1,ME,MECHANICAL ENGINEERING,60230,100247,61452,124760,,,,0,0,0,1,0,0,0
5988,"Theni Kammavar Sangam College of Technology, Theni Main Road, Koduvillarpatti Post, Theni District 625534",THENI,SELF FINANCING COLLEGES TIER 3,CE,CIVIL  ENGINEERING,123412,,,,,,,1,0,0,0,0,0,0
5988,"Theni Kammavar Sangam College of Technology, Theni Main Road, Koduvillarpatti Post, Theni District 625534",THENI,SELF FINANCING COLLEGES TIER 3,CS,COMPUTER SCIENCE AND ENGINEERING,69956,129411,120394,113874,154539,,,0,0,0,0,1,0,0
5988,"Theni Kammavar Sangam College of Technology, Theni Main Road, Koduvillarpatti Post, Theni District 625534",THENI,SELF FINANCING COLLEGES TIER 3,EC,ELECTRONICS AND COMMUNICATION ENGINEERING,107146,144434,,149811,,,,0,0,0,1,0,0,0
5988,"Theni Kammavar Sangam College of Technology, Theni Main Road, Koduvillarpatti Post, Theni District 625534",THENI,SELF FINANCING COLLEGES TIER 3,EE,ELECTRICAL AND ELECTRONICS ENGINEERING,153764,,,,,,,1,0,0,0,0,0,0
5988,"Theni Kammavar Sangam College of Technology, Theni Main Road, Koduvillarpatti Post, Theni District 625534",THENI,SELF FINANCING COLLEGES TIER 3,ME,MECHANICAL ENGINEERING,155655,,,,,,,1,0,0,0,0,0,0
5990,"Latha Mathavan Engineering College, Kidaripatti Post, Alagarkoil (Via), Melur Taluk, Madurai District 625301",MADURAI,SELF FINANCING COLLEGES TIER 3,CE,CIVIL  ENGINEERING,154365,,,,,,,1,0,0,0,0,0,0
5990,"Latha Mathavan Engineering College, Kidaripatti Post, Alagarkoil (Via), Melur Taluk, Madurai District 625301",MADURAI,SELF FINANCING COLLEGES TIER 3,CS,COMPUTER SCIENCE AND ENGINEERING,104091,144380,119207,141975,140452,,,0,1,0,1,1,0,0
5990,"Latha Mathavan Engineering College, Kidaripatti Post, Alagarkoil (Via), Melur Taluk, Madurai District 625301",MADURAI,SELF FINANCING COLLEGES TIER 3,EC,ELECTRONICS AND COMMUNICATION ENGINEERING,155047,,,,,,,1,0,0,0,0,0,0
5990,"Latha Mathavan Engineering College, Kidaripatti Post, Alagarkoil (Via), Melur Taluk, Madurai District 625301",MADURAI,SELF FINANCING COLLEGES TIER 3,EE,ELECTRICAL AND ELECTRONICS ENGINEERING,155959,,,,,,,1,0,0,0,0,0,0
5990,"Latha Mathavan Engineering College, Kidaripatti Post, Alagarkoil (Via), Melur Taluk, Madurai District 625301",MADURAI,SELF FINANCING COLLEGES TIER 3,ME,MECHANICAL ENGINEERING,150905,,,,,,,1,0,0,0,0,0,0
