college_code,college_name,district,college_type,branch_code,branch_name,oc,bc,bcm,mbc,sc,sca,st,oc_partial,bc_partial,bcm_partial,mbc_partial,sc_partial,sca_partial,st_partial
1,University Departments of Anna University  Chennai - CEG Campus  Sardar Patel Road  Guindy  Chennai 600 025,CHENNAI,CEG DEPTS,BY,BIO MEDICAL ENGINEERING  (SS),4207,7611,13213,7683,14631,38252,23125,0,0,0,0,0,0,0
1,University Departments of Anna University  Chennai - CEG Campus  Sardar Patel Road  Guindy  Chennai 600 025,CHENNAI,CEG DEPTS,CE,CIVIL  ENGINEERING,3819,7589,4591,5798,8261,29948,29534,0,0,0,0,0,0,0
1,University Departments of Anna University  Chennai - CEG Campus  Sardar Patel Road  Guindy  Chennai 600 025,CHENNAI,CEG DEPTS,CM,COMPUTER SCIENCE AND ENGINEERING (SS),203,404,387,500,2792,11507,3121,0,0,0,0,0,0,0
1,University Departments of Anna University  Chennai - CEG Campus  Sardar Patel Road  Guindy  Chennai 600 025,CHENNAI,CEG DEPTS,CS,COMPUTER SCIENCE AND ENGINEERING,28,140,218,88,840,725,2449,0,0,0,0,0,0,0
1,University Departments of Anna University  Chennai - CEG Campus  Sardar Patel Road  Guindy  Chennai 600 025,CHENNAI,CEG DEPTS,EC,ELECTRONICS AND COMMUNICATION ENGINEERING,206,375,846,590,1983,9197,,0,0,0,0,0,0,0
1,University Departments of Anna University  Chennai - CEG Campus  Sardar Patel Road  Guindy  Chennai 600 025,CHENNAI,CEG DEPTS,EE,ELECTRICAL AND ELECTRONICS ENGINEERING,1281,2239,3404,1822,7428,16767,2341,0,0,0,0,0,0,0
1,University Departments of Anna University  Chennai - CEG Campus  Sardar Patel Road  Guindy  Chennai 600 025,CHENNAI,CEG DEPTS,EL,Electronics Engineering (VLSI Design and Technology) (SS),1649,2303,2859,2477,8750,21598,14705,0,0,0,0,0,0,0
1,University Departments of Anna University  Chennai - CEG Campus  Sardar Patel Road  Guindy  Chennai 600 025,CHENNAI,CEG DEPTS,EM,ELECTRONICS AND COMMUNICATION ENGINEERING (SS),584,839,,749,4447,16123,,0,0,0,0,0,0,0
1,University Departments of Anna University  Chennai - CEG Campus  Sardar Patel Road  Guindy  Chennai 600 025,CHENNAI,CEG DEPTS,GI,GEO INFORMATICS,6600,14595,10807,16035,34514,32007,21718,0,0,0,0,0,0,0
1,University Departments of Anna University  Chennai - CEG Campus  Sardar Patel Road  Guindy  Chennai 600 025,CHENNAI,CEG DEPTS,IE,INDUSTRIAL ENGINEERING,9341,15407,31399,19873,29606,53469,47858,0,0,0,0,0,0,0
1,University Departments of Anna University  Chennai - CEG Campus  Sardar Patel Road  Guindy  Chennai 600 025,CHENNAI,CEG DEPTS,IM,INFORMATION TECHNOLOGY (SS),585,1115,1191,937,4910,22983,10278,0,0,0,0,0,0,0
1,University Departments of Anna University  Chennai - CEG Campus  Sardar Patel Road  Guindy  Chennai 600 025,CHENNAI,CEG DEPTS,MA,MATERIAL SCIENCE AND ENGINEERING (SS),9298,14207,12076,19201,34512,52831,,0,0,0,0,0,0,0
1,University Departments of Anna University  Chennai - CEG Campus  Sardar Patel Road  Guindy  Chennai 600 025,CHENNAI,CEG DEPTS,ME,MECHANICAL ENGINEERING,2971,4843,5714,5253,15618,29938,3894,0,0,0,0,0,0,0
1,University Departments of Anna University  Chennai - CEG Campus  Sardar Patel Road  Guindy  Chennai 600 025,CHENNAI,CEG DEPTS,MI,MINING ENGINEERING,7194,17826,23448,12218,31530,55040,,0,0,0,0,0,0,0
1,University Departments of Anna University  Chennai - CEG Campus  Sardar Patel Road  Guindy  Chennai 600 025,CHENNAI,CEG DEPTS,MN,MANUFACTURING ENGINEERING,14241,19307,26041,25653,32437,44767,33454,0,0,0,0,0,0,0
1,University Departments of Anna University  Chennai - CEG Campus  Sardar Patel Road  Guindy  Chennai 600 025,CHENNAI,CEG DEPTS,PT,PRINTING & PACKING TECHNOLOGY,20039,31446,30398,36235,56745,102258,,0,0,0,0,0,0,0
1,University Departments of Anna University  Chennai - CEG Campus  Sardar Patel Road  Guindy  Chennai 600 025,CHENNAI,CEG DEPTS,XC,CIVIL ENGINEERING (TAMIL MEDIUM),9201,26101,23847,21997,22692,30731,,0,0,0,0,0,0,0
1,University Departments of Anna University  Chennai - CEG Campus  Sardar Patel Road  Guindy  Chennai 600 025,CHENNAI,CEG DEPTS,XM,MECHANICAL ENGINEERING (TAMIL MEDIUM),16098,25118,25956,28609,48115,51477,,0,0,0,0,0,0,0
2,University Departments of Anna University  Chennai - ACT Campus  Sardar Patel Road  Guindy  Chennai 600 025,CHENNAI,CEG DEPTS,AP,APPAREL TECHNOLOGY (SS),45196,60334,47183,71253,84343,134812,,0,0,0,0,0,0,0
2,University Departments of Anna University  Chennai - ACT Campus  Sardar Patel Road  Guindy  Chennai 600 025,CHENNAI,CEG DEPTS,CH,CHEMICAL  ENGINEERING,4799,11292,7543,9003,16234,42900,65524,0,0,0,0,0,0,0
2,University Departments of Anna University  Chennai - ACT Campus  Sardar Patel Road  Guindy  Chennai 600 025,CHENNAI,CEG DEPTS,CL,CHEMICAL  ENGINEERING (SS),9849,13719,22827,17464,29114,82600,67701,0,0,0,0,0,0,0
2,University Departments of Anna University  Chennai - ACT Campus  Sardar Patel Road  Guindy  Chennai 600 025,CHENNAI,CEG DEPTS,CR,CERAMIC TECHNOLOGY (SS),38839,55481,43595,55642,82867,192740,103998,0,0,0,0,0,0,0
2,University Departments of Anna University  Chennai - ACT Campus  Sardar Patel Road  Guindy  Chennai 600 025,CHENNAI,CEG DEPTS,FS,FOOD TECHNOLOGY (SS),11690,20798,15373,26528,33468,69440,,0,0,0,0,0,0,0
2,University Departments of Anna University  Chennai - ACT Campus  Sardar Patel Road  Guindy  Chennai 600 025,CHENNAI,CEG DEPTS,IB,INDUSTRIAL BIO TECHNOLOGY,6469,15978,30867,26673,29826,,,0,0,0,0,0,0,0
2,University Departments of Anna University  Chennai - ACT Campus  Sardar Patel Road  Guindy  Chennai 600 025,CHENNAI,CEG DEPTS,IS,INDUSTRIAL BIO TECHNOLOGY (SS),16865,18672,32649,28668,39118,77222,,0,0,0,0,0,0,0
2,University Departments of Anna University  Chennai - ACT Campus  Sardar Patel Road  Guindy  Chennai 600 025,CHENNAI,CEG DEPTS,LE,LEATHER TECHNOLOGY,40282,61973,47481,55648,74494,142587,81052,0,0,0,0,0,0,0
2,University Departments of Anna University  Chennai - ACT Campus  Sardar Patel Road  Guindy  Chennai 600 025,CHENNAI,CEG DEPTS,PM,PHARMACEUTICAL TECHNOLOGY (SS),24778,34980,27750,38902,53352,90865,68126,0,0,0,0,0,0,0
2,University Departments of Anna University  Chennai - ACT Campus  Sardar Patel Road  Guindy  Chennai 600 025,CHENNAI,CEG DEPTS,PP,PETROLEUM ENGINEERING AND TECHNOLOGY (SS),17724,26981,22079,26218,38215,71733,,0,0,0,0,0,0,0
2,University Departments of Anna University  Chennai - ACT Campus  Sardar Patel Road  Guindy  Chennai 600 025,CHENNAI,CEG DEPTS,TX,TEXTILE TECHNOLOGY,35166,57712,38780,65137,66198,109127,,0,0,0,0,0,0,0
3,School of Architecture and Planning  Anna University Chennai 600025,CHENNAI,CEG DEPTS,BP,B.Plan,19440,34966,36104,37296,41198,114419,100297,0,0,0,0,0,0,0
4,University Departments of Anna University  Chennai - MIT Campus  Chrompet  Tambaram Taluk  Chengalpattu District 600 044,CHENGALPET,CEG DEPTS,AE,AERONAUTICAL ENGINEERING,2639,5838,6839,5643,13940,38277,15914,0,0,0,0,0,0,0
4,University Departments of Anna University  Chennai - MIT Campus  Chrompet  Tambaram Taluk  Chengalpattu District 600 044,CHENGALPET,CEG DEPTS,AT,ARTIFICIAL INTELLIGENCE AND DATA SCIENCE (SS),854,1747,1082,1701,5737,28360,10363,0,0,0,0,0,0,0
4,University Departments of Anna University  Chennai - MIT Campus  Chrompet  Tambaram Taluk  Chengalpattu District 600 044,CHENGALPET,CEG DEPTS,AU,AUTOMOBILE ENGINEERING,7443,11794,14993,12071,25767,44373,49956,0,0,0,0,0,0,0
4,University Departments of Anna University  Chennai - MIT Campus  Chrompet  Tambaram Taluk  Chengalpattu District 600 044,CHENGALPET,CEG DEPTS,CM,COMPUTER SCIENCE AND ENGINEERING (SS),809,1120,1119,1084,3702,20892,10587,0,0,0,0,0,0,0
4,University Departments of Anna University  Chennai - MIT Campus  Chrompet  Tambaram Taluk  Chengalpattu District 600 044,CHENGALPET,CEG DEPTS,CS,COMPUTER SCIENCE AND ENGINEERING,365,679,819,650,2478,18767,5627,0,0,0,0,0,0,0
4,University Departments of Anna University  Chennai - MIT Campus  Chrompet  Tambaram Taluk  Chengalpattu District 600 044,CHENGALPET,CEG DEPTS,EC,ELECTRONICS AND COMMUNICATION ENGINEERING,880,1338,1038,1421,5269,7316,,0,0,0,0,0,0,0
4,University Departments of Anna University  Chennai - MIT Campus  Chrompet  Tambaram Taluk  Chengalpattu District 600 044,CHENGALPET,CEG DEPTS,EI,ELECTRONICS AND INSTRUMENTATION ENGINEERING,2529,3401,4565,4671,11962,29990,,0,0,0,0,0,0,0
4,University Departments of Anna University  Chennai - MIT Campus  Chrompet  Tambaram Taluk  Chengalpattu District 600 044,CHENGALPET,CEG DEPTS,EM,ELECTRONICS AND COMMUNICATION ENGINEERING (SS),1419,1738,2787,1764,6635,26757,7526,0,0,0,0,0,0,0
4,University Departments of Anna University  Chennai - MIT Campus  Chrompet  Tambaram Taluk  Chengalpattu District 600 044,CHENGALPET,CEG DEPTS,IM,INFORMATION TECHNOLOGY (SS),1254,1729,2458,1816,7005,26607,13838,0,0,0,0,0,0,0
4,University Departments of Anna University  Chennai - MIT Campus  Chrompet  Tambaram Taluk  Chengalpattu District 600 044,CHENGALPET,CEG DEPTS,PR,PRODUCTION ENGINEERING,12275,18638,16766,22495,31192,52982,53523,0,0,0,0,0,0,0
4,University Departments of Anna University  Chennai - MIT Campus  Chrompet  Tambaram Taluk  Chengalpattu District 600 044,CHENGALPET,CEG DEPTS,RA,ROBOTICS AND AUTOMATION (SS),2864,4387,3495,3997,13725,19604,,0,0,0,0,0,0,0
4,University Departments of Anna University  Chennai - MIT Campus  Chrompet  Tambaram Taluk  Chengalpattu District 600 044,CHENGALPET,CEG DEPTS,RP,RUBBER AND PLASTIC TECHNOLOGY,28229,38887,34476,44399,52101,124132,,0,0,0,0,0,0,0
1516,Thanthai Periyar Government Institute of Technology  Bagayam  Vellore District 632002,VELLORE,GOVERNMENT ENGG COLLEGES,CE,CIVIL  ENGINEERING,65693,102893,99382,83396,112518,131355,103103,0,0,0,0,0,0,0
1516,Thanthai Periyar Government Institute of Technology  Bagayam  Vellore District 632002,VELLORE,GOVERNMENT ENGG COLLEGES,CS,COMPUTER SCIENCE AND ENGINEERING,13951,23749,26630,24661,63873,71368,,0,0,0,0,0,0,0
1516,Thanthai Periyar Government Institute of Technology  Bagayam  Vellore District 632002,VELLORE,GOVERNMENT ENGG COLLEGES,EC,ELECTRONICS AND COMMUNICATION ENGINEERING,26939,40481,51147,38162,75893,146106,186949,0,0,0,0,0,0,0
1516,Thanthai Periyar Government Institute of Technology  Bagayam  Vellore District 632002,VELLORE,GOVERNMENT ENGG COLLEGES,EE,ELECTRICAL AND ELECTRONICS ENGINEERING,43942,51955,80692,69905,104561,167112,104906,0,0,0,0,0,0,0
1516,Thanthai Periyar Government Institute of Technology  Bagayam  Vellore District 632002,VELLORE,GOVERNMENT ENGG COLLEGES,ME,MECHANICAL ENGINEERING,74715,104857,103968,99631,133258,184434,,0,0,0,0,0,0,0
1516,Thanthai Periyar Government Institute of Technology  Bagayam  Vellore District 632002,VELLORE,GOVERNMENT ENGG COLLEGES,RM,ROBOTICS AND AUTOMATION,42849,68832,82031,62429,102779,127864,185966,0,0,0,0,0,0,0
2005,Government College of Technology (Autonomous)  Thadagam Road  Coimbatore District 641013,COIMBATORE,GOVERNMENT ENGG COLLEGES,AM,COMPUTER SCIENCE AND ENGINEERING (AI AND MACHINE LEARNING),3319,5100,5569,4803,15774,23635,,0,0,0,0,0,0,0
2005,Government College of Technology (Autonomous)  Thadagam Road  Coimbatore District 641013,COIMBATORE,GOVERNMENT ENGG COLLEGES,CE,CIVIL  ENGINEERING,17112,28223,36694,30957,45757,51254,24011,0,0,0,0,0,0,0
2005,Government College of Technology (Autonomous)  Thadagam Road  Coimbatore District 641013,COIMBATORE,GOVERNMENT ENGG COLLEGES,CS,COMPUTER SCIENCE AND ENGINEERING,1990,3188,4216,2749,9303,7618,18442,0,0,0,0,0,0,0
2005,Government College of Technology (Autonomous)  Thadagam Road  Coimbatore District 641013,COIMBATORE,GOVERNMENT ENGG COLLEGES,EC,ELECTRONICS AND COMMUNICATION ENGINEERING,2377,3621,4124,3846,18070,27277,18435,0,0,0,0,0,0,0
2005,Government College of Technology (Autonomous)  Thadagam Road  Coimbatore District 641013,COIMBATORE,GOVERNMENT ENGG COLLEGES,EE,ELECTRICAL AND ELECTRONICS ENGINEERING,5160,6873,9292,9249,20425,38644,5683,0,0,0,0,0,0,0
2005,Government College of Technology (Autonomous)  Thadagam Road  Coimbatore District 641013,COIMBATORE,GOVERNMENT ENGG COLLEGES,EI,ELECTRONICS AND INSTRUMENTATION ENGINEERING,8286,10359,11437,13252,38400,49567,46045,0,0,0,0,0,0,0
2005,Government College of Technology (Autonomous)  Thadagam Road  Coimbatore District 641013,COIMBATORE,GOVERNMENT ENGG COLLEGES,IB,INDUSTRIAL BIO TECHNOLOGY,24965,40381,60142,48843,74413,101512,67617,0,0,0,0,0,0,0
2005,Government College of Technology (Autonomous)  Thadagam Road  Coimbatore District 641013,COIMBATORE,GOVERNMENT ENGG COLLEGES,IT,INFORMATION TECHNOLOGY,3110,3912,5544,4210,13469,30122,30096,0,0,0,0,0,0,0
2005,Government College of Technology (Autonomous)  Thadagam Road  Coimbatore District 641013,COIMBATORE,GOVERNMENT ENGG COLLEGES,ME,MECHANICAL ENGINEERING,13070,19328,21496,23528,47234,53881,31760,0,0,0,0,0,0,0
2005,Government College of Technology (Autonomous)  Thadagam Road  Coimbatore District 641013,COIMBATORE,GOVERNMENT ENGG COLLEGES,PR,PRODUCTION ENGINEERING,26883,35228,34470,39237,68608,109158,,0,0,0,0,0,0,0
2369,Government College of Engineering  Chettikkarai Post  Dharmapuri District 635704,DHARMAPURI,GOVERNMENT ENGG COLLEGES,CE,CIVIL  ENGINEERING,71987,108321,163883,96868,125933,137078,124345,0,0,0,0,0,0,0
2369,Government College of Engineering  Chettikkarai Post  Dharmapuri District 635704,DHARMAPURI,GOVERNMENT ENGG COLLEGES,CS,COMPUTER SCIENCE AND ENGINEERING,27510,39084,65884,38548,56553,41540,,0,0,0,0,0,0,0
2369,Government College of Engineering  Chettikkarai Post  Dharmapuri District 635704,DHARMAPURI,GOVERNMENT ENGG COLLEGES,EC,ELECTRONICS AND COMMUNICATION ENGINEERING,38602,51918,76874,47124,83043,79534,,0,0,0,0,0,0,0
2369,Government College of Engineering  Chettikkarai Post  Dharmapuri District 635704,DHARMAPURI,GOVERNMENT ENGG COLLEGES,EE,ELECTRICAL AND ELECTRONICS ENGINEERING,53322,68228,89495,67651,114044,101582,108442,0,0,0,0,0,0,0
2369,Government College of Engineering  Chettikkarai Post  Dharmapuri District 635704,DHARMAPURI,GOVERNMENT ENGG COLLEGES,IT,INFORMATION TECHNOLOGY,33340,44766,65024,51970,69834,117204,,0,0,0,0,0,0,0
2369,Government College of Engineering  Chettikkarai Post  Dharmapuri District 635704,DHARMAPURI,GOVERNMENT ENGG COLLEGES,ME,MECHANICAL ENGINEERING,87573,111632,130431,98623,134397,136017,,0,0,0,0,0,0,0
2603,Government College of Engineering (Autonomous)  Bargur  Krishnagiri District 635104,KRISHNAGIRI,GOVERNMENT ENGG COLLEGES,CS,COMPUTER SCIENCE AND ENGINEERING,11109,19348,23249,15870,40866,104041,99776,0,0,0,0,0,0,0
2603,Government College of Engineering (Autonomous)  Bargur  Krishnagiri District 635104,KRISHNAGIRI,GOVERNMENT ENGG COLLEGES,EC,ELECTRONICS AND COMMUNICATION ENGINEERING,19015,28094,38342,25072,65120,111211,,0,0,0,0,0,0,0
2603,Government College of Engineering (Autonomous)  Bargur  Krishnagiri District 635104,KRISHNAGIRI,GOVERNMENT ENGG COLLEGES,EE,ELECTRICAL AND ELECTRONICS ENGINEERING,34232,48202,67308,38105,86258,109299,,0,0,0,0,0,0,0
2603,Government College of Engineering (Autonomous)  Bargur  Krishnagiri District 635104,KRISHNAGIRI,GOVERNMENT ENGG COLLEGES,ME,MECHANICAL ENGINEERING,47335,67304,53428,64279,107277,81490,136355,0,0,0,0,0,0,0
2603,Government College of Engineering (Autonomous)  Bargur  Krishnagiri District 635104,KRISHNAGIRI,GOVERNMENT ENGG COLLEGES,SC,Computer Science and Engineering (Cyber Security),20115,32729,29175,25973,56143,41759,159289,0,0,0,0,0,0,0
2615,Government College of Engineering (Autonomous)  Karuppur  Salem District 636011,SALEM,GOVERNMENT ENGG COLLEGES,AM,COMPUTER SCIENCE AND ENGINEERING (AI AND MACHINE LEARNING),6660,8802,9598,12129,33524,34050,,0,0,0,0,0,0,0
2615,Government College of Engineering (Autonomous)  Karuppur  Salem District 636011,SALEM,GOVERNMENT ENGG COLLEGES,CE,CIVIL  ENGINEERING,33352,43169,58403,50467,70060,97705,48042,0,0,0,0,0,0,0
2615,Government College of Engineering (Autonomous)  Karuppur  Salem District 636011,SALEM,GOVERNMENT ENGG COLLEGES,CS,COMPUTER SCIENCE AND ENGINEERING,4832,6351,8178,6321,26265,34884,,0,0,0,0,0,0,0
2615,Government College of Engineering (Autonomous)  Karuppur  Salem District 636011,SALEM,GOVERNMENT ENGG COLLEGES,EC,ELECTRONICS AND COMMUNICATION ENGINEERING,5864,7719,11941,9630,30345,49545,,0,0,0,0,0,0,0
2615,Government College of Engineering (Autonomous)  Karuppur  Salem District 636011,SALEM,GOVERNMENT ENGG COLLEGES,EE,ELECTRICAL AND ELECTRONICS ENGINEERING,9455,12774,12125,15034,35037,49388,55662,0,0,0,0,0,0,0
2615,Government College of Engineering (Autonomous)  Karuppur  Salem District 636011,SALEM,GOVERNMENT ENGG COLLEGES,ME,MECHANICAL ENGINEERING,25019,35110,40634,46047,67388,108741,103277,0,0,0,0,0,0,0
2615,Government College of Engineering (Autonomous)  Karuppur  Salem District 636011,SALEM,GOVERNMENT ENGG COLLEGES,MT,METALLURGICAL ENGINEERING,29643,36481,57104,43517,91060,94697,158307,0,0,0,0,0,0,0
2709,Government College of Engineering (Formerly Institute of Road and Transport Technology)  Vasavi College Post  Erode District 638316,ERODE,GOVERNMENT ENGG COLLEGES,AU,AUTOMOBILE ENGINEERING,55873,79064,85777,76912,133832,133179,,0,0,0,0,0,0,0
2709,Government College of Engineering (Formerly Institute of Road and Transport Technology)  Vasavi College Post  Erode District 638316,ERODE,GOVERNMENT ENGG COLLEGES,CE,CIVIL  ENGINEERING,44886,65139,,52883,65404,68769,,0,0,0,0,0,0,0
2709,Government College of Engineering (Formerly Institute of Road and Transport Technology)  Vasavi College Post  Erode District 638316,ERODE,GOVERNMENT ENGG COLLEGES,CF,COMPUTER SCIENCE AND ENGINEERING (DATA SCIENCE),15884,26978,23198,24162,62930,66008,,0,0,0,0,0,0,0
2709,Government College of Engineering (Formerly Institute of Road and Transport Technology)  Vasavi College Post  Erode District 638316,ERODE,GOVERNMENT ENGG COLLEGES,CS,COMPUTER SCIENCE AND ENGINEERING,11049,18855,11992,16831,35731,51874,,0,0,0,0,0,0,0
2709,Government College of Engineering (Formerly Institute of Road and Transport Technology)  Vasavi College Post  Erode District 638316,ERODE,GOVERNMENT ENGG COLLEGES,EC,ELECTRONICS AND COMMUNICATION ENGINEERING,14100,21921,26931,19122,53654,73567,109329,0,0,0,0,0,0,0
2709,Government College of Engineering (Formerly Institute of Road and Transport Technology)  Vasavi College Post  Erode District 638316,ERODE,GOVERNMENT ENGG COLLEGES,EE,ELECTRICAL AND ELECTRONICS ENGINEERING,30343,36909,52198,36626,74334,80515,57321,0,0,0,0,0,0,0
2709,Government College of Engineering (Formerly Institute of Road and Transport Technology)  Vasavi College Post  Erode District 638316,ERODE,GOVERNMENT ENGG COLLEGES,IT,INFORMATION TECHNOLOGY,20420,27092,28037,25127,41704,87111,93721,0,0,0,0,0,0,0
2709,Government College of Engineering (Formerly Institute of Road and Transport Technology)  Vasavi College Post  Erode District 638316,ERODE,GOVERNMENT ENGG COLLEGES,ME,MECHANICAL ENGINEERING,46940,65754,56312,62353,100318,,,0,0,0,0,0,0,0
3464,Government College of Engineering  Gandarvakottai Road  Sengipatti  Thanjavur District 613402,THANJAVUR,GOVERNMENT ENGG COLLEGES,CE,CIVIL  ENGINEERING,68588,107165,131970,109160,133249,178920,112801,0,0,0,0,0,0,0
3464,Government College of Engineering  Gandarvakottai Road  Sengipatti  Thanjavur District 613402,THANJAVUR,GOVERNMENT ENGG COLLEGES,CS,COMPUTER SCIENCE AND ENGINEERING,30441,38297,46138,42015,69934,93926,124344,0,0,0,0,0,0,0
3464,Government College of Engineering  Gandarvakottai Road  Sengipatti  Thanjavur District 613402,THANJAVUR,GOVERNMENT ENGG COLLEGES,EC,ELECTRONICS AND COMMUNICATION ENGINEERING,39144,50372,75882,52294,81297,165322,,0,0,0,0,0,0,0
3464,Government College of Engineering  Gandarvakottai Road  Sengipatti  Thanjavur District 613402,THANJAVUR,GOVERNMENT ENGG COLLEGES,EE,ELECTRICAL AND ELECTRONICS ENGINEERING,51544,66544,85032,71301,117931,104751,,0,0,0,0,0,0,0
3464,Government College of Engineering  Gandarvakottai Road  Sengipatti  Thanjavur District 613402,THANJAVUR,GOVERNMENT ENGG COLLEGES,ME,MECHANICAL ENGINEERING,81569,111981,105515,107187,144105,176670,,0,0,0,0,0,0,0
3464,Government College of Engineering  Gandarvakottai Road  Sengipatti  Thanjavur District 613402,THANJAVUR,GOVERNMENT ENGG COLLEGES,RM,ROBOTICS AND AUTOMATION,57459,78489,80376,82611,130590,151573,181910,0,0,0,0,0,0,0
3465,Government College of Engineering  Srirangam  Sethurappatti  Tiruchirappalli District 620012,TIRUCHIRAPALLI,GOVERNMENT ENGG COLLEGES,CE,CIVIL  ENGINEERING,59951,90784,95105,91027,105758,163631,,0,0,0,0,0,0,0
3465,Government College of Engineering  Srirangam  Sethurappatti  Tiruchirappalli District 620012,TIRUCHIRAPALLI,GOVERNMENT ENGG COLLEGES,CS,COMPUTER SCIENCE AND ENGINEERING,17072,28999,37435,30042,45860,89262,123991,0,0,0,0,0,0,0
3465,Government College of Engineering  Srirangam  Sethurappatti  Tiruchirappalli District 620012,TIRUCHIRAPALLI,GOVERNMENT ENGG COLLEGES,EC,ELECTRONICS AND COMMUNICATION ENGINEERING,23135,35927,50936,37376,64735,101306,72577,0,0,0,0,0,0,0
3465,Government College of Engineering  Srirangam  Sethurappatti  Tiruchirappalli District 620012,TIRUCHIRAPALLI,GOVERNMENT ENGG COLLEGES,EE,ELECTRICAL AND ELECTRONICS ENGINEERING,39166,52795,73802,53854,93667,117609,,0,0,0,0,0,0,0
3465,Government College of Engineering  Srirangam  Sethurappatti  Tiruchirappalli District 620012,TIRUCHIRAPALLI,GOVERNMENT ENGG COLLEGES,ME,MECHANICAL ENGINEERING,62238,87695,65180,89027,128699,159232,110689,0,0,0,0,0,0,0
3465,Government College of Engineering  Srirangam  Sethurappatti  Tiruchirappalli District 620012,TIRUCHIRAPALLI,GOVERNMENT ENGG COLLEGES,MZ,Mechatronics Engineering,55896,80546,84340,96980,137581,125520,,0,0,0,0,0,0,0
4974,Government College of Engineering  Tirunelveli District 627007,TIRUNELVELI,GOVERNMENT ENGG COLLEGES,CE,CIVIL  ENGINEERING,43400,56387,59204,59440,102671,141479,228442,0,0,0,0,0,0,0
4974,Government College of Engineering  Tirunelveli District 627007,TIRUNELVELI,GOVERNMENT ENGG COLLEGES,CS,COMPUTER SCIENCE AND ENGINEERING,8250,12099,11454,15651,32504,,75714,0,0,0,0,0,0,0
4974,Government College of Engineering  Tirunelveli District 627007,TIRUNELVELI,GOVERNMENT ENGG COLLEGES,EC,ELECTRONICS AND COMMUNICATION ENGINEERING,13212,17185,16896,25182,40978,111403,68687,0,0,0,0,0,0,0
4974,Government College of Engineering  Tirunelveli District 627007,TIRUNELVELI,GOVERNMENT ENGG COLLEGES,EE,ELECTRICAL AND ELECTRONICS ENGINEERING,18819,27496,22227,34407,58405,146810,83057,0,0,0,0,0,0,0
4974,Government College of Engineering  Tirunelveli District 627007,TIRUNELVELI,GOVERNMENT ENGG COLLEGES,EI,ELECTRONICS AND INSTRUMENTATION ENGINEERING,26221,39021,30793,47385,98685,125307,,0,0,0,0,0,0,0
4974,Government College of Engineering  Tirunelveli District 627007,TIRUNELVELI,GOVERNMENT ENGG COLLEGES,IB,INDUSTRIAL BIO TECHNOLOGY,48003,72059,78646,72802,101978,190400,,0,0,0,0,0,0,0
4974,Government College of Engineering  Tirunelveli District 627007,TIRUNELVELI,GOVERNMENT ENGG COLLEGES,ME,MECHANICAL ENGINEERING,45160,63285,56657,75563,101659,199240,225711,0,0,0,0,0,0,0
5009,Government College of Engineering  Melachokkanathapuram  Bodinayakkanur  Theni District 625582,THENI,GOVERNMENT ENGG COLLEGES,CE,CIVIL  ENGINEERING,74526,119888,90177,115572,144365,158358,,0,0,0,0,0,0,0
5009,Government College of Engineering  Melachokkanathapuram  Bodinayakkanur  Theni District 625582,THENI,GOVERNMENT ENGG COLLEGES,CF,COMPUTER SCIENCE AND ENGINEERING (DATA SCIENCE),40513,53584,49487,58922,90909,113140,177832,0,0,0,0,0,0,0
5009,Government College of Engineering  Melachokkanathapuram  Bodinayakkanur  Theni District 625582,THENI,GOVERNMENT ENGG COLLEGES,CS,COMPUTER SCIENCE AND ENGINEERING,33249,47362,34629,53043,74337,,133857,0,0,0,0,0,0,0
5009,Government College of Engineering  Melachokkanathapuram  Bodinayakkanur  Theni District 625582,THENI,GOVERNMENT ENGG COLLEGES,EC,ELECTRONICS AND COMMUNICATION ENGINEERING,43270,53749,60012,61220,88285,142676,222580,0,0,0,0,0,0,0
5009,Government College of Engineering  Melachokkanathapuram  Bodinayakkanur  Theni District 625582,THENI,GOVERNMENT ENGG COLLEGES,EE,ELECTRICAL AND ELECTRONICS ENGINEERING,68330,78998,75942,79754,104983,165137,,0,0,0,0,0,0,0
5009,Government College of Engineering  Melachokkanathapuram  Bodinayakkanur  Theni District 625582,THENI,GOVERNMENT ENGG COLLEGES,ME,MECHANICAL ENGINEERING,95066,118781,108083,116222,146856,,,0,0,0,0,0,0,0
5901,Alagappa Chettair Government College of Engineering and Technology (Autonomous)  Karaikudi  Sivagangai District 630004,SIVAGANGAI,GOVERNMENT ENGG COLLEGES,CE,CIVIL  ENGINEERING,28034,36040,62849,44312,63878,86625,74150,0,0,0,0,0,0,0
5901,Alagappa Chettair Government College of Engineering and Technology (Autonomous)  Karaikudi  Sivagangai District 630004,SIVAGANGAI,GOVERNMENT ENGG COLLEGES,CS,COMPUTER SCIENCE AND ENGINEERING,6155,8737,10412,8519,30447,43802,126338,0,0,0,0,0,0,0
5901,Alagappa Chettair Government College of Engineering and Technology (Autonomous)  Karaikudi  Sivagangai District 630004,SIVAGANGAI,GOVERNMENT ENGG COLLEGES,EC,ELECTRONICS AND COMMUNICATION ENGINEERING,9275,12084,12302,12452,35904,45911,28191,0,0,0,0,0,0,0
5901,Alagappa Chettair Government College of Engineering and Technology (Autonomous)  Karaikudi  Sivagangai District 630004,SIVAGANGAI,GOVERNMENT ENGG COLLEGES,EE,ELECTRICAL AND ELECTRONICS ENGINEERING,16275,24513,17761,24629,63530,80450,,0,0,0,0,0,0,0
5901,Alagappa Chettair Government College of Engineering and Technology (Autonomous)  Karaikudi  Sivagangai District 630004,SIVAGANGAI,GOVERNMENT ENGG COLLEGES,IT,INFORMATION TECHNOLOGY,10344,14505,13833,13912,37321,35120,,0,0,0,0,0,0,0
5901,Alagappa Chettair Government College of Engineering and Technology (Autonomous)  Karaikudi  Sivagangai District 630004,SIVAGANGAI,GOVERNMENT ENGG COLLEGES,ME,MECHANICAL ENGINEERING,31511,45818,57018,56870,86556,128221,148557,0,0,0,0,0,0,0
2006,PSG College of Technology (Autonomous)  Peelamedu  Coimbatore District 641004,COIMBATORE,GOVERNMENT AIDED COLLEGES,AS,AUTOMOBILE ENGINEERING (SS),16860,30146,24953,31603,59849,129688,84852,0,0,0,0,0,0,0
2006,PSG College of Technology (Autonomous)  Peelamedu  Coimbatore District 641004,COIMBATORE,GOVERNMENT AIDED COLLEGES,BS,BIO TECHNOLOGY (SS),6360,9567,15041,21754,41819,28996,23626,0,0,0,0,0,0,0
2006,PSG College of Technology (Autonomous)  Peelamedu  Coimbatore District 641004,COIMBATORE,GOVERNMENT AIDED COLLEGES,BY,BIO MEDICAL ENGINEERING  (SS),10379,18362,14528,18524,36898,47034,,0,0,0,0,0,0,0
2006,PSG College of Technology (Autonomous)  Peelamedu  Coimbatore District 641004,COIMBATORE,GOVERNMENT AIDED COLLEGES,CE,CIVIL  ENGINEERING,5535,8461,10072,11042,19196,35612,,0,0,0,0,0,0,0
2006,PSG College of Technology (Autonomous)  Peelamedu  Coimbatore District 641004,COIMBATORE,GOVERNMENT AIDED COLLEGES,CG,Computer Science and Engineering (Artificial Intelligence and Machine Learning) (SS),832,1396,2416,2161,6852,6859,,0,0,0,0,0,0,0
2006,PSG College of Technology (Autonomous)  Peelamedu  Coimbatore District 641004,COIMBATORE,GOVERNMENT AIDED COLLEGES,CM,COMPUTER SCIENCE AND ENGINEERING (SS),342,816,1862,1223,8848,17863,38078,0,0,0,0,0,0,0
2006,PSG College of Technology (Autonomous)  Peelamedu  Coimbatore District 641004,COIMBATORE,GOVERNMENT AIDED COLLEGES,CN,CIVIL  ENGINEERING (SS),11650,16642,24113,19317,48997,,126406,0,0,0,0,0,0,0
2006,PSG College of Technology (Autonomous)  Peelamedu  Coimbatore District 641004,COIMBATORE,GOVERNMENT AIDED COLLEGES,EC,ELECTRONICS AND COMMUNICATION ENGINEERING,334,827,706,1557,5615,5352,,0,0,0,0,0,0,0
2006,PSG College of Technology (Autonomous)  Peelamedu  Coimbatore District 641004,COIMBATORE,GOVERNMENT AIDED COLLEGES,EE,ELECTRICAL AND ELECTRONICS ENGINEERING,1611,2554,4393,3204,15643,35545,,0,0,0,0,0,0,0
2006,PSG College of Technology (Autonomous)  Peelamedu  Coimbatore District 641004,COIMBATORE,GOVERNMENT AIDED COLLEGES,EM,ELECTRONICS AND COMMUNICATION ENGINEERING (SS),1110,1438,1534,2382,12331,28906,16927,0,0,0,0,0,0,0
2006,PSG College of Technology (Autonomous)  Peelamedu  Coimbatore District 641004,COIMBATORE,GOVERNMENT AIDED COLLEGES,EY,ELECTRICAL AND ELECTRONICS ENGINEERING (SS),2930,4038,,4005,23127,35577,42916,0,0,0,0,0,0,0
2006,PSG College of Technology (Autonomous)  Peelamedu  Coimbatore District 641004,COIMBATORE,GOVERNMENT AIDED COLLEGES,FY,FASHION TECHNOLOGY (SS),30989,38356,33244,55111,102672,90111,,0,0,0,0,0,0,0
2006,PSG College of Technology (Autonomous)  Peelamedu  Coimbatore District 641004,COIMBATORE,GOVERNMENT AIDED COLLEGES,IM,INFORMATION TECHNOLOGY (SS),1328,1752,2985,2208,15890,19685,10204,0,0,0,0,0,0,0
2006,PSG College of Technology (Autonomous)  Peelamedu  Coimbatore District 641004,COIMBATORE,GOVERNMENT AIDED COLLEGES,IY,INSTRUMENTATION AND CONTROL ENGINEERING (SS),6640,8616,13960,12818,32975,75997,,0,0,0,0,0,0,0
2006,PSG College of Technology (Autonomous)  Peelamedu  Coimbatore District 641004,COIMBATORE,GOVERNMENT AIDED COLLEGES,ME,MECHANICAL ENGINEERING,4652,5771,6474,8631,25871,37949,50305,0,0,0,0,0,0,0
2006,PSG College of Technology (Autonomous)  Peelamedu  Coimbatore District 641004,COIMBATORE,GOVERNMENT AIDED COLLEGES,MF,MECHANICAL ENGINEERING (SS),7362,9354,7613,11264,44381,77968,110573,0,0,0,0,0,0,0
2006,PSG College of Technology (Autonomous)  Peelamedu  Coimbatore District 641004,COIMBATORE,GOVERNMENT AIDED COLLEGES,MS,MECHANICAL ENGINEERING (SANDWICH) (SS),17494,27972,27900,30946,50453,79203,,0,0,0,0,0,0,0
2006,PSG College of Technology (Autonomous)  Peelamedu  Coimbatore District 641004,COIMBATORE,GOVERNMENT AIDED COLLEGES,MT,METALLURGICAL ENGINEERING,14108,23283,20443,20527,69762,74214,92876,0,0,0,0,0,0,0
2006,PSG College of Technology (Autonomous)  Peelamedu  Coimbatore District 641004,COIMBATORE,GOVERNMENT AIDED COLLEGES,MY,METALLURGICAL ENGINEERING (SS),20285,27819,30293,31755,78138,90365,,0,0,0,0,0,0,0
2006,PSG College of Technology (Autonomous)  Peelamedu  Coimbatore District 641004,COIMBATORE,GOVERNMENT AIDED COLLEGES,PN,PRODUCTION ENGINEERING (SS),19983,26606,26308,22202,70422,119456,,0,0,0,0,0,0,0
2006,PSG College of Technology (Autonomous)  Peelamedu  Coimbatore District 641004,COIMBATORE,GOVERNMENT AIDED COLLEGES,PR,PRODUCTION ENGINEERING,15216,21191,22043,19807,59053,,86576,0,0,0,0,0,0,0
2006,PSG College of Technology (Autonomous)  Peelamedu  Coimbatore District 641004,COIMBATORE,GOVERNMENT AIDED COLLEGES,RA,ROBOTICS AND AUTOMATION (SS),4327,5968,10113,9824,32814,35860,,0,0,0,0,0,0,0
2006,PSG College of Technology (Autonomous)  Peelamedu  Coimbatore District 641004,COIMBATORE,GOVERNMENT AIDED COLLEGES,TT,TEXTILE TECHNOLOGY (SS),34156,45922,59473,56100,98644,143294,,0,0,0,0,0,0,0
2006,PSG College of Technology (Autonomous)  Peelamedu  Coimbatore District 641004,COIMBATORE,GOVERNMENT AIDED COLLEGES,TX,TEXTILE TECHNOLOGY,33129,39707,33644,47317,94350,170784,,0,0,0,0,0,0,0
2007,Coimbatore Institute of Technology (Autonomous)  Civil Aerodrome Post  Coimbatore District 641014,COIMBATORE,GOVERNMENT AIDED COLLEGES,AT,ARTIFICIAL INTELLIGENCE AND DATA SCIENCE (SS),2354,3291,,3719,16566,33398,39214,0,0,0,0,0,0,0
2007,Coimbatore Institute of Technology (Autonomous)  Civil Aerodrome Post  Coimbatore District 641014,COIMBATORE,GOVERNMENT AIDED COLLEGES,CE,CIVIL  ENGINEERING,15057,21179,27491,23411,42757,91424,41130,0,0,0,0,0,0,0
2007,Coimbatore Institute of Technology (Autonomous)  Civil Aerodrome Post  Coimbatore District 641014,COIMBATORE,GOVERNMENT AIDED COLLEGES,CH,CHEMICAL  ENGINEERING,9962,15419,14107,19489,45956,93911,,0,0,0,0,0,0,0
2007,Coimbatore Institute of Technology (Autonomous)  Civil Aerodrome Post  Coimbatore District 641014,COIMBATORE,GOVERNMENT AIDED COLLEGES,CL,CHEMICAL  ENGINEERING (SS),17544,19879,,31008,61754,,135642,0,0,0,0,0,0,0
2007,Coimbatore Institute of Technology (Autonomous)  Civil Aerodrome Post  Coimbatore District 641014,COIMBATORE,GOVERNMENT AIDED COLLEGES,CM,COMPUTER SCIENCE AND ENGINEERING (SS),2085,2575,3507,2828,19567,46240,,0,0,0,0,0,0,0
2007,Coimbatore Institute of Technology (Autonomous)  Civil Aerodrome Post  Coimbatore District 641014,COIMBATORE,GOVERNMENT AIDED COLLEGES,CN,CIVIL  ENGINEERING (SS),21033,25677,,30539,60301,,,0,0,0,0,0,0,0
2007,Coimbatore Institute of Technology (Autonomous)  Civil Aerodrome Post  Coimbatore District 641014,COIMBATORE,GOVERNMENT AIDED COLLEGES,CS,COMPUTER SCIENCE AND ENGINEERING,1429,1827,2200,2210,10144,18574,,0,0,0,0,0,0,0
2007,Coimbatore Institute of Technology (Autonomous)  Civil Aerodrome Post  Coimbatore District 641014,COIMBATORE,GOVERNMENT AIDED COLLEGES,EC,ELECTRONICS AND COMMUNICATION ENGINEERING,1895,2356,3199,2688,15567,11510,7221,0,0,0,0,0,0,0
2007,Coimbatore Institute of Technology (Autonomous)  Civil Aerodrome Post  Coimbatore District 641014,COIMBATORE,GOVERNMENT AIDED COLLEGES,EE,ELECTRICAL AND ELECTRONICS ENGINEERING,3995,5119,4944,6436,24373,36733,85511,0,0,0,0,0,0,0
2007,Coimbatore Institute of Technology (Autonomous)  Civil Aerodrome Post  Coimbatore District 641014,COIMBATORE,GOVERNMENT AIDED COLLEGES,EM,ELECTRONICS AND COMMUNICATION ENGINEERING (SS),2621,3143,3951,3462,20405,48240,,0,0,0,0,0,0,0
2007,Coimbatore Institute of Technology (Autonomous)  Civil Aerodrome Post  Coimbatore District 641014,COIMBATORE,GOVERNMENT AIDED COLLEGES,EY,ELECTRICAL AND ELECTRONICS ENGINEERING (SS),6465,7832,9666,9412,42237,,,0,0,0,0,0,0,0
2007,Coimbatore Institute of Technology (Autonomous)  Civil Aerodrome Post  Coimbatore District 641014,COIMBATORE,GOVERNMENT AIDED COLLEGES,IM,INFORMATION TECHNOLOGY (SS),2601,3243,3670,3687,19792,46386,18774,0,0,0,0,0,0,0
2007,Coimbatore Institute of Technology (Autonomous)  Civil Aerodrome Post  Coimbatore District 641014,COIMBATORE,GOVERNMENT AIDED COLLEGES,ME,MECHANICAL ENGINEERING,9585,11851,12637,16893,40438,80309,,0,0,0,0,0,0,0
2007,Coimbatore Institute of Technology (Autonomous)  Civil Aerodrome Post  Coimbatore District 641014,COIMBATORE,GOVERNMENT AIDED COLLEGES,MF,MECHANICAL ENGINEERING (SS),14885,20160,30263,25861,52746,101640,,0,0,0,0,0,0,0
5008,Thiagarajar College of Engineering (Autonomous) Tirupparankundram  Madurai District 625015,MADURAI,GOVERNMENT AIDED COLLEGES,CE,CIVIL  ENGINEERING,11826,16752,12678,23639,49957,68370,,0,0,0,0,0,0,0
5008,Thiagarajar College of Engineering (Autonomous) Tirupparankundram  Madurai District 625015,MADURAI,GOVERNMENT AIDED COLLEGES,CG,Computer Science and Engineering (Artificial Intelligence and Machine Learning) (SS),4659,6532,5756,5983,38728,35481,58938,0,0,0,0,0,0,0
5008,Thiagarajar College of Engineering (Autonomous) Tirupparankundram  Madurai District 625015,MADURAI,GOVERNMENT AIDED COLLEGES,CM,COMPUTER SCIENCE AND ENGINEERING (SS),3252,4337,4983,5124,24108,52874,32464,0,0,0,0,0,0,0
5008,Thiagarajar College of Engineering (Autonomous) Tirupparankundram  Madurai District 625015,MADURAI,GOVERNMENT AIDED COLLEGES,CN,CIVIL  ENGINEERING (SS),23022,29177,24170,36691,58744,96740,,0,0,0,0,0,0,0
5008,Thiagarajar College of Engineering (Autonomous) Tirupparankundram  Madurai District 625015,MADURAI,GOVERNMENT AIDED COLLEGES,CS,COMPUTER SCIENCE AND ENGINEERING,1581,2165,2218,3977,15975,38670,,0,0,0,0,0,0,0
5008,Thiagarajar College of Engineering (Autonomous) Tirupparankundram  Madurai District 625015,MADURAI,GOVERNMENT AIDED COLLEGES,CW,Computer Science and Business System (SS),8026,9663,14381,12503,42527,68884,,0,0,0,0,0,0,0
5008,Thiagarajar College of Engineering (Autonomous) Tirupparankundram  Madurai District 625015,MADURAI,GOVERNMENT AIDED COLLEGES,EC,ELECTRONICS AND COMMUNICATION ENGINEERING,2079,2868,4074,4127,16576,39375,,0,0,0,0,0,0,0
5008,Thiagarajar College of Engineering (Autonomous) Tirupparankundram  Madurai District 625015,MADURAI,GOVERNMENT AIDED COLLEGES,EE,ELECTRICAL AND ELECTRONICS ENGINEERING,4951,6327,8813,10196,27962,72954,56266,0,0,0,0,0,0,0
5008,Thiagarajar College of Engineering (Autonomous) Tirupparankundram  Madurai District 625015,MADURAI,GOVERNMENT AIDED COLLEGES,EM,ELECTRONICS AND COMMUNICATION ENGINEERING (SS),4179,5291,7751,7036,32197,50392,17376,0,0,0,0,0,0,0
5008,Thiagarajar College of Engineering (Autonomous) Tirupparankundram  Madurai District 625015,MADURAI,GOVERNMENT AIDED COLLEGES,EY,ELECTRICAL AND ELECTRONICS ENGINEERING (SS),7663,8485,13862,12511,56240,94222,,0,0,0,0,0,0,0
5008,Thiagarajar College of Engineering (Autonomous) Tirupparankundram  Madurai District 625015,MADURAI,GOVERNMENT AIDED COLLEGES,ID,Interior Design (SS),28960,35394,52543,43746,109867,141756,201059,0,0,0,0,0,0,0
5008,Thiagarajar College of Engineering (Autonomous) Tirupparankundram  Madurai District 625015,MADURAI,GOVERNMENT AIDED COLLEGES,IM,INFORMATION TECHNOLOGY (SS),5807,7446,9601,9641,37981,56380,57097,0,0,0,0,0,0,0
5008,Thiagarajar College of Engineering (Autonomous) Tirupparankundram  Madurai District 625015,MADURAI,GOVERNMENT AIDED COLLEGES,ME,MECHANICAL ENGINEERING,11365,14044,20920,19032,39361,50374,88355,0,0,0,0,0,0,0
5008,Thiagarajar College of Engineering (Autonomous) Tirupparankundram  Madurai District 625015,MADURAI,GOVERNMENT AIDED COLLEGES,MF,MECHANICAL ENGINEERING (SS),17248,20551,24362,31543,67808,84523,,0,0,0,0,0,0,0
5008,Thiagarajar College of Engineering (Autonomous) Tirupparankundram  Madurai District 625015,MADURAI,GOVERNMENT AIDED COLLEGES,MG,MECHATRONICS (SS),10966,13437,14903,24777,63974,78409,132483,0,0,0,0,0,0,0
1321,Central Institute of Petrochemicals Engineering and Technology (Formerly Central Institute of Plastics Engineering and Technology) (CIPET)  Guindy  Chennai 600032,CHENNAI,CENTRAL GOVERNMENT ENGG COLLEGES COLLEGES,MN,MANUFACTURING ENGINEERING,39485,66678,70781,66565,86353,128776,103533,0,0,0,0,0,0,0
1321,Central Institute of Petrochemicals Engineering and Technology (Formerly Central Institute of Plastics Engineering and Technology) (CIPET)  Guindy  Chennai 600032,CHENNAI,CENTRAL GOVERNMENT ENGG COLLEGES COLLEGES,PA,PLASTIC TECHNOLOGY,42760,62855,69537,64567,87656,57622,,0,0,0,0,0,0,0
2343,Indian Institute of Handloom Technology  Foulke's Compound  Thillai Nagar  Salem District 636001,SALEM,CENTRAL GOVERNMENT ENGG COLLEGES COLLEGES,HT,HANDLOOM AND TEXTILE TECHNOLOGY,48702,79101,82035,84964,81910,106866,146645,0,0,0,0,0,0,0
5012,Central Electrochemical Research Institute CECRI)  Karaikudi  Sivagangai District 630006,SIVAGANGAI,CENTRAL GOVERNMENT ENGG COLLEGES COLLEGES,CC,CHEMICAL AND ELECTRO CHEMICAL  ENGINEERING (SS),2524,4380,6356,3613,14340,,,0,0,0,0,0,0,0
1013,University College of Engineering  Villupuram  Kakuppam  Villupuram District 605103,VILUPPURAM,UNIV CONSTITUENT COLLEGES,CS,COMPUTER SCIENCE AND ENGINEERING,29530,66620,40850,56464,103678,193610,157362,0,0,0,0,0,0,0
1013,University College of Engineering  Villupuram  Kakuppam  Villupuram District 605103,VILUPPURAM,UNIV CONSTITUENT COLLEGES,EC,ELECTRONICS AND COMMUNICATION ENGINEERING,62122,86290,84951,82648,120229,225935,,0,0,0,0,0,0,0
1013,University College of Engineering  Villupuram  Kakuppam  Villupuram District 605103,VILUPPURAM,UNIV CONSTITUENT COLLEGES,IT,INFORMATION TECHNOLOGY,38990,76019,63531,73592,95932,124770,80853,0,0,0,0,0,0,0
1013,University College of Engineering  Villupuram  Kakuppam  Villupuram District 605103,VILUPPURAM,UNIV CONSTITUENT COLLEGES,ME,MECHANICAL ENGINEERING,119823,157116,139411,137704,176532,228257,,0,0,0,0,0,0,0
1013,University College of Engineering  Villupuram  Kakuppam  Villupuram District 605103,VILUPPURAM,UNIV CONSTITUENT COLLEGES,SC,Computer Science and Engineering (Cyber Security),45642,70919,63734,71072,93676,125105,,0,0,0,0,0,0,0
1013,University College of Engineering  Villupuram  Kakuppam  Villupuram District 605103,VILUPPURAM,UNIV CONSTITUENT COLLEGES,XM,MECHANICAL ENGINEERING (TAMIL MEDIUM),124062,194410,191239,166455,193149,,226518,0,0,0,0,0,0,0
1014,University College of Engineering  Tindivanam  Melpakkam  Tindivanam  Villupuram District 604001,VILUPPURAM,UNIV CONSTITUENT COLLEGES,CE,CIVIL  ENGINEERING,111896,195283,217144,155459,190410,188279,,0,0,0,0,0,0,0
1014,University College of Engineering  Tindivanam  Melpakkam  Tindivanam  Villupuram District 604001,VILUPPURAM,UNIV CONSTITUENT COLLEGES,CS,COMPUTER SCIENCE AND ENGINEERING,37146,70982,48308,59828,93777,39695,59587,0,0,0,0,0,0,0
1014,University College of Engineering  Tindivanam  Melpakkam  Tindivanam  Villupuram District 604001,VILUPPURAM,UNIV CONSTITUENT COLLEGES,EC,ELECTRONICS AND COMMUNICATION ENGINEERING,69969,97466,93686,88370,130246,118716,134560,0,0,0,0,0,0,0
1014,University College of Engineering  Tindivanam  Melpakkam  Tindivanam  Villupuram District 604001,VILUPPURAM,UNIV CONSTITUENT COLLEGES,EF,Electrical and Computer Engineering,92550,105094,160939,99017,135137,162396,,0,0,0,0,0,0,0
1014,University College of Engineering  Tindivanam  Melpakkam  Tindivanam  Villupuram District 604001,VILUPPURAM,UNIV CONSTITUENT COLLEGES,IT,INFORMATION TECHNOLOGY,54133,85173,99638,83605,110483,204786,,0,0,0,0,0,0,0
1014,University College of Engineering  Tindivanam  Melpakkam  Tindivanam  Villupuram District 604001,VILUPPURAM,UNIV CONSTITUENT COLLEGES,XC,CIVIL ENGINEERING (TAMIL MEDIUM),124694,223987,210075,174077,176667,239188,,0,1,0,0,0,0,0
1015,University College of Engineering  Arni  Arni to Devikapuram Road  Thatchur  Arni  Thiruvannamalai District 632326,THIRUVANNAMALAI,UNIV CONSTITUENT COLLEGES,CS,COMPUTER SCIENCE AND ENGINEERING,51434,83317,114551,82962,106387,217122,,0,0,0,0,0,0,0
1015,University College of Engineering  Arni  Arni to Devikapuram Road  Thatchur  Arni  Thiruvannamalai District 632326,THIRUVANNAMALAI,UNIV CONSTITUENT COLLEGES,EC,ELECTRONICS AND COMMUNICATION ENGINEERING,65013,98299,114987,100489,161241,166766,,0,0,0,0,0,0,0
1015,University College of Engineering  Arni  Arni to Devikapuram Road  Thatchur  Arni  Thiruvannamalai District 632326,THIRUVANNAMALAI,UNIV CONSTITUENT COLLEGES,EE,ELECTRICAL AND ELECTRONICS ENGINEERING,103528,118750,161585,123317,187780,191723,182826,0,0,0,0,0,0,0
1015,University College of Engineering  Arni  Arni to Devikapuram Road  Thatchur  Arni  Thiruvannamalai District 632326,THIRUVANNAMALAI,UNIV CONSTITUENT COLLEGES,ME,MECHANICAL ENGINEERING,128588,171563,205586,149416,184224,,,0,0,0,0,0,0,0
1015,University College of Engineering  Arni  Arni to Devikapuram Road  Thatchur  Arni  Thiruvannamalai District 632326,THIRUVANNAMALAI,UNIV CONSTITUENT COLLEGES,XM,MECHANICAL ENGINEERING (TAMIL MEDIUM),169949,203613,212934,211579,222328,215642,,0,0,0,0,0,0,0
1026,University College of Engineering  Kancheepuram  Ponnerikarai Campus  NH4  Chennai-Bangalore Highway  Karaipettai Village & Post  Kancheepuram District 631552,KANCHEEPURAM,UNIV CONSTITUENT COLLEGES,CS,COMPUTER SCIENCE AND ENGINEERING,33564,51079,45969,45534,69356,105489,,0,0,0,0,0,0,0
1026,University College of Engineering  Kancheepuram  Ponnerikarai Campus  NH4  Chennai-Bangalore Highway  Karaipettai Village & Post  Kancheepuram District 631552,KANCHEEPURAM,UNIV CONSTITUENT COLLEGES,EC,ELECTRONICS AND COMMUNICATION ENGINEERING,41890,67619,62703,60331,112039,124482,138775,0,0,0,0,0,0,0
1026,University College of Engineering  Kancheepuram  Ponnerikarai Campus  NH4  Chennai-Bangalore Highway  Karaipettai Village & Post  Kancheepuram District 631552,KANCHEEPURAM,UNIV CONSTITUENT COLLEGES,EE,ELECTRICAL AND ELECTRONICS ENGINEERING,71920,92891,116544,101885,130175,213714,,0,0,0,0,0,1,0
1026,University College of Engineering  Kancheepuram  Ponnerikarai Campus  NH4  Chennai-Bangalore Highway  Karaipettai Village & Post  Kancheepuram District 631552,KANCHEEPURAM,UNIV CONSTITUENT COLLEGES,ME,MECHANICAL ENGINEERING,95634,124617,111658,120222,165900,191472,139639,0,0,0,0,0,1,0
1026,University College of Engineering  Kancheepuram  Ponnerikarai Campus  NH4  Chennai-Bangalore Highway  Karaipettai Village & Post  Kancheepuram District 631552,KANCHEEPURAM,UNIV CONSTITUENT COLLEGES,SC,Computer Science and Engineering (Cyber Security),41914,63386,,55667,69631,81806,,0,0,0,0,0,0,0
2025,Anna University Regional Campus - Coimbatore  Maruthamalai Main Road  Navavoor Bharathiyar University Post  Somayampalayam  Coimbatore District 641046,COIMBATORE,UNIV CONSTITUENT COLLEGES,AD,Artificial Intelligence and Data Science,8426,18573,26997,15269,20445,29925,78670,0,0,0,0,0,0,0
2025,Anna University Regional Campus - Coimbatore  Maruthamalai Main Road  Navavoor Bharathiyar University Post  Somayampalayam  Coimbatore District 641046,COIMBATORE,UNIV CONSTITUENT COLLEGES,CS,COMPUTER SCIENCE AND ENGINEERING,6641,12380,16653,13943,27976,29513,35835,0,0,0,0,0,0,0
2025,Anna University Regional Campus - Coimbatore  Maruthamalai Main Road  Navavoor Bharathiyar University Post  Somayampalayam  Coimbatore District 641046,COIMBATORE,UNIV CONSTITUENT COLLEGES,EC,ELECTRONICS AND COMMUNICATION ENGINEERING,13053,21434,22452,19383,31125,32811,44299,0,0,0,0,0,0,0
2025,Anna University Regional Campus - Coimbatore  Maruthamalai Main Road  Navavoor Bharathiyar University Post  Somayampalayam  Coimbatore District 641046,COIMBATORE,UNIV CONSTITUENT COLLEGES,EE,ELECTRICAL AND ELECTRONICS ENGINEERING,27218,39971,31032,38983,58201,62422,,0,0,0,0,0,0,0
2025,Anna University Regional Campus - Coimbatore  Maruthamalai Main Road  Navavoor Bharathiyar University Post  Somayampalayam  Coimbatore District 641046,COIMBATORE,UNIV CONSTITUENT COLLEGES,EV,Electronics Engineering (VLSI Design and Technology),27490,35907,43092,35559,66675,52006,58990,0,0,0,0,0,0,0
2025,Anna University Regional Campus - Coimbatore  Maruthamalai Main Road  Navavoor Bharathiyar University Post  Somayampalayam  Coimbatore District 641046,COIMBATORE,UNIV CONSTITUENT COLLEGES,ME,MECHANICAL ENGINEERING,40187,51972,43501,53703,89839,109887,,0,0,0,0,0,0,0
3011,University College of Engineering  Tiruchirappalli  (Bharathidasan Institute of Technology)  Tiruchirappalli District 620024,TIRUCHIRAPALLI,UNIV CONSTITUENT COLLEGES,AM,COMPUTER SCIENCE AND ENGINEERING (AI AND MACHINE LEARNING),24697,34355,38774,39142,78803,52085,78736,0,0,0,0,0,0,0
3011,University College of Engineering  Tiruchirappalli  (Bharathidasan Institute of Technology)  Tiruchirappalli District 620024,TIRUCHIRAPALLI,UNIV CONSTITUENT COLLEGES,BT,BIO TECHNOLOGY,40139,70992,100136,73353,114339,115477,172276,0,0,0,0,0,0,0
3011,University College of Engineering  Tiruchirappalli  (Bharathidasan Institute of Technology)  Tiruchirappalli District 620024,TIRUCHIRAPALLI,UNIV CONSTITUENT COLLEGES,CE,CIVIL  ENGINEERING,55429,98958,137511,100159,119898,169608,,0,0,0,0,0,0,0
3011,University College of Engineering  Tiruchirappalli  (Bharathidasan Institute of Technology)  Tiruchirappalli District 620024,TIRUCHIRAPALLI,UNIV CONSTITUENT COLLEGES,CF,COMPUTER SCIENCE AND ENGINEERING (DATA SCIENCE),28407,40004,38634,34023,71485,75106,41953,0,0,0,0,0,0,0
3011,University College of Engineering  Tiruchirappalli  (Bharathidasan Institute of Technology)  Tiruchirappalli District 620024,TIRUCHIRAPALLI,UNIV CONSTITUENT COLLEGES,CK,Civil Engineering (Environmental Engineering),120718,162990,142338,150861,156545,,187308,0,0,0,0,0,0,0
3011,University College of Engineering  Tiruchirappalli  (Bharathidasan Institute of Technology)  Tiruchirappalli District 620024,TIRUCHIRAPALLI,UNIV CONSTITUENT COLLEGES,CS,COMPUTER SCIENCE AND ENGINEERING,11106,18265,21223,21986,69545,85329,104690,0,0,0,0,0,0,0
3011,University College of Engineering  Tiruchirappalli  (Bharathidasan Institute of Technology)  Tiruchirappalli District 620024,TIRUCHIRAPALLI,UNIV CONSTITUENT COLLEGES,EC,ELECTRONICS AND COMMUNICATION ENGINEERING,19513,35487,42389,35536,76196,59790,,0,0,0,0,0,0,0
3011,University College of Engineering  Tiruchirappalli  (Bharathidasan Institute of Technology)  Tiruchirappalli District 620024,TIRUCHIRAPALLI,UNIV CONSTITUENT COLLEGES,EE,ELECTRICAL AND ELECTRONICS ENGINEERING,38938,52402,59087,61991,106755,94639,,0,0,0,0,0,0,0
3011,University College of Engineering  Tiruchirappalli  (Bharathidasan Institute of Technology)  Tiruchirappalli District 620024,TIRUCHIRAPALLI,UNIV CONSTITUENT COLLEGES,EF,Electrical and Computer Engineering,47954,72794,69029,71720,109218,167015,,0,0,0,0,0,0,0
3011,University College of Engineering  Tiruchirappalli  (Bharathidasan Institute of Technology)  Tiruchirappalli District 620024,TIRUCHIRAPALLI,UNIV CONSTITUENT COLLEGES,EV,Electronics Engineering (VLSI Design and Technology),51241,63787,73257,77108,111043,87372,,0,0,0,0,0,0,0
3011,University College of Engineering  Tiruchirappalli  (Bharathidasan Institute of Technology)  Tiruchirappalli District 620024,TIRUCHIRAPALLI,UNIV CONSTITUENT COLLEGES,IT,INFORMATION TECHNOLOGY,20341,30095,25200,33930,66584,97888,152857,0,0,0,0,0,0,0
3011,University College of Engineering  Tiruchirappalli  (Bharathidasan Institute of Technology)  Tiruchirappalli District 620024,TIRUCHIRAPALLI,UNIV CONSTITUENT COLLEGES,MB,Mechanical Engineering (Automobile),108802,130417,119097,128394,174092,183173,166284,0,0,0,0,0,0,0
3011,University College of Engineering  Tiruchirappalli  (Bharathidasan Institute of Technology)  Tiruchirappalli District 620024,TIRUCHIRAPALLI,UNIV CONSTITUENT COLLEGES,ME,MECHANICAL ENGINEERING,57421,93378,68277,96974,129770,101221,,0,0,0,0,0,0,0
3011,University College of Engineering  Tiruchirappalli  (Bharathidasan Institute of Technology)  Tiruchirappalli District 620024,TIRUCHIRAPALLI,UNIV CONSTITUENT COLLEGES,MJ,Mechanical and Smart Manufacturing,99814,138727,129310,130291,176061,197734,176669,0,0,0,0,0,1,0
3011,University College of Engineering  Tiruchirappalli  (Bharathidasan Institute of Technology)  Tiruchirappalli District 620024,TIRUCHIRAPALLI,UNIV CONSTITUENT COLLEGES,PC,PETRO CHEMICAL TECHNOLOGY,67563,130391,114375,117419,137232,96095,,0,0,0,0,0,0,0
3011,University College of Engineering  Tiruchirappalli  (Bharathidasan Institute of Technology)  Tiruchirappalli District 620024,TIRUCHIRAPALLI,UNIV CONSTITUENT COLLEGES,PH,PHARMACEUTICAL TECHNOLOGY,58631,95117,90436,94230,126796,167369,,0,0,0,0,0,0,0
3011,University College of Engineering  Tiruchirappalli  (Bharathidasan Institute of Technology)  Tiruchirappalli District 620024,TIRUCHIRAPALLI,UNIV CONSTITUENT COLLEGES,XC,CIVIL ENGINEERING (TAMIL MEDIUM),83354,152502,112224,136874,127254,161560,,0,0,0,0,0,0,0
3011,University College of Engineering  Tiruchirappalli  (Bharathidasan Institute of Technology)  Tiruchirappalli District 620024,TIRUCHIRAPALLI,UNIV CONSTITUENT COLLEGES,XM,MECHANICAL ENGINEERING (TAMIL MEDIUM),148032,213773,201240,220484,226849,,,0,0,0,0,0,0,0
3016,University College of Engineering  Ariyalur  Kathankudikadu Village  Thelur Post  Ariyalur District 621704,ARIYALUR,UNIV CONSTITUENT COLLEGES,CE,CIVIL  ENGINEERING,140394,193565,185758,171697,194541,,,0,0,0,0,0,0,0
3016,University College of Engineering  Ariyalur  Kathankudikadu Village  Thelur Post  Ariyalur District 621704,ARIYALUR,UNIV CONSTITUENT COLLEGES,CS,COMPUTER SCIENCE AND ENGINEERING,66822,102549,129199,95310,136364,125459,,0,0,0,0,0,1,0
3016,University College of Engineering  Ariyalur  Kathankudikadu Village  Thelur Post  Ariyalur District 621704,ARIYALUR,UNIV CONSTITUENT COLLEGES,EC,ELECTRONICS AND COMMUNICATION ENGINEERING,97841,125607,152607,115485,171902,186644,,0,0,0,0,0,1,0
3016,University College of Engineering  Ariyalur  Kathankudikadu Village  Thelur Post  Ariyalur District 621704,ARIYALUR,UNIV CONSTITUENT COLLEGES,EE,ELECTRICAL AND ELECTRONICS ENGINEERING,135428,183396,194938,143316,205268,,,0,0,0,0,0,0,0
3016,University College of Engineering  Ariyalur  Kathankudikadu Village  Thelur Post  Ariyalur District 621704,ARIYALUR,UNIV CONSTITUENT COLLEGES,ME,MECHANICAL ENGINEERING,139067,192396,199845,177855,201393,,,0,0,0,0,0,0,0
3016,University College of Engineering  Ariyalur  Kathankudikadu Village  Thelur Post  Ariyalur District 621704,ARIYALUR,UNIV CONSTITUENT COLLEGES,XC,CIVIL ENGINEERING (TAMIL MEDIUM),163721,169492,,219736,238971,,,0,1,0,0,0,0,0
3016,University College of Engineering  Ariyalur  Kathankudikadu Village  Thelur Post  Ariyalur District 621704,ARIYALUR,UNIV CONSTITUENT COLLEGES,XM,MECHANICAL ENGINEERING (TAMIL MEDIUM),197038,,232555,237324,,,,0,0,0,1,0,0,0
3018,University College of Engineering  Thirukkuvalai  Nagappattinam District 610204,NAGAPATTINAM,UNIV CONSTITUENT COLLEGES,AD,Artificial Intelligence and Data Science,57501,87255,148931,96347,117458,154116,,0,0,0,0,0,0,0
3018,University College of Engineering  Thirukkuvalai  Nagappattinam District 610204,NAGAPATTINAM,UNIV CONSTITUENT COLLEGES,CE,CIVIL  ENGINEERING,160840,228060,,181746,219035,,,0,0,0,0,0,0,0
3018,University College of Engineering  Thirukkuvalai  Nagappattinam District 610204,NAGAPATTINAM,UNIV CONSTITUENT COLLEGES,CS,COMPUTER SCIENCE AND ENGINEERING,86819,114638,132853,117519,146184,237436,132138,0,0,0,0,0,0,0
3018,University College of Engineering  Thirukkuvalai  Nagappattinam District 610204,NAGAPATTINAM,UNIV CONSTITUENT COLLEGES,EC,ELECTRONICS AND COMMUNICATION ENGINEERING,84205,133007,139171,126050,166650,205385,,0,0,0,0,0,1,0
3018,University College of Engineering  Thirukkuvalai  Nagappattinam District 610204,NAGAPATTINAM,UNIV CONSTITUENT COLLEGES,EE,ELECTRICAL AND ELECTRONICS ENGINEERING,125659,164410,186615,160941,214282,,,0,0,0,0,0,0,0
3018,University College of Engineering  Thirukkuvalai  Nagappattinam District 610204,NAGAPATTINAM,UNIV CONSTITUENT COLLEGES,EX,Electronics and Computer Engineering,134971,156588,180434,147438,180408,,,0,0,0,0,0,0,0
3018,University College of Engineering  Thirukkuvalai  Nagappattinam District 610204,NAGAPATTINAM,UNIV CONSTITUENT COLLEGES,ME,MECHANICAL ENGINEERING,140965,201903,177485,149807,213917,,,0,0,0,0,0,0,0
3018,University College of Engineering  Thirukkuvalai  Nagappattinam District 610204,NAGAPATTINAM,UNIV CONSTITUENT COLLEGES,XC,CIVIL ENGINEERING (TAMIL MEDIUM),175046,210450,,226073,203272,,,0,1,0,0,0,0,0
3018,University College of Engineering  Thirukkuvalai  Nagappattinam District 610204,NAGAPATTINAM,UNIV CONSTITUENT COLLEGES,XM,MECHANICAL ENGINEERING (TAMIL MEDIUM),182089,221824,,212003,230841,,,0,1,0,1,1,0,0
3019,University College of Engineering  Panruti  Chennai-Kumbakonam Highway  Panikkankuppam  Panruti  Cuddalore District 607106,CUDDALORE,UNIV CONSTITUENT COLLEGES,AM,COMPUTER SCIENCE AND ENGINEERING (AI AND MACHINE LEARNING),61969,105168,112412,99659,122145,140001,,0,0,0,0,0,0,0
3019,University College of Engineering  Panruti  Chennai-Kumbakonam Highway  Panikkankuppam  Panruti  Cuddalore District 607106,CUDDALORE,UNIV CONSTITUENT COLLEGES,CE,CIVIL  ENGINEERING,117366,209771,,156457,198454,,,0,0,0,0,0,0,0
3019,University College of Engineering  Panruti  Chennai-Kumbakonam Highway  Panikkankuppam  Panruti  Cuddalore District 607106,CUDDALORE,UNIV CONSTITUENT COLLEGES,CS,COMPUTER SCIENCE AND ENGINEERING,62310,101229,85005,89530,120106,163482,,0,0,0,0,0,1,0
3019,University College of Engineering  Panruti  Chennai-Kumbakonam Highway  Panikkankuppam  Panruti  Cuddalore District 607106,CUDDALORE,UNIV CONSTITUENT COLLEGES,EC,ELECTRONICS AND COMMUNICATION ENGINEERING,76238,118854,149761,108383,143097,194498,,0,0,0,0,0,0,0
3019,University College of Engineering  Panruti  Chennai-Kumbakonam Highway  Panikkankuppam  Panruti  Cuddalore District 607106,CUDDALORE,UNIV CONSTITUENT COLLEGES,EE,ELECTRICAL AND ELECTRONICS ENGINEERING,113625,172240,181964,134551,169992,,177621,0,0,0,0,0,0,0
3019,University College of Engineering  Panruti  Chennai-Kumbakonam Highway  Panikkankuppam  Panruti  Cuddalore District 607106,CUDDALORE,UNIV CONSTITUENT COLLEGES,ME,MECHANICAL ENGINEERING,134816,206312,171972,149840,186198,,,0,0,0,0,0,0,0
3019,University College of Engineering  Panruti  Chennai-Kumbakonam Highway  Panikkankuppam  Panruti  Cuddalore District 607106,CUDDALORE,UNIV CONSTITUENT COLLEGES,XC,CIVIL ENGINEERING (TAMIL MEDIUM),142721,223167,,186103,205488,,,0,1,0,0,0,0,0
3019,University College of Engineering  Panruti  Chennai-Kumbakonam Highway  Panikkankuppam  Panruti  Cuddalore District 607106,CUDDALORE,UNIV CONSTITUENT COLLEGES,XM,MECHANICAL ENGINEERING (TAMIL MEDIUM),174575,237313,,204299,226610,,,0,1,0,0,1,0,0
3021,University College of Engineering  Pattukkottai  ECR Road  Rajamadam  Pattukkottai Taluk  Thanjavur District 614701,THANJAVUR,UNIV CONSTITUENT COLLEGES,AL,Artificial Intelligence and Machine Learning,60856,76944,88993,79026,129431,208149,,0,0,0,0,0,0,0
3021,University College of Engineering  Pattukkottai  ECR Road  Rajamadam  Pattukkottai Taluk  Thanjavur District 614701,THANJAVUR,UNIV CONSTITUENT COLLEGES,CE,CIVIL  ENGINEERING,114581,207000,,139341,203848,,,0,0,0,0,0,0,0
3021,University College of Engineering  Pattukkottai  ECR Road  Rajamadam  Pattukkottai Taluk  Thanjavur District 614701,THANJAVUR,UNIV CONSTITUENT COLLEGES,CS,COMPUTER SCIENCE AND ENGINEERING,57393,85828,84436,106026,130006,210607,222192,0,0,0,0,0,0,0
3021,University College of Engineering  Pattukkottai  ECR Road  Rajamadam  Pattukkottai Taluk  Thanjavur District 614701,THANJAVUR,UNIV CONSTITUENT COLLEGES,EC,ELECTRONICS AND COMMUNICATION ENGINEERING,87222,118107,105849,117634,148701,234857,,0,0,0,0,0,0,0
3021,University College of Engineering  Pattukkottai  ECR Road  Rajamadam  Pattukkottai Taluk  Thanjavur District 614701,THANJAVUR,UNIV CONSTITUENT COLLEGES,EE,ELECTRICAL AND ELECTRONICS ENGINEERING,119153,154013,129009,130300,182260,,,0,0,0,0,0,0,0
3021,University College of Engineering  Pattukkottai  ECR Road  Rajamadam  Pattukkottai Taluk  Thanjavur District 614701,THANJAVUR,UNIV CONSTITUENT COLLEGES,ME,MECHANICAL ENGINEERING,132290,179259,194118,136703,200855,,,0,0,0,0,0,0,0
3021,University College of Engineering  Pattukkottai  ECR Road  Rajamadam  Pattukkottai Taluk  Thanjavur District 614701,THANJAVUR,UNIV CONSTITUENT COLLEGES,XC,CIVIL ENGINEERING (TAMIL MEDIUM),177759,228875,,225446,199725,,,0,1,0,0,0,0,0
3021,University College of Engineering  Pattukkottai  ECR Road  Rajamadam  Pattukkottai Taluk  Thanjavur District 614701,THANJAVUR,UNIV CONSTITUENT COLLEGES,XM,MECHANICAL ENGINEERING (TAMIL MEDIUM),209511,,,234486,,,,0,0,0,1,0,0,0
4020,Anna University Regional Campus - Tirunelveli  Trivandrum Road  Palayamkottai  Tirunelveli District 627007,TIRUNELVELI,UNIV CONSTITUENT COLLEGES,AD,Artificial Intelligence and Data Science,28438,50461,33692,53792,82597,123992,,0,0,0,0,0,0,0
4020,Anna University Regional Campus - Tirunelveli  Trivandrum Road  Palayamkottai  Tirunelveli District 627007,TIRUNELVELI,UNIV CONSTITUENT COLLEGES,CS,COMPUTER SCIENCE AND ENGINEERING,25974,45670,26926,48248,57419,74412,228587,0,0,0,0,0,0,0
4020,Anna University Regional Campus - Tirunelveli  Trivandrum Road  Palayamkottai  Tirunelveli District 627007,TIRUNELVELI,UNIV CONSTITUENT COLLEGES,EC,ELECTRONICS AND COMMUNICATION ENGINEERING,35721,55152,24563,66604,81963,,98340,0,0,0,0,0,0,0
4020,Anna University Regional Campus - Tirunelveli  Trivandrum Road  Palayamkottai  Tirunelveli District 627007,TIRUNELVELI,UNIV CONSTITUENT COLLEGES,GI,GEO INFORMATICS,78179,112004,107047,114619,147029,147748,,0,0,0,0,0,0,0
4020,Anna University Regional Campus - Tirunelveli  Trivandrum Road  Palayamkottai  Tirunelveli District 627007,TIRUNELVELI,UNIV CONSTITUENT COLLEGES,ME,MECHANICAL ENGINEERING,73566,106558,85900,122737,155258,224131,,0,0,0,0,0,0,0
4023,University College of Engineering  Nagercoil  Nagercoil Industrial Estate  Konam  Kanyakumari District 629004,KANYAKUMARI,UNIV CONSTITUENT COLLEGES,CE,CIVIL  ENGINEERING,111218,166338,128502,184599,197025,,,0,0,0,0,0,0,0
4023,University College of Engineering  Nagercoil  Nagercoil Industrial Estate  Konam  Kanyakumari District 629004,KANYAKUMARI,UNIV CONSTITUENT COLLEGES,CS,COMPUTER SCIENCE AND ENGINEERING,41306,58538,60706,91748,132824,229994,172033,0,0,0,0,0,0,0
4023,University College of Engineering  Nagercoil  Nagercoil Industrial Estate  Konam  Kanyakumari District 629004,KANYAKUMARI,UNIV CONSTITUENT COLLEGES,EC,ELECTRONICS AND COMMUNICATION ENGINEERING,55361,77983,63194,116552,169061,202898,,0,0,0,0,0,1,0
4023,University College of Engineering  Nagercoil  Nagercoil Industrial Estate  Konam  Kanyakumari District 629004,KANYAKUMARI,UNIV CONSTITUENT COLLEGES,EE,ELECTRICAL AND ELECTRONICS ENGINEERING,81016,108946,123328,128214,169270,,,0,0,0,0,0,0,0
4023,University College of Engineering  Nagercoil  Nagercoil Industrial Estate  Konam  Kanyakumari District 629004,KANYAKUMARI,UNIV CONSTITUENT COLLEGES,IT,INFORMATION TECHNOLOGY,60349,75388,65209,86251,162383,,,0,0,0,0,0,0,0
4023,University College of Engineering  Nagercoil  Nagercoil Industrial Estate  Konam  Kanyakumari District 629004,KANYAKUMARI,UNIV CONSTITUENT COLLEGES,ME,MECHANICAL ENGINEERING,117271,144837,136732,163154,209933,,,0,0,0,0,0,0,0
4023,University College of Engineering  Nagercoil  Nagercoil Industrial Estate  Konam  Kanyakumari District 629004,KANYAKUMARI,UNIV CONSTITUENT COLLEGES,XC,CIVIL ENGINEERING (TAMIL MEDIUM),136021,237585,,215042,162560,,,0,0,0,1,0,0,0
4023,University College of Engineering  Nagercoil  Nagercoil Industrial Estate  Konam  Kanyakumari District 629004,KANYAKUMARI,UNIV CONSTITUENT COLLEGES,XM,MECHANICAL ENGINEERING (TAMIL MEDIUM),186520,206557,237215,238704,230723,,,0,1,0,1,1,0,0
4024,University V.O.C. College of Engineering  Thoothukudi  Near V.O.C. College  Millerpuram  Thoothukudi District 628008,TUTICORIN,UNIV CONSTITUENT COLLEGES,CE,CIVIL  ENGINEERING,125869,207901,152915,184495,219740,,,0,0,0,0,0,0,0
4024,University V.O.C. College of Engineering  Thoothukudi  Near V.O.C. College  Millerpuram  Thoothukudi District 628008,TUTICORIN,UNIV CONSTITUENT COLLEGES,CS,COMPUTER SCIENCE AND ENGINEERING,43309,69350,49142,79255,117067,,,0,0,0,0,0,0,0
4024,University V.O.C. College of Engineering  Thoothukudi  Near V.O.C. College  Millerpuram  Thoothukudi District 628008,TUTICORIN,UNIV CONSTITUENT COLLEGES,EC,ELECTRONICS AND COMMUNICATION ENGINEERING,58382,79629,69132,123216,160438,183065,,0,0,0,0,0,0,0
4024,University V.O.C. College of Engineering  Thoothukudi  Near V.O.C. College  Millerpuram  Thoothukudi District 628008,TUTICORIN,UNIV CONSTITUENT COLLEGES,EE,ELECTRICAL AND ELECTRONICS ENGINEERING,86082,124141,120414,161057,196276,127601,,0,0,0,0,0,1,0
4024,University V.O.C. College of Engineering  Thoothukudi  Near V.O.C. College  Millerpuram  Thoothukudi District 628008,TUTICORIN,UNIV CONSTITUENT COLLEGES,ME,MECHANICAL ENGINEERING,110537,167203,,175946,159571,,,0,0,0,0,0,0,0
4024,University V.O.C. College of Engineering  Thoothukudi  Near V.O.C. College  Millerpuram  Thoothukudi District 628008,TUTICORIN,UNIV CONSTITUENT COLLEGES,XC,CIVIL ENGINEERING (TAMIL MEDIUM),134613,236828,166500,219972,216273,,,0,1,0,0,0,0,0
4024,University V.O.C. College of Engineering  Thoothukudi  Near V.O.C. College  Millerpuram  Thoothukudi District 628008,TUTICORIN,UNIV CONSTITUENT COLLEGES,XM,MECHANICAL ENGINEERING (TAMIL MEDIUM),206555,209080,214030,214021,,,,0,1,0,1,0,0,0
5010,Anna University Regional Campus - Madurai  Kanyakumari National Highway  Keelakuilkudi  Madurai District 625019,MADURAI,UNIV CONSTITUENT COLLEGES,AM,COMPUTER SCIENCE AND ENGINEERING (AI AND MACHINE LEARNING),31686,42712,46719,49343,83596,49329,,0,0,0,0,0,0,0
5010,Anna University Regional Campus - Madurai  Kanyakumari National Highway  Keelakuilkudi  Madurai District 625019,MADURAI,UNIV CONSTITUENT COLLEGES,CE,CIVIL  ENGINEERING,81918,116479,125871,137419,163540,153745,107587,0,0,0,0,0,0,0
5010,Anna University Regional Campus - Madurai  Kanyakumari National Highway  Keelakuilkudi  Madurai District 625019,MADURAI,UNIV CONSTITUENT COLLEGES,CS,COMPUTER SCIENCE AND ENGINEERING,24795,38464,44422,42816,78754,71860,105279,0,0,0,0,0,0,0
5010,Anna University Regional Campus - Madurai  Kanyakumari National Highway  Keelakuilkudi  Madurai District 625019,MADURAI,UNIV CONSTITUENT COLLEGES,EC,ELECTRONICS AND COMMUNICATION ENGINEERING,38225,49728,42588,49642,87599,65214,,0,0,0,0,0,0,0
5010,Anna University Regional Campus - Madurai  Kanyakumari National Highway  Keelakuilkudi  Madurai District 625019,MADURAI,UNIV CONSTITUENT COLLEGES,EE,ELECTRICAL AND ELECTRONICS ENGINEERING,55117,72113,64809,81319,128365,186659,,0,0,0,0,0,0,0
5010,Anna University Regional Campus - Madurai  Kanyakumari National Highway  Keelakuilkudi  Madurai District 625019,MADURAI,UNIV CONSTITUENT COLLEGES,ME,MECHANICAL ENGINEERING,72006,103722,105650,116210,166541,177826,,0,0,0,0,0,0,0
5017,University College of Engineering  Ramanathapuram  Pullangudi  Ramanathapuram District 623513,RAMANATHAPURAM,UNIV CONSTITUENT COLLEGES,CE,CIVIL  ENGINEERING,133085,212486,177255,187972,219947,,,0,0,0,0,0,0,0
5017,University College of Engineering  Ramanathapuram  Pullangudi  Ramanathapuram District 623513,RAMANATHAPURAM,UNIV CONSTITUENT COLLEGES,CS,COMPUTER SCIENCE AND ENGINEERING,73148,108732,92511,110358,159654,205615,,0,0,0,0,0,1,0
5017,University College of Engineering  Ramanathapuram  Pullangudi  Ramanathapuram District 623513,RAMANATHAPURAM,UNIV CONSTITUENT COLLEGES,EC,ELECTRONICS AND COMMUNICATION ENGINEERING,115080,137116,122574,131082,182746,,214410,0,0,0,0,0,0,0
5017,University College of Engineering  Ramanathapuram  Pullangudi  Ramanathapuram District 623513,RAMANATHAPURAM,UNIV CONSTITUENT COLLEGES,EF,Electrical and Computer Engineering,137355,172053,,158661,183007,,,0,0,0,0,0,0,0
5017,University College of Engineering  Ramanathapuram  Pullangudi  Ramanathapuram District 623513,RAMANATHAPURAM,UNIV CONSTITUENT COLLEGES,ME,MECHANICAL ENGINEERING,148564,207496,171740,184888,222543,239262,,0,0,0,0,0,0,0
5017,University College of Engineering  Ramanathapuram  Pullangudi  Ramanathapuram District 623513,RAMANATHAPURAM,UNIV CONSTITUENT COLLEGES,XC,CIVIL ENGINEERING (TAMIL MEDIUM),165369,230213,,233976,224107,198996,,0,1,0,1,0,0,0
5017,University College of Engineering  Ramanathapuram  Pullangudi  Ramanathapuram District 623513,RAMANATHAPURAM,UNIV CONSTITUENT COLLEGES,XM,MECHANICAL ENGINEERING (TAMIL MEDIUM),218578,221212,,,229033,,,0,1,0,0,1,0,0
5022,University College of Engineering  Dindigul  Mangarai Pirivu  Reddiyarchathiram  Dindigul District 624622,DINDIGUL,UNIV CONSTITUENT COLLEGES,CE,CIVIL  ENGINEERING,124880,188922,146652,152067,180500,,,0,0,0,0,0,0,0
5022,University College of Engineering  Dindigul  Mangarai Pirivu  Reddiyarchathiram  Dindigul District 624622,DINDIGUL,UNIV CONSTITUENT COLLEGES,CS,COMPUTER SCIENCE AND ENGINEERING,61473,90181,74659,94219,128818,125854,,0,0,0,0,0,0,0
5022,University College of Engineering  Dindigul  Mangarai Pirivu  Reddiyarchathiram  Dindigul District 624622,DINDIGUL,UNIV CONSTITUENT COLLEGES,EC,ELECTRONICS AND COMMUNICATION ENGINEERING,70285,107505,98411,108815,157151,215538,,0,0,0,0,0,0,0
5022,University College of Engineering  Dindigul  Mangarai Pirivu  Reddiyarchathiram  Dindigul District 624622,DINDIGUL,UNIV CONSTITUENT COLLEGES,EE,ELECTRICAL AND ELECTRONICS ENGINEERING,101275,136590,123947,137611,186805,,,0,0,0,0,0,0,0
5022,University College of Engineering  Dindigul  Mangarai Pirivu  Reddiyarchathiram  Dindigul District 624622,DINDIGUL,UNIV CONSTITUENT COLLEGES,ME,MECHANICAL ENGINEERING,135754,157317,,161964,191097,,,0,0,0,0,0,0,0
5022,University College of Engineering  Dindigul  Mangarai Pirivu  Reddiyarchathiram  Dindigul District 624622,DINDIGUL,UNIV CONSTITUENT COLLEGES,XC,CIVIL ENGINEERING (TAMIL MEDIUM),140864,222318,231069,188741,189977,196369,,0,0,0,0,0,0,0
5022,University College of Engineering  Dindigul  Mangarai Pirivu  Reddiyarchathiram  Dindigul District 624622,DINDIGUL,UNIV CONSTITUENT COLLEGES,XM,MECHANICAL ENGINEERING (TAMIL MEDIUM),191827,203999,,238676,236974,,,0,1,0,1,1,0,0
5,Annamalai University Faculty of Engineering and Technology Annamalai nagar Cuddalore,CUDDALORE,ANNAMALAI UNIV,AM,COMPUTER SCIENCE AND ENGINEERING (AI AND MACHINE LEARNING),46171,90455,57849,79163,103591,125418,,0,0,0,0,0,0,0
5,Annamalai University Faculty of Engineering and Technology Annamalai nagar Cuddalore,CUDDALORE,ANNAMALAI UNIV,CE,CIVIL  ENGINEERING,103808,235624,182198,150804,162546,168977,,0,0,0,0,0,0,0
5,Annamalai University Faculty of Engineering and Technology Annamalai nagar Cuddalore,CUDDALORE,ANNAMALAI UNIV,CF,COMPUTER SCIENCE AND ENGINEERING (DATA SCIENCE),56693,95243,85629,85255,98519,150313,172019,0,0,0,0,0,0,0
5,Annamalai University Faculty of Engineering and Technology Annamalai nagar Cuddalore,CUDDALORE,ANNAMALAI UNIV,CH,CHEMICAL  ENGINEERING,97804,194363,151544,153174,163074,,,0,0,0,0,0,0,0
5,Annamalai University Faculty of Engineering and Technology Annamalai nagar Cuddalore,CUDDALORE,ANNAMALAI UNIV,CS,COMPUTER SCIENCE AND ENGINEERING,39965,88700,88928,79233,100340,148999,,0,0,0,0,0,0,0
5,Annamalai University Faculty of Engineering and Technology Annamalai nagar Cuddalore,CUDDALORE,ANNAMALAI UNIV,CZ,CIVIL AND STRUCTUTURAL ENGINEERING,132406,238932,201561,175627,169284,178548,,0,1,0,0,0,0,0
5,Annamalai University Faculty of Engineering and Technology Annamalai nagar Cuddalore,CUDDALORE,ANNAMALAI UNIV,EC,ELECTRONICS AND COMMUNICATION ENGINEERING,48998,90603,81079,83559,111870,74458,126654,0,0,0,0,0,0,0
5,Annamalai University Faculty of Engineering and Technology Annamalai nagar Cuddalore,CUDDALORE,ANNAMALAI UNIV,EE,ELECTRICAL AND ELECTRONICS ENGINEERING,101128,138961,136262,121085,170687,173625,227677,0,0,0,0,0,0,0
5,Annamalai University Faculty of Engineering and Technology Annamalai nagar Cuddalore,CUDDALORE,ANNAMALAI UNIV,EI,ELECTRONICS AND INSTRUMENTATION ENGINEERING,120055,190711,168512,137671,162922,207010,,0,0,0,0,0,1,0
5,Annamalai University Faculty of Engineering and Technology Annamalai nagar Cuddalore,CUDDALORE,ANNAMALAI UNIV,IT,INFORMATION TECHNOLOGY,61745,106703,72481,92242,108223,179261,120050,0,0,0,0,0,0,0
5,Annamalai University Faculty of Engineering and Technology Annamalai nagar Cuddalore,CUDDALORE,ANNAMALAI UNIV,ME,MECHANICAL ENGINEERING,108197,207892,138422,145168,172203,206699,211792,0,0,0,0,0,0,0
5,Annamalai University Faculty of Engineering and Technology Annamalai nagar Cuddalore,CUDDALORE,ANNAMALAI UNIV,MM,MECHANICAL ENGINEERING (MANUFACTURING),136009,237428,168863,171424,172355,,,0,0,0,0,0,0,0
1101,"Aalim Muhammed Salegh College of Engineering, Nizara Educational Campus Muthapudupet, Avadi - IAF, Chennai-600055.",THIRUVALLUR,SELF FINANCING COLLEGES TIER 3,AD,Artificial Intelligence and Data Science,93785,195541,95883,190462,182759,,,0,0,0,0,0,0,0
1101,"Aalim Muhammed Salegh College of Engineering, Nizara Educational Campus Muthapudupet, Avadi - IAF, Chennai-600055.",THIRUVALLUR,SELF FINANCING COLLEGES TIER 3,AM,COMPUTER SCIENCE AND ENGINEERING (AI AND MACHINE LEARNING),103919,202219,109078,213233,170503,,,0,0,0,1,0,0,0
1101,"Aalim Muhammed Salegh College of Engineering, Nizara Educational Campus Muthapudupet, Avadi - IAF, Chennai-600055.",THIRUVALLUR,SELF FINANCING COLLEGES TIER 3,CB,COMPUTER SCIENCE AND BUSSINESS SYSTEM,84299,196697,,235837,198436,,,0,0,0,1,0,0,0
1101,"Aalim Muhammed Salegh College of Engineering, Nizara Educational Campus Muthapudupet, Avadi - IAF, Chennai-600055.",THIRUVALLUR,SELF FINANCING COLLEGES TIER 3,CS,COMPUTER SCIENCE AND ENGINEERING,99247,166587,,223445,210955,237462,231218,0,0,0,0,0,0,0
1101,"Aalim Muhammed Salegh College of Engineering, Nizara Educational Campus Muthapudupet, Avadi - IAF, Chennai-600055.",THIRUVALLUR,SELF FINANCING COLLEGES TIER 3,EC,ELECTRONICS AND COMMUNICATION ENGINEERING,117604,220189,,197474,235806,228033,,0,0,0,0,0,0,0
1101,"Aalim Muhammed Salegh College of Engineering, Nizara Educational Campus Muthapudupet, Avadi - IAF, Chennai-600055.",THIRUVALLUR,SELF FINANCING COLLEGES TIER 3,EE,ELECTRICAL AND ELECTRONICS ENGINEERING,159888,,181898,,224332,,,0,0,0,0,0,0,0
1101,"Aalim Muhammed Salegh College of Engineering, Nizara Educational Campus Muthapudupet, Avadi - IAF, Chennai-600055.",THIRUVALLUR,SELF FINANCING COLLEGES TIER 3,IT,INFORMATION TECHNOLOGY,106795,189652,107902,232248,204107,,,0,0,0,1,0,0,0
1101,"Aalim Muhammed Salegh College of Engineering, Nizara Educational Campus Muthapudupet, Avadi - IAF, Chennai-600055.",THIRUVALLUR,SELF FINANCING COLLEGES TIER 3,ME,MECHANICAL ENGINEERING,182288,204550,,188859,228704,,,0,1,0,1,0,0,0
1101,"Aalim Muhammed Salegh College of Engineering, Nizara Educational Campus Muthapudupet, Avadi - IAF, Chennai-600055.",THIRUVALLUR,SELF FINANCING COLLEGES TIER 3,SC,Computer Science and Engineering (Cyber Security),118630,206659,118973,204905,211942,,,0,0,0,0,0,0,0
1102,"Bhajarang Engineering College, Ayathur Village, Veppampattu (R.S), Thiruvallur dist-602024.",THIRUVALLUR,SELF FINANCING COLLEGES TIER 3,AD,Artificial Intelligence and Data Science,228897,,,,,,,0,0,0,0,0,0,0
1102,"Bhajarang Engineering College, Ayathur Village, Veppampattu (R.S), Thiruvallur dist-602024.",THIRUVALLUR,SELF FINANCING COLLEGES TIER 3,CE,CIVIL  ENGINEERING,,,,,,,,0,0,0,0,0,0,0
1102,"Bhajarang Engineering College, Ayathur Village, Veppampattu (R.S), Thiruvallur dist-602024.",THIRUVALLUR,SELF FINANCING COLLEGES TIER 3,CS,COMPUTER SCIENCE AND ENGINEERING,234915,,,,,,,0,0,0,0,0,0,0
1102,"Bhajarang Engineering College, Ayathur Village, Veppampattu (R.S), Thiruvallur dist-602024.",THIRUVALLUR,SELF FINANCING COLLEGES TIER 3,EC,ELECTRONICS AND COMMUNICATION ENGINEERING,226796,,,,,,,1,0,0,0,0,0,0
1102,"Bhajarang Engineering College, Ayathur Village, Veppampattu (R.S), Thiruvallur dist-602024.",THIRUVALLUR,SELF FINANCING COLLEGES TIER 3,EE,ELECTRICAL AND ELECTRONICS ENGINEERING,,,,,,,,0,0,0,0,0,0,0
1102,"Bhajarang Engineering College, Ayathur Village, Veppampattu (R.S), Thiruvallur dist-602024.",THIRUVALLUR,SELF FINANCING COLLEGES TIER 3,IT,INFORMATION TECHNOLOGY,164501,,,,,,,1,0,0,0,0,0,0
1102,"Bhajarang Engineering College, Ayathur Village, Veppampattu (R.S), Thiruvallur dist-602024.",THIRUVALLUR,SELF FINANCING COLLEGES TIER 3,ME,MECHANICAL ENGINEERING,234105,,,,,,,1,0,0,0,0,0,0
1106,"Jaya Engineering College, Prakash Nagar, Thiruninravur, Thiruvallur District, Chennai-602024.",THIRUVALLUR,SELF FINANCING COLLEGES TIER 3,AE,AERONAUTICAL ENGINEERING,195767,229741,233024,197404,239276,,,0,1,0,1,1,0,0
1106,"Jaya Engineering College, Prakash Nagar, Thiruninravur, Thiruvallur District, Chennai-602024.",THIRUVALLUR,SELF FINANCING COLLEGES TIER 3,AM,COMPUTER SCIENCE AND ENGINEERING (AI AND MACHINE LEARNING),159095,209320,,206954,,,,0,0,0,1,0,0,0
1106,"Jaya Engineering College, Prakash Nagar, Thiruninravur, Thiruvallur District, Chennai-602024.",THIRUVALLUR,SELF FINANCING COLLEGES TIER 3,CB,COMPUTER SCIENCE AND BUSSINESS SYSTEM,197891,230869,,,220667,,,0,1,0,0,1,0,0
1106,"Jaya Engineering College, Prakash Nagar, Thiruninravur, Thiruvallur District, Chennai-602024.",THIRUVALLUR,SELF FINANCING COLLEGES TIER 3,CE,CIVIL  ENGINEERING,229590,,,,,,,1,0,0,0,0,0,0
1106,"Jaya Engineering College, Prakash Nagar, Thiruninravur, Thiruvallur District, Chennai-602024.",THIRUVALLUR,SELF FINANCING COLLEGES TIER 3,CO,COMPUTER AND  COMMUNICATION ENGINEERING,188144,224674,205818,226960,219709,,,0,1,0,0,1,0,0
1106,"Jaya Engineering College, Prakash Nagar, Thiruninravur, Thiruvallur District, Chennai-602024.",THIRUVALLUR,SELF FINANCING COLLEGES TIER 3,CS,COMPUTER SCIENCE AND ENGINEERING,147725,209078,,238969,222952,,,0,0,0,1,1,0,0
1106,"Jaya Engineering College, Prakash Nagar, Thiruninravur, Thiruvallur District, Chennai-602024.",THIRUVALLUR,SELF FINANCING COLLEGES TIER 3,EC,ELECTRONICS AND COMMUNICATION ENGINEERING,140033,234136,,193571,220259,,,0,1,0,1,1,0,0
1106,"Jaya Engineering College, Prakash Nagar, Thiruninravur, Thiruvallur District, Chennai-602024.",THIRUVALLUR,SELF FINANCING COLLEGES TIER 3,EE,ELECTRICAL AND ELECTRONICS ENGINEERING,236748,238701,,,,,,0,1,0,0,0,0,0
1106,"Jaya Engineering College, Prakash Nagar, Thiruninravur, Thiruvallur District, Chennai-602024.",THIRUVALLUR,SELF FINANCING COLLEGES TIER 3,EI,ELECTRONICS AND INSTRUMENTATION ENGINEERING,203794,232836,,237328,228675,232995,,0,1,0,1,0,0,0
1106,"Jaya Engineering College, Prakash Nagar, Thiruninravur, Thiruvallur District, Chennai-602024.",THIRUVALLUR,SELF FINANCING COLLEGES TIER 3,IT,INFORMATION TECHNOLOGY,183048,230490,,236727,235422,,,0,1,0,1,1,0,0
1106,"Jaya Engineering College, Prakash Nagar, Thiruninravur, Thiruvallur District, Chennai-602024.",THIRUVALLUR,SELF FINANCING COLLEGES TIER 3,ME,MECHANICAL ENGINEERING,190662,199293,,220931,,,,0,1,0,1,0,0,0
1106,"Jaya Engineering College, Prakash Nagar, Thiruninravur, Thiruvallur District, Chennai-602024.",THIRUVALLUR,SELF FINANCING COLLEGES TIER 3,RM,ROBOTICS AND AUTOMATION,207069,,,,,,,1,0,0,0,0,0,0
1106,"Jaya Engineering College, Prakash Nagar, Thiruninravur, Thiruvallur District, Chennai-602024.",THIRUVALLUR,SELF FINANCING COLLEGES TIER 3,TX,TEXTILE TECHNOLOGY,237864,,,,,,,1,0,0,0,0,0,0
1107,"Jaya Institute of Technology, Kanchipadi, Thiruvallur-Thiruthani NH Road, Thiruvallur Taluk & District-631204.",THIRUVALLUR,SELF FINANCING COLLEGES TIER 3,CS,COMPUTER SCIENCE AND ENGINEERING,180170,234649,,225265,,,,0,1,0,1,0,0,0
1107,"Jaya Institute of Technology, Kanchipadi, Thiruvallur-Thiruthani NH Road, Thiruvallur Taluk & District-631204.",THIRUVALLUR,SELF FINANCING COLLEGES TIER 3,EC,ELECTRONICS AND COMMUNICATION ENGINEERING,228694,,,,,,,1,0,0,0,0,0,0
1107,"Jaya Institute of Technology, Kanchipadi, Thiruvallur-Thiruthani NH Road, Thiruvallur Taluk & District-631204.",THIRUVALLUR,SELF FINANCING COLLEGES TIER 3,EE,ELECTRICAL AND ELECTRONICS ENGINEERING,237863,,,,,,,1,0,0,0,0,0,0
1107,"Jaya Institute of Technology, Kanchipadi, Thiruvallur-Thiruthani NH Road, Thiruvallur Taluk & District-631204.",THIRUVALLUR,SELF FINANCING COLLEGES TIER 3,FD,FOOD TECHNOLOGY,198289,,,,,,,1,0,0,0,0,0,0
1107,"Jaya Institute of Technology, Kanchipadi, Thiruvallur-Thiruthani NH Road, Thiruvallur Taluk & District-631204.",THIRUVALLUR,SELF FINANCING COLLEGES TIER 3,ME,MECHANICAL ENGINEERING,235119,,,,,,,1,0,0,0,0,0,0
1110,"Prathyusha Engineering College (Autonomous), Poonamallee-Tiruvallur High Road, Aranvoyalkuppam, Tiruvallur-602025.",THIRUVALLUR,SELF FINANCING COLLEGES TIER 2,AD,Artificial Intelligence and Data Science,88727,129375,187557,138533,183548,214045,,0,0,0,0,0,0,0
1110,"Prathyusha Engineering College (Autonomous), Poonamallee-Tiruvallur High Road, Aranvoyalkuppam, Tiruvallur-602025.",THIRUVALLUR,SELF FINANCING COLLEGES TIER 2,AM,COMPUTER SCIENCE AND ENGINEERING (AI AND MACHINE LEARNING),84742,137619,162804,160799,203234,,,0,0,0,0,0,0,0
1110,"Prathyusha Engineering College (Autonomous), Poonamallee-Tiruvallur High Road, Aranvoyalkuppam, Tiruvallur-602025.",THIRUVALLUR,SELF FINANCING COLLEGES TIER 2,BT,BIO TECHNOLOGY,128611,217820,,223751,210841,,,0,0,0,0,0,0,0
1110,"Prathyusha Engineering College (Autonomous), Poonamallee-Tiruvallur High Road, Aranvoyalkuppam, Tiruvallur-602025.",THIRUVALLUR,SELF FINANCING COLLEGES TIER 2,CB,COMPUTER SCIENCE AND BUSSINESS SYSTEM,91062,134440,,165328,207960,,,0,0,0,0,0,0,0
1110,"Prathyusha Engineering College (Autonomous), Poonamallee-Tiruvallur High Road, Aranvoyalkuppam, Tiruvallur-602025.",THIRUVALLUR,SELF FINANCING COLLEGES TIER 2,CS,COMPUTER SCIENCE AND ENGINEERING,75061,119327,130488,142498,205212,,,0,0,0,0,0,0,0
1110,"Prathyusha Engineering College (Autonomous), Poonamallee-Tiruvallur High Road, Aranvoyalkuppam, Tiruvallur-602025.",THIRUVALLUR,SELF FINANCING COLLEGES TIER 2,EC,ELECTRONICS AND COMMUNICATION ENGINEERING,85787,132446,181085,136560,184179,,,0,0,0,0,0,0,0
1110,"Prathyusha Engineering College (Autonomous), Poonamallee-Tiruvallur High Road, Aranvoyalkuppam, Tiruvallur-602025.",THIRUVALLUR,SELF FINANCING COLLEGES TIER 2,EE,ELECTRICAL AND ELECTRONICS ENGINEERING,143484,146635,150269,165896,208364,230817,,0,0,0,0,0,0,0
1110,"Prathyusha Engineering College (Autonomous), Poonamallee-Tiruvallur High Road, Aranvoyalkuppam, Tiruvallur-602025.",THIRUVALLUR,SELF FINANCING COLLEGES TIER 2,IT,INFORMATION TECHNOLOGY,88602,130814,158166,142437,169183,211429,,0,0,0,0,0,0,0
1110,"Prathyusha Engineering College (Autonomous), Poonamallee-Tiruvallur High Road, Aranvoyalkuppam, Tiruvallur-602025.",THIRUVALLUR,SELF FINANCING COLLEGES TIER 2,ME,MECHANICAL ENGINEERING,148680,202577,190855,214628,228150,,,0,0,0,0,0,0,0
1110,"Prathyusha Engineering College (Autonomous), Poonamallee-Tiruvallur High Road, Aranvoyalkuppam, Tiruvallur-602025.",THIRUVALLUR,SELF FINANCING COLLEGES TIER 2,SC,Computer Science and Engineering (Cyber Security),81551,122028,150752,142552,163639,,,0,0,0,0,0,0,0
1112,"R.M.D. Engineering College (Autonomous), R.S.M. Nagar, Gummidipoondi Taluk, Kavaraipettai,  Thiruvallur-601206.",THIRUVALLUR,SELF FINANCING COLLEGES TIER 1,AL,Artificial Intelligence and Machine Learning,37087,46164,39843,51431,131728,,,0,0,0,0,0,0,0
1112,"R.M.D. Engineering College (Autonomous), R.S.M. Nagar, Gummidipoondi Taluk, Kavaraipettai,  Thiruvallur-601206.",THIRUVALLUR,SELF FINANCING COLLEGES TIER 1,CB,COMPUTER SCIENCE AND BUSSINESS SYSTEM,41240,47946,61829,56633,137411,,169256,0,0,0,0,0,0,0
1112,"R.M.D. Engineering College (Autonomous), R.S.M. Nagar, Gummidipoondi Taluk, Kavaraipettai,  Thiruvallur-601206.",THIRUVALLUR,SELF FINANCING COLLEGES TIER 1,CS,COMPUTER SCIENCE AND ENGINEERING,29535,38810,56908,47659,112811,189299,93403,0,0,0,0,0,1,0
1112,"R.M.D. Engineering College (Autonomous), R.S.M. Nagar, Gummidipoondi Taluk, Kavaraipettai,  Thiruvallur-601206.",THIRUVALLUR,SELF FINANCING COLLEGES TIER 1,EC,ELECTRONICS AND COMMUNICATION ENGINEERING,35873,43499,60070,54596,112194,,,0,0,0,0,0,0,0
1112,"R.M.D. Engineering College (Autonomous), R.S.M. Nagar, Gummidipoondi Taluk, Kavaraipettai,  Thiruvallur-601206.",THIRUVALLUR,SELF FINANCING COLLEGES TIER 1,IT,INFORMATION TECHNOLOGY,36336,44987,58790,52305,128446,,,0,0,0,0,0,0,0
1113,"R.M.K. Engineering College (Autonomous), R.S.M. Nagar, Kavaraipettai, Gummidipoondi Taluk, Thiruvallur-601206.",THIRUVALLUR,SELF FINANCING COLLEGES TIER 1,AD,Artificial Intelligence and Data Science,21230,30648,34043,42325,103836,122482,,0,0,0,0,0,1,0
1113,"R.M.K. Engineering College (Autonomous), R.S.M. Nagar, Kavaraipettai, Gummidipoondi Taluk, Thiruvallur-601206.",THIRUVALLUR,SELF FINANCING COLLEGES TIER 1,CB,COMPUTER SCIENCE AND BUSSINESS SYSTEM,30326,34222,58283,45549,123102,,,0,0,0,0,0,0,0
1113,"R.M.K. Engineering College (Autonomous), R.S.M. Nagar, Kavaraipettai, Gummidipoondi Taluk, Thiruvallur-601206.",THIRUVALLUR,SELF FINANCING COLLEGES TIER 1,CD,COMPUTER SCIENCE AND DESIGN,32470,38914,62819,52442,105850,131920,,0,0,0,0,0,0,0
1113,"R.M.K. Engineering College (Autonomous), R.S.M. Nagar, Kavaraipettai, Gummidipoondi Taluk, Thiruvallur-601206.",THIRUVALLUR,SELF FINANCING COLLEGES TIER 1,CE,CIVIL  ENGINEERING,56342,67394,131527,105548,135835,216015,,0,0,0,0,0,0,0
1113,"R.M.K. Engineering College (Autonomous), R.S.M. Nagar, Kavaraipettai, Gummidipoondi Taluk, Thiruvallur-601206.",THIRUVALLUR,SELF FINANCING COLLEGES TIER 1,CS,COMPUTER SCIENCE AND ENGINEERING,13444,24351,25863,29304,55280,208931,51576,0,0,0,0,0,0,0
1113,"R.M.K. Engineering College (Autonomous), R.S.M. Nagar, Kavaraipettai, Gummidipoondi Taluk, Thiruvallur-601206.",THIRUVALLUR,SELF FINANCING COLLEGES TIER 1,EA,Electronics and Communication (Advanced Communication Technology),31150,37969,37727,48625,135932,,201994,0,0,0,0,0,0,0
1113,"R.M.K. Engineering College (Autonomous), R.S.M. Nagar, Kavaraipettai, Gummidipoondi Taluk, Thiruvallur-601206.",THIRUVALLUR,SELF FINANCING COLLEGES TIER 1,EC,ELECTRONICS AND COMMUNICATION ENGINEERING,22156,31946,45990,39282,80076,162928,132051,0,0,0,0,0,1,0
1113,"R.M.K. Engineering College (Autonomous), R.S.M. Nagar, Kavaraipettai, Gummidipoondi Taluk, Thiruvallur-601206.",THIRUVALLUR,SELF FINANCING COLLEGES TIER 1,EE,ELECTRICAL AND ELECTRONICS ENGINEERING,38430,44148,81998,55149,113897,,,0,0,0,0,0,0,0
1113,"R.M.K. Engineering College (Autonomous), R.S.M. Nagar, Kavaraipettai, Gummidipoondi Taluk, Thiruvallur-601206.",THIRUVALLUR,SELF FINANCING COLLEGES TIER 1,EV,Electronics Engineering (VLSI Design and Technology),34828,41464,42843,52415,138523,,219786,0,0,0,0,0,0,0
1113,"R.M.K. Engineering College (Autonomous), R.S.M. Nagar, Kavaraipettai, Gummidipoondi Taluk, Thiruvallur-601206.",THIRUVALLUR,SELF FINANCING COLLEGES TIER 1,IT,INFORMATION TECHNOLOGY,22824,28740,55669,40854,96005,,,0,0,0,0,0,0,0
1113,"R.M.K. Engineering College (Autonomous), R.S.M. Nagar, Kavaraipettai, Gummidipoondi Taluk, Thiruvallur-601206.",THIRUVALLUR,SELF FINANCING COLLEGES TIER 1,ME,MECHANICAL ENGINEERING,46923,64183,89510,70013,119611,,,0,0,0,0,0,0,0
1114,"S.A. Engineering College (Autonomous), Poonamallee- Avadi Road, Thiruverkadu Post, Tiruvallur, Chennai-600077.",THIRUVALLUR,SELF FINANCING COLLEGES TIER 2,AD,Artificial Intelligence and Data Science,69393,98860,101887,106813,146780,134498,,0,0,0,0,0,0,0
1114,"S.A. Engineering College (Autonomous), Poonamallee- Avadi Road, Thiruverkadu Post, Tiruvallur, Chennai-600077.",THIRUVALLUR,SELF FINANCING COLLEGES TIER 2,AM,COMPUTER SCIENCE AND ENGINEERING (AI AND MACHINE LEARNING),73674,101345,99728,116278,146174,188950,,0,0,0,0,0,0,0
1114,"S.A. Engineering College (Autonomous), Poonamallee- Avadi Road, Thiruverkadu Post, Tiruvallur, Chennai-600077.",THIRUVALLUR,SELF FINANCING COLLEGES TIER 2,CB,COMPUTER SCIENCE AND BUSSINESS SYSTEM,81679,106030,94548,119315,170926,,,0,0,0,0,0,0,0
1114,"S.A. Engineering College (Autonomous), Poonamallee- Avadi Road, Thiruverkadu Post, Tiruvallur, Chennai-600077.",THIRUVALLUR,SELF FINANCING COLLEGES TIER 2,CE,CIVIL  ENGINEERING,135216,239136,,208692,178697,,,0,0,0,0,0,0,0
1114,"S.A. Engineering College (Autonomous), Poonamallee- Avadi Road, Thiruverkadu Post, Tiruvallur, Chennai-600077.",THIRUVALLUR,SELF FINANCING COLLEGES TIER 2,CS,COMPUTER SCIENCE AND ENGINEERING,67643,93170,92065,106377,151681,233770,,0,0,0,0,0,1,0
1114,"S.A. Engineering College (Autonomous), Poonamallee- Avadi Road, Thiruverkadu Post, Tiruvallur, Chennai-600077.",THIRUVALLUR,SELF FINANCING COLLEGES TIER 2,EC,ELECTRONICS AND COMMUNICATION ENGINEERING,80161,104735,116145,118623,170824,213199,,0,0,0,0,0,1,0
1114,"S.A. Engineering College (Autonomous), Poonamallee- Avadi Road, Thiruverkadu Post, Tiruvallur, Chennai-600077.",THIRUVALLUR,SELF FINANCING COLLEGES TIER 2,EE,ELECTRICAL AND ELECTRONICS ENGINEERING,117896,150473,132363,165811,190497,,,0,0,0,0,0,0,0
1114,"S.A. Engineering College (Autonomous), Poonamallee- Avadi Road, Thiruverkadu Post, Tiruvallur, Chennai-600077.",THIRUVALLUR,SELF FINANCING COLLEGES TIER 2,EV,Electronics Engineering (VLSI Design and Technology),109015,123953,83283,139677,188530,,,0,0,0,0,0,0,0
1114,"S.A. Engineering College (Autonomous), Poonamallee- Avadi Road, Thiruverkadu Post, Tiruvallur, Chennai-600077.",THIRUVALLUR,SELF FINANCING COLLEGES TIER 2,IT,INFORMATION TECHNOLOGY,85632,102727,114163,118747,155399,,144899,0,0,0,0,0,0,0
1114,"S.A. Engineering College (Autonomous), Poonamallee- Avadi Road, Thiruverkadu Post, Tiruvallur, Chennai-600077.",THIRUVALLUR,SELF FINANCING COLLEGES TIER 2,ME,MECHANICAL ENGINEERING,145360,164271,175393,167907,201202,,,0,0,0,0,0,0,0
1114,"S.A. Engineering College (Autonomous), Poonamallee- Avadi Road, Thiruverkadu Post, Tiruvallur, Chennai-600077.",THIRUVALLUR,SELF FINANCING COLLEGES TIER 2,SC,Computer Science and Engineering (Cyber Security),78903,100187,84795,108435,160229,169239,,0,0,0,0,0,0,0
1115,"SriRam Engineering College, Perumalpattu, Veppampattu R.S., Tiruvallur District, Chennai-602024.",THIRUVALLUR,SELF FINANCING COLLEGES TIER 3,AD,Artificial Intelligence and Data Science,129535,183208,146845,206772,228949,,,0,0,0,0,0,0,0
1115,"SriRam Engineering College, Perumalpattu, Veppampattu R.S., Tiruvallur District, Chennai-602024.",THIRUVALLUR,SELF FINANCING COLLEGES TIER 3,AM,COMPUTER SCIENCE AND ENGINEERING (AI AND MACHINE LEARNING),119612,197636,,232582,175746,,,0,0,0,0,1,0,0
1115,"SriRam Engineering College, Perumalpattu, Veppampattu R.S., Tiruvallur District, Chennai-602024.",THIRUVALLUR,SELF FINANCING COLLEGES TIER 3,CB,COMPUTER SCIENCE AND BUSSINESS SYSTEM,191910,226045,,233889,,,,0,1,0,0,0,0,0
1115,"SriRam Engineering College, Perumalpattu, Veppampattu R.S., Tiruvallur District, Chennai-602024.",THIRUVALLUR,SELF FINANCING COLLEGES TIER 3,CS,COMPUTER SCIENCE AND ENGINEERING,108403,164686,108690,172059,218612,,,0,0,0,0,1,0,0
1115,"SriRam Engineering College, Perumalpattu, Veppampattu R.S., Tiruvallur District, Chennai-602024.",THIRUVALLUR,SELF FINANCING COLLEGES TIER 3,EC,ELECTRONICS AND COMMUNICATION ENGINEERING,102845,157422,,190939,218954,,,0,0,0,0,0,0,0
1115,"SriRam Engineering College, Perumalpattu, Veppampattu R.S., Tiruvallur District, Chennai-602024.",THIRUVALLUR,SELF FINANCING COLLEGES TIER 3,EE,ELECTRICAL AND ELECTRONICS ENGINEERING,234794,,,,,,,1,0,0,0,0,0,0
1115,"SriRam Engineering College, Perumalpattu, Veppampattu R.S., Tiruvallur District, Chennai-602024.",THIRUVALLUR,SELF FINANCING COLLEGES TIER 3,ME,MECHANICAL ENGINEERING,208756,,,,,,,1,0,0,0,0,0,0
1115,"SriRam Engineering College, Perumalpattu, Veppampattu R.S., Tiruvallur District, Chennai-602024.",THIRUVALLUR,SELF FINANCING COLLEGES TIER 3,SC,Computer Science and Engineering (Cyber Security),154747,224889,198786,221077,199314,,,0,0,0,0,1,0,0
1116,"Sri Venkateswara College of Engineering and Technology, Thirupachur, Thiruvallur Taluk & District-631203.",THIRUVALLUR,SELF FINANCING COLLEGES TIER 3,AD,Artificial Intelligence and Data Science,97790,108525,100657,129192,213112,,,0,0,0,0,0,0,0
1116,"Sri Venkateswara College of Engineering and Technology, Thirupachur, Thiruvallur Taluk & District-631203.",THIRUVALLUR,SELF FINANCING COLLEGES TIER 3,AM,COMPUTER SCIENCE AND ENGINEERING (AI AND MACHINE LEARNING),101110,129960,,130486,215284,,,0,0,0,0,0,0,0
1116,"Sri Venkateswara College of Engineering and Technology, Thirupachur, Thiruvallur Taluk & District-631203.",THIRUVALLUR,SELF FINANCING COLLEGES TIER 3,CE,CIVIL  ENGINEERING,167022,,,,,,,1,0,0,0,0,0,0
1116,"Sri Venkateswara College of Engineering and Technology, Thirupachur, Thiruvallur Taluk & District-631203.",THIRUVALLUR,SELF FINANCING COLLEGES TIER 3,CS,COMPUTER SCIENCE AND ENGINEERING,71033,82366,114439,92791,184185,,,0,0,0,0,0,0,0
1116,"Sri Venkateswara College of Engineering and Technology, Thirupachur, Thiruvallur Taluk & District-631203.",THIRUVALLUR,SELF FINANCING COLLEGES TIER 3,EC,ELECTRONICS AND COMMUNICATION ENGINEERING,101091,135758,229116,139521,204915,,,0,0,1,0,0,0,0
1116,"Sri Venkateswara College of Engineering and Technology, Thirupachur, Thiruvallur Taluk & District-631203.",THIRUVALLUR,SELF FINANCING COLLEGES TIER 3,EE,ELECTRICAL AND ELECTRONICS ENGINEERING,190472,219906,222618,223635,,,,0,1,0,1,0,0,0
1116,"Sri Venkateswara College of Engineering and Technology, Thirupachur, Thiruvallur Taluk & District-631203.",THIRUVALLUR,SELF FINANCING COLLEGES TIER 3,IT,INFORMATION TECHNOLOGY,102101,114890,,109816,226577,,,0,0,0,0,0,0,0
1116,"Sri Venkateswara College of Engineering and Technology, Thirupachur, Thiruvallur Taluk & District-631203.",THIRUVALLUR,SELF FINANCING COLLEGES TIER 3,ME,MECHANICAL ENGINEERING,237806,,,,,,,1,0,0,0,0,0,0
1116,"Sri Venkateswara College of Engineering and Technology, Thirupachur, Thiruvallur Taluk & District-631203.",THIRUVALLUR,SELF FINANCING COLLEGES TIER 3,SC,Computer Science and Engineering (Cyber Security),99268,132289,169496,124011,220381,,238218,0,0,0,0,0,0,0
1118,"Vel Tech Multi Tech Dr Rangarajan Dr Sakunthala Engineering College (Autonomous), 42, Veltech Road, Avadi, Morai, Thiruvallur-600062.",THIRUVALLUR,SELF FINANCING COLLEGES TIER 3,AD,Artificial Intelligence and Data Science,55038,72990,71494,79613,143091,130408,,0,0,0,0,0,1,0
1118,"Vel Tech Multi Tech Dr Rangarajan Dr Sakunthala Engineering College (Autonomous), 42, Veltech Road, Avadi, Morai, Thiruvallur-600062.",THIRUVALLUR,SELF FINANCING COLLEGES TIER 3,BM,BIO MEDICAL ENGINEERING,96292,128905,134739,151135,183550,,,0,0,0,0,0,0,0
1118,"Vel Tech Multi Tech Dr Rangarajan Dr Sakunthala Engineering College (Autonomous), 42, Veltech Road, Avadi, Morai, Thiruvallur-600062.",THIRUVALLUR,SELF FINANCING COLLEGES TIER 3,CB,COMPUTER SCIENCE AND BUSSINESS SYSTEM,76827,83728,84646,95936,163582,,,0,0,0,0,0,0,0
1118,"Vel Tech Multi Tech Dr Rangarajan Dr Sakunthala Engineering College (Autonomous), 42, Veltech Road, Avadi, Morai, Thiruvallur-600062.",THIRUVALLUR,SELF FINANCING COLLEGES TIER 3,CS,COMPUTER SCIENCE AND ENGINEERING,48194,65863,61310,72727,132195,183931,,0,0,0,0,0,1,0
1118,"Vel Tech Multi Tech Dr Rangarajan Dr Sakunthala Engineering College (Autonomous), 42, Veltech Road, Avadi, Morai, Thiruvallur-600062.",THIRUVALLUR,SELF FINANCING COLLEGES TIER 3,EC,ELECTRONICS AND COMMUNICATION ENGINEERING,58529,72198,74451,87694,140334,213803,,0,0,0,0,0,1,0
1118,"Vel Tech Multi Tech Dr Rangarajan Dr Sakunthala Engineering College (Autonomous), 42, Veltech Road, Avadi, Morai, Thiruvallur-600062.",THIRUVALLUR,SELF FINANCING COLLEGES TIER 3,EE,ELECTRICAL AND ELECTRONICS ENGINEERING,77783,90605,117409,100476,171488,,,0,0,0,0,0,0,0
1118,"Vel Tech Multi Tech Dr Rangarajan Dr Sakunthala Engineering College (Autonomous), 42, Veltech Road, Avadi, Morai, Thiruvallur-600062.",THIRUVALLUR,SELF FINANCING COLLEGES TIER 3,IT,INFORMATION TECHNOLOGY,65977,73832,80513,83130,148976,,,0,0,0,0,0,0,0
1118,"Vel Tech Multi Tech Dr Rangarajan Dr Sakunthala Engineering College (Autonomous), 42, Veltech Road, Avadi, Morai, Thiruvallur-600062.",THIRUVALLUR,SELF FINANCING COLLEGES TIER 3,ME,MECHANICAL ENGINEERING,97524,137193,104449,131782,181623,,,0,0,0,0,0,0,0
1118,"Vel Tech Multi Tech Dr Rangarajan Dr Sakunthala Engineering College (Autonomous), 42, Veltech Road, Avadi, Morai, Thiruvallur-600062.",THIRUVALLUR,SELF FINANCING COLLEGES TIER 3,SC,Computer Science and Engineering (Cyber Security),58839,74667,66497,73865,143742,,,0,0,0,0,0,0,0
1120,"Velammal Engineering College (Autonomous), Velammal Nagar, Ambattur-Redhills Road, Surapet, Thiruvallur, Chennai-600066.",THIRUVALLUR,SELF FINANCING COLLEGES TIER 1,AD,Artificial Intelligence and Data Science,46263,60738,51333,68889,129598,217404,,0,0,0,0,0,0,0
1120,"Velammal Engineering College (Autonomous), Velammal Nagar, Ambattur-Redhills Road, Surapet, Thiruvallur, Chennai-600066.",THIRUVALLUR,SELF FINANCING COLLEGES TIER 1,AU,AUTOMOBILE ENGINEERING,106354,135263,,150951,201269,,,0,0,0,0,0,0,0
1120,"Velammal Engineering College (Autonomous), Velammal Nagar, Ambattur-Redhills Road, Surapet, Thiruvallur, Chennai-600066.",THIRUVALLUR,SELF FINANCING COLLEGES TIER 1,CE,CIVIL  ENGINEERING,61311,121033,161230,105434,131978,,,0,0,0,0,0,0,0
1120,"Velammal Engineering College (Autonomous), Velammal Nagar, Ambattur-Redhills Road, Surapet, Thiruvallur, Chennai-600066.",THIRUVALLUR,SELF FINANCING COLLEGES TIER 1,CS,COMPUTER SCIENCE AND ENGINEERING,35779,54164,60821,63501,130759,218824,92966,0,0,0,0,0,1,0
1120,"Velammal Engineering College (Autonomous), Velammal Nagar, Ambattur-Redhills Road, Surapet, Thiruvallur, Chennai-600066.",THIRUVALLUR,SELF FINANCING COLLEGES TIER 1,EC,ELECTRONICS AND COMMUNICATION ENGINEERING,53901,68383,83988,74395,151117,,,0,0,0,0,0,0,0
1120,"Velammal Engineering College (Autonomous), Velammal Nagar, Ambattur-Redhills Road, Surapet, Thiruvallur, Chennai-600066.",THIRUVALLUR,SELF FINANCING COLLEGES TIER 1,EE,ELECTRICAL AND ELECTRONICS ENGINEERING,65097,80464,100858,88118,159851,,,0,0,0,0,0,0,0
1120,"Velammal Engineering College (Autonomous), Velammal Nagar, Ambattur-Redhills Road, Surapet, Thiruvallur, Chennai-600066.",THIRUVALLUR,SELF FINANCING COLLEGES TIER 1,EI,ELECTRONICS AND INSTRUMENTATION ENGINEERING,82451,87952,,99059,145518,,,0,0,0,0,0,0,0
1120,"Velammal Engineering College (Autonomous), Velammal Nagar, Ambattur-Redhills Road, Surapet, Thiruvallur, Chennai-600066.",THIRUVALLUR,SELF FINANCING COLLEGES TIER 1,IT,INFORMATION TECHNOLOGY,47987,60791,53000,71925,137434,229839,217425,0,0,0,0,0,1,0
1120,"Velammal Engineering College (Autonomous), Velammal Nagar, Ambattur-Redhills Road, Surapet, Thiruvallur, Chennai-600066.",THIRUVALLUR,SELF FINANCING COLLEGES TIER 1,ME,MECHANICAL ENGINEERING,85837,107844,136457,108539,179946,221189,,0,0,0,0,0,0,0
1120,"Velammal Engineering College (Autonomous), Velammal Nagar, Ambattur-Redhills Road, Surapet, Thiruvallur, Chennai-600066.",THIRUVALLUR,SELF FINANCING COLLEGES TIER 1,SC,Computer Science and Engineering (Cyber Security),47837,56754,61280,70171,135776,196982,,0,0,0,0,0,1,0
1122,"Vel Tech High Tech Dr.Rangarajan Dr.Sakunthala Engineering College (Autonomous), No. 60, Veltech Road, Avadi, Morai, Thiruvallur-600062.",THIRUVALLUR,SELF FINANCING COLLEGES TIER 2,AD,Artificial Intelligence and Data Science,62105,83502,67893,88336,139372,222255,,0,0,0,0,0,1,0
1122,"Vel Tech High Tech Dr.Rangarajan Dr.Sakunthala Engineering College (Autonomous), No. 60, Veltech Road, Avadi, Morai, Thiruvallur-600062.",THIRUVALLUR,SELF FINANCING COLLEGES TIER 2,AM,COMPUTER SCIENCE AND ENGINEERING (AI AND MACHINE LEARNING),64547,80913,83809,90318,146547,172454,,0,0,0,0,0,1,0
1122,"Vel Tech High Tech Dr.Rangarajan Dr.Sakunthala Engineering College (Autonomous), No. 60, Veltech Road, Avadi, Morai, Thiruvallur-600062.",THIRUVALLUR,SELF FINANCING COLLEGES TIER 2,BT,BIO TECHNOLOGY,101602,151072,152117,145145,196500,,,0,0,0,0,0,0,0
1122,"Vel Tech High Tech Dr.Rangarajan Dr.Sakunthala Engineering College (Autonomous), No. 60, Veltech Road, Avadi, Morai, Thiruvallur-600062.",THIRUVALLUR,SELF FINANCING COLLEGES TIER 2,CE,CIVIL  ENGINEERING,135464,188551,198096,215045,202305,,,0,0,0,0,0,0,0
1122,"Vel Tech High Tech Dr.Rangarajan Dr.Sakunthala Engineering College (Autonomous), No. 60, Veltech Road, Avadi, Morai, Thiruvallur-600062.",THIRUVALLUR,SELF FINANCING COLLEGES TIER 2,CH,CHEMICAL  ENGINEERING,103503,169512,119324,193008,227584,,,0,0,0,0,0,0,0
1122,"Vel Tech High Tech Dr.Rangarajan Dr.Sakunthala Engineering College (Autonomous), No. 60, Veltech Road, Avadi, Morai, Thiruvallur-600062.",THIRUVALLUR,SELF FINANCING COLLEGES TIER 2,CS,COMPUTER SCIENCE AND ENGINEERING,46330,70081,57628,81059,142666,237191,180943,0,0,0,0,0,1,0
1122,"Vel Tech High Tech Dr.Rangarajan Dr.Sakunthala Engineering College (Autonomous), No. 60, Veltech Road, Avadi, Morai, Thiruvallur-600062.",THIRUVALLUR,SELF FINANCING COLLEGES TIER 2,EC,ELECTRONICS AND COMMUNICATION ENGINEERING,66272,85902,91198,95688,157881,,,0,0,0,0,0,0,0
1122,"Vel Tech High Tech Dr.Rangarajan Dr.Sakunthala Engineering College (Autonomous), No. 60, Veltech Road, Avadi, Morai, Thiruvallur-600062.",THIRUVALLUR,SELF FINANCING COLLEGES TIER 2,IT,INFORMATION TECHNOLOGY,66234,85664,74867,91243,153102,,,0,0,0,0,0,0,0
1122,"Vel Tech High Tech Dr.Rangarajan Dr.Sakunthala Engineering College (Autonomous), No. 60, Veltech Road, Avadi, Morai, Thiruvallur-600062.",THIRUVALLUR,SELF FINANCING COLLEGES TIER 2,ME,MECHANICAL ENGINEERING,103325,134339,132324,141905,186235,,,0,0,0,0,0,0,0
1123,"Gojan School of Business and Technology, 80-Feet Road, Edapalayam, Red Hills, Thiruvallur, Chennai-600052.",THIRUVALLUR,SELF FINANCING COLLEGES TIER 3,AD,Artificial Intelligence and Data Science,143227,211186,234023,189292,189320,,,0,0,0,0,0,0,0
1123,"Gojan School of Business and Technology, 80-Feet Road, Edapalayam, Red Hills, Thiruvallur, Chennai-600052.",THIRUVALLUR,SELF FINANCING COLLEGES TIER 3,AE,AERONAUTICAL ENGINEERING,164871,217389,,199954,224874,180283,,0,1,0,0,0,0,0
1123,"Gojan School of Business and Technology, 80-Feet Road, Edapalayam, Red Hills, Thiruvallur, Chennai-600052.",THIRUVALLUR,SELF FINANCING COLLEGES TIER 3,AM,COMPUTER SCIENCE AND ENGINEERING (AI AND MACHINE LEARNING),168675,220851,,224196,219984,,,0,0,0,1,0,0,0
1123,"Gojan School of Business and Technology, 80-Feet Road, Edapalayam, Red Hills, Thiruvallur, Chennai-600052.",THIRUVALLUR,SELF FINANCING COLLEGES TIER 3,BT,BIO TECHNOLOGY,136343,201130,233837,185206,211712,,,0,0,0,0,0,0,0
1123,"Gojan School of Business and Technology, 80-Feet Road, Edapalayam, Red Hills, Thiruvallur, Chennai-600052.",THIRUVALLUR,SELF FINANCING COLLEGES TIER 3,CB,COMPUTER SCIENCE AND BUSSINESS SYSTEM,220758,229362,,233187,226268,,,0,1,0,1,0,0,0
1123,"Gojan School of Business and Technology, 80-Feet Road, Edapalayam, Red Hills, Thiruvallur, Chennai-600052.",THIRUVALLUR,SELF FINANCING COLLEGES TIER 3,CO,COMPUTER AND  COMMUNICATION ENGINEERING,178344,236525,,199950,196362,,,0,1,0,0,0,0,0
1123,"Gojan School of Business and Technology, 80-Feet Road, Edapalayam, Red Hills, Thiruvallur, Chennai-600052.",THIRUVALLUR,SELF FINANCING COLLEGES TIER 3,CS,COMPUTER SCIENCE AND ENGINEERING,120199,154417,151437,231379,174593,,,0,0,0,0,0,0,0
1123,"Gojan School of Business and Technology, 80-Feet Road, Edapalayam, Red Hills, Thiruvallur, Chennai-600052.",THIRUVALLUR,SELF FINANCING COLLEGES TIER 3,EC,ELECTRONICS AND COMMUNICATION ENGINEERING,139321,207258,,194874,197416,,,0,0,0,0,0,0,0
1123,"Gojan School of Business and Technology, 80-Feet Road, Edapalayam, Red Hills, Thiruvallur, Chennai-600052.",THIRUVALLUR,SELF FINANCING COLLEGES TIER 3,IT,INFORMATION TECHNOLOGY,150253,236026,,231935,219135,,,0,0,0,0,0,0,0
1123,"Gojan School of Business and Technology, 80-Feet Road, Edapalayam, Red Hills, Thiruvallur, Chennai-600052.",THIRUVALLUR,SELF FINANCING COLLEGES TIER 3,MD,MEDICAL ELECTRONICS ENGINEERING,219426,,234258,237561,231422,,,0,0,0,1,0,0,0
1123,"Gojan School of Business and Technology, 80-Feet Road, Edapalayam, Red Hills, Thiruvallur, Chennai-600052.",THIRUVALLUR,SELF FINANCING COLLEGES TIER 3,MU,MECHANICAL AND AUTOMATION ENGINEERING,203616,232322,208655,211541,230081,,,0,1,0,0,0,0,0
1123,"Gojan School of Business and Technology, 80-Feet Road, Edapalayam, Red Hills, Thiruvallur, Chennai-600052.",THIRUVALLUR,SELF FINANCING COLLEGES TIER 3,PH,PHARMACEUTICAL TECHNOLOGY,180839,,,237661,193129,,,0,0,0,0,0,0,0
1123,"Gojan School of Business and Technology, 80-Feet Road, Edapalayam, Red Hills, Thiruvallur, Chennai-600052.",THIRUVALLUR,SELF FINANCING COLLEGES TIER 3,RM,ROBOTICS AND AUTOMATION,202703,235732,228409,238718,222146,,,0,1,0,1,0,0,0
1123,"Gojan School of Business and Technology, 80-Feet Road, Edapalayam, Red Hills, Thiruvallur, Chennai-600052.",THIRUVALLUR,SELF FINANCING COLLEGES TIER 3,SC,Computer Science and Engineering (Cyber Security),155326,212143,169708,231117,191890,,,0,0,0,0,0,0,0
1124,"SAMS College of Engineering and Technology, 82,Panapakkam, Tirupathi Road, Uthukottai Taluk, Thiruvallur District-601102.",THIRUVALLUR,SELF FINANCING COLLEGES TIER 3,AD,Artificial Intelligence and Data Science,235548,,,,,,,1,0,0,0,0,0,0
1124,"SAMS College of Engineering and Technology, 82,Panapakkam, Tirupathi Road, Uthukottai Taluk, Thiruvallur District-601102.",THIRUVALLUR,SELF FINANCING COLLEGES TIER 3,AE,AERONAUTICAL ENGINEERING,222496,,,,,,,1,0,0,0,0,0,0
1124,"SAMS College of Engineering and Technology, 82,Panapakkam, Tirupathi Road, Uthukottai Taluk, Thiruvallur District-601102.",THIRUVALLUR,SELF FINANCING COLLEGES TIER 3,AM,COMPUTER SCIENCE AND ENGINEERING (AI AND MACHINE LEARNING),,,,,,,,0,0,0,0,0,0,0
1124,"SAMS College of Engineering and Technology, 82,Panapakkam, Tirupathi Road, Uthukottai Taluk, Thiruvallur District-601102.",THIRUVALLUR,SELF FINANCING COLLEGES TIER 3,CO,COMPUTER AND  COMMUNICATION ENGINEERING,,,,,,,,0,0,0,0,0,0,0
1124,"SAMS College of Engineering and Technology, 82,Panapakkam, Tirupathi Road, Uthukottai Taluk, Thiruvallur District-601102.",THIRUVALLUR,SELF FINANCING COLLEGES TIER 3,CS,COMPUTER SCIENCE AND ENGINEERING,213546,,,,,,,1,0,0,0,0,0,0
1124,"SAMS College of Engineering and Technology, 82,Panapakkam, Tirupathi Road, Uthukottai Taluk, Thiruvallur District-601102.",THIRUVALLUR,SELF FINANCING COLLEGES TIER 3,ME,MECHANICAL ENGINEERING,,,,,,,,0,0,0,0,0,0,0
1124,"SAMS College of Engineering and Technology, 82,Panapakkam, Tirupathi Road, Uthukottai Taluk, Thiruvallur District-601102.",THIRUVALLUR,SELF FINANCING COLLEGES TIER 3,MR,MARINE ENGINEERING,,,,,,,,0,0,0,0,0,0,0
1124,"SAMS College of Engineering and Technology, 82,Panapakkam, Tirupathi Road, Uthukottai Taluk, Thiruvallur District-601102.",THIRUVALLUR,SELF FINANCING COLLEGES TIER 3,SC,Computer Science and Engineering (Cyber Security),,,,,,,,0,0,0,0,0,0,0
1126,"JNN Institute of Engineering (Autonomous), Ushaa Garden, 90, Kannigaipair Village, Uthukottai Taluk, Thiruvallur-601102.",THIRUVALLUR,SELF FINANCING COLLEGES TIER 3,AD,Artificial Intelligence and Data Science,85191,128498,116686,152858,233610,,185106,0,0,0,0,1,0,1
1126,"JNN Institute of Engineering (Autonomous), Ushaa Garden, 90, Kannigaipair Village, Uthukottai Taluk, Thiruvallur-601102.",THIRUVALLUR,SELF FINANCING COLLEGES TIER 3,BM,BIO MEDICAL ENGINEERING,128625,215076,,166966,144728,,,0,0,0,0,1,0,0
1126,"JNN Institute of Engineering (Autonomous), Ushaa Garden, 90, Kannigaipair Village, Uthukottai Taluk, Thiruvallur-601102.",THIRUVALLUR,SELF FINANCING COLLEGES TIER 3,CS,COMPUTER SCIENCE AND ENGINEERING,69615,104115,102360,120078,201091,208553,205009,0,0,0,0,0,1,1
1126,"JNN Institute of Engineering (Autonomous), Ushaa Garden, 90, Kannigaipair Village, Uthukottai Taluk, Thiruvallur-601102.",THIRUVALLUR,SELF FINANCING COLLEGES TIER 3,EC,ELECTRONICS AND COMMUNICATION ENGINEERING,67797,105521,97301,127535,205995,,,0,0,0,0,0,0,0
1126,"JNN Institute of Engineering (Autonomous), Ushaa Garden, 90, Kannigaipair Village, Uthukottai Taluk, Thiruvallur-601102.",THIRUVALLUR,SELF FINANCING COLLEGES TIER 3,EV,Electronics Engineering (VLSI Design and Technology),111600,139703,120350,170065,235664,,,0,0,0,0,0,0,0
1126,"JNN Institute of Engineering (Autonomous), Ushaa Garden, 90, Kannigaipair Village, Uthukottai Taluk, Thiruvallur-601102.",THIRUVALLUR,SELF FINANCING COLLEGES TIER 3,RM,ROBOTICS AND AUTOMATION,120851,153171,207446,178533,184768,,,0,0,0,0,1,0,0
1126,"JNN Institute of Engineering (Autonomous), Ushaa Garden, 90, Kannigaipair Village, Uthukottai Taluk, Thiruvallur-601102.",THIRUVALLUR,SELF FINANCING COLLEGES TIER 3,SC,Computer Science and Engineering (Cyber Security),77366,121510,132717,131930,223959,213428,,0,0,0,0,0,1,0
1127,"St. Peter's College of Engineering and Technology(Autonomous), College Road, Avadi Taluk, Thiruvallur District, Chennai-600054.",THIRUVALLUR,SELF FINANCING COLLEGES TIER 3,AD,Artificial Intelligence and Data Science,150156,213418,200331,237444,221646,175362,,0,0,0,0,0,1,0
1127,"St. Peter's College of Engineering and Technology(Autonomous), College Road, Avadi Taluk, Thiruvallur District, Chennai-600054.",THIRUVALLUR,SELF FINANCING COLLEGES TIER 3,BT,BIO TECHNOLOGY,206087,207004,,,223836,,,0,1,0,0,1,0,0
1127,"St. Peter's College of Engineering and Technology(Autonomous), College Road, Avadi Taluk, Thiruvallur District, Chennai-600054.",THIRUVALLUR,SELF FINANCING COLLEGES TIER 3,CB,COMPUTER SCIENCE AND BUSSINESS SYSTEM,184431,218755,235681,223647,237922,,,0,1,1,1,1,0,0
1127,"St. Peter's College of Engineering and Technology(Autonomous), College Road, Avadi Taluk, Thiruvallur District, Chennai-600054.",THIRUVALLUR,SELF FINANCING COLLEGES TIER 3,CH,CHEMICAL  ENGINEERING,133634,189625,,145468,232549,177912,,0,1,0,1,0,0,0
1127,"St. Peter's College of Engineering and Technology(Autonomous), College Road, Avadi Taluk, Thiruvallur District, Chennai-600054.",THIRUVALLUR,SELF FINANCING COLLEGES TIER 3,CS,COMPUTER SCIENCE AND ENGINEERING,135978,217890,190258,219050,211328,,,0,0,0,0,0,0,0
1127,"St. Peter's College of Engineering and Technology(Autonomous), College Road, Avadi Taluk, Thiruvallur District, Chennai-600054.",THIRUVALLUR,SELF FINANCING COLLEGES TIER 3,EC,ELECTRONICS AND COMMUNICATION ENGINEERING,161008,220157,,225244,213734,,,0,1,0,1,0,0,0
1127,"St. Peter's College of Engineering and Technology(Autonomous), College Road, Avadi Taluk, Thiruvallur District, Chennai-600054.",THIRUVALLUR,SELF FINANCING COLLEGES TIER 3,EE,ELECTRICAL AND ELECTRONICS ENGINEERING,183956,225942,201694,220065,224901,,,0,1,0,1,1,0,0
1127,"St. Peter's College of Engineering and Technology(Autonomous), College Road, Avadi Taluk, Thiruvallur District, Chennai-600054.",THIRUVALLUR,SELF FINANCING COLLEGES TIER 3,IT,INFORMATION TECHNOLOGY,160682,230489,230980,225903,233145,,,0,1,0,0,0,0,0
1127,"St. Peter's College of Engineering and Technology(Autonomous), College Road, Avadi Taluk, Thiruvallur District, Chennai-600054.",THIRUVALLUR,SELF FINANCING COLLEGES TIER 3,ME,MECHANICAL ENGINEERING,187597,228214,,235903,238069,,,0,1,0,1,0,0,0
1128,"R.M.K. College of Engineering and Technology (Autonomous), R.S.M. Nagar, Puduvoyal, Gummidipoondi Taluk, Thiruvallur District-601206.",THIRUVALLUR,SELF FINANCING COLLEGES TIER 1,AD,Artificial Intelligence and Data Science,43267,52223,57453,60910,124359,,170031,0,0,0,0,0,0,0
1128,"R.M.K. College of Engineering and Technology (Autonomous), R.S.M. Nagar, Puduvoyal, Gummidipoondi Taluk, Thiruvallur District-601206.",THIRUVALLUR,SELF FINANCING COLLEGES TIER 1,CS,COMPUTER SCIENCE AND ENGINEERING,39942,49650,64182,57668,130271,213908,167891,0,0,0,0,0,1,0
1128,"R.M.K. College of Engineering and Technology (Autonomous), R.S.M. Nagar, Puduvoyal, Gummidipoondi Taluk, Thiruvallur District-601206.",THIRUVALLUR,SELF FINANCING COLLEGES TIER 1,EC,ELECTRONICS AND COMMUNICATION ENGINEERING,44483,52289,67113,64022,136314,,203725,0,0,0,0,0,0,0
1128,"R.M.K. College of Engineering and Technology (Autonomous), R.S.M. Nagar, Puduvoyal, Gummidipoondi Taluk, Thiruvallur District-601206.",THIRUVALLUR,SELF FINANCING COLLEGES TIER 1,EV,Electronics Engineering (VLSI Design and Technology),51072,57966,74478,72574,156397,,,0,0,0,0,0,0,0
1128,"R.M.K. College of Engineering and Technology (Autonomous), R.S.M. Nagar, Puduvoyal, Gummidipoondi Taluk, Thiruvallur District-601206.",THIRUVALLUR,SELF FINANCING COLLEGES TIER 1,SC,Computer Science and Engineering (Cyber Security),42335,52805,45205,65570,109912,,,0,0,0,0,0,0,0
1133,"Annai Veilankannis College of Engineering, 33 Gandhi Road, Nedungundram, Chennai-600048.",KANCHEEPURAM,SELF FINANCING COLLEGES TIER 3,AD,Artificial Intelligence and Data Science,174648,185920,,221843,214806,,,0,1,0,1,1,0,0
1133,"Annai Veilankannis College of Engineering, 33 Gandhi Road, Nedungundram, Chennai-600048.",KANCHEEPURAM,SELF FINANCING COLLEGES TIER 3,CE,CIVIL  ENGINEERING,,,,,,,,0,0,0,0,0,0,0
1133,"Annai Veilankannis College of Engineering, 33 Gandhi Road, Nedungundram, Chennai-600048.",KANCHEEPURAM,SELF FINANCING COLLEGES TIER 3,CS,COMPUTER SCIENCE AND ENGINEERING,175877,228714,,235973,180596,,,0,1,0,1,1,0,0
1133,"Annai Veilankannis College of Engineering, 33 Gandhi Road, Nedungundram, Chennai-600048.",KANCHEEPURAM,SELF FINANCING COLLEGES TIER 3,EC,ELECTRONICS AND COMMUNICATION ENGINEERING,231467,,,234527,238049,,,0,0,0,1,1,0,0
1133,"Annai Veilankannis College of Engineering, 33 Gandhi Road, Nedungundram, Chennai-600048.",KANCHEEPURAM,SELF FINANCING COLLEGES TIER 3,ME,MECHANICAL ENGINEERING,230856,,,,,,,1,0,0,0,0,0,0
1137,"Annai Mira College of Engineering and Technology, Arappakkam Village, Arcot Road, Walaja Taluk, Vellore District-632517.",RANIPET,SELF FINANCING COLLEGES TIER 3,AD,Artificial Intelligence and Data Science,99185,132325,113009,134490,158011,205522,226219,0,0,0,0,0,0,0
1137,"Annai Mira College of Engineering and Technology, Arappakkam Village, Arcot Road, Walaja Taluk, Vellore District-632517.",RANIPET,SELF FINANCING COLLEGES TIER 3,CE,CIVIL  ENGINEERING,182971,232355,219197,223184,203153,,,0,1,0,0,1,0,0
1137,"Annai Mira College of Engineering and Technology, Arappakkam Village, Arcot Road, Walaja Taluk, Vellore District-632517.",RANIPET,SELF FINANCING COLLEGES TIER 3,CS,COMPUTER SCIENCE AND ENGINEERING,76945,135125,136646,128929,206728,189159,,0,0,0,0,0,0,0
1137,"Annai Mira College of Engineering and Technology, Arappakkam Village, Arcot Road, Walaja Taluk, Vellore District-632517.",RANIPET,SELF FINANCING COLLEGES TIER 3,EC,ELECTRONICS AND COMMUNICATION ENGINEERING,91919,137432,122279,124558,222954,,,0,0,0,0,0,0,0
1137,"Annai Mira College of Engineering and Technology, Arappakkam Village, Arcot Road, Walaja Taluk, Vellore District-632517.",RANIPET,SELF FINANCING COLLEGES TIER 3,EE,ELECTRICAL AND ELECTRONICS ENGINEERING,137298,149138,,144845,214596,,,0,0,0,0,1,0,0
1137,"Annai Mira College of Engineering and Technology, Arappakkam Village, Arcot Road, Walaja Taluk, Vellore District-632517.",RANIPET,SELF FINANCING COLLEGES TIER 3,IT,INFORMATION TECHNOLOGY,92801,131615,207147,137398,204340,177053,,0,0,0,0,0,0,0
1137,"Annai Mira College of Engineering and Technology, Arappakkam Village, Arcot Road, Walaja Taluk, Vellore District-632517.",RANIPET,SELF FINANCING COLLEGES TIER 3,ME,MECHANICAL ENGINEERING,185445,237293,216578,233245,238364,238187,,0,1,0,1,1,0,0
1140,"Jeppiaar Institute of Technology (Autonomous), Jeppiaar Nagar, Kunnam Village,Sriperumbudur Taluk, Kanchipuram-631604.",KANCHEEPURAM,SELF FINANCING COLLEGES TIER 3,AD,Artificial Intelligence and Data Science,49852,82352,93570,99029,153608,,,0,0,0,0,0,0,0
1140,"Jeppiaar Institute of Technology (Autonomous), Jeppiaar Nagar, Kunnam Village,Sriperumbudur Taluk, Kanchipuram-631604.",KANCHEEPURAM,SELF FINANCING COLLEGES TIER 3,CB,COMPUTER SCIENCE AND BUSSINESS SYSTEM,70647,90131,90819,99008,149684,,,0,0,0,0,0,0,0
1140,"Jeppiaar Institute of Technology (Autonomous), Jeppiaar Nagar, Kunnam Village,Sriperumbudur Taluk, Kanchipuram-631604.",KANCHEEPURAM,SELF FINANCING COLLEGES TIER 3,CS,COMPUTER SCIENCE AND ENGINEERING,54909,77840,90697,96521,169145,,177031,0,0,0,0,0,0,0
1140,"Jeppiaar Institute of Technology (Autonomous), Jeppiaar Nagar, Kunnam Village,Sriperumbudur Taluk, Kanchipuram-631604.",KANCHEEPURAM,SELF FINANCING COLLEGES TIER 3,EC,ELECTRONICS AND COMMUNICATION ENGINEERING,56452,85929,80720,100129,150956,,,0,0,0,0,0,0,0
1140,"Jeppiaar Institute of Technology (Autonomous), Jeppiaar Nagar, Kunnam Village,Sriperumbudur Taluk, Kanchipuram-631604.",KANCHEEPURAM,SELF FINANCING COLLEGES TIER 3,IT,INFORMATION TECHNOLOGY,69976,87875,105437,108207,174783,,219079,0,0,0,0,0,0,0
1140,"Jeppiaar Institute of Technology (Autonomous), Jeppiaar Nagar, Kunnam Village,Sriperumbudur Taluk, Kanchipuram-631604.",KANCHEEPURAM,SELF FINANCING COLLEGES TIER 3,ME,MECHANICAL ENGINEERING,107034,143927,,157585,212051,,,0,0,0,0,0,0,0
1149,"St. Joseph's Institute of Technology (Autonomous), Jeppiaar Nagar, Old Mamallapuram Road, Kanchipuram, Chennai-600119.",CHENGALPET,SELF FINANCING COLLEGES TIER 1,AD,Artificial Intelligence and Data Science,42386,48865,65285,54765,134648,,206231,0,0,0,0,0,0,0
1149,"St. Joseph's Institute of Technology (Autonomous), Jeppiaar Nagar, Old Mamallapuram Road, Kanchipuram, Chennai-600119.",CHENGALPET,SELF FINANCING COLLEGES TIER 1,AM,COMPUTER SCIENCE AND ENGINEERING (AI AND MACHINE LEARNING),38218,50560,45904,56846,136783,,,0,0,0,0,0,0,0
1149,"St. Joseph's Institute of Technology (Autonomous), Jeppiaar Nagar, Old Mamallapuram Road, Kanchipuram, Chennai-600119.",CHENGALPET,SELF FINANCING COLLEGES TIER 1,CS,COMPUTER SCIENCE AND ENGINEERING,36482,46887,41042,52440,119827,180532,182200,0,0,0,0,0,1,0
1149,"St. Joseph's Institute of Technology (Autonomous), Jeppiaar Nagar, Old Mamallapuram Road, Kanchipuram, Chennai-600119.",CHENGALPET,SELF FINANCING COLLEGES TIER 1,EC,ELECTRONICS AND COMMUNICATION ENGINEERING,40098,49790,50163,55491,135566,,,0,0,0,0,0,0,0
1149,"St. Joseph's Institute of Technology (Autonomous), Jeppiaar Nagar, Old Mamallapuram Road, Kanchipuram, Chennai-600119.",CHENGALPET,SELF FINANCING COLLEGES TIER 1,EE,ELECTRICAL AND ELECTRONICS ENGINEERING,55330,60291,72446,72343,107679,,,0,0,0,0,0,0,0
1149,"St. Joseph's Institute of Technology (Autonomous), Jeppiaar Nagar, Old Mamallapuram Road, Kanchipuram, Chennai-600119.",CHENGALPET,SELF FINANCING COLLEGES TIER 1,IT,INFORMATION TECHNOLOGY,44850,51263,56830,56210,133131,,,0,0,0,0,0,0,0
1149,"St. Joseph's Institute of Technology (Autonomous), Jeppiaar Nagar, Old Mamallapuram Road, Kanchipuram, Chennai-600119.",CHENGALPET,SELF FINANCING COLLEGES TIER 1,ME,MECHANICAL ENGINEERING,62808,79961,97758,87469,159841,,,0,0,0,0,0,0,0
1149,"St. Joseph's Institute of Technology (Autonomous), Jeppiaar Nagar, Old Mamallapuram Road, Kanchipuram, Chennai-600119.",CHENGALPET,SELF FINANCING COLLEGES TIER 1,SC,Computer Science and Engineering (Cyber Security),42660,52693,50077,54038,138608,,,0,0,0,0,0,0,0
1150,"Sri Jayaram Institute of Engineering and Technology, 51 N,Elavur, 58 N Natham Village,Gumudipoondi Taluk, Thiruvallur District-601201.",THIRUVALLUR,SELF FINANCING COLLEGES TIER 3,AD,Artificial Intelligence and Data Science,215577,,,,,,,1,0,0,0,0,0,0
1150,"Sri Jayaram Institute of Engineering and Technology, 51 N,Elavur, 58 N Natham Village,Gumudipoondi Taluk, Thiruvallur District-601201.",THIRUVALLUR,SELF FINANCING COLLEGES TIER 3,AG,AGRICULTURAL ENGINEERING,234311,,,,,,,1,0,0,0,0,0,0
1150,"Sri Jayaram Institute of Engineering and Technology, 51 N,Elavur, 58 N Natham Village,Gumudipoondi Taluk, Thiruvallur District-601201.",THIRUVALLUR,SELF FINANCING COLLEGES TIER 3,BM,BIO MEDICAL ENGINEERING,239020,,,,,,,1,0,0,0,0,0,0
1150,"Sri Jayaram Institute of Engineering and Technology, 51 N,Elavur, 58 N Natham Village,Gumudipoondi Taluk, Thiruvallur District-601201.",THIRUVALLUR,SELF FINANCING COLLEGES TIER 3,CS,COMPUTER SCIENCE AND ENGINEERING,232417,,,,,,,1,0,0,0,0,0,0
1150,"Sri Jayaram Institute of Engineering and Technology, 51 N,Elavur, 58 N Natham Village,Gumudipoondi Taluk, Thiruvallur District-601201.",THIRUVALLUR,SELF FINANCING COLLEGES TIER 3,ME,MECHANICAL ENGINEERING,239007,,,,,,,1,0,0,0,0,0,0
1202,"DMI College of Engineering (Autonomous), St.Joseph's Town,Mevalurkuppam B Village, Nazarethpet Post, Palanchur, Kanchipuram, Chennai-600123.",KANCHEEPURAM,SELF FINANCING COLLEGES TIER 3,AD,Artificial Intelligence and Data Science,133772,189675,211802,179356,216711,,,0,0,0,0,0,0,0
1202,"DMI College of Engineering (Autonomous), St.Joseph's Town,Mevalurkuppam B Village, Nazarethpet Post, Palanchur, Kanchipuram, Chennai-600123.",KANCHEEPURAM,SELF FINANCING COLLEGES TIER 3,AM,COMPUTER SCIENCE AND ENGINEERING (AI AND MACHINE LEARNING),149586,196453,,207346,205193,,,0,0,0,0,0,0,0
1202,"DMI College of Engineering (Autonomous), St.Joseph's Town,Mevalurkuppam B Village, Nazarethpet Post, Palanchur, Kanchipuram, Chennai-600123.",KANCHEEPURAM,SELF FINANCING COLLEGES TIER 3,CE,CIVIL  ENGINEERING,207673,217422,,237163,226659,,,0,0,0,0,0,0,0
1202,"DMI College of Engineering (Autonomous), St.Joseph's Town,Mevalurkuppam B Village, Nazarethpet Post, Palanchur, Kanchipuram, Chennai-600123.",KANCHEEPURAM,SELF FINANCING COLLEGES TIER 3,CS,COMPUTER SCIENCE AND ENGINEERING,124612,166773,186512,200206,181207,,,0,0,0,0,0,0,0
1202,"DMI College of Engineering (Autonomous), St.Joseph's Town,Mevalurkuppam B Village, Nazarethpet Post, Palanchur, Kanchipuram, Chennai-600123.",KANCHEEPURAM,SELF FINANCING COLLEGES TIER 3,EC,ELECTRONICS AND COMMUNICATION ENGINEERING,123728,195153,184816,218417,199159,136333,,0,0,0,0,0,0,0
1202,"DMI College of Engineering (Autonomous), St.Joseph's Town,Mevalurkuppam B Village, Nazarethpet Post, Palanchur, Kanchipuram, Chennai-600123.",KANCHEEPURAM,SELF FINANCING COLLEGES TIER 3,EE,ELECTRICAL AND ELECTRONICS ENGINEERING,198491,204031,,230338,225669,,,0,0,0,0,0,0,0
1202,"DMI College of Engineering (Autonomous), St.Joseph's Town,Mevalurkuppam B Village, Nazarethpet Post, Palanchur, Kanchipuram, Chennai-600123.",KANCHEEPURAM,SELF FINANCING COLLEGES TIER 3,IT,INFORMATION TECHNOLOGY,142404,196284,191586,216744,214303,224620,,0,0,1,0,0,1,0
1202,"DMI College of Engineering (Autonomous), St.Joseph's Town,Mevalurkuppam B Village, Nazarethpet Post, Palanchur, Kanchipuram, Chennai-600123.",KANCHEEPURAM,SELF FINANCING COLLEGES TIER 3,ME,MECHANICAL ENGINEERING,181986,197627,,231170,225813,,,0,0,0,0,0,0,0
1203,"MADRAS ENGINEERING COLLEGE, TAMBARAM ROAD, VELLARAI (CHENNAI METROPOLITAN AREA), SRIPERUMBUDUR TALUK, CHENNAI, KANCHIPURAM - 602105.",KANCHEEPURAM,SELF FINANCING COLLEGES TIER 3,AD,Artificial Intelligence and Data Science,132115,220076,200745,206746,221979,,,0,1,0,1,1,0,0
1203,"MADRAS ENGINEERING COLLEGE, TAMBARAM ROAD, VELLARAI (CHENNAI METROPOLITAN AREA), SRIPERUMBUDUR TALUK, CHENNAI, KANCHIPURAM - 602105.",KANCHEEPURAM,SELF FINANCING COLLEGES TIER 3,AM,COMPUTER SCIENCE AND ENGINEERING (AI AND MACHINE LEARNING),184668,219027,230390,218227,211472,,,0,1,1,1,1,0,0
1203,"MADRAS ENGINEERING COLLEGE, TAMBARAM ROAD, VELLARAI (CHENNAI METROPOLITAN AREA), SRIPERUMBUDUR TALUK, CHENNAI, KANCHIPURAM - 602105.",KANCHEEPURAM,SELF FINANCING COLLEGES TIER 3,CB,COMPUTER SCIENCE AND BUSSINESS SYSTEM,221096,,,,,,,1,0,0,0,0,0,0
1203,"MADRAS ENGINEERING COLLEGE, TAMBARAM ROAD, VELLARAI (CHENNAI METROPOLITAN AREA), SRIPERUMBUDUR TALUK, CHENNAI, KANCHIPURAM - 602105.",KANCHEEPURAM,SELF FINANCING COLLEGES TIER 3,CS,COMPUTER SCIENCE AND ENGINEERING,102154,197560,221790,227733,231603,216070,,0,0,0,1,1,1,0
1203,"MADRAS ENGINEERING COLLEGE, TAMBARAM ROAD, VELLARAI (CHENNAI METROPOLITAN AREA), SRIPERUMBUDUR TALUK, CHENNAI, KANCHIPURAM - 602105.",KANCHEEPURAM,SELF FINANCING COLLEGES TIER 3,IT,INFORMATION TECHNOLOGY,179770,228058,,232171,210172,181535,,0,1,0,1,1,0,0
1203,"MADRAS ENGINEERING COLLEGE, TAMBARAM ROAD, VELLARAI (CHENNAI METROPOLITAN AREA), SRIPERUMBUDUR TALUK, CHENNAI, KANCHIPURAM - 602105.",KANCHEEPURAM,SELF FINANCING COLLEGES TIER 3,SC,Computer Science and Engineering (Cyber Security),198036,238275,221884,,236274,,,0,1,1,0,1,0,0
1207,"Kings Engineering College (Autonomous), Irungattukottai, Opp. Hyundai Car Company, Sriperumbudur, Kanchipuram-602117.",KANCHEEPURAM,SELF FINANCING COLLEGES TIER 3,AD,Artificial Intelligence and Data Science,136882,185491,156718,177183,208611,,,0,0,0,0,0,0,0
1207,"Kings Engineering College (Autonomous), Irungattukottai, Opp. Hyundai Car Company, Sriperumbudur, Kanchipuram-602117.",KANCHEEPURAM,SELF FINANCING COLLEGES TIER 3,AM,COMPUTER SCIENCE AND ENGINEERING (AI AND MACHINE LEARNING),118445,177428,155989,137952,223402,,,0,0,0,0,0,0,0
1207,"Kings Engineering College (Autonomous), Irungattukottai, Opp. Hyundai Car Company, Sriperumbudur, Kanchipuram-602117.",KANCHEEPURAM,SELF FINANCING COLLEGES TIER 3,BM,BIO MEDICAL ENGINEERING,157787,221292,212570,221870,,,,0,0,0,0,0,0,0
1207,"Kings Engineering College (Autonomous), Irungattukottai, Opp. Hyundai Car Company, Sriperumbudur, Kanchipuram-602117.",KANCHEEPURAM,SELF FINANCING COLLEGES TIER 3,CS,COMPUTER SCIENCE AND ENGINEERING,124669,154172,225107,172536,223555,,,0,0,0,0,0,0,0
1207,"Kings Engineering College (Autonomous), Irungattukottai, Opp. Hyundai Car Company, Sriperumbudur, Kanchipuram-602117.",KANCHEEPURAM,SELF FINANCING COLLEGES TIER 3,EC,ELECTRONICS AND COMMUNICATION ENGINEERING,139983,189230,178691,209575,202706,,,0,0,0,0,0,0,0
1207,"Kings Engineering College (Autonomous), Irungattukottai, Opp. Hyundai Car Company, Sriperumbudur, Kanchipuram-602117.",KANCHEEPURAM,SELF FINANCING COLLEGES TIER 3,IT,INFORMATION TECHNOLOGY,166112,199306,210725,192305,234780,,,0,0,0,0,0,0,0
1207,"Kings Engineering College (Autonomous), Irungattukottai, Opp. Hyundai Car Company, Sriperumbudur, Kanchipuram-602117.",KANCHEEPURAM,SELF FINANCING COLLEGES TIER 3,ME,MECHANICAL ENGINEERING,206349,233463,214477,238182,220046,,,0,0,0,1,1,0,0
1207,"Kings Engineering College (Autonomous), Irungattukottai, Opp. Hyundai Car Company, Sriperumbudur, Kanchipuram-602117.",KANCHEEPURAM,SELF FINANCING COLLEGES TIER 3,RM,ROBOTICS AND AUTOMATION,177699,195899,,231930,,,,0,0,0,0,0,0,0
1209,"Pallavan College of Engineering, Thimmasamudram, Kanchipuram -631502.",KANCHEEPURAM,SELF FINANCING COLLEGES TIER 3,CE,CIVIL  ENGINEERING,223588,,,,,,,1,0,0,0,0,0,0
1209,"Pallavan College of Engineering, Thimmasamudram, Kanchipuram -631502.",KANCHEEPURAM,SELF FINANCING COLLEGES TIER 3,CS,COMPUTER SCIENCE AND ENGINEERING,238618,,,,,,,1,0,0,0,0,0,0
1209,"Pallavan College of Engineering, Thimmasamudram, Kanchipuram -631502.",KANCHEEPURAM,SELF FINANCING COLLEGES TIER 3,EC,ELECTRONICS AND COMMUNICATION ENGINEERING,211644,,,,,,,1,0,0,0,0,0,0
1209,"Pallavan College of Engineering, Thimmasamudram, Kanchipuram -631502.",KANCHEEPURAM,SELF FINANCING COLLEGES TIER 3,EE,ELECTRICAL AND ELECTRONICS ENGINEERING,224412,,,,,,,1,0,0,0,0,0,0
1209,"Pallavan College of Engineering, Thimmasamudram, Kanchipuram -631502.",KANCHEEPURAM,SELF FINANCING COLLEGES TIER 3,IT,INFORMATION TECHNOLOGY,185373,235760,,196606,,,,0,1,0,1,0,0,0
1209,"Pallavan College of Engineering, Thimmasamudram, Kanchipuram -631502.",KANCHEEPURAM,SELF FINANCING COLLEGES TIER 3,ME,MECHANICAL ENGINEERING,226546,,,,,,,1,0,0,0,0,0,0
1210,"Panimalar Engineering College (Autonomous), Bangalore Trunk Road, NazarathPet, Varadharajapuram, Poonamallee, Thiruvallur (DT), Chennai-600123.",THIRUVALLUR,SELF FINANCING COLLEGES TIER 1,AD,Artificial Intelligence and Data Science,49291,64428,68996,70298,140850,183612,169065,0,0,0,0,0,1,0
1210,"Panimalar Engineering College (Autonomous), Bangalore Trunk Road, NazarathPet, Varadharajapuram, Poonamallee, Thiruvallur (DT), Chennai-600123.",THIRUVALLUR,SELF FINANCING COLLEGES TIER 1,AL,Artificial Intelligence and Machine Learning,53010,66155,72726,71101,139306,187647,,0,0,0,0,0,1,0
1210,"Panimalar Engineering College (Autonomous), Bangalore Trunk Road, NazarathPet, Varadharajapuram, Poonamallee, Thiruvallur (DT), Chennai-600123.",THIRUVALLUR,SELF FINANCING COLLEGES TIER 1,CS,COMPUTER SCIENCE AND ENGINEERING,37908,51243,59325,59454,133744,206457,217696,0,0,0,0,0,1,0
1210,"Panimalar Engineering College (Autonomous), Bangalore Trunk Road, NazarathPet, Varadharajapuram, Poonamallee, Thiruvallur (DT), Chennai-600123.",THIRUVALLUR,SELF FINANCING COLLEGES TIER 1,EC,ELECTRONICS AND COMMUNICATION ENGINEERING,45759,55326,70454,66386,144801,188458,148010,0,0,0,0,0,1,0
1210,"Panimalar Engineering College (Autonomous), Bangalore Trunk Road, NazarathPet, Varadharajapuram, Poonamallee, Thiruvallur (DT), Chennai-600123.",THIRUVALLUR,SELF FINANCING COLLEGES TIER 1,EE,ELECTRICAL AND ELECTRONICS ENGINEERING,56973,74097,85231,82212,147923,229145,158404,0,0,0,0,0,1,0
1210,"Panimalar Engineering College (Autonomous), Bangalore Trunk Road, NazarathPet, Varadharajapuram, Poonamallee, Thiruvallur (DT), Chennai-600123.",THIRUVALLUR,SELF FINANCING COLLEGES TIER 1,IT,INFORMATION TECHNOLOGY,52369,63002,70520,70058,139170,234332,223639,0,0,0,0,0,1,0
1210,"Panimalar Engineering College (Autonomous), Bangalore Trunk Road, NazarathPet, Varadharajapuram, Poonamallee, Thiruvallur (DT), Chennai-600123.",THIRUVALLUR,SELF FINANCING COLLEGES TIER 1,ME,MECHANICAL ENGINEERING,67373,87729,96260,97509,151484,,,0,0,0,0,0,0,0
1211,"Rajalakshmi Engineering College  (Autonomous), Rajalakshmi Nagar, Thandalam, Kanchipuram, Chennai-602105.",KANCHEEPURAM,SELF FINANCING COLLEGES TIER 1,AD,Artificial Intelligence and Data Science,12485,20770,22183,24017,51781,120387,106768,0,0,0,0,0,0,0
1211,"Rajalakshmi Engineering College  (Autonomous), Rajalakshmi Nagar, Thandalam, Kanchipuram, Chennai-602105.",KANCHEEPURAM,SELF FINANCING COLLEGES TIER 1,AE,AERONAUTICAL ENGINEERING,24842,35155,34578,50594,60582,,81635,0,0,0,0,0,0,0
1211,"Rajalakshmi Engineering College  (Autonomous), Rajalakshmi Nagar, Thandalam, Kanchipuram, Chennai-602105.",KANCHEEPURAM,SELF FINANCING COLLEGES TIER 1,AL,Artificial Intelligence and Machine Learning,15973,24018,25026,26849,61675,153816,103146,0,0,0,0,0,0,0
1211,"Rajalakshmi Engineering College  (Autonomous), Rajalakshmi Nagar, Thandalam, Kanchipuram, Chennai-602105.",KANCHEEPURAM,SELF FINANCING COLLEGES TIER 1,AU,AUTOMOBILE ENGINEERING,58189,67416,65357,87012,142804,,,0,0,0,0,0,0,0
1211,"Rajalakshmi Engineering College  (Autonomous), Rajalakshmi Nagar, Thandalam, Kanchipuram, Chennai-602105.",KANCHEEPURAM,SELF FINANCING COLLEGES TIER 1,BM,BIO MEDICAL ENGINEERING,36668,62975,47974,72287,127181,181260,,0,0,0,0,0,0,0
1211,"Rajalakshmi Engineering College  (Autonomous), Rajalakshmi Nagar, Thandalam, Kanchipuram, Chennai-602105.",KANCHEEPURAM,SELF FINANCING COLLEGES TIER 1,BT,BIO TECHNOLOGY,38727,52583,62870,69354,110364,162630,124872,0,0,0,0,0,0,0
1211,"Rajalakshmi Engineering College  (Autonomous), Rajalakshmi Nagar, Thandalam, Kanchipuram, Chennai-602105.",KANCHEEPURAM,SELF FINANCING COLLEGES TIER 1,CB,COMPUTER SCIENCE AND BUSSINESS SYSTEM,17819,25364,26389,32026,77445,158567,160915,0,0,0,0,0,0,0
1211,"Rajalakshmi Engineering College  (Autonomous), Rajalakshmi Nagar, Thandalam, Kanchipuram, Chennai-602105.",KANCHEEPURAM,SELF FINANCING COLLEGES TIER 1,CD,COMPUTER SCIENCE AND DESIGN,19462,26675,,33641,64832,158705,,0,0,0,0,0,0,0
1211,"Rajalakshmi Engineering College  (Autonomous), Rajalakshmi Nagar, Thandalam, Kanchipuram, Chennai-602105.",KANCHEEPURAM,SELF FINANCING COLLEGES TIER 1,CE,CIVIL  ENGINEERING,44728,61016,79085,56289,106701,181355,,0,0,0,0,0,0,0
1211,"Rajalakshmi Engineering College  (Autonomous), Rajalakshmi Nagar, Thandalam, Kanchipuram, Chennai-602105.",KANCHEEPURAM,SELF FINANCING COLLEGES TIER 1,CH,CHEMICAL  ENGINEERING,27825,49053,31365,46986,70965,155597,,0,0,0,0,0,0,0
1211,"Rajalakshmi Engineering College  (Autonomous), Rajalakshmi Nagar, Thandalam, Kanchipuram, Chennai-602105.",KANCHEEPURAM,SELF FINANCING COLLEGES TIER 1,CS,COMPUTER SCIENCE AND ENGINEERING,7010,11622,12688,15461,43413,143026,71807,0,0,0,0,0,0,0
1211,"Rajalakshmi Engineering College  (Autonomous), Rajalakshmi Nagar, Thandalam, Kanchipuram, Chennai-602105.",KANCHEEPURAM,SELF FINANCING COLLEGES TIER 1,EC,ELECTRONICS AND COMMUNICATION ENGINEERING,11524,18576,19579,24149,49037,129776,121295,0,0,0,0,0,0,0
1211,"Rajalakshmi Engineering College  (Autonomous), Rajalakshmi Nagar, Thandalam, Kanchipuram, Chennai-602105.",KANCHEEPURAM,SELF FINANCING COLLEGES TIER 1,EE,ELECTRICAL AND ELECTRONICS ENGINEERING,20118,28764,28577,33916,78622,164084,96951,0,0,0,0,0,0,0
1211,"Rajalakshmi Engineering College  (Autonomous), Rajalakshmi Nagar, Thandalam, Kanchipuram, Chennai-602105.",KANCHEEPURAM,SELF FINANCING COLLEGES TIER 1,FD,FOOD TECHNOLOGY,42336,58784,46919,84908,117265,,,0,0,0,0,0,0,0
1211,"Rajalakshmi Engineering College  (Autonomous), Rajalakshmi Nagar, Thandalam, Kanchipuram, Chennai-602105.",KANCHEEPURAM,SELF FINANCING COLLEGES TIER 1,IT,INFORMATION TECHNOLOGY,11917,16941,19402,20519,57348,206052,96933,0,0,0,0,0,0,0
1211,"Rajalakshmi Engineering College  (Autonomous), Rajalakshmi Nagar, Thandalam, Kanchipuram, Chennai-602105.",KANCHEEPURAM,SELF FINANCING COLLEGES TIER 1,ME,MECHANICAL ENGINEERING,28482,42939,65104,50768,118821,174066,,0,0,0,0,0,0,0
1211,"Rajalakshmi Engineering College  (Autonomous), Rajalakshmi Nagar, Thandalam, Kanchipuram, Chennai-602105.",KANCHEEPURAM,SELF FINANCING COLLEGES TIER 1,MZ,Mechatronics Engineering,29813,42906,72349,47926,112938,195691,,0,0,0,0,0,0,0
1211,"Rajalakshmi Engineering College  (Autonomous), Rajalakshmi Nagar, Thandalam, Kanchipuram, Chennai-602105.",KANCHEEPURAM,SELF FINANCING COLLEGES TIER 1,RM,ROBOTICS AND AUTOMATION,29082,31590,35453,37729,85238,,,0,0,0,0,0,0,0
1211,"Rajalakshmi Engineering College  (Autonomous), Rajalakshmi Nagar, Thandalam, Kanchipuram, Chennai-602105.",KANCHEEPURAM,SELF FINANCING COLLEGES TIER 1,SC,Computer Science and Engineering (Cyber Security),12572,23264,21863,22675,51459,123227,14739,0,0,0,0,0,0,0
1212,"Rajiv Gandhi College of Engineering, Nemili Village, Sriperumbudur, Kanchipuram-602105.",KANCHEEPURAM,SELF FINANCING COLLEGES TIER 3,AD,Artificial Intelligence and Data Science,145616,229853,163650,203161,239218,,,0,1,0,1,1,0,0
1212,"Rajiv Gandhi College of Engineering, Nemili Village, Sriperumbudur, Kanchipuram-602105.",KANCHEEPURAM,SELF FINANCING COLLEGES TIER 3,BM,BIO MEDICAL ENGINEERING,232976,,,,,,,1,0,0,0,0,0,0
1212,"Rajiv Gandhi College of Engineering, Nemili Village, Sriperumbudur, Kanchipuram-602105.",KANCHEEPURAM,SELF FINANCING COLLEGES TIER 3,CS,COMPUTER SCIENCE AND ENGINEERING,137357,188678,,209578,208119,,,0,1,0,1,1,0,0
1212,"Rajiv Gandhi College of Engineering, Nemili Village, Sriperumbudur, Kanchipuram-602105.",KANCHEEPURAM,SELF FINANCING COLLEGES TIER 3,EC,ELECTRONICS AND COMMUNICATION ENGINEERING,184260,,,208316,212955,,,0,0,0,1,1,0,0
1212,"Rajiv Gandhi College of Engineering, Nemili Village, Sriperumbudur, Kanchipuram-602105.",KANCHEEPURAM,SELF FINANCING COLLEGES TIER 3,EE,ELECTRICAL AND ELECTRONICS ENGINEERING,235682,,,,,,,1,0,0,0,0,0,0
1212,"Rajiv Gandhi College of Engineering, Nemili Village, Sriperumbudur, Kanchipuram-602105.",KANCHEEPURAM,SELF FINANCING COLLEGES TIER 3,ME,MECHANICAL ENGINEERING,228977,,,,,,,1,0,0,0,0,0,0
1212,"Rajiv Gandhi College of Engineering, Nemili Village, Sriperumbudur, Kanchipuram-602105.",KANCHEEPURAM,SELF FINANCING COLLEGES TIER 3,PE,PETROLEUM ENGINEERING,214084,219540,238978,228310,,,,0,1,0,1,0,0,0
1216,"Saveetha Engineering College (Autonomous), Saveetha Nagar, Thandalam Post, Sriperumbudur Taluk, Kancheepuram District-602105.",KANCHEEPURAM,SELF FINANCING COLLEGES TIER 1,AD,Artificial Intelligence and Data Science,20589,29921,27918,38979,105389,193101,152221,0,0,0,0,0,0,0
1216,"Saveetha Engineering College (Autonomous), Saveetha Nagar, Thandalam Post, Sriperumbudur Taluk, Kancheepuram District-602105.",KANCHEEPURAM,SELF FINANCING COLLEGES TIER 1,AL,Artificial Intelligence and Machine Learning,24625,32475,32663,40564,112635,158539,222777,0,0,0,0,0,0,0
1216,"Saveetha Engineering College (Autonomous), Saveetha Nagar, Thandalam Post, Sriperumbudur Taluk, Kancheepuram District-602105.",KANCHEEPURAM,SELF FINANCING COLLEGES TIER 1,BM,BIO MEDICAL ENGINEERING,47320,72596,85502,87893,120482,222208,,0,0,0,0,0,0,0
1216,"Saveetha Engineering College (Autonomous), Saveetha Nagar, Thandalam Post, Sriperumbudur Taluk, Kancheepuram District-602105.",KANCHEEPURAM,SELF FINANCING COLLEGES TIER 1,CE,CIVIL  ENGINEERING,67546,76794,110857,84209,135982,221357,,0,0,0,0,0,0,0
1216,"Saveetha Engineering College (Autonomous), Saveetha Nagar, Thandalam Post, Sriperumbudur Taluk, Kancheepuram District-602105.",KANCHEEPURAM,SELF FINANCING COLLEGES TIER 1,CS,COMPUTER SCIENCE AND ENGINEERING,15532,25041,23389,34565,99766,179398,144108,0,0,0,0,0,0,0
1216,"Saveetha Engineering College (Autonomous), Saveetha Nagar, Thandalam Post, Sriperumbudur Taluk, Kancheepuram District-602105.",KANCHEEPURAM,SELF FINANCING COLLEGES TIER 1,EC,ELECTRONICS AND COMMUNICATION ENGINEERING,21353,31387,41303,41432,111590,230064,155549,0,0,0,0,0,0,0
1216,"Saveetha Engineering College (Autonomous), Saveetha Nagar, Thandalam Post, Sriperumbudur Taluk, Kancheepuram District-602105.",KANCHEEPURAM,SELF FINANCING COLLEGES TIER 1,EE,ELECTRICAL AND ELECTRONICS ENGINEERING,33245,43011,39631,51797,142008,207431,,0,0,0,0,0,0,0
1216,"Saveetha Engineering College (Autonomous), Saveetha Nagar, Thandalam Post, Sriperumbudur Taluk, Kancheepuram District-602105.",KANCHEEPURAM,SELF FINANCING COLLEGES TIER 1,IT,INFORMATION TECHNOLOGY,20743,28636,21478,39035,110185,172809,158722,0,0,0,0,0,0,0
1216,"Saveetha Engineering College (Autonomous), Saveetha Nagar, Thandalam Post, Sriperumbudur Taluk, Kancheepuram District-602105.",KANCHEEPURAM,SELF FINANCING COLLEGES TIER 1,ME,MECHANICAL ENGINEERING,46703,61040,54665,75845,139062,208251,,0,0,0,0,0,0,0
1216,"Saveetha Engineering College (Autonomous), Saveetha Nagar, Thandalam Post, Sriperumbudur Taluk, Kancheepuram District-602105.",KANCHEEPURAM,SELF FINANCING COLLEGES TIER 1,SC,Computer Science and Engineering (Cyber Security),12994,27859,27370,27712,76074,213805,,0,0,0,0,0,0,0
1217,"Sree Sastha Institute of Engineering and Technology, Chennai-Bangalore Highway, Chembarambakkam, Thiruvallur District, Chennai-600123.",THIRUVALLUR,SELF FINANCING COLLEGES TIER 3,AD,Artificial Intelligence and Data Science,171884,219049,,223466,227454,,,0,1,0,1,1,0,0
1217,"Sree Sastha Institute of Engineering and Technology, Chennai-Bangalore Highway, Chembarambakkam, Thiruvallur District, Chennai-600123.",THIRUVALLUR,SELF FINANCING COLLEGES TIER 3,AL,Artificial Intelligence and Machine Learning,112278,221041,,181911,203104,,,0,1,0,0,1,0,0
1217,"Sree Sastha Institute of Engineering and Technology, Chennai-Bangalore Highway, Chembarambakkam, Thiruvallur District, Chennai-600123.",THIRUVALLUR,SELF FINANCING COLLEGES TIER 3,AU,AUTOMOBILE ENGINEERING,221197,,,,,,,1,0,0,0,0,0,0
1217,"Sree Sastha Institute of Engineering and Technology, Chennai-Bangalore Highway, Chembarambakkam, Thiruvallur District, Chennai-600123.",THIRUVALLUR,SELF FINANCING COLLEGES TIER 3,BM,BIO MEDICAL ENGINEERING,221834,,,,,,,1,0,0,0,0,0,0
1217,"Sree Sastha Institute of Engineering and Technology, Chennai-Bangalore Highway, Chembarambakkam, Thiruvallur District, Chennai-600123.",THIRUVALLUR,SELF FINANCING COLLEGES TIER 3,BT,BIO TECHNOLOGY,227383,,,,,,,1,0,0,0,0,0,0
1217,"Sree Sastha Institute of Engineering and Technology, Chennai-Bangalore Highway, Chembarambakkam, Thiruvallur District, Chennai-600123.",THIRUVALLUR,SELF FINANCING COLLEGES TIER 3,CB,COMPUTER SCIENCE AND BUSSINESS SYSTEM,207458,,,219129,,,,0,0,0,1,0,0,0
1217,"Sree Sastha Institute of Engineering and Technology, Chennai-Bangalore Highway, Chembarambakkam, Thiruvallur District, Chennai-600123.",THIRUVALLUR,SELF FINANCING COLLEGES TIER 3,CE,CIVIL  ENGINEERING,192222,,,,,,,1,0,0,0,0,0,0
1217,"Sree Sastha Institute of Engineering and Technology, Chennai-Bangalore Highway, Chembarambakkam, Thiruvallur District, Chennai-600123.",THIRUVALLUR,SELF FINANCING COLLEGES TIER 3,CS,COMPUTER SCIENCE AND ENGINEERING,134407,235875,224277,228444,219302,,,0,1,0,1,0,0,0
1217,"Sree Sastha Institute of Engineering and Technology, Chennai-Bangalore Highway, Chembarambakkam, Thiruvallur District, Chennai-600123.",THIRUVALLUR,SELF FINANCING COLLEGES TIER 3,EC,ELECTRONICS AND COMMUNICATION ENGINEERING,221653,,,,227537,,,0,0,0,0,1,0,0
1217,"Sree Sastha Institute of Engineering and Technology, Chennai-Bangalore Highway, Chembarambakkam, Thiruvallur District, Chennai-600123.",THIRUVALLUR,SELF FINANCING COLLEGES TIER 3,EE,ELECTRICAL AND ELECTRONICS ENGINEERING,218804,,,,,,,1,0,0,0,0,0,0
1217,"Sree Sastha Institute of Engineering and Technology, Chennai-Bangalore Highway, Chembarambakkam, Thiruvallur District, Chennai-600123.",THIRUVALLUR,SELF FINANCING COLLEGES TIER 3,FD,FOOD TECHNOLOGY,227215,,,,,,,0,0,0,0,0,0,0
1217,"Sree Sastha Institute of Engineering and Technology, Chennai-Bangalore Highway, Chembarambakkam, Thiruvallur District, Chennai-600123.",THIRUVALLUR,SELF FINANCING COLLEGES TIER 3,IT,INFORMATION TECHNOLOGY,195871,,,224470,223189,,,0,0,0,1,1,0,0
1217,"Sree Sastha Institute of Engineering and Technology, Chennai-Bangalore Highway, Chembarambakkam, Thiruvallur District, Chennai-600123.",THIRUVALLUR,SELF FINANCING COLLEGES TIER 3,MU,MECHANICAL AND AUTOMATION ENGINEERING,187716,,,,,,,1,0,0,0,0,0,0
1217,"Sree Sastha Institute of Engineering and Technology, Chennai-Bangalore Highway, Chembarambakkam, Thiruvallur District, Chennai-600123.",THIRUVALLUR,SELF FINANCING COLLEGES TIER 3,SC,Computer Science and Engineering (Cyber Security),158160,,,230890,216533,,,0,0,0,1,0,0,0
1218,"Sri Muthukumaran Institute of Technology, Chikkarayapuram Near Mangadu, Kanchipuram, Chennai-600069.",KANCHEEPURAM,SELF FINANCING COLLEGES TIER 3,AD,Artificial Intelligence and Data Science,97065,143109,117674,217714,180436,157950,,0,0,0,0,0,0,0
1218,"Sri Muthukumaran Institute of Technology, Chikkarayapuram Near Mangadu, Kanchipuram, Chennai-600069.",KANCHEEPURAM,SELF FINANCING COLLEGES TIER 3,BM,BIO MEDICAL ENGINEERING,173124,230441,179373,208779,232402,,,0,1,0,1,1,0,0
1218,"Sri Muthukumaran Institute of Technology, Chikkarayapuram Near Mangadu, Kanchipuram, Chennai-600069.",KANCHEEPURAM,SELF FINANCING COLLEGES TIER 3,CE,CIVIL  ENGINEERING,226633,,,,231764,,,0,0,0,0,1,0,0
1218,"Sri Muthukumaran Institute of Technology, Chikkarayapuram Near Mangadu, Kanchipuram, Chennai-600069.",KANCHEEPURAM,SELF FINANCING COLLEGES TIER 3,CS,COMPUTER SCIENCE AND ENGINEERING,96754,161134,108294,168325,172007,,,0,0,0,0,0,0,0
1218,"Sri Muthukumaran Institute of Technology, Chikkarayapuram Near Mangadu, Kanchipuram, Chennai-600069.",KANCHEEPURAM,SELF FINANCING COLLEGES TIER 3,EC,ELECTRONICS AND COMMUNICATION ENGINEERING,103273,139602,146105,208937,180757,,,0,0,0,0,0,0,0
1218,"Sri Muthukumaran Institute of Technology, Chikkarayapuram Near Mangadu, Kanchipuram, Chennai-600069.",KANCHEEPURAM,SELF FINANCING COLLEGES TIER 3,EE,ELECTRICAL AND ELECTRONICS ENGINEERING,186002,199913,,229531,235058,,,0,1,0,1,1,0,0
1218,"Sri Muthukumaran Institute of Technology, Chikkarayapuram Near Mangadu, Kanchipuram, Chennai-600069.",KANCHEEPURAM,SELF FINANCING COLLEGES TIER 3,IT,INFORMATION TECHNOLOGY,138107,160556,141877,198148,190731,,,0,0,0,0,0,0,0
1218,"Sri Muthukumaran Institute of Technology, Chikkarayapuram Near Mangadu, Kanchipuram, Chennai-600069.",KANCHEEPURAM,SELF FINANCING COLLEGES TIER 3,ME,MECHANICAL ENGINEERING,200499,234429,,228208,238126,,,0,1,0,1,1,0,0
1218,"Sri Muthukumaran Institute of Technology, Chikkarayapuram Near Mangadu, Kanchipuram, Chennai-600069.",KANCHEEPURAM,SELF FINANCING COLLEGES TIER 3,MZ,Mechatronics Engineering,173988,202824,,217361,,,,0,1,0,1,0,0,0
1218,"Sri Muthukumaran Institute of Technology, Chikkarayapuram Near Mangadu, Kanchipuram, Chennai-600069.",KANCHEEPURAM,SELF FINANCING COLLEGES TIER 3,PH,PHARMACEUTICAL TECHNOLOGY,174418,217982,,226456,225122,,,0,0,0,0,1,0,0
1218,"Sri Muthukumaran Institute of Technology, Chikkarayapuram Near Mangadu, Kanchipuram, Chennai-600069.",KANCHEEPURAM,SELF FINANCING COLLEGES TIER 3,RM,ROBOTICS AND AUTOMATION,164802,233716,171489,226724,214144,,,0,1,0,1,1,0,0
1219,"Sri Venkateswara College of Engineering (Autonomous), Post Bag No.3, Pennalur, Sriperumbudur, Kanchipuram-602105.",KANCHEEPURAM,SELF FINANCING COLLEGES TIER 1,AD,Artificial Intelligence and Data Science,16013,23975,31492,30019,62531,38709,102123,0,0,0,0,0,0,0
1219,"Sri Venkateswara College of Engineering (Autonomous), Post Bag No.3, Pennalur, Sriperumbudur, Kanchipuram-602105.",KANCHEEPURAM,SELF FINANCING COLLEGES TIER 1,BT,BIO TECHNOLOGY,35347,57091,76824,61207,130561,,106672,0,0,0,0,0,0,0
1219,"Sri Venkateswara College of Engineering (Autonomous), Post Bag No.3, Pennalur, Sriperumbudur, Kanchipuram-602105.",KANCHEEPURAM,SELF FINANCING COLLEGES TIER 1,CE,CIVIL  ENGINEERING,68373,81227,104805,100060,149402,,148954,0,0,0,0,0,0,0
1219,"Sri Venkateswara College of Engineering (Autonomous), Post Bag No.3, Pennalur, Sriperumbudur, Kanchipuram-602105.",KANCHEEPURAM,SELF FINANCING COLLEGES TIER 1,CH,CHEMICAL  ENGINEERING,36454,56663,62762,71107,119142,,,0,0,0,0,0,0,0
1219,"Sri Venkateswara College of Engineering (Autonomous), Post Bag No.3, Pennalur, Sriperumbudur, Kanchipuram-602105.",KANCHEEPURAM,SELF FINANCING COLLEGES TIER 1,CS,COMPUTER SCIENCE AND ENGINEERING,9491,15219,27275,22394,53519,106360,55193,0,0,0,0,0,0,0
1219,"Sri Venkateswara College of Engineering (Autonomous), Post Bag No.3, Pennalur, Sriperumbudur, Kanchipuram-602105.",KANCHEEPURAM,SELF FINANCING COLLEGES TIER 1,EC,ELECTRONICS AND COMMUNICATION ENGINEERING,15832,24876,34723,29737,66836,186536,,0,0,0,0,0,0,0
1219,"Sri Venkateswara College of Engineering (Autonomous), Post Bag No.3, Pennalur, Sriperumbudur, Kanchipuram-602105.",KANCHEEPURAM,SELF FINANCING COLLEGES TIER 1,EE,ELECTRICAL AND ELECTRONICS ENGINEERING,28979,32818,49399,44504,104328,164828,110222,0,0,0,0,0,0,0
1219,"Sri Venkateswara College of Engineering (Autonomous), Post Bag No.3, Pennalur, Sriperumbudur, Kanchipuram-602105.",KANCHEEPURAM,SELF FINANCING COLLEGES TIER 1,IT,INFORMATION TECHNOLOGY,16487,22220,32249,29309,73900,123791,137828,0,0,0,0,0,0,0
1219,"Sri Venkateswara College of Engineering (Autonomous), Post Bag No.3, Pennalur, Sriperumbudur, Kanchipuram-602105.",KANCHEEPURAM,SELF FINANCING COLLEGES TIER 1,MB,Mechanical Engineering (Automobile),60356,81925,,89486,140349,,,0,0,0,0,0,0,0
1219,"Sri Venkateswara College of Engineering (Autonomous), Post Bag No.3, Pennalur, Sriperumbudur, Kanchipuram-602105.",KANCHEEPURAM,SELF FINANCING COLLEGES TIER 1,ME,MECHANICAL ENGINEERING,38959,48665,51189,62672,102931,217160,,0,0,0,0,0,0,0
1219,"Sri Venkateswara College of Engineering (Autonomous), Post Bag No.3, Pennalur, Sriperumbudur, Kanchipuram-602105.",KANCHEEPURAM,SELF FINANCING COLLEGES TIER 1,MR,MARINE ENGINEERING,218149,,,,,,,1,0,0,0,0,0,0
1219,"Sri Venkateswara College of Engineering (Autonomous), Post Bag No.3, Pennalur, Sriperumbudur, Kanchipuram-602105.",KANCHEEPURAM,SELF FINANCING COLLEGES TIER 1,MU,MECHANICAL AND AUTOMATION ENGINEERING,52814,73626,81779,81026,165760,227095,,0,0,0,0,0,0,0
1221,"Jaya College of Engineering and Technology, Poonamallee By Pass Road, Parivakkam, Chennai, Thiruvallur-600056.",THIRUVALLUR,SELF FINANCING COLLEGES TIER 3,CS,COMPUTER SCIENCE AND ENGINEERING,195777,216866,,225876,214152,,,0,1,0,1,1,0,0
1221,"Jaya College of Engineering and Technology, Poonamallee By Pass Road, Parivakkam, Chennai, Thiruvallur-600056.",THIRUVALLUR,SELF FINANCING COLLEGES TIER 3,EC,ELECTRONICS AND COMMUNICATION ENGINEERING,228948,,,,,,,1,0,0,0,0,0,0
1221,"Jaya College of Engineering and Technology, Poonamallee By Pass Road, Parivakkam, Chennai, Thiruvallur-600056.",THIRUVALLUR,SELF FINANCING COLLEGES TIER 3,MD,MEDICAL ELECTRONICS ENGINEERING,,,,,,,,0,0,0,0,0,0,0
1221,"Jaya College of Engineering and Technology, Poonamallee By Pass Road, Parivakkam, Chennai, Thiruvallur-600056.",THIRUVALLUR,SELF FINANCING COLLEGES TIER 3,ME,MECHANICAL ENGINEERING,,,,,,,,0,0,0,0,0,0,0
1222,"P.B. College of Engineering, Chennai-Bangalore High Way, Irungkattukottai, Sriperumbudur Taluk, Kancheepuram District, Chennai -602117.",KANCHEEPURAM,SELF FINANCING COLLEGES TIER 3,AD,Artificial Intelligence and Data Science,145888,212894,,173270,,,,0,1,0,1,0,0,0
1222,"P.B. College of Engineering, Chennai-Bangalore High Way, Irungkattukottai, Sriperumbudur Taluk, Kancheepuram District, Chennai -602117.",KANCHEEPURAM,SELF FINANCING COLLEGES TIER 3,AE,AERONAUTICAL ENGINEERING,229585,,,,,,,1,0,0,0,0,0,0
1222,"P.B. College of Engineering, Chennai-Bangalore High Way, Irungkattukottai, Sriperumbudur Taluk, Kancheepuram District, Chennai -602117.",KANCHEEPURAM,SELF FINANCING COLLEGES TIER 3,CE,CIVIL  ENGINEERING,,,,,,,,0,0,0,0,0,0,0
1222,"P.B. College of Engineering, Chennai-Bangalore High Way, Irungkattukottai, Sriperumbudur Taluk, Kancheepuram District, Chennai -602117.",KANCHEEPURAM,SELF FINANCING COLLEGES TIER 3,CS,COMPUTER SCIENCE AND ENGINEERING,236912,239088,,,,,,0,1,0,0,0,0,0
1222,"P.B. College of Engineering, Chennai-Bangalore High Way, Irungkattukottai, Sriperumbudur Taluk, Kancheepuram District, Chennai -602117.",KANCHEEPURAM,SELF FINANCING COLLEGES TIER 3,EC,ELECTRONICS AND COMMUNICATION ENGINEERING,231367,231607,,237807,,,,0,1,0,1,0,0,0
1222,"P.B. College of Engineering, Chennai-Bangalore High Way, Irungkattukottai, Sriperumbudur Taluk, Kancheepuram District, Chennai -602117.",KANCHEEPURAM,SELF FINANCING COLLEGES TIER 3,EE,ELECTRICAL AND ELECTRONICS ENGINEERING,193745,,,,,,,1,0,0,0,0,0,0
1222,"P.B. College of Engineering, Chennai-Bangalore High Way, Irungkattukottai, Sriperumbudur Taluk, Kancheepuram District, Chennai -602117.",KANCHEEPURAM,SELF FINANCING COLLEGES TIER 3,IT,INFORMATION TECHNOLOGY,217311,,,,,,,1,0,0,0,0,0,0
1222,"P.B. College of Engineering, Chennai-Bangalore High Way, Irungkattukottai, Sriperumbudur Taluk, Kancheepuram District, Chennai -602117.",KANCHEEPURAM,SELF FINANCING COLLEGES TIER 3,ME,MECHANICAL ENGINEERING,236053,,,,,,,1,0,0,0,0,0,0
1222,"P.B. College of Engineering, Chennai-Bangalore High Way, Irungkattukottai, Sriperumbudur Taluk, Kancheepuram District, Chennai -602117.",KANCHEEPURAM,SELF FINANCING COLLEGES TIER 3,SC,Computer Science and Engineering (Cyber Security),216682,,,,,,,1,0,0,0,0,0,0
1225,"Loyola Institute of Technology, Palanchur, Mevalurkuppam, B village, Nazarathpet Post, Sriperumpudur Taluk, Kanchipuram District, Chennai-600123.",KANCHEEPURAM,SELF FINANCING COLLEGES TIER 3,AD,Artificial Intelligence and Data Science,76650,118452,122502,117986,137849,175335,83008,0,0,0,0,0,1,0
1225,"Loyola Institute of Technology, Palanchur, Mevalurkuppam, B village, Nazarathpet Post, Sriperumpudur Taluk, Kanchipuram District, Chennai-600123.",KANCHEEPURAM,SELF FINANCING COLLEGES TIER 3,CS,COMPUTER SCIENCE AND ENGINEERING,72288,101977,81083,113690,160918,,,0,0,0,0,0,0,0
1225,"Loyola Institute of Technology, Palanchur, Mevalurkuppam, B village, Nazarathpet Post, Sriperumpudur Taluk, Kanchipuram District, Chennai-600123.",KANCHEEPURAM,SELF FINANCING COLLEGES TIER 3,EC,ELECTRONICS AND COMMUNICATION ENGINEERING,86448,108547,133015,124486,170606,176623,,0,0,0,0,0,0,0
1225,"Loyola Institute of Technology, Palanchur, Mevalurkuppam, B village, Nazarathpet Post, Sriperumpudur Taluk, Kanchipuram District, Chennai-600123.",KANCHEEPURAM,SELF FINANCING COLLEGES TIER 3,EE,ELECTRICAL AND ELECTRONICS ENGINEERING,128865,153235,146620,185533,182668,225324,,0,0,0,0,0,0,0
1225,"Loyola Institute of Technology, Palanchur, Mevalurkuppam, B village, Nazarathpet Post, Sriperumpudur Taluk, Kanchipuram District, Chennai-600123.",KANCHEEPURAM,SELF FINANCING COLLEGES TIER 3,IT,INFORMATION TECHNOLOGY,101718,124208,132612,130083,164840,229954,,0,0,0,0,0,1,0
1225,"Loyola Institute of Technology, Palanchur, Mevalurkuppam, B village, Nazarathpet Post, Sriperumpudur Taluk, Kanchipuram District, Chennai-600123.",KANCHEEPURAM,SELF FINANCING COLLEGES TIER 3,ME,MECHANICAL ENGINEERING,135319,184024,194063,204592,230540,,,0,0,0,0,0,0,0
1225,"Loyola Institute of Technology, Palanchur, Mevalurkuppam, B village, Nazarathpet Post, Sriperumpudur Taluk, Kanchipuram District, Chennai-600123.",KANCHEEPURAM,SELF FINANCING COLLEGES TIER 3,SC,Computer Science and Engineering (Cyber Security),81133,114947,106238,126751,148270,,,0,0,0,0,0,0,0
1226,"P.T.Lee Chengalvaraya Naicker College of Engineering and Technology, Oovery, Veliyur Post, Kanchipuram District-631502.",KANCHEEPURAM,SELF FINANCING COLLEGES TIER 3,AD,Artificial Intelligence and Data Science,109393,229557,152828,136971,204825,,,0,0,0,0,0,0,0
1226,"P.T.Lee Chengalvaraya Naicker College of Engineering and Technology, Oovery, Veliyur Post, Kanchipuram District-631502.",KANCHEEPURAM,SELF FINANCING COLLEGES TIER 3,CS,COMPUTER SCIENCE AND ENGINEERING,90641,227121,199548,113507,237212,,,0,1,1,0,1,0,0
1226,"P.T.Lee Chengalvaraya Naicker College of Engineering and Technology, Oovery, Veliyur Post, Kanchipuram District-631502.",KANCHEEPURAM,SELF FINANCING COLLEGES TIER 3,EC,ELECTRONICS AND COMMUNICATION ENGINEERING,110968,226309,,129992,231420,,,0,1,0,0,1,0,0
1226,"P.T.Lee Chengalvaraya Naicker College of Engineering and Technology, Oovery, Veliyur Post, Kanchipuram District-631502.",KANCHEEPURAM,SELF FINANCING COLLEGES TIER 3,EE,ELECTRICAL AND ELECTRONICS ENGINEERING,135388,183870,,159433,238337,,,0,1,0,0,1,0,0
1226,"P.T.Lee Chengalvaraya Naicker College of Engineering and Technology, Oovery, Veliyur Post, Kanchipuram District-631502.",KANCHEEPURAM,SELF FINANCING COLLEGES TIER 3,IT,INFORMATION TECHNOLOGY,84211,234360,148634,106439,231225,,,0,0,0,0,1,0,0
1226,"P.T.Lee Chengalvaraya Naicker College of Engineering and Technology, Oovery, Veliyur Post, Kanchipuram District-631502.",KANCHEEPURAM,SELF FINANCING COLLEGES TIER 3,ME,MECHANICAL ENGINEERING,154394,235129,,182567,232967,,,0,1,0,0,1,0,0
1228,"Alpha College of Engineering, No.34, Udayavar Kovil Street, Thirumazhisai, Chennai-600124.",CHENNAI,SELF FINANCING COLLEGES TIER 3,AD,Artificial Intelligence and Data Science,142027,217262,219336,221428,219461,,,0,0,0,0,1,0,0
1228,"Alpha College of Engineering, No.34, Udayavar Kovil Street, Thirumazhisai, Chennai-600124.",CHENNAI,SELF FINANCING COLLEGES TIER 3,BM,BIO MEDICAL ENGINEERING,192671,,,,,,,0,0,0,0,0,0,0
1228,"Alpha College of Engineering, No.34, Udayavar Kovil Street, Thirumazhisai, Chennai-600124.",CHENNAI,SELF FINANCING COLLEGES TIER 3,CS,COMPUTER SCIENCE AND ENGINEERING,127257,223270,227618,211112,225920,,,0,0,0,0,1,0,0
1228,"Alpha College of Engineering, No.34, Udayavar Kovil Street, Thirumazhisai, Chennai-600124.",CHENNAI,SELF FINANCING COLLEGES TIER 3,EC,ELECTRONICS AND COMMUNICATION ENGINEERING,195915,234269,226184,220013,238983,,,0,1,0,1,1,0,0
1228,"Alpha College of Engineering, No.34, Udayavar Kovil Street, Thirumazhisai, Chennai-600124.",CHENNAI,SELF FINANCING COLLEGES TIER 3,IT,INFORMATION TECHNOLOGY,233896,,,,,,,0,0,0,0,0,0,0
1228,"Alpha College of Engineering, No.34, Udayavar Kovil Street, Thirumazhisai, Chennai-600124.",CHENNAI,SELF FINANCING COLLEGES TIER 3,RM,ROBOTICS AND AUTOMATION,200240,,,212273,220809,,,0,0,0,1,0,0,0
1228,"Alpha College of Engineering, No.34, Udayavar Kovil Street, Thirumazhisai, Chennai-600124.",CHENNAI,SELF FINANCING COLLEGES TIER 3,SC,Computer Science and Engineering (Cyber Security),169758,230822,,238028,221589,,,0,1,0,1,1,0,0
1229,"Indira Institute of Engineering and Technology, No.1, V.G.R Nagar, V.G.R Gardens, Pandur, Thiruvallur -631203.",THIRUVALLUR,SELF FINANCING COLLEGES TIER 3,AD,Artificial Intelligence and Data Science,217998,235073,,,222448,,,0,1,0,0,1,0,0
1229,"Indira Institute of Engineering and Technology, No.1, V.G.R Nagar, V.G.R Gardens, Pandur, Thiruvallur -631203.",THIRUVALLUR,SELF FINANCING COLLEGES TIER 3,CE,CIVIL  ENGINEERING,,,,,,,,0,0,0,0,0,0,0
1229,"Indira Institute of Engineering and Technology, No.1, V.G.R Nagar, V.G.R Gardens, Pandur, Thiruvallur -631203.",THIRUVALLUR,SELF FINANCING COLLEGES TIER 3,CS,COMPUTER SCIENCE AND ENGINEERING,212357,221124,,234013,,,,0,1,0,1,0,0,0
1229,"Indira Institute of Engineering and Technology, No.1, V.G.R Nagar, V.G.R Gardens, Pandur, Thiruvallur -631203.",THIRUVALLUR,SELF FINANCING COLLEGES TIER 3,EC,ELECTRONICS AND COMMUNICATION ENGINEERING,230468,,,,,,,1,0,0,0,0,0,0
1229,"Indira Institute of Engineering and Technology, No.1, V.G.R Nagar, V.G.R Gardens, Pandur, Thiruvallur -631203.",THIRUVALLUR,SELF FINANCING COLLEGES TIER 3,EE,ELECTRICAL AND ELECTRONICS ENGINEERING,226943,,,,,,,1,0,0,0,0,0,0
1229,"Indira Institute of Engineering and Technology, No.1, V.G.R Nagar, V.G.R Gardens, Pandur, Thiruvallur -631203.",THIRUVALLUR,SELF FINANCING COLLEGES TIER 3,ME,MECHANICAL ENGINEERING,151421,,,,,,,1,0,0,0,0,0,0
1230,"Apollo Engineering College, Mevaloorkuppam Valarpuram Post, Sriperumbudur Taluk, Kanchipuram District-602105.",KANCHEEPURAM,SELF FINANCING COLLEGES TIER 3,AD,Artificial Intelligence and Data Science,174646,224030,230392,231912,237705,,,0,1,0,1,1,0,0
1230,"Apollo Engineering College, Mevaloorkuppam Valarpuram Post, Sriperumbudur Taluk, Kanchipuram District-602105.",KANCHEEPURAM,SELF FINANCING COLLEGES TIER 3,AE,AERONAUTICAL ENGINEERING,224928,,,,,,,1,0,0,0,0,0,0
1230,"Apollo Engineering College, Mevaloorkuppam Valarpuram Post, Sriperumbudur Taluk, Kanchipuram District-602105.",KANCHEEPURAM,SELF FINANCING COLLEGES TIER 3,CB,COMPUTER SCIENCE AND BUSSINESS SYSTEM,217002,234725,,231049,235908,,,0,1,0,1,1,0,0
1230,"Apollo Engineering College, Mevaloorkuppam Valarpuram Post, Sriperumbudur Taluk, Kanchipuram District-602105.",KANCHEEPURAM,SELF FINANCING COLLEGES TIER 3,CS,COMPUTER SCIENCE AND ENGINEERING,143877,214607,,222910,,,,0,1,0,1,0,0,0
1230,"Apollo Engineering College, Mevaloorkuppam Valarpuram Post, Sriperumbudur Taluk, Kanchipuram District-602105.",KANCHEEPURAM,SELF FINANCING COLLEGES TIER 3,EC,ELECTRONICS AND COMMUNICATION ENGINEERING,166464,236388,,226017,235244,,,0,1,0,1,1,0,0
1230,"Apollo Engineering College, Mevaloorkuppam Valarpuram Post, Sriperumbudur Taluk, Kanchipuram District-602105.",KANCHEEPURAM,SELF FINANCING COLLEGES TIER 3,EE,ELECTRICAL AND ELECTRONICS ENGINEERING,225084,,,,236550,,,0,0,0,0,1,0,0
1230,"Apollo Engineering College, Mevaloorkuppam Valarpuram Post, Sriperumbudur Taluk, Kanchipuram District-602105.",KANCHEEPURAM,SELF FINANCING COLLEGES TIER 3,SC,Computer Science and Engineering (Cyber Security),188198,,,,230061,,,0,0,0,0,0,0,0
1232,"ARM College of Engineering and Technology, Sattamangalam,Maraimalainagar Post, Chengalpattu Taluk, Kanchipuram Dist-603209.",CHENGALPET,SELF FINANCING COLLEGES TIER 3,AD,Artificial Intelligence and Data Science,219677,,,,,,,1,0,0,0,0,0,0
1232,"ARM College of Engineering and Technology, Sattamangalam,Maraimalainagar Post, Chengalpattu Taluk, Kanchipuram Dist-603209.",CHENGALPET,SELF FINANCING COLLEGES TIER 3,CE,CIVIL  ENGINEERING,,,,,,,,0,0,0,0,0,0,0
1232,"ARM College of Engineering and Technology, Sattamangalam,Maraimalainagar Post, Chengalpattu Taluk, Kanchipuram Dist-603209.",CHENGALPET,SELF FINANCING COLLEGES TIER 3,CS,COMPUTER SCIENCE AND ENGINEERING,207630,,,,,,,1,0,0,0,0,0,0
1232,"ARM College of Engineering and Technology, Sattamangalam,Maraimalainagar Post, Chengalpattu Taluk, Kanchipuram Dist-603209.",CHENGALPET,SELF FINANCING COLLEGES TIER 3,EC,ELECTRONICS AND COMMUNICATION ENGINEERING,229534,,,,,,,1,0,0,0,0,0,0
1232,"ARM College of Engineering and Technology, Sattamangalam,Maraimalainagar Post, Chengalpattu Taluk, Kanchipuram Dist-603209.",CHENGALPET,SELF FINANCING COLLEGES TIER 3,EE,ELECTRICAL AND ELECTRONICS ENGINEERING,,,,,,,,0,0,0,0,0,0,0
1232,"ARM College of Engineering and Technology, Sattamangalam,Maraimalainagar Post, Chengalpattu Taluk, Kanchipuram Dist-603209.",CHENGALPET,SELF FINANCING COLLEGES TIER 3,IT,INFORMATION TECHNOLOGY,180633,,,,,,,1,0,0,0,0,0,0
1232,"ARM College of Engineering and Technology, Sattamangalam,Maraimalainagar Post, Chengalpattu Taluk, Kanchipuram Dist-603209.",CHENGALPET,SELF FINANCING COLLEGES TIER 3,ME,MECHANICAL ENGINEERING,237007,,,,,,,1,0,0,0,0,0,0
1232,"ARM College of Engineering and Technology, Sattamangalam,Maraimalainagar Post, Chengalpattu Taluk, Kanchipuram Dist-603209.",CHENGALPET,SELF FINANCING COLLEGES TIER 3,SC,Computer Science and Engineering (Cyber Security),117563,,,,,,,1,0,0,0,0,0,0
1233,"Adhi College of Engineering and Technology, No. 6, Munu  Adhi Nagar, Sankarapuram, Puliambakkam Post, Near Wallajabad Kancheepuram-631605.",KANCHEEPURAM,SELF FINANCING COLLEGES TIER 3,AD,Artificial Intelligence and Data Science,132167,159348,137609,190384,183077,,,0,0,1,0,1,0,0
1233,"Adhi College of Engineering and Technology, No. 6, Munu  Adhi Nagar, Sankarapuram, Puliambakkam Post, Near Wallajabad Kancheepuram-631605.",KANCHEEPURAM,SELF FINANCING COLLEGES TIER 3,CS,COMPUTER SCIENCE AND ENGINEERING,137061,220370,222616,213274,234918,211315,,0,1,1,0,1,1,0
1233,"Adhi College of Engineering and Technology, No. 6, Munu  Adhi Nagar, Sankarapuram, Puliambakkam Post, Near Wallajabad Kancheepuram-631605.",KANCHEEPURAM,SELF FINANCING COLLEGES TIER 3,EC,ELECTRONICS AND COMMUNICATION ENGINEERING,166070,210678,216284,200022,221904,,,0,1,1,0,1,0,0
1233,"Adhi College of Engineering and Technology, No. 6, Munu  Adhi Nagar, Sankarapuram, Puliambakkam Post, Near Wallajabad Kancheepuram-631605.",KANCHEEPURAM,SELF FINANCING COLLEGES TIER 3,EE,ELECTRICAL AND ELECTRONICS ENGINEERING,180708,233042,,233278,216045,,,0,1,0,0,1,0,0
1233,"Adhi College of Engineering and Technology, No. 6, Munu  Adhi Nagar, Sankarapuram, Puliambakkam Post, Near Wallajabad Kancheepuram-631605.",KANCHEEPURAM,SELF FINANCING COLLEGES TIER 3,IT,INFORMATION TECHNOLOGY,153369,208641,,222184,225867,,,0,1,0,0,1,0,0
1233,"Adhi College of Engineering and Technology, No. 6, Munu  Adhi Nagar, Sankarapuram, Puliambakkam Post, Near Wallajabad Kancheepuram-631605.",KANCHEEPURAM,SELF FINANCING COLLEGES TIER 3,ME,MECHANICAL ENGINEERING,214932,231572,,236002,235479,,,0,1,0,1,1,0,0
1235,"Jei Mathaajee College of Engineering, No.124, Vishakandikuppam Village, Siruvakkam Post, Kanchipuram-631552.",KANCHEEPURAM,SELF FINANCING COLLEGES TIER 3,CE,CIVIL  ENGINEERING,,,,,,,,0,0,0,0,0,0,0
1235,"Jei Mathaajee College of Engineering, No.124, Vishakandikuppam Village, Siruvakkam Post, Kanchipuram-631552.",KANCHEEPURAM,SELF FINANCING COLLEGES TIER 3,CS,COMPUTER SCIENCE AND ENGINEERING,211275,,,,,,,1,0,0,0,0,0,0
1235,"Jei Mathaajee College of Engineering, No.124, Vishakandikuppam Village, Siruvakkam Post, Kanchipuram-631552.",KANCHEEPURAM,SELF FINANCING COLLEGES TIER 3,EC,ELECTRONICS AND COMMUNICATION ENGINEERING,230893,,,,,,,1,0,0,0,0,0,0
1235,"Jei Mathaajee College of Engineering, No.124, Vishakandikuppam Village, Siruvakkam Post, Kanchipuram-631552.",KANCHEEPURAM,SELF FINANCING COLLEGES TIER 3,EE,ELECTRICAL AND ELECTRONICS ENGINEERING,,,,,,,,0,0,0,0,0,0,0
1235,"Jei Mathaajee College of Engineering, No.124, Vishakandikuppam Village, Siruvakkam Post, Kanchipuram-631552.",KANCHEEPURAM,SELF FINANCING COLLEGES TIER 3,IT,INFORMATION TECHNOLOGY,234783,,,,,,,1,0,0,0,0,0,0
1235,"Jei Mathaajee College of Engineering, No.124, Vishakandikuppam Village, Siruvakkam Post, Kanchipuram-631552.",KANCHEEPURAM,SELF FINANCING COLLEGES TIER 3,ME,MECHANICAL ENGINEERING,,,,,,,,0,0,0,0,0,0,0
1237,"Velammal Institute of Technology, Chennai - Kolkatta Highway, Pancheeti Village, Ponneri Taluk, Thiruvallur District-601204.",THIRUVALLUR,SELF FINANCING COLLEGES TIER 2,AD,Artificial Intelligence and Data Science,72708,93875,112880,114189,152341,,220596,0,0,0,0,0,0,0
1237,"Velammal Institute of Technology, Chennai - Kolkatta Highway, Pancheeti Village, Ponneri Taluk, Thiruvallur District-601204.",THIRUVALLUR,SELF FINANCING COLLEGES TIER 2,CS,COMPUTER SCIENCE AND ENGINEERING,70409,90829,98435,112200,170654,,,0,0,0,0,0,0,0
1237,"Velammal Institute of Technology, Chennai - Kolkatta Highway, Pancheeti Village, Ponneri Taluk, Thiruvallur District-601204.",THIRUVALLUR,SELF FINANCING COLLEGES TIER 2,EC,ELECTRONICS AND COMMUNICATION ENGINEERING,78747,100414,114068,115866,180004,,230281,0,0,0,0,0,0,0
1237,"Velammal Institute of Technology, Chennai - Kolkatta Highway, Pancheeti Village, Ponneri Taluk, Thiruvallur District-601204.",THIRUVALLUR,SELF FINANCING COLLEGES TIER 2,EE,ELECTRICAL AND ELECTRONICS ENGINEERING,96282,123488,113065,131200,167663,,,0,0,0,0,0,0,0
1237,"Velammal Institute of Technology, Chennai - Kolkatta Highway, Pancheeti Village, Ponneri Taluk, Thiruvallur District-601204.",THIRUVALLUR,SELF FINANCING COLLEGES TIER 2,IT,INFORMATION TECHNOLOGY,82135,96436,98938,104753,176366,214916,,0,0,0,0,0,0,0
1237,"Velammal Institute of Technology, Chennai - Kolkatta Highway, Pancheeti Village, Ponneri Taluk, Thiruvallur District-601204.",THIRUVALLUR,SELF FINANCING COLLEGES TIER 2,ME,MECHANICAL ENGINEERING,100550,132589,158083,161480,182735,,,0,0,0,0,0,0,0
1237,"Velammal Institute of Technology, Chennai - Kolkatta Highway, Pancheeti Village, Ponneri Taluk, Thiruvallur District-601204.",THIRUVALLUR,SELF FINANCING COLLEGES TIER 2,MZ,Mechatronics Engineering,125474,129750,,142883,145500,,,0,0,0,0,0,0,0
1238,"GRT Institute of Engineering and Technology (Autonomous), GRT Mahalakshmi Nagar, Chennai-Tirupathi Highway, Tiruttani, Thiruvallur-631209.",THIRUVALLUR,SELF FINANCING COLLEGES TIER 3,AD,Artificial Intelligence and Data Science,122190,221469,221433,200464,233153,,,0,0,1,0,1,0,0
1238,"GRT Institute of Engineering and Technology (Autonomous), GRT Mahalakshmi Nagar, Chennai-Tirupathi Highway, Tiruttani, Thiruvallur-631209.",THIRUVALLUR,SELF FINANCING COLLEGES TIER 3,BM,BIO MEDICAL ENGINEERING,208526,229169,,238265,,,,0,1,0,0,0,0,0
1238,"GRT Institute of Engineering and Technology (Autonomous), GRT Mahalakshmi Nagar, Chennai-Tirupathi Highway, Tiruttani, Thiruvallur-631209.",THIRUVALLUR,SELF FINANCING COLLEGES TIER 3,CS,COMPUTER SCIENCE AND ENGINEERING,104635,198624,217428,205641,227671,,,0,0,1,0,1,0,0
1238,"GRT Institute of Engineering and Technology (Autonomous), GRT Mahalakshmi Nagar, Chennai-Tirupathi Highway, Tiruttani, Thiruvallur-631209.",THIRUVALLUR,SELF FINANCING COLLEGES TIER 3,EC,ELECTRONICS AND COMMUNICATION ENGINEERING,152782,203361,185867,213394,237171,,,0,0,0,0,1,0,0
1238,"GRT Institute of Engineering and Technology (Autonomous), GRT Mahalakshmi Nagar, Chennai-Tirupathi Highway, Tiruttani, Thiruvallur-631209.",THIRUVALLUR,SELF FINANCING COLLEGES TIER 3,EE,ELECTRICAL AND ELECTRONICS ENGINEERING,202980,,,225105,205082,,,0,0,0,1,1,0,0
1238,"GRT Institute of Engineering and Technology (Autonomous), GRT Mahalakshmi Nagar, Chennai-Tirupathi Highway, Tiruttani, Thiruvallur-631209.",THIRUVALLUR,SELF FINANCING COLLEGES TIER 3,IT,INFORMATION TECHNOLOGY,132759,220581,,189263,234016,,,0,0,0,0,1,0,0
1238,"GRT Institute of Engineering and Technology (Autonomous), GRT Mahalakshmi Nagar, Chennai-Tirupathi Highway, Tiruttani, Thiruvallur-631209.",THIRUVALLUR,SELF FINANCING COLLEGES TIER 3,ME,MECHANICAL ENGINEERING,191862,,220416,219015,222900,,,0,0,0,0,1,0,0
1241,"T.J.S. Engineering College, Peruvoyal, Near Kavaraipettai,Gummidipoondi Taluk,Thiruvallur District-601206.",THIRUVALLUR,SELF FINANCING COLLEGES TIER 3,AD,Artificial Intelligence and Data Science,133862,179547,165335,208264,217523,,,0,0,1,0,0,0,0
1241,"T.J.S. Engineering College, Peruvoyal, Near Kavaraipettai,Gummidipoondi Taluk,Thiruvallur District-601206.",THIRUVALLUR,SELF FINANCING COLLEGES TIER 3,AM,COMPUTER SCIENCE AND ENGINEERING (AI AND MACHINE LEARNING),136568,229248,,182432,224924,,,0,1,0,1,0,0,0
1241,"T.J.S. Engineering College, Peruvoyal, Near Kavaraipettai,Gummidipoondi Taluk,Thiruvallur District-601206.",THIRUVALLUR,SELF FINANCING COLLEGES TIER 3,CS,COMPUTER SCIENCE AND ENGINEERING,121695,210967,123770,217064,207492,235798,,0,0,0,0,0,0,0
1241,"T.J.S. Engineering College, Peruvoyal, Near Kavaraipettai,Gummidipoondi Taluk,Thiruvallur District-601206.",THIRUVALLUR,SELF FINANCING COLLEGES TIER 3,EC,ELECTRONICS AND COMMUNICATION ENGINEERING,177460,234145,,221929,230513,,,0,1,0,0,0,0,0
1241,"T.J.S. Engineering College, Peruvoyal, Near Kavaraipettai,Gummidipoondi Taluk,Thiruvallur District-601206.",THIRUVALLUR,SELF FINANCING COLLEGES TIER 3,EE,ELECTRICAL AND ELECTRONICS ENGINEERING,214355,224000,,216012,228501,,,0,1,0,1,0,0,0
1241,"T.J.S. Engineering College, Peruvoyal, Near Kavaraipettai,Gummidipoondi Taluk,Thiruvallur District-601206.",THIRUVALLUR,SELF FINANCING COLLEGES TIER 3,IT,INFORMATION TECHNOLOGY,185198,235279,,232796,229439,,,0,1,0,1,0,0,0
1241,"T.J.S. Engineering College, Peruvoyal, Near Kavaraipettai,Gummidipoondi Taluk,Thiruvallur District-601206.",THIRUVALLUR,SELF FINANCING COLLEGES TIER 3,ME,MECHANICAL ENGINEERING,216393,227520,,221253,239023,,,0,1,0,1,1,0,0
1243,"ST. LOURDES ENGINEERING COLLEGE (Formerly Madha Institute of Engineering and Technology), Irandaam Kattalai, Sadhananthapuram, Thandalam post, Chennai-600122.",KANCHEEPURAM,SELF FINANCING COLLEGES TIER 3,AD,Artificial Intelligence and Data Science,237896,,,,,,,1,0,0,0,0,0,0
1243,"ST. LOURDES ENGINEERING COLLEGE (Formerly Madha Institute of Engineering and Technology), Irandaam Kattalai, Sadhananthapuram, Thandalam post, Chennai-600122.",KANCHEEPURAM,SELF FINANCING COLLEGES TIER 3,CS,COMPUTER SCIENCE AND ENGINEERING,239138,,,,,,,1,0,0,0,0,0,0
1243,"ST. LOURDES ENGINEERING COLLEGE (Formerly Madha Institute of Engineering and Technology), Irandaam Kattalai, Sadhananthapuram, Thandalam post, Chennai-600122.",KANCHEEPURAM,SELF FINANCING COLLEGES TIER 3,EC,ELECTRONICS AND COMMUNICATION ENGINEERING,234009,,,,,,,1,0,0,0,0,0,0
1243,"ST. LOURDES ENGINEERING COLLEGE (Formerly Madha Institute of Engineering and Technology), Irandaam Kattalai, Sadhananthapuram, Thandalam post, Chennai-600122.",KANCHEEPURAM,SELF FINANCING COLLEGES TIER 3,IT,INFORMATION TECHNOLOGY,175243,,,,,,,1,0,0,0,0,0,0
1243,"ST. LOURDES ENGINEERING COLLEGE (Formerly Madha Institute of Engineering and Technology), Irandaam Kattalai, Sadhananthapuram, Thandalam post, Chennai-600122.",KANCHEEPURAM,SELF FINANCING COLLEGES TIER 3,SC,Computer Science and Engineering (Cyber Security),221684,,,,,,,1,0,0,0,0,0,0
1301,"Mohamed Sathak A J College of Engineering (Autonomous), #34, Rajiv Gandhi Road(OMR), IT Highway, Siruseri, Egattur, Chennai-603103.",CHENGALPET,SELF FINANCING COLLEGES TIER 3,AD,Artificial Intelligence and Data Science,87630,193585,113225,170073,206635,233687,,0,0,0,0,1,0,0
1301,"Mohamed Sathak A J College of Engineering (Autonomous), #34, Rajiv Gandhi Road(OMR), IT Highway, Siruseri, Egattur, Chennai-603103.",CHENGALPET,SELF FINANCING COLLEGES TIER 3,AM,COMPUTER SCIENCE AND ENGINEERING (AI AND MACHINE LEARNING),150137,213424,,201861,181956,,,0,0,0,0,1,0,0
1301,"Mohamed Sathak A J College of Engineering (Autonomous), #34, Rajiv Gandhi Road(OMR), IT Highway, Siruseri, Egattur, Chennai-603103.",CHENGALPET,SELF FINANCING COLLEGES TIER 3,CB,COMPUTER SCIENCE AND BUSSINESS SYSTEM,137579,213338,139427,217358,205988,,,0,1,0,0,1,0,0
1301,"Mohamed Sathak A J College of Engineering (Autonomous), #34, Rajiv Gandhi Road(OMR), IT Highway, Siruseri, Egattur, Chennai-603103.",CHENGALPET,SELF FINANCING COLLEGES TIER 3,CE,CIVIL  ENGINEERING,182820,,227156,,,,,0,0,0,0,0,0,0
1301,"Mohamed Sathak A J College of Engineering (Autonomous), #34, Rajiv Gandhi Road(OMR), IT Highway, Siruseri, Egattur, Chennai-603103.",CHENGALPET,SELF FINANCING COLLEGES TIER 3,CS,COMPUTER SCIENCE AND ENGINEERING,86190,139352,94758,164967,223003,,,0,0,0,0,1,0,0
1301,"Mohamed Sathak A J College of Engineering (Autonomous), #34, Rajiv Gandhi Road(OMR), IT Highway, Siruseri, Egattur, Chennai-603103.",CHENGALPET,SELF FINANCING COLLEGES TIER 3,EA,Electronics and Communication (Advanced Communication Technology),158526,223041,162013,220017,208819,,,0,1,0,1,1,0,0
1301,"Mohamed Sathak A J College of Engineering (Autonomous), #34, Rajiv Gandhi Road(OMR), IT Highway, Siruseri, Egattur, Chennai-603103.",CHENGALPET,SELF FINANCING COLLEGES TIER 3,EC,ELECTRONICS AND COMMUNICATION ENGINEERING,145085,206900,151052,211908,223765,,,0,1,0,0,1,0,0
1301,"Mohamed Sathak A J College of Engineering (Autonomous), #34, Rajiv Gandhi Road(OMR), IT Highway, Siruseri, Egattur, Chennai-603103.",CHENGALPET,SELF FINANCING COLLEGES TIER 3,EE,ELECTRICAL AND ELECTRONICS ENGINEERING,161374,235206,,236171,221768,,,0,1,0,1,1,0,0
1301,"Mohamed Sathak A J College of Engineering (Autonomous), #34, Rajiv Gandhi Road(OMR), IT Highway, Siruseri, Egattur, Chennai-603103.",CHENGALPET,SELF FINANCING COLLEGES TIER 3,EV,Electronics Engineering (VLSI Design and Technology),155006,222409,216383,191000,234785,,,0,1,0,1,1,0,0
1301,"Mohamed Sathak A J College of Engineering (Autonomous), #34, Rajiv Gandhi Road(OMR), IT Highway, Siruseri, Egattur, Chennai-603103.",CHENGALPET,SELF FINANCING COLLEGES TIER 3,IT,INFORMATION TECHNOLOGY,134678,181250,136044,201379,222522,,,0,0,0,0,1,0,0
1301,"Mohamed Sathak A J College of Engineering (Autonomous), #34, Rajiv Gandhi Road(OMR), IT Highway, Siruseri, Egattur, Chennai-603103.",CHENGALPET,SELF FINANCING COLLEGES TIER 3,ME,MECHANICAL ENGINEERING,164219,228153,191188,189491,,,,0,1,0,1,0,0,0
1301,"Mohamed Sathak A J College of Engineering (Autonomous), #34, Rajiv Gandhi Road(OMR), IT Highway, Siruseri, Egattur, Chennai-603103.",CHENGALPET,SELF FINANCING COLLEGES TIER 3,SC,Computer Science and Engineering (Cyber Security),116478,184853,119018,155211,209816,,,0,0,0,0,0,0,0
1303,"Anand Institute of Higher Technology, Kalasalingam Nagar(Autonomous), Old Mahabalipuram Road, Kazhipattur Village, Chengalpattu Taluk, Kancheepuram District-603103.",CHENGALPET,SELF FINANCING COLLEGES TIER 3,AD,Artificial Intelligence and Data Science,110802,179672,160117,156920,197274,,,0,0,1,0,0,0,0
1303,"Anand Institute of Higher Technology, Kalasalingam Nagar(Autonomous), Old Mahabalipuram Road, Kazhipattur Village, Chengalpattu Taluk, Kancheepuram District-603103.",CHENGALPET,SELF FINANCING COLLEGES TIER 3,BT,BIO TECHNOLOGY,208164,208816,,213268,232534,,,0,1,0,1,1,0,0
1303,"Anand Institute of Higher Technology, Kalasalingam Nagar(Autonomous), Old Mahabalipuram Road, Kazhipattur Village, Chengalpattu Taluk, Kancheepuram District-603103.",CHENGALPET,SELF FINANCING COLLEGES TIER 3,CB,COMPUTER SCIENCE AND BUSSINESS SYSTEM,175419,190785,218144,237686,212241,,,0,1,0,1,1,0,0
1303,"Anand Institute of Higher Technology, Kalasalingam Nagar(Autonomous), Old Mahabalipuram Road, Kazhipattur Village, Chengalpattu Taluk, Kancheepuram District-603103.",CHENGALPET,SELF FINANCING COLLEGES TIER 3,CS,COMPUTER SCIENCE AND ENGINEERING,117783,198184,131150,168442,209769,226009,,0,0,0,0,1,1,0
1303,"Anand Institute of Higher Technology, Kalasalingam Nagar(Autonomous), Old Mahabalipuram Road, Kazhipattur Village, Chengalpattu Taluk, Kancheepuram District-603103.",CHENGALPET,SELF FINANCING COLLEGES TIER 3,EC,ELECTRONICS AND COMMUNICATION ENGINEERING,161825,227369,168912,220379,219417,,,0,1,1,0,1,0,0
1303,"Anand Institute of Higher Technology, Kalasalingam Nagar(Autonomous), Old Mahabalipuram Road, Kazhipattur Village, Chengalpattu Taluk, Kancheepuram District-603103.",CHENGALPET,SELF FINANCING COLLEGES TIER 3,EE,ELECTRICAL AND ELECTRONICS ENGINEERING,195680,,,216812,218208,,,0,0,0,1,1,0,0
1303,"Anand Institute of Higher Technology, Kalasalingam Nagar(Autonomous), Old Mahabalipuram Road, Kazhipattur Village, Chengalpattu Taluk, Kancheepuram District-603103.",CHENGALPET,SELF FINANCING COLLEGES TIER 3,IT,INFORMATION TECHNOLOGY,137127,212352,189434,190011,199331,,178210,0,0,0,0,0,0,0
1303,"Anand Institute of Higher Technology, Kalasalingam Nagar(Autonomous), Old Mahabalipuram Road, Kazhipattur Village, Chengalpattu Taluk, Kancheepuram District-603103.",CHENGALPET,SELF FINANCING COLLEGES TIER 3,ME,MECHANICAL ENGINEERING,230923,,,232159,231399,,,0,0,0,1,1,0,0
1303,"Anand Institute of Higher Technology, Kalasalingam Nagar(Autonomous), Old Mahabalipuram Road, Kazhipattur Village, Chengalpattu Taluk, Kancheepuram District-603103.",CHENGALPET,SELF FINANCING COLLEGES TIER 3,SC,Computer Science and Engineering (Cyber Security),166003,222038,178729,229565,201083,,,0,1,1,0,0,0,0
1304,"Easwari Engineering College (Autonomous), Bharathi Salai, Ramapuram, Chennai-600089.",THIRUVALLUR,SELF FINANCING COLLEGES TIER 1,AD,Artificial Intelligence and Data Science,25235,35440,38813,39820,89566,147091,,0,0,0,0,0,0,0
1304,"Easwari Engineering College (Autonomous), Bharathi Salai, Ramapuram, Chennai-600089.",THIRUVALLUR,SELF FINANCING COLLEGES TIER 1,AM,COMPUTER SCIENCE AND ENGINEERING (AI AND MACHINE LEARNING),24128,34694,37355,37012,82148,209734,,0,0,0,0,0,0,0
1304,"Easwari Engineering College (Autonomous), Bharathi Salai, Ramapuram, Chennai-600089.",THIRUVALLUR,SELF FINANCING COLLEGES TIER 1,AU,AUTOMOBILE ENGINEERING,67956,73398,76717,92291,152368,,,0,0,0,0,0,0,0
1304,"Easwari Engineering College (Autonomous), Bharathi Salai, Ramapuram, Chennai-600089.",THIRUVALLUR,SELF FINANCING COLLEGES TIER 1,BM,BIO MEDICAL ENGINEERING,41017,65306,44217,84860,153335,,,0,0,0,0,0,0,0
1304,"Easwari Engineering College (Autonomous), Bharathi Salai, Ramapuram, Chennai-600089.",THIRUVALLUR,SELF FINANCING COLLEGES TIER 1,BT,BIO TECHNOLOGY,41908,60378,89283,69285,133110,174578,,0,0,0,0,0,0,0
1304,"Easwari Engineering College (Autonomous), Bharathi Salai, Ramapuram, Chennai-600089.",THIRUVALLUR,SELF FINANCING COLLEGES TIER 1,CB,COMPUTER SCIENCE AND BUSSINESS SYSTEM,27763,37233,35973,45408,101983,,,0,0,0,0,0,0,0
1304,"Easwari Engineering College (Autonomous), Bharathi Salai, Ramapuram, Chennai-600089.",THIRUVALLUR,SELF FINANCING COLLEGES TIER 1,CD,COMPUTER SCIENCE AND DESIGN,30715,39066,40184,44311,103552,178897,,0,0,0,0,0,0,0
1304,"Easwari Engineering College (Autonomous), Bharathi Salai, Ramapuram, Chennai-600089.",THIRUVALLUR,SELF FINANCING COLLEGES TIER 1,CE,CIVIL  ENGINEERING,52812,83469,126592,75601,111187,,,0,0,0,0,0,0,0
1304,"Easwari Engineering College (Autonomous), Bharathi Salai, Ramapuram, Chennai-600089.",THIRUVALLUR,SELF FINANCING COLLEGES TIER 1,CS,COMPUTER SCIENCE AND ENGINEERING,17161,28138,29937,33652,65901,131775,125750,0,0,0,0,0,0,0
1304,"Easwari Engineering College (Autonomous), Bharathi Salai, Ramapuram, Chennai-600089.",THIRUVALLUR,SELF FINANCING COLLEGES TIER 1,EC,ELECTRONICS AND COMMUNICATION ENGINEERING,21417,34821,30892,39061,90813,163409,122874,0,0,0,0,0,0,0
1304,"Easwari Engineering College (Autonomous), Bharathi Salai, Ramapuram, Chennai-600089.",THIRUVALLUR,SELF FINANCING COLLEGES TIER 1,EE,ELECTRICAL AND ELECTRONICS ENGINEERING,35222,44278,41619,47645,123588,189541,,0,0,0,0,0,0,0
1304,"Easwari Engineering College (Autonomous), Bharathi Salai, Ramapuram, Chennai-600089.",THIRUVALLUR,SELF FINANCING COLLEGES TIER 1,IT,INFORMATION TECHNOLOGY,26586,35050,36871,39634,87058,174454,151927,0,0,0,0,0,0,0
1304,"Easwari Engineering College (Autonomous), Bharathi Salai, Ramapuram, Chennai-600089.",THIRUVALLUR,SELF FINANCING COLLEGES TIER 1,ME,MECHANICAL ENGINEERING,58253,73309,69830,79561,130660,204176,218078,0,0,0,0,0,1,0
1304,"Easwari Engineering College (Autonomous), Bharathi Salai, Ramapuram, Chennai-600089.",THIRUVALLUR,SELF FINANCING COLLEGES TIER 1,RM,ROBOTICS AND AUTOMATION,36134,45016,45241,58656,95966,,,0,0,0,0,0,0,0
1304,"Easwari Engineering College (Autonomous), Bharathi Salai, Ramapuram, Chennai-600089.",THIRUVALLUR,SELF FINANCING COLLEGES TIER 1,SC,Computer Science and Engineering (Cyber Security),25550,35407,,31063,83921,151244,152830,0,0,0,0,0,0,0
1306,"Jeppiaar Engineering College, Jeppiaar Nagar, Old Mammallapuram Road, Kanchipuram, Chennai-600119.",CHENGALPET,SELF FINANCING COLLEGES TIER 3,AD,Artificial Intelligence and Data Science,56270,73089,79420,77687,152796,206881,,0,0,0,0,0,1,0
1306,"Jeppiaar Engineering College, Jeppiaar Nagar, Old Mammallapuram Road, Kanchipuram, Chennai-600119.",CHENGALPET,SELF FINANCING COLLEGES TIER 3,AM,COMPUTER SCIENCE AND ENGINEERING (AI AND MACHINE LEARNING),62051,75594,76440,79648,158126,174286,,0,0,0,0,0,0,0
1306,"Jeppiaar Engineering College, Jeppiaar Nagar, Old Mammallapuram Road, Kanchipuram, Chennai-600119.",CHENGALPET,SELF FINANCING COLLEGES TIER 3,AO,AEROSPACE ENGINEERING,91012,116708,,142435,131002,,,0,0,0,0,0,0,0
1306,"Jeppiaar Engineering College, Jeppiaar Nagar, Old Mammallapuram Road, Kanchipuram, Chennai-600119.",CHENGALPET,SELF FINANCING COLLEGES TIER 3,BT,BIO TECHNOLOGY,77178,86562,155019,113617,156383,,,0,0,0,0,0,0,0
1306,"Jeppiaar Engineering College, Jeppiaar Nagar, Old Mammallapuram Road, Kanchipuram, Chennai-600119.",CHENGALPET,SELF FINANCING COLLEGES TIER 3,CS,COMPUTER SCIENCE AND ENGINEERING,51572,66135,70688,72658,147886,233325,223899,0,0,0,0,0,0,0
1306,"Jeppiaar Engineering College, Jeppiaar Nagar, Old Mammallapuram Road, Kanchipuram, Chennai-600119.",CHENGALPET,SELF FINANCING COLLEGES TIER 3,EC,ELECTRONICS AND COMMUNICATION ENGINEERING,60063,73793,87190,88127,152883,222681,,0,0,0,0,0,1,0
1306,"Jeppiaar Engineering College, Jeppiaar Nagar, Old Mammallapuram Road, Kanchipuram, Chennai-600119.",CHENGALPET,SELF FINANCING COLLEGES TIER 3,EE,ELECTRICAL AND ELECTRONICS ENGINEERING,79079,85951,105459,95655,163539,,,0,0,0,0,0,0,0
1306,"Jeppiaar Engineering College, Jeppiaar Nagar, Old Mammallapuram Road, Kanchipuram, Chennai-600119.",CHENGALPET,SELF FINANCING COLLEGES TIER 3,IT,INFORMATION TECHNOLOGY,61752,76047,80564,79829,160826,,,0,0,0,0,0,0,0
1306,"Jeppiaar Engineering College, Jeppiaar Nagar, Old Mammallapuram Road, Kanchipuram, Chennai-600119.",CHENGALPET,SELF FINANCING COLLEGES TIER 3,ME,MECHANICAL ENGINEERING,119756,170782,158872,153987,210750,,,0,0,0,0,0,0,0
1307,"Jerusalem College of Engineering (Autonomous), Velachery-Tambaram Main Road,Narayanapuram, Pallikkaranai,Chennai-600100.",CHENGALPET,SELF FINANCING COLLEGES TIER 3,AD,Artificial Intelligence and Data Science,69226,85456,98404,94329,137721,218807,,0,0,0,0,0,1,0
1307,"Jerusalem College of Engineering (Autonomous), Velachery-Tambaram Main Road,Narayanapuram, Pallikkaranai,Chennai-600100.",CHENGALPET,SELF FINANCING COLLEGES TIER 3,AM,COMPUTER SCIENCE AND ENGINEERING (AI AND MACHINE LEARNING),78202,94831,130927,117767,156475,,,0,0,0,0,0,0,0
1307,"Jerusalem College of Engineering (Autonomous), Velachery-Tambaram Main Road,Narayanapuram, Pallikkaranai,Chennai-600100.",CHENGALPET,SELF FINANCING COLLEGES TIER 3,BM,BIO MEDICAL ENGINEERING,136509,193439,136918,220762,216655,,,0,0,0,0,1,0,0
1307,"Jerusalem College of Engineering (Autonomous), Velachery-Tambaram Main Road,Narayanapuram, Pallikkaranai,Chennai-600100.",CHENGALPET,SELF FINANCING COLLEGES TIER 3,CB,COMPUTER SCIENCE AND BUSSINESS SYSTEM,83842,108735,94202,110848,161102,,,0,0,0,0,0,0,0
1307,"Jerusalem College of Engineering (Autonomous), Velachery-Tambaram Main Road,Narayanapuram, Pallikkaranai,Chennai-600100.",CHENGALPET,SELF FINANCING COLLEGES TIER 3,CS,COMPUTER SCIENCE AND ENGINEERING,64804,93470,108898,100607,146468,130306,106805,0,0,0,0,0,1,0
1307,"Jerusalem College of Engineering (Autonomous), Velachery-Tambaram Main Road,Narayanapuram, Pallikkaranai,Chennai-600100.",CHENGALPET,SELF FINANCING COLLEGES TIER 3,EC,ELECTRONICS AND COMMUNICATION ENGINEERING,76285,109275,97248,118157,156240,,,0,0,0,0,0,0,0
1307,"Jerusalem College of Engineering (Autonomous), Velachery-Tambaram Main Road,Narayanapuram, Pallikkaranai,Chennai-600100.",CHENGALPET,SELF FINANCING COLLEGES TIER 3,EE,ELECTRICAL AND ELECTRONICS ENGINEERING,111698,156045,,135940,208349,,,0,0,0,0,0,0,0
1307,"Jerusalem College of Engineering (Autonomous), Velachery-Tambaram Main Road,Narayanapuram, Pallikkaranai,Chennai-600100.",CHENGALPET,SELF FINANCING COLLEGES TIER 3,IT,INFORMATION TECHNOLOGY,81630,105215,129579,115861,147458,,120673,0,0,0,0,0,0,0
1307,"Jerusalem College of Engineering (Autonomous), Velachery-Tambaram Main Road,Narayanapuram, Pallikkaranai,Chennai-600100.",CHENGALPET,SELF FINANCING COLLEGES TIER 3,SC,Computer Science and Engineering (Cyber Security),83302,105680,133393,114628,155812,,,0,0,0,0,0,0,0
1309,"Meenakshi Sundararajan Engineering College (Autonomous), C/O I.I.E.T Society No.363, Arcot Road, Kodambakkam, Chennai-600024.",CHENNAI,SELF FINANCING COLLEGES TIER 3,AD,Artificial Intelligence and Data Science,47337,58019,56960,68087,120769,,128459,0,0,0,0,0,0,0
1309,"Meenakshi Sundararajan Engineering College (Autonomous), C/O I.I.E.T Society No.363, Arcot Road, Kodambakkam, Chennai-600024.",CHENNAI,SELF FINANCING COLLEGES TIER 3,CE,CIVIL  ENGINEERING,112182,168355,131260,178187,218470,202251,,0,0,0,0,0,0,0
1309,"Meenakshi Sundararajan Engineering College (Autonomous), C/O I.I.E.T Society No.363, Arcot Road, Kodambakkam, Chennai-600024.",CHENNAI,SELF FINANCING COLLEGES TIER 3,CS,COMPUTER SCIENCE AND ENGINEERING,35162,49260,41926,56003,113363,172761,164527,0,0,0,0,0,1,0
1309,"Meenakshi Sundararajan Engineering College (Autonomous), C/O I.I.E.T Society No.363, Arcot Road, Kodambakkam, Chennai-600024.",CHENNAI,SELF FINANCING COLLEGES TIER 3,EC,ELECTRONICS AND COMMUNICATION ENGINEERING,46625,63394,51133,62326,153553,167943,189577,0,0,0,0,0,1,0
1309,"Meenakshi Sundararajan Engineering College (Autonomous), C/O I.I.E.T Society No.363, Arcot Road, Kodambakkam, Chennai-600024.",CHENNAI,SELF FINANCING COLLEGES TIER 3,EE,ELECTRICAL AND ELECTRONICS ENGINEERING,68962,82077,,91585,156714,,,0,0,0,0,0,0,0
1309,"Meenakshi Sundararajan Engineering College (Autonomous), C/O I.I.E.T Society No.363, Arcot Road, Kodambakkam, Chennai-600024.",CHENNAI,SELF FINANCING COLLEGES TIER 3,IT,INFORMATION TECHNOLOGY,48833,63880,56961,67257,142917,,,0,0,0,0,0,0,0
1309,"Meenakshi Sundararajan Engineering College (Autonomous), C/O I.I.E.T Society No.363, Arcot Road, Kodambakkam, Chennai-600024.",CHENNAI,SELF FINANCING COLLEGES TIER 3,ME,MECHANICAL ENGINEERING,74893,98428,90372,128076,137905,,,0,0,0,0,0,0,0
1310,"Misrimal Navajee Munoth Jain Engineering College, Guru Marudhar Kesari Building, Jyothi Nagar, Thorapakkam, Chennai-600097.",CHENGALPET,SELF FINANCING COLLEGES TIER 3,AD,Artificial Intelligence and Data Science,103583,153359,133982,147718,223291,,,0,0,0,0,0,0,0
1310,"Misrimal Navajee Munoth Jain Engineering College, Guru Marudhar Kesari Building, Jyothi Nagar, Thorapakkam, Chennai-600097.",CHENGALPET,SELF FINANCING COLLEGES TIER 3,CB,COMPUTER SCIENCE AND BUSSINESS SYSTEM,137113,190548,,184771,,,,0,0,0,0,0,0,0
1310,"Misrimal Navajee Munoth Jain Engineering College, Guru Marudhar Kesari Building, Jyothi Nagar, Thorapakkam, Chennai-600097.",CHENGALPET,SELF FINANCING COLLEGES TIER 3,CE,CIVIL  ENGINEERING,177153,,,,,,,1,0,0,0,0,0,0
1310,"Misrimal Navajee Munoth Jain Engineering College, Guru Marudhar Kesari Building, Jyothi Nagar, Thorapakkam, Chennai-600097.",CHENGALPET,SELF FINANCING COLLEGES TIER 3,CS,COMPUTER SCIENCE AND ENGINEERING,71182,128154,122830,122177,211303,,,0,0,0,0,0,0,0
1310,"Misrimal Navajee Munoth Jain Engineering College, Guru Marudhar Kesari Building, Jyothi Nagar, Thorapakkam, Chennai-600097.",CHENGALPET,SELF FINANCING COLLEGES TIER 3,EC,ELECTRONICS AND COMMUNICATION ENGINEERING,126092,193370,207856,156711,196585,,,0,0,0,0,0,0,0
1310,"Misrimal Navajee Munoth Jain Engineering College, Guru Marudhar Kesari Building, Jyothi Nagar, Thorapakkam, Chennai-600097.",CHENGALPET,SELF FINANCING COLLEGES TIER 3,EE,ELECTRICAL AND ELECTRONICS ENGINEERING,135882,,,223340,,,,0,0,0,1,0,0,0
1310,"Misrimal Navajee Munoth Jain Engineering College, Guru Marudhar Kesari Building, Jyothi Nagar, Thorapakkam, Chennai-600097.",CHENGALPET,SELF FINANCING COLLEGES TIER 3,IT,INFORMATION TECHNOLOGY,107560,157498,142964,156154,234739,,,0,0,0,0,0,0,0
1310,"Misrimal Navajee Munoth Jain Engineering College, Guru Marudhar Kesari Building, Jyothi Nagar, Thorapakkam, Chennai-600097.",CHENGALPET,SELF FINANCING COLLEGES TIER 3,ME,MECHANICAL ENGINEERING,176704,225040,,234402,,,,0,0,0,1,0,0,0
1311,"KCG college of Technology (Autonomous), Rajiv Gandhi Salai, Karapakkam, Chennai-600097.",CHENGALPET,SELF FINANCING COLLEGES TIER 3,AD,Artificial Intelligence and Data Science,56527,72823,65530,73186,138697,,232455,0,0,0,0,0,0,0
1311,"KCG college of Technology (Autonomous), Rajiv Gandhi Salai, Karapakkam, Chennai-600097.",CHENGALPET,SELF FINANCING COLLEGES TIER 3,AE,AERONAUTICAL ENGINEERING,69084,88982,94257,102753,176207,,,0,0,0,0,0,0,0
1311,"KCG college of Technology (Autonomous), Rajiv Gandhi Salai, Karapakkam, Chennai-600097.",CHENGALPET,SELF FINANCING COLLEGES TIER 3,AM,COMPUTER SCIENCE AND ENGINEERING (AI AND MACHINE LEARNING),59314,73635,66475,77308,154640,181854,,0,0,0,0,0,0,0
1311,"KCG college of Technology (Autonomous), Rajiv Gandhi Salai, Karapakkam, Chennai-600097.",CHENGALPET,SELF FINANCING COLLEGES TIER 3,AO,AEROSPACE ENGINEERING,37825,70719,93696,99280,160476,168117,,0,0,0,0,0,0,0
1311,"KCG college of Technology (Autonomous), Rajiv Gandhi Salai, Karapakkam, Chennai-600097.",CHENGALPET,SELF FINANCING COLLEGES TIER 3,AU,AUTOMOBILE ENGINEERING,116291,175797,165976,195114,220642,,,0,0,0,0,0,0,0
1311,"KCG college of Technology (Autonomous), Rajiv Gandhi Salai, Karapakkam, Chennai-600097.",CHENGALPET,SELF FINANCING COLLEGES TIER 3,CE,CIVIL  ENGINEERING,140774,188517,189830,224029,223656,,,0,0,0,1,0,0,0
1311,"KCG college of Technology (Autonomous), Rajiv Gandhi Salai, Karapakkam, Chennai-600097.",CHENGALPET,SELF FINANCING COLLEGES TIER 3,CS,COMPUTER SCIENCE AND ENGINEERING,49747,67303,59591,72701,155059,234610,,0,0,0,0,0,1,0
1311,"KCG college of Technology (Autonomous), Rajiv Gandhi Salai, Karapakkam, Chennai-600097.",CHENGALPET,SELF FINANCING COLLEGES TIER 3,EC,ELECTRONICS AND COMMUNICATION ENGINEERING,58517,75263,84864,79521,146564,184012,,0,0,0,0,0,1,0
1311,"KCG college of Technology (Autonomous), Rajiv Gandhi Salai, Karapakkam, Chennai-600097.",CHENGALPET,SELF FINANCING COLLEGES TIER 3,EE,ELECTRICAL AND ELECTRONICS ENGINEERING,72841,87439,102014,113331,169528,,,0,0,0,0,0,0,0
1311,"KCG college of Technology (Autonomous), Rajiv Gandhi Salai, Karapakkam, Chennai-600097.",CHENGALPET,SELF FINANCING COLLEGES TIER 3,FT,FASHION TECHNOLOGY,129354,217690,,213813,212985,,,0,0,0,0,0,0,0
1311,"KCG college of Technology (Autonomous), Rajiv Gandhi Salai, Karapakkam, Chennai-600097.",CHENGALPET,SELF FINANCING COLLEGES TIER 3,IT,INFORMATION TECHNOLOGY,61931,76545,70154,78757,149409,,196823,0,0,0,0,0,0,0
1311,"KCG college of Technology (Autonomous), Rajiv Gandhi Salai, Karapakkam, Chennai-600097.",CHENGALPET,SELF FINANCING COLLEGES TIER 3,ME,MECHANICAL ENGINEERING,74574,106799,101624,114442,156860,,,0,0,0,0,0,0,0
1311,"KCG college of Technology (Autonomous), Rajiv Gandhi Salai, Karapakkam, Chennai-600097.",CHENGALPET,SELF FINANCING COLLEGES TIER 3,MZ,Mechatronics Engineering,81746,102910,,102467,152342,,,0,0,0,0,0,0,0
1311,"KCG college of Technology (Autonomous), Rajiv Gandhi Salai, Karapakkam, Chennai-600097.",CHENGALPET,SELF FINANCING COLLEGES TIER 3,SC,Computer Science and Engineering (Cyber Security),58193,72590,75039,76919,122600,208351,,0,0,0,0,0,0,0
1315,"Sri Sivasubramaniya Nadar College of Engineering (Autonomous), Rajiv Gandhi Salai (OMR), Kalavakkam,Kanchipuram District-603110.",CHENGALPET,SELF FINANCING COLLEGES TIER 1,BM,BIO MEDICAL ENGINEERING,8842,12986,18948,14474,27844,,,0,0,0,0,0,0,0
1315,"Sri Sivasubramaniya Nadar College of Engineering (Autonomous), Rajiv Gandhi Salai (OMR), Kalavakkam,Kanchipuram District-603110.",CHENGALPET,SELF FINANCING COLLEGES TIER 1,CE,CIVIL  ENGINEERING,9173,15608,28248,17409,49697,128299,145630,0,0,0,0,0,0,0
1315,"Sri Sivasubramaniya Nadar College of Engineering (Autonomous), Rajiv Gandhi Salai (OMR), Kalavakkam,Kanchipuram District-603110.",CHENGALPET,SELF FINANCING COLLEGES TIER 1,CH,CHEMICAL  ENGINEERING,9832,12999,10273,19767,32836,53806,,0,0,0,0,0,0,0
1315,"Sri Sivasubramaniya Nadar College of Engineering (Autonomous), Rajiv Gandhi Salai (OMR), Kalavakkam,Kanchipuram District-603110.",CHENGALPET,SELF FINANCING COLLEGES TIER 1,CJ,M.Tech. Computer Science and Engineering (Integrated 5 years),2298,3608,4315,4986,16923,38334,,0,0,0,0,0,0,0
1315,"Sri Sivasubramaniya Nadar College of Engineering (Autonomous), Rajiv Gandhi Salai (OMR), Kalavakkam,Kanchipuram District-603110.",CHENGALPET,SELF FINANCING COLLEGES TIER 1,CS,COMPUTER SCIENCE AND ENGINEERING,513,1109,845,1355,8716,35302,17144,0,0,0,0,0,0,0
1315,"Sri Sivasubramaniya Nadar College of Engineering (Autonomous), Rajiv Gandhi Salai (OMR), Kalavakkam,Kanchipuram District-603110.",CHENGALPET,SELF FINANCING COLLEGES TIER 1,EC,ELECTRONICS AND COMMUNICATION ENGINEERING,1214,1745,2572,2137,9110,38730,,0,0,0,0,0,0,0
1315,"Sri Sivasubramaniya Nadar College of Engineering (Autonomous), Rajiv Gandhi Salai (OMR), Kalavakkam,Kanchipuram District-603110.",CHENGALPET,SELF FINANCING COLLEGES TIER 1,EE,ELECTRICAL AND ELECTRONICS ENGINEERING,2550,3793,4890,4981,14256,46638,24361,0,0,0,0,0,0,0
1315,"Sri Sivasubramaniya Nadar College of Engineering (Autonomous), Rajiv Gandhi Salai (OMR), Kalavakkam,Kanchipuram District-603110.",CHENGALPET,SELF FINANCING COLLEGES TIER 1,IT,INFORMATION TECHNOLOGY,1321,1770,2197,1977,10572,22657,18341,0,0,0,0,0,0,0
1315,"Sri Sivasubramaniya Nadar College of Engineering (Autonomous), Rajiv Gandhi Salai (OMR), Kalavakkam,Kanchipuram District-603110.",CHENGALPET,SELF FINANCING COLLEGES TIER 1,ME,MECHANICAL ENGINEERING,6286,8930,11925,10629,30262,47569,75835,0,0,0,0,0,0,0
1316,"Agni College of Technology (Autonomous), Thalambur Off.Rajiv Gandhi Salai, Chengalpattu Taluk, Kancheepuram District-603103.",CHENGALPET,SELF FINANCING COLLEGES TIER 3,AD,Artificial Intelligence and Data Science,82748,113754,113688,123299,177576,,,0,0,0,0,0,0,0
1316,"Agni College of Technology (Autonomous), Thalambur Off.Rajiv Gandhi Salai, Chengalpattu Taluk, Kancheepuram District-603103.",CHENGALPET,SELF FINANCING COLLEGES TIER 3,BM,BIO MEDICAL ENGINEERING,143975,224395,168261,199085,221671,,,0,0,0,0,1,0,0
1316,"Agni College of Technology (Autonomous), Thalambur Off.Rajiv Gandhi Salai, Chengalpattu Taluk, Kancheepuram District-603103.",CHENGALPET,SELF FINANCING COLLEGES TIER 3,CE,CIVIL  ENGINEERING,183804,235637,193500,237808,221761,,,0,0,0,1,1,0,0
1316,"Agni College of Technology (Autonomous), Thalambur Off.Rajiv Gandhi Salai, Chengalpattu Taluk, Kancheepuram District-603103.",CHENGALPET,SELF FINANCING COLLEGES TIER 3,CH,CHEMICAL  ENGINEERING,122613,230561,170101,227614,238575,171948,,0,0,0,0,1,0,0
1316,"Agni College of Technology (Autonomous), Thalambur Off.Rajiv Gandhi Salai, Chengalpattu Taluk, Kancheepuram District-603103.",CHENGALPET,SELF FINANCING COLLEGES TIER 3,CS,COMPUTER SCIENCE AND ENGINEERING,88006,124002,123204,132541,172267,185107,,0,0,0,0,0,1,0
1316,"Agni College of Technology (Autonomous), Thalambur Off.Rajiv Gandhi Salai, Chengalpattu Taluk, Kancheepuram District-603103.",CHENGALPET,SELF FINANCING COLLEGES TIER 3,EC,ELECTRONICS AND COMMUNICATION ENGINEERING,89232,130446,122026,151215,155154,,,0,0,0,0,0,0,0
1316,"Agni College of Technology (Autonomous), Thalambur Off.Rajiv Gandhi Salai, Chengalpattu Taluk, Kancheepuram District-603103.",CHENGALPET,SELF FINANCING COLLEGES TIER 3,EE,ELECTRICAL AND ELECTRONICS ENGINEERING,101319,139051,,154800,205060,,,0,0,0,0,0,0,0
1316,"Agni College of Technology (Autonomous), Thalambur Off.Rajiv Gandhi Salai, Chengalpattu Taluk, Kancheepuram District-603103.",CHENGALPET,SELF FINANCING COLLEGES TIER 3,IT,INFORMATION TECHNOLOGY,97217,134832,147033,136887,177618,,,0,0,0,0,0,0,0
1316,"Agni College of Technology (Autonomous), Thalambur Off.Rajiv Gandhi Salai, Chengalpattu Taluk, Kancheepuram District-603103.",CHENGALPET,SELF FINANCING COLLEGES TIER 3,ME,MECHANICAL ENGINEERING,148414,205505,191643,188998,231830,,,0,0,0,0,0,0,0
1316,"Agni College of Technology (Autonomous), Thalambur Off.Rajiv Gandhi Salai, Chengalpattu Taluk, Kancheepuram District-603103.",CHENGALPET,SELF FINANCING COLLEGES TIER 3,MZ,Mechatronics Engineering,125554,187925,,151125,212154,,,0,0,0,0,0,0,0
1317,"St. Joseph's College of Engineering (Autonomous), Jeppiaar Nagar, Old Mamallapuram Road, Kanchipuram, Chennai-600119.",CHENGALPET,SELF FINANCING COLLEGES TIER 1,AD,Artificial Intelligence and Data Science,30626,45301,34745,48112,110244,204827,186968,0,0,0,0,0,1,0
1317,"St. Joseph's College of Engineering (Autonomous), Jeppiaar Nagar, Old Mamallapuram Road, Kanchipuram, Chennai-600119.",CHENGALPET,SELF FINANCING COLLEGES TIER 1,AL,Artificial Intelligence and Machine Learning,34829,46079,51451,49333,122717,218749,,0,0,0,0,0,0,0
1317,"St. Joseph's College of Engineering (Autonomous), Jeppiaar Nagar, Old Mamallapuram Road, Kanchipuram, Chennai-600119.",CHENGALPET,SELF FINANCING COLLEGES TIER 1,BT,BIO TECHNOLOGY,50304,66476,52948,71309,129885,,,0,0,0,0,0,0,0
1317,"St. Joseph's College of Engineering (Autonomous), Jeppiaar Nagar, Old Mamallapuram Road, Kanchipuram, Chennai-600119.",CHENGALPET,SELF FINANCING COLLEGES TIER 1,CB,COMPUTER SCIENCE AND BUSSINESS SYSTEM,38744,46125,44499,51570,122013,223631,,0,0,0,0,0,0,0
1317,"St. Joseph's College of Engineering (Autonomous), Jeppiaar Nagar, Old Mamallapuram Road, Kanchipuram, Chennai-600119.",CHENGALPET,SELF FINANCING COLLEGES TIER 1,CH,CHEMICAL  ENGINEERING,44664,51844,105785,76677,66493,,,0,0,0,0,0,0,0
1317,"St. Joseph's College of Engineering (Autonomous), Jeppiaar Nagar, Old Mamallapuram Road, Kanchipuram, Chennai-600119.",CHENGALPET,SELF FINANCING COLLEGES TIER 1,CJ,M.Tech. Computer Science and Engineering (Integrated 5 years),41217,52683,45651,63175,138493,220317,159956,0,0,0,0,0,0,0
1317,"St. Joseph's College of Engineering (Autonomous), Jeppiaar Nagar, Old Mamallapuram Road, Kanchipuram, Chennai-600119.",CHENGALPET,SELF FINANCING COLLEGES TIER 1,CS,COMPUTER SCIENCE AND ENGINEERING,18987,30803,24293,39862,83594,152194,128816,0,0,0,0,0,0,0
1317,"St. Joseph's College of Engineering (Autonomous), Jeppiaar Nagar, Old Mamallapuram Road, Kanchipuram, Chennai-600119.",CHENGALPET,SELF FINANCING COLLEGES TIER 1,EC,ELECTRONICS AND COMMUNICATION ENGINEERING,26076,38014,36710,48898,108794,91699,,0,0,0,0,0,1,0
1317,"St. Joseph's College of Engineering (Autonomous), Jeppiaar Nagar, Old Mamallapuram Road, Kanchipuram, Chennai-600119.",CHENGALPET,SELF FINANCING COLLEGES TIER 1,EE,ELECTRICAL AND ELECTRONICS ENGINEERING,39904,53873,66176,67905,152540,176203,,0,0,0,0,0,0,0
1317,"St. Joseph's College of Engineering (Autonomous), Jeppiaar Nagar, Old Mamallapuram Road, Kanchipuram, Chennai-600119.",CHENGALPET,SELF FINANCING COLLEGES TIER 1,IT,INFORMATION TECHNOLOGY,28713,42144,38107,48561,108696,201049,206705,0,0,0,0,0,0,0
1317,"St. Joseph's College of Engineering (Autonomous), Jeppiaar Nagar, Old Mamallapuram Road, Kanchipuram, Chennai-600119.",CHENGALPET,SELF FINANCING COLLEGES TIER 1,ME,MECHANICAL ENGINEERING,61848,75240,100954,85439,127749,,,0,0,0,0,0,0,0
1317,"St. Joseph's College of Engineering (Autonomous), Jeppiaar Nagar, Old Mamallapuram Road, Kanchipuram, Chennai-600119.",CHENGALPET,SELF FINANCING COLLEGES TIER 1,MZ,Mechatronics Engineering,59445,70494,81927,79717,141904,,,0,0,0,0,0,0,0
1317,"St. Joseph's College of Engineering (Autonomous), Jeppiaar Nagar, Old Mamallapuram Road, Kanchipuram, Chennai-600119.",CHENGALPET,SELF FINANCING COLLEGES TIER 1,SC,Computer Science and Engineering (Cyber Security),31344,41200,33896,47918,81951,178015,,0,0,0,0,0,0,0
1318,"T.J. Institute of Technology, Rajiv Gandhi Salai, Karapakkam, Chennai-600097.",CHENGALPET,SELF FINANCING COLLEGES TIER 3,AD,Artificial Intelligence and Data Science,218005,,221685,,232032,,,0,0,0,0,1,0,0
1318,"T.J. Institute of Technology, Rajiv Gandhi Salai, Karapakkam, Chennai-600097.",CHENGALPET,SELF FINANCING COLLEGES TIER 3,AM,COMPUTER SCIENCE AND ENGINEERING (AI AND MACHINE LEARNING),238557,,,,,,,1,0,0,0,0,0,0
1318,"T.J. Institute of Technology, Rajiv Gandhi Salai, Karapakkam, Chennai-600097.",CHENGALPET,SELF FINANCING COLLEGES TIER 3,CE,CIVIL  ENGINEERING,,,,,,,,0,0,0,0,0,0,0
1318,"T.J. Institute of Technology, Rajiv Gandhi Salai, Karapakkam, Chennai-600097.",CHENGALPET,SELF FINANCING COLLEGES TIER 3,CS,COMPUTER SCIENCE AND ENGINEERING,236034,,,,,,,1,0,0,0,0,0,0
1318,"T.J. Institute of Technology, Rajiv Gandhi Salai, Karapakkam, Chennai-600097.",CHENGALPET,SELF FINANCING COLLEGES TIER 3,EC,ELECTRONICS AND COMMUNICATION ENGINEERING,239194,,,,,,,1,0,0,0,0,0,0
1318,"T.J. Institute of Technology, Rajiv Gandhi Salai, Karapakkam, Chennai-600097.",CHENGALPET,SELF FINANCING COLLEGES TIER 3,EE,ELECTRICAL AND ELECTRONICS ENGINEERING,,,,,,,,0,0,0,0,0,0,0
1318,"T.J. Institute of Technology, Rajiv Gandhi Salai, Karapakkam, Chennai-600097.",CHENGALPET,SELF FINANCING COLLEGES TIER 3,IT,INFORMATION TECHNOLOGY,230860,,,,,,,1,0,0,0,0,0,0
1318,"T.J. Institute of Technology, Rajiv Gandhi Salai, Karapakkam, Chennai-600097.",CHENGALPET,SELF FINANCING COLLEGES TIER 3,ME,MECHANICAL ENGINEERING,176753,,,,,,,1,0,0,0,0,0,0
1318,"T.J. Institute of Technology, Rajiv Gandhi Salai, Karapakkam, Chennai-600097.",CHENGALPET,SELF FINANCING COLLEGES TIER 3,SC,Computer Science and Engineering (Cyber Security),236704,,,,,,,1,0,0,0,0,0,0
1319,"Thangavelu Engineering College, Rajiv Gandhi Salai, Karapakkam, Chennai-600097.",CHENGALPET,SELF FINANCING COLLEGES TIER 3,AD,Artificial Intelligence and Data Science,171713,221899,187353,233225,215092,,,0,1,0,1,1,0,0
1319,"Thangavelu Engineering College, Rajiv Gandhi Salai, Karapakkam, Chennai-600097.",CHENGALPET,SELF FINANCING COLLEGES TIER 3,CE,CIVIL  ENGINEERING,226107,,,,,,,1,0,0,0,0,0,0
1319,"Thangavelu Engineering College, Rajiv Gandhi Salai, Karapakkam, Chennai-600097.",CHENGALPET,SELF FINANCING COLLEGES TIER 3,CS,COMPUTER SCIENCE AND ENGINEERING,194807,233494,214882,,227636,,,0,1,1,0,1,0,0
1319,"Thangavelu Engineering College, Rajiv Gandhi Salai, Karapakkam, Chennai-600097.",CHENGALPET,SELF FINANCING COLLEGES TIER 3,EC,ELECTRONICS AND COMMUNICATION ENGINEERING,228263,,,,,,,1,0,0,0,0,0,0
1319,"Thangavelu Engineering College, Rajiv Gandhi Salai, Karapakkam, Chennai-600097.",CHENGALPET,SELF FINANCING COLLEGES TIER 3,EE,ELECTRICAL AND ELECTRONICS ENGINEERING,228945,,,,,,,1,0,0,0,0,0,0
1319,"Thangavelu Engineering College, Rajiv Gandhi Salai, Karapakkam, Chennai-600097.",CHENGALPET,SELF FINANCING COLLEGES TIER 3,EI,ELECTRONICS AND INSTRUMENTATION ENGINEERING,,,,,,,,0,0,0,0,0,0,0
1319,"Thangavelu Engineering College, Rajiv Gandhi Salai, Karapakkam, Chennai-600097.",CHENGALPET,SELF FINANCING COLLEGES TIER 3,IT,INFORMATION TECHNOLOGY,214324,,,233945,221538,,,0,0,0,1,1,0,0
1319,"Thangavelu Engineering College, Rajiv Gandhi Salai, Karapakkam, Chennai-600097.",CHENGALPET,SELF FINANCING COLLEGES TIER 3,ME,MECHANICAL ENGINEERING,185800,,,,,,,1,0,0,0,0,0,0
1322,"Dhanalakshmi Srinivasan College of Engineering and Technology, ECR, Poonjeri, Mamallapuram, Kanchipuram-603104.",CHENGALPET,SELF FINANCING COLLEGES TIER 1,AD,Artificial Intelligence and Data Science,120859,194586,203892,189384,213569,200452,219017,0,0,0,0,0,1,1
1322,"Dhanalakshmi Srinivasan College of Engineering and Technology, ECR, Poonjeri, Mamallapuram, Kanchipuram-603104.",CHENGALPET,SELF FINANCING COLLEGES TIER 1,AE,AERONAUTICAL ENGINEERING,128613,235433,,224637,180056,,,0,0,0,1,0,0,0
1322,"Dhanalakshmi Srinivasan College of Engineering and Technology, ECR, Poonjeri, Mamallapuram, Kanchipuram-603104.",CHENGALPET,SELF FINANCING COLLEGES TIER 1,AG,AGRICULTURAL ENGINEERING,188867,235911,,236107,201829,,,0,1,0,0,1,0,0
1322,"Dhanalakshmi Srinivasan College of Engineering and Technology, ECR, Poonjeri, Mamallapuram, Kanchipuram-603104.",CHENGALPET,SELF FINANCING COLLEGES TIER 1,AM,COMPUTER SCIENCE AND ENGINEERING (AI AND MACHINE LEARNING),119549,189784,200405,189576,224328,225747,,0,0,0,0,0,1,0
1322,"Dhanalakshmi Srinivasan College of Engineering and Technology, ECR, Poonjeri, Mamallapuram, Kanchipuram-603104.",CHENGALPET,SELF FINANCING COLLEGES TIER 1,BM,BIO MEDICAL ENGINEERING,222451,225938,,238203,236866,,,0,1,0,1,1,0,0
1322,"Dhanalakshmi Srinivasan College of Engineering and Technology, ECR, Poonjeri, Mamallapuram, Kanchipuram-603104.",CHENGALPET,SELF FINANCING COLLEGES TIER 1,CE,CIVIL  ENGINEERING,201244,228425,,238544,232630,,,0,1,0,1,1,0,0
1322,"Dhanalakshmi Srinivasan College of Engineering and Technology, ECR, Poonjeri, Mamallapuram, Kanchipuram-603104.",CHENGALPET,SELF FINANCING COLLEGES TIER 1,CI,Computer Science and Engineering (Internet of Things),169562,219267,209602,219715,230959,196712,,0,0,0,0,0,1,0
1322,"Dhanalakshmi Srinivasan College of Engineering and Technology, ECR, Poonjeri, Mamallapuram, Kanchipuram-603104.",CHENGALPET,SELF FINANCING COLLEGES TIER 1,CS,COMPUTER SCIENCE AND ENGINEERING,123982,200598,170343,183635,221422,,,0,0,0,0,0,0,0
1322,"Dhanalakshmi Srinivasan College of Engineering and Technology, ECR, Poonjeri, Mamallapuram, Kanchipuram-603104.",CHENGALPET,SELF FINANCING COLLEGES TIER 1,EC,ELECTRONICS AND COMMUNICATION ENGINEERING,130791,173645,196960,190421,188617,218890,,0,0,0,0,0,1,0
1322,"Dhanalakshmi Srinivasan College of Engineering and Technology, ECR, Poonjeri, Mamallapuram, Kanchipuram-603104.",CHENGALPET,SELF FINANCING COLLEGES TIER 1,EE,ELECTRICAL AND ELECTRONICS ENGINEERING,158710,231396,211021,201656,227410,,,0,0,0,0,0,0,0
1322,"Dhanalakshmi Srinivasan College of Engineering and Technology, ECR, Poonjeri, Mamallapuram, Kanchipuram-603104.",CHENGALPET,SELF FINANCING COLLEGES TIER 1,EF,Electrical and Computer Engineering,207950,237396,,222659,,,,0,1,0,0,0,0,0
1322,"Dhanalakshmi Srinivasan College of Engineering and Technology, ECR, Poonjeri, Mamallapuram, Kanchipuram-603104.",CHENGALPET,SELF FINANCING COLLEGES TIER 1,ER,ENVIRONMENTAL SCIENCE & TECHNOLOGY,233417,,,,,,,1,0,0,0,0,0,0
1322,"Dhanalakshmi Srinivasan College of Engineering and Technology, ECR, Poonjeri, Mamallapuram, Kanchipuram-603104.",CHENGALPET,SELF FINANCING COLLEGES TIER 1,FD,FOOD TECHNOLOGY,173776,232651,189627,229858,231403,211653,,0,1,0,1,1,0,0
1322,"Dhanalakshmi Srinivasan College of Engineering and Technology, ECR, Poonjeri, Mamallapuram, Kanchipuram-603104.",CHENGALPET,SELF FINANCING COLLEGES TIER 1,IT,INFORMATION TECHNOLOGY,120986,209901,218472,190427,225198,234092,,0,0,0,0,0,1,0
1322,"Dhanalakshmi Srinivasan College of Engineering and Technology, ECR, Poonjeri, Mamallapuram, Kanchipuram-603104.",CHENGALPET,SELF FINANCING COLLEGES TIER 1,ME,MECHANICAL ENGINEERING,175357,235950,230784,236471,225097,,,0,1,0,0,0,0,0
1322,"Dhanalakshmi Srinivasan College of Engineering and Technology, ECR, Poonjeri, Mamallapuram, Kanchipuram-603104.",CHENGALPET,SELF FINANCING COLLEGES TIER 1,RI,ROBOTICS AND ARTIFICIAL INTELLIGENCE,149198,210704,,218308,235593,,,0,0,0,0,1,0,0
1322,"Dhanalakshmi Srinivasan College of Engineering and Technology, ECR, Poonjeri, Mamallapuram, Kanchipuram-603104.",CHENGALPET,SELF FINANCING COLLEGES TIER 1,SC,Computer Science and Engineering (Cyber Security),132919,171648,157520,189740,231789,,,0,0,0,0,0,0,0
1325,"St. Joseph College of Engineering, Trinity Campus, Nemili B Beemanthangal Village, Sriperumbudur, Kancheepuram District, Chennai-602105.",KANCHEEPURAM,SELF FINANCING COLLEGES TIER 1,AD,Artificial Intelligence and Data Science,105357,164287,108014,120477,175961,,,0,0,0,0,0,0,0
1325,"St. Joseph College of Engineering, Trinity Campus, Nemili B Beemanthangal Village, Sriperumbudur, Kancheepuram District, Chennai-602105.",KANCHEEPURAM,SELF FINANCING COLLEGES TIER 1,CS,COMPUTER SCIENCE AND ENGINEERING,113230,192785,179713,200123,210554,,,0,0,0,0,0,0,0
1325,"St. Joseph College of Engineering, Trinity Campus, Nemili B Beemanthangal Village, Sriperumbudur, Kancheepuram District, Chennai-602105.",KANCHEEPURAM,SELF FINANCING COLLEGES TIER 1,EC,ELECTRONICS AND COMMUNICATION ENGINEERING,114451,171351,152098,214518,212138,,,0,0,0,0,0,0,0
1325,"St. Joseph College of Engineering, Trinity Campus, Nemili B Beemanthangal Village, Sriperumbudur, Kancheepuram District, Chennai-602105.",KANCHEEPURAM,SELF FINANCING COLLEGES TIER 1,IT,INFORMATION TECHNOLOGY,128609,185653,199427,192450,212366,236247,,0,0,0,0,0,1,0
1325,"St. Joseph College of Engineering, Trinity Campus, Nemili B Beemanthangal Village, Sriperumbudur, Kancheepuram District, Chennai-602105.",KANCHEEPURAM,SELF FINANCING COLLEGES TIER 1,ME,MECHANICAL ENGINEERING,162846,228656,229637,236863,222404,233511,,0,0,0,1,0,0,0
1325,"St. Joseph College of Engineering, Trinity Campus, Nemili B Beemanthangal Village, Sriperumbudur, Kancheepuram District, Chennai-602105.",KANCHEEPURAM,SELF FINANCING COLLEGES TIER 1,SC,Computer Science and Engineering (Cyber Security),124444,198376,148243,176185,206496,194314,,0,0,0,0,0,1,0
1333,"Shikshaa Institute of Advanced Technologies (formerly Vi Institute of Technology), No. 96 Sirunkundram Post,Chengalpattu Taluk,Kancheepuram District-603108.",CHENGALPET,SELF FINANCING COLLEGES TIER 3,AD,Artificial Intelligence and Data Science,236005,,,,,,,0,0,0,0,0,0,0
1333,"Shikshaa Institute of Advanced Technologies (formerly Vi Institute of Technology), No. 96 Sirunkundram Post,Chengalpattu Taluk,Kancheepuram District-603108.",CHENGALPET,SELF FINANCING COLLEGES TIER 3,AM,COMPUTER SCIENCE AND ENGINEERING (AI AND MACHINE LEARNING),228689,,,,,,,1,0,0,0,0,0,0
1333,"Shikshaa Institute of Advanced Technologies (formerly Vi Institute of Technology), No. 96 Sirunkundram Post,Chengalpattu Taluk,Kancheepuram District-603108.",CHENGALPET,SELF FINANCING COLLEGES TIER 3,CS,COMPUTER SCIENCE AND ENGINEERING,236177,,,,,,,1,0,0,0,0,0,0
1333,"Shikshaa Institute of Advanced Technologies (formerly Vi Institute of Technology), No. 96 Sirunkundram Post,Chengalpattu Taluk,Kancheepuram District-603108.",CHENGALPET,SELF FINANCING COLLEGES TIER 3,EC,ELECTRONICS AND COMMUNICATION ENGINEERING,234990,,,,,,,1,0,0,0,0,0,0
1333,"Shikshaa Institute of Advanced Technologies (formerly Vi Institute of Technology), No. 96 Sirunkundram Post,Chengalpattu Taluk,Kancheepuram District-603108.",CHENGALPET,SELF FINANCING COLLEGES TIER 3,EE,ELECTRICAL AND ELECTRONICS ENGINEERING,224269,,,,,,,1,0,0,0,0,0,0
1333,"Shikshaa Institute of Advanced Technologies (formerly Vi Institute of Technology), No. 96 Sirunkundram Post,Chengalpattu Taluk,Kancheepuram District-603108.",CHENGALPET,SELF FINANCING COLLEGES TIER 3,ME,MECHANICAL ENGINEERING,236403,,,,,,,1,0,0,0,0,0,0
1335,"Sri Krishna Institute of Technology, Navaneedam Nagar, Panapakkam, Near Padappai, Kanchipuram-601301.",KANCHEEPURAM,SELF FINANCING COLLEGES TIER 3,AM,COMPUTER SCIENCE AND ENGINEERING (AI AND MACHINE LEARNING),232622,,,,,,,1,0,0,0,0,0,0
1335,"Sri Krishna Institute of Technology, Navaneedam Nagar, Panapakkam, Near Padappai, Kanchipuram-601301.",KANCHEEPURAM,SELF FINANCING COLLEGES TIER 3,CE,CIVIL  ENGINEERING,211663,,,,,,,1,0,0,0,0,0,0
1335,"Sri Krishna Institute of Technology, Navaneedam Nagar, Panapakkam, Near Padappai, Kanchipuram-601301.",KANCHEEPURAM,SELF FINANCING COLLEGES TIER 3,EC,ELECTRONICS AND COMMUNICATION ENGINEERING,223280,,,,,,,1,0,0,0,0,0,0
1335,"Sri Krishna Institute of Technology, Navaneedam Nagar, Panapakkam, Near Padappai, Kanchipuram-601301.",KANCHEEPURAM,SELF FINANCING COLLEGES TIER 3,EE,ELECTRICAL AND ELECTRONICS ENGINEERING,231795,,,,,,,1,0,0,0,0,0,0
1335,"Sri Krishna Institute of Technology, Navaneedam Nagar, Panapakkam, Near Padappai, Kanchipuram-601301.",KANCHEEPURAM,SELF FINANCING COLLEGES TIER 3,ME,MECHANICAL ENGINEERING,226512,,,,,,,1,0,0,0,0,0,0
1335,"Sri Krishna Institute of Technology, Navaneedam Nagar, Panapakkam, Near Padappai, Kanchipuram-601301.",KANCHEEPURAM,SELF FINANCING COLLEGES TIER 3,SC,Computer Science and Engineering (Cyber Security),204547,232623,,218851,,,,0,1,0,1,0,0,0
1339,"MAHALAKSHMI TECH CAMPUS (FORMERLY MAHALAKSHMI ENGINEERING COLLEGE - TIRUCHIRAPPALLI), NO.1,BHARATHIYAR STREET, PRASHANTHI NAGAR, CHROMPET, CHENNAI - 600044",CHENGALPET,SELF FINANCING COLLEGES TIER 3,AD,Artificial Intelligence and Data Science,92179,238991,104962,226647,163176,62773,,0,0,0,0,1,0,0
1339,"MAHALAKSHMI TECH CAMPUS (FORMERLY MAHALAKSHMI ENGINEERING COLLEGE - TIRUCHIRAPPALLI), NO.1,BHARATHIYAR STREET, PRASHANTHI NAGAR, CHROMPET, CHENNAI - 600044",CHENGALPET,SELF FINANCING COLLEGES TIER 3,AM,COMPUTER SCIENCE AND ENGINEERING (AI AND MACHINE LEARNING),189562,199067,,206603,233056,,,0,1,0,1,1,0,0
1339,"MAHALAKSHMI TECH CAMPUS (FORMERLY MAHALAKSHMI ENGINEERING COLLEGE - TIRUCHIRAPPALLI), NO.1,BHARATHIYAR STREET, PRASHANTHI NAGAR, CHROMPET, CHENNAI - 600044",CHENGALPET,SELF FINANCING COLLEGES TIER 3,CS,COMPUTER SCIENCE AND ENGINEERING,172005,226182,184450,235153,221251,,,0,1,0,1,1,0,0
1339,"MAHALAKSHMI TECH CAMPUS (FORMERLY MAHALAKSHMI ENGINEERING COLLEGE - TIRUCHIRAPPALLI), NO.1,BHARATHIYAR STREET, PRASHANTHI NAGAR, CHROMPET, CHENNAI - 600044",CHENGALPET,SELF FINANCING COLLEGES TIER 3,EC,ELECTRONICS AND COMMUNICATION ENGINEERING,134186,208574,,234832,,,,0,1,0,1,0,0,0
1339,"MAHALAKSHMI TECH CAMPUS (FORMERLY MAHALAKSHMI ENGINEERING COLLEGE - TIRUCHIRAPPALLI), NO.1,BHARATHIYAR STREET, PRASHANTHI NAGAR, CHROMPET, CHENNAI - 600044",CHENGALPET,SELF FINANCING COLLEGES TIER 3,EE,ELECTRICAL AND ELECTRONICS ENGINEERING,228696,,,,,,,1,0,0,0,0,0,0
1339,"MAHALAKSHMI TECH CAMPUS (FORMERLY MAHALAKSHMI ENGINEERING COLLEGE - TIRUCHIRAPPALLI), NO.1,BHARATHIYAR STREET, PRASHANTHI NAGAR, CHROMPET, CHENNAI - 600044",CHENGALPET,SELF FINANCING COLLEGES TIER 3,SC,Computer Science and Engineering (Cyber Security),150159,222955,,189453,153577,,,0,0,0,1,1,0,0
1399,Chennai Institute of Technology (Autonomous) Puduper Village  Nandambakkam Post  Kundrathur  Chennai 600069,KANCHEEPURAM,SELF FINANCING COLLEGES TIER 1,AD,Artificial Intelligence and Data Science,6119,8443,8521,9294,26747,75334,28349,0,0,0,0,0,0,0
1399,Chennai Institute of Technology (Autonomous) Puduper Village  Nandambakkam Post  Kundrathur  Chennai 600069,KANCHEEPURAM,SELF FINANCING COLLEGES TIER 1,AM,COMPUTER SCIENCE AND ENGINEERING (AI AND MACHINE LEARNING),5754,7369,7189,9482,27332,32789,,0,0,0,0,0,0,0
1399,Chennai Institute of Technology (Autonomous) Puduper Village  Nandambakkam Post  Kundrathur  Chennai 600069,KANCHEEPURAM,SELF FINANCING COLLEGES TIER 1,BM,BIO MEDICAL ENGINEERING,12400,17610,22512,18224,50710,148700,,0,0,0,0,0,0,0
1399,Chennai Institute of Technology (Autonomous) Puduper Village  Nandambakkam Post  Kundrathur  Chennai 600069,KANCHEEPURAM,SELF FINANCING COLLEGES TIER 1,CB,COMPUTER SCIENCE AND BUSSINESS SYSTEM,6784,9042,,9977,27544,,28044,0,0,0,0,0,0,0
1399,Chennai Institute of Technology (Autonomous) Puduper Village  Nandambakkam Post  Kundrathur  Chennai 600069,KANCHEEPURAM,SELF FINANCING COLLEGES TIER 1,CE,CIVIL  ENGINEERING,17330,24443,27752,18119,41490,,72525,0,0,0,0,0,0,0
1399,Chennai Institute of Technology (Autonomous) Puduper Village  Nandambakkam Post  Kundrathur  Chennai 600069,KANCHEEPURAM,SELF FINANCING COLLEGES TIER 1,CS,COMPUTER SCIENCE AND ENGINEERING,3452,6238,6271,7708,23832,86128,24248,0,0,0,0,0,0,0
1399,Chennai Institute of Technology (Autonomous) Puduper Village  Nandambakkam Post  Kundrathur  Chennai 600069,KANCHEEPURAM,SELF FINANCING COLLEGES TIER 1,EA,Electronics and Communication (Advanced Communication Technology),7851,8989,9477,10154,32407,91687,,0,0,0,0,0,0,0
1399,Chennai Institute of Technology (Autonomous) Puduper Village  Nandambakkam Post  Kundrathur  Chennai 600069,KANCHEEPURAM,SELF FINANCING COLLEGES TIER 1,EC,ELECTRONICS AND COMMUNICATION ENGINEERING,4647,7266,8941,7265,23341,43359,36819,0,0,0,0,0,0,0
1399,Chennai Institute of Technology (Autonomous) Puduper Village  Nandambakkam Post  Kundrathur  Chennai 600069,KANCHEEPURAM,SELF FINANCING COLLEGES TIER 1,EE,ELECTRICAL AND ELECTRONICS ENGINEERING,7702,9461,11265,10935,37070,75556,,0,0,0,0,0,0,0
1399,Chennai Institute of Technology (Autonomous) Puduper Village  Nandambakkam Post  Kundrathur  Chennai 600069,KANCHEEPURAM,SELF FINANCING COLLEGES TIER 1,EV,Electronics Engineering (VLSI Design and Technology),8124,9218,9595,10583,33917,86195,58574,0,0,0,0,0,0,0
1399,Chennai Institute of Technology (Autonomous) Puduper Village  Nandambakkam Post  Kundrathur  Chennai 600069,KANCHEEPURAM,SELF FINANCING COLLEGES TIER 1,IT,INFORMATION TECHNOLOGY,6158,7507,7637,9566,26159,126697,41109,0,0,0,0,0,0,0
1399,Chennai Institute of Technology (Autonomous) Puduper Village  Nandambakkam Post  Kundrathur  Chennai 600069,KANCHEEPURAM,SELF FINANCING COLLEGES TIER 1,ME,MECHANICAL ENGINEERING,14077,20683,17098,27583,61360,135411,,0,0,0,0,0,0,0
1399,Chennai Institute of Technology (Autonomous) Puduper Village  Nandambakkam Post  Kundrathur  Chennai 600069,KANCHEEPURAM,SELF FINANCING COLLEGES TIER 1,MZ,Mechatronics Engineering,10235,11686,13659,13288,42695,110710,,0,0,0,0,0,0,0
1399,Chennai Institute of Technology (Autonomous) Puduper Village  Nandambakkam Post  Kundrathur  Chennai 600069,KANCHEEPURAM,SELF FINANCING COLLEGES TIER 1,SC,Computer Science and Engineering (Cyber Security),6318,8414,8158,8884,27887,43963,,0,0,0,0,0,0,0
1400,"MOHAMED SATHAK A.J. ACADEMY OF ARCHITECTURE, IT HIGHWAY, 34, OLD MAHABALIPURAM ROAD, EGATTUR, CHENGLEPET TALUK, KANCHEEPURAM DISTRICT-603103.",CHENGALPET,SELF FINANCING COLLEGES TIER 3,DA,Bachelor of Design,182731,,,,,,,1,0,0,0,0,0,0
1401,"Adhiparasakthi Engineering College, Melmaruvathur, Cheyyur Taluk, Kancheepuram District-603319.",CHENGALPET,SELF FINANCING COLLEGES TIER 3,AG,AGRICULTURAL ENGINEERING,235845,,,,,,,1,0,0,0,0,0,0
1401,"Adhiparasakthi Engineering College, Melmaruvathur, Cheyyur Taluk, Kancheepuram District-603319.",CHENGALPET,SELF FINANCING COLLEGES TIER 3,AM,COMPUTER SCIENCE AND ENGINEERING (AI AND MACHINE LEARNING),77672,145906,107344,122171,179229,,,0,0,0,0,0,0,0
1401,"Adhiparasakthi Engineering College, Melmaruvathur, Cheyyur Taluk, Kancheepuram District-603319.",CHENGALPET,SELF FINANCING COLLEGES TIER 3,CD,COMPUTER SCIENCE AND DESIGN,182383,228090,,223903,236907,,,0,1,0,0,1,0,0
1401,"Adhiparasakthi Engineering College, Melmaruvathur, Cheyyur Taluk, Kancheepuram District-603319.",CHENGALPET,SELF FINANCING COLLEGES TIER 3,CE,CIVIL  ENGINEERING,217057,228866,,,,,,0,1,0,0,0,0,0
1401,"Adhiparasakthi Engineering College, Melmaruvathur, Cheyyur Taluk, Kancheepuram District-603319.",CHENGALPET,SELF FINANCING COLLEGES TIER 3,CH,CHEMICAL  ENGINEERING,237650,,,,,,,1,0,0,0,0,0,0
1401,"Adhiparasakthi Engineering College, Melmaruvathur, Cheyyur Taluk, Kancheepuram District-603319.",CHENGALPET,SELF FINANCING COLLEGES TIER 3,CS,COMPUTER SCIENCE AND ENGINEERING,96253,182156,127640,136064,226564,,,0,0,0,0,0,0,0
1401,"Adhiparasakthi Engineering College, Melmaruvathur, Cheyyur Taluk, Kancheepuram District-603319.",CHENGALPET,SELF FINANCING COLLEGES TIER 3,EC,ELECTRONICS AND COMMUNICATION ENGINEERING,146100,228205,180656,209275,237647,,,0,1,1,0,1,0,0
1401,"Adhiparasakthi Engineering College, Melmaruvathur, Cheyyur Taluk, Kancheepuram District-603319.",CHENGALPET,SELF FINANCING COLLEGES TIER 3,EE,ELECTRICAL AND ELECTRONICS ENGINEERING,220182,,,233997,,,,0,0,0,1,0,0,0
1401,"Adhiparasakthi Engineering College, Melmaruvathur, Cheyyur Taluk, Kancheepuram District-603319.",CHENGALPET,SELF FINANCING COLLEGES TIER 3,IT,INFORMATION TECHNOLOGY,99621,172417,,134859,203737,236316,,0,0,0,0,0,0,0
1401,"Adhiparasakthi Engineering College, Melmaruvathur, Cheyyur Taluk, Kancheepuram District-603319.",CHENGALPET,SELF FINANCING COLLEGES TIER 3,ME,MECHANICAL ENGINEERING,207528,220434,,237044,229695,,,0,1,0,1,1,0,0
1402,"Annai Teresa College of Engineering, Thirunavalur, Ulundurpet Taluk, Villupuram District-607204.",KALLAKURICHI,SELF FINANCING COLLEGES TIER 3,CS,COMPUTER SCIENCE AND ENGINEERING,231128,232851,,,,,,0,1,0,0,0,0,0
1402,"Annai Teresa College of Engineering, Thirunavalur, Ulundurpet Taluk, Villupuram District-607204.",KALLAKURICHI,SELF FINANCING COLLEGES TIER 3,EC,ELECTRONICS AND COMMUNICATION ENGINEERING,176045,,,,,,,1,0,0,0,0,0,0
1402,"Annai Teresa College of Engineering, Thirunavalur, Ulundurpet Taluk, Villupuram District-607204.",KALLAKURICHI,SELF FINANCING COLLEGES TIER 3,EE,ELECTRICAL AND ELECTRONICS ENGINEERING,,,,,,,,0,0,0,0,0,0,0
1402,"Annai Teresa College of Engineering, Thirunavalur, Ulundurpet Taluk, Villupuram District-607204.",KALLAKURICHI,SELF FINANCING COLLEGES TIER 3,ME,MECHANICAL ENGINEERING,,,,,,,,0,0,0,0,0,0,0
1405,"Dhanalakshmi College of Engineering, Manimangalam Puducheri Road, Manimangalam, Manimangalam Post, Sriperumbudur Taluk, Kancheepuram District, Chennai-601301.",KANCHEEPURAM,SELF FINANCING COLLEGES TIER 3,AD,Artificial Intelligence and Data Science,95498,159064,137109,159589,183895,,208018,0,0,0,0,0,0,0
1405,"Dhanalakshmi College of Engineering, Manimangalam Puducheri Road, Manimangalam, Manimangalam Post, Sriperumbudur Taluk, Kancheepuram District, Chennai-601301.",KANCHEEPURAM,SELF FINANCING COLLEGES TIER 3,AM,COMPUTER SCIENCE AND ENGINEERING (AI AND MACHINE LEARNING),121491,161609,125716,169720,184296,,133707,0,0,0,0,0,0,0
1405,"Dhanalakshmi College of Engineering, Manimangalam Puducheri Road, Manimangalam, Manimangalam Post, Sriperumbudur Taluk, Kancheepuram District, Chennai-601301.",KANCHEEPURAM,SELF FINANCING COLLEGES TIER 3,CS,COMPUTER SCIENCE AND ENGINEERING,93510,132105,122067,147190,192368,191817,,0,0,0,0,0,1,0
1405,"Dhanalakshmi College of Engineering, Manimangalam Puducheri Road, Manimangalam, Manimangalam Post, Sriperumbudur Taluk, Kancheepuram District, Chennai-601301.",KANCHEEPURAM,SELF FINANCING COLLEGES TIER 3,EC,ELECTRONICS AND COMMUNICATION ENGINEERING,101771,164576,132308,156764,194352,175656,,0,0,0,0,0,1,0
1405,"Dhanalakshmi College of Engineering, Manimangalam Puducheri Road, Manimangalam, Manimangalam Post, Sriperumbudur Taluk, Kancheepuram District, Chennai-601301.",KANCHEEPURAM,SELF FINANCING COLLEGES TIER 3,EE,ELECTRICAL AND ELECTRONICS ENGINEERING,141416,184506,145010,196030,200610,225174,,0,0,0,0,0,0,0
1405,"Dhanalakshmi College of Engineering, Manimangalam Puducheri Road, Manimangalam, Manimangalam Post, Sriperumbudur Taluk, Kancheepuram District, Chennai-601301.",KANCHEEPURAM,SELF FINANCING COLLEGES TIER 3,IT,INFORMATION TECHNOLOGY,128994,156376,136386,151384,191151,221069,,0,0,0,0,0,0,0
1405,"Dhanalakshmi College of Engineering, Manimangalam Puducheri Road, Manimangalam, Manimangalam Post, Sriperumbudur Taluk, Kancheepuram District, Chennai-601301.",KANCHEEPURAM,SELF FINANCING COLLEGES TIER 3,ME,MECHANICAL ENGINEERING,155351,232536,,187028,222906,,,0,1,0,0,0,0,0
1405,"Dhanalakshmi College of Engineering, Manimangalam Puducheri Road, Manimangalam, Manimangalam Post, Sriperumbudur Taluk, Kancheepuram District, Chennai-601301.",KANCHEEPURAM,SELF FINANCING COLLEGES TIER 3,SC,Computer Science and Engineering (Cyber Security),99170,158305,124321,168563,175575,229784,,0,0,0,0,0,0,0
1407,"G K M College of Engineering and Technology, G K M Nagar, Alappakkam-Mappedu Road, New Perugalathur, Chennai-600063.",CHENGALPET,SELF FINANCING COLLEGES TIER 3,AD,Artificial Intelligence and Data Science,133984,221814,,194178,218337,,,0,1,0,0,0,0,0
1407,"G K M College of Engineering and Technology, G K M Nagar, Alappakkam-Mappedu Road, New Perugalathur, Chennai-600063.",CHENGALPET,SELF FINANCING COLLEGES TIER 3,AU,AUTOMOBILE ENGINEERING,228723,,,,,,,1,0,0,0,0,0,0
1407,"G K M College of Engineering and Technology, G K M Nagar, Alappakkam-Mappedu Road, New Perugalathur, Chennai-600063.",CHENGALPET,SELF FINANCING COLLEGES TIER 3,BM,BIO MEDICAL ENGINEERING,195537,236575,,222871,,,,0,1,0,1,0,0,0
1407,"G K M College of Engineering and Technology, G K M Nagar, Alappakkam-Mappedu Road, New Perugalathur, Chennai-600063.",CHENGALPET,SELF FINANCING COLLEGES TIER 3,CE,CIVIL  ENGINEERING,236073,,,,,,,1,0,0,0,0,0,0
1407,"G K M College of Engineering and Technology, G K M Nagar, Alappakkam-Mappedu Road, New Perugalathur, Chennai-600063.",CHENGALPET,SELF FINANCING COLLEGES TIER 3,CS,COMPUTER SCIENCE AND ENGINEERING,141673,226871,174813,233886,214582,,,0,1,0,1,0,0,0
1407,"G K M College of Engineering and Technology, G K M Nagar, Alappakkam-Mappedu Road, New Perugalathur, Chennai-600063.",CHENGALPET,SELF FINANCING COLLEGES TIER 3,EC,ELECTRONICS AND COMMUNICATION ENGINEERING,169381,233995,,229410,175933,,,0,1,0,0,1,0,0
1407,"G K M College of Engineering and Technology, G K M Nagar, Alappakkam-Mappedu Road, New Perugalathur, Chennai-600063.",CHENGALPET,SELF FINANCING COLLEGES TIER 3,EE,ELECTRICAL AND ELECTRONICS ENGINEERING,235570,,,,,,,1,0,0,0,0,0,0
1407,"G K M College of Engineering and Technology, G K M Nagar, Alappakkam-Mappedu Road, New Perugalathur, Chennai-600063.",CHENGALPET,SELF FINANCING COLLEGES TIER 3,IT,INFORMATION TECHNOLOGY,130761,201352,187842,217540,187138,,,0,1,0,0,0,0,0
1407,"G K M College of Engineering and Technology, G K M Nagar, Alappakkam-Mappedu Road, New Perugalathur, Chennai-600063.",CHENGALPET,SELF FINANCING COLLEGES TIER 3,ME,MECHANICAL ENGINEERING,175565,209508,,235305,,,,0,1,0,1,0,0,0
1407,"G K M College of Engineering and Technology, G K M Nagar, Alappakkam-Mappedu Road, New Perugalathur, Chennai-600063.",CHENGALPET,SELF FINANCING COLLEGES TIER 3,MR,MARINE ENGINEERING,,,,,,,,0,0,0,0,0,0,0
1407,"G K M College of Engineering and Technology, G K M Nagar, Alappakkam-Mappedu Road, New Perugalathur, Chennai-600063.",CHENGALPET,SELF FINANCING COLLEGES TIER 3,SC,Computer Science and Engineering (Cyber Security),185469,205487,,201644,198254,193393,,0,1,0,1,1,0,0
1408,"IFET College of Engineering (Autonomous), IFET Nagar, Gangarampalayam, Valavanur Post, Villupuram District-605108.",VILUPPURAM,SELF FINANCING COLLEGES TIER 3,AD,Artificial Intelligence and Data Science,69504,160190,111111,116031,169300,84282,,0,0,0,0,0,0,0
1408,"IFET College of Engineering (Autonomous), IFET Nagar, Gangarampalayam, Valavanur Post, Villupuram District-605108.",VILUPPURAM,SELF FINANCING COLLEGES TIER 3,AL,Artificial Intelligence and Machine Learning,89528,181475,121405,113480,170148,,,0,0,0,0,0,0,0
1408,"IFET College of Engineering (Autonomous), IFET Nagar, Gangarampalayam, Valavanur Post, Villupuram District-605108.",VILUPPURAM,SELF FINANCING COLLEGES TIER 3,CS,COMPUTER SCIENCE AND ENGINEERING,46665,133148,124434,97168,133654,,,0,0,0,0,0,0,0
1408,"IFET College of Engineering (Autonomous), IFET Nagar, Gangarampalayam, Valavanur Post, Villupuram District-605108.",VILUPPURAM,SELF FINANCING COLLEGES TIER 3,EC,ELECTRONICS AND COMMUNICATION ENGINEERING,96963,175428,133943,134350,191831,,,0,0,0,0,0,0,0
1408,"IFET College of Engineering (Autonomous), IFET Nagar, Gangarampalayam, Valavanur Post, Villupuram District-605108.",VILUPPURAM,SELF FINANCING COLLEGES TIER 3,EE,ELECTRICAL AND ELECTRONICS ENGINEERING,118870,208457,166806,157717,204580,,,0,1,1,0,0,0,0
1408,"IFET College of Engineering (Autonomous), IFET Nagar, Gangarampalayam, Valavanur Post, Villupuram District-605108.",VILUPPURAM,SELF FINANCING COLLEGES TIER 3,IT,INFORMATION TECHNOLOGY,90812,167431,129441,122086,185029,,,0,0,0,0,0,0,0
1408,"IFET College of Engineering (Autonomous), IFET Nagar, Gangarampalayam, Valavanur Post, Villupuram District-605108.",VILUPPURAM,SELF FINANCING COLLEGES TIER 3,ME,MECHANICAL ENGINEERING,136528,238200,218541,173288,212421,155601,,0,1,0,0,1,1,0
1408,"IFET College of Engineering (Autonomous), IFET Nagar, Gangarampalayam, Valavanur Post, Villupuram District-605108.",VILUPPURAM,SELF FINANCING COLLEGES TIER 3,SC,Computer Science and Engineering (Cyber Security),89832,173401,124406,123016,170896,,,0,0,0,0,0,0,0
1409,"Karpaga Vinayaga College of Engineering and Technology, G.S.T. Road, Chinna Kolambakkam, Palayanoor Post, Madurantagam Taluk, Kancheepuram Dist-603308.",CHENGALPET,SELF FINANCING COLLEGES TIER 3,AD,Artificial Intelligence and Data Science,92845,129706,147272,137155,149685,166170,,0,0,0,0,0,1,0
1409,"Karpaga Vinayaga College of Engineering and Technology, G.S.T. Road, Chinna Kolambakkam, Palayanoor Post, Madurantagam Taluk, Kancheepuram Dist-603308.",CHENGALPET,SELF FINANCING COLLEGES TIER 3,AU,AUTOMOBILE ENGINEERING,219230,236573,231332,237090,229213,,,0,1,0,1,1,0,0
1409,"Karpaga Vinayaga College of Engineering and Technology, G.S.T. Road, Chinna Kolambakkam, Palayanoor Post, Madurantagam Taluk, Kancheepuram Dist-603308.",CHENGALPET,SELF FINANCING COLLEGES TIER 3,BM,BIO MEDICAL ENGINEERING,141390,221556,223297,192481,199669,,,0,0,0,0,0,0,0
1409,"Karpaga Vinayaga College of Engineering and Technology, G.S.T. Road, Chinna Kolambakkam, Palayanoor Post, Madurantagam Taluk, Kancheepuram Dist-603308.",CHENGALPET,SELF FINANCING COLLEGES TIER 3,BT,BIO TECHNOLOGY,116830,164275,,233466,212594,,,0,0,0,0,0,0,0
1409,"Karpaga Vinayaga College of Engineering and Technology, G.S.T. Road, Chinna Kolambakkam, Palayanoor Post, Madurantagam Taluk, Kancheepuram Dist-603308.",CHENGALPET,SELF FINANCING COLLEGES TIER 3,CE,CIVIL  ENGINEERING,229496,,,,,,,1,0,0,0,0,0,0
1409,"Karpaga Vinayaga College of Engineering and Technology, G.S.T. Road, Chinna Kolambakkam, Palayanoor Post, Madurantagam Taluk, Kancheepuram Dist-603308.",CHENGALPET,SELF FINANCING COLLEGES TIER 3,CS,COMPUTER SCIENCE AND ENGINEERING,106113,174889,135936,147573,169912,,220928,0,0,0,0,0,0,0
1409,"Karpaga Vinayaga College of Engineering and Technology, G.S.T. Road, Chinna Kolambakkam, Palayanoor Post, Madurantagam Taluk, Kancheepuram Dist-603308.",CHENGALPET,SELF FINANCING COLLEGES TIER 3,EC,ELECTRONICS AND COMMUNICATION ENGINEERING,94393,182302,115798,140509,170311,,221655,0,0,0,0,0,0,0
1409,"Karpaga Vinayaga College of Engineering and Technology, G.S.T. Road, Chinna Kolambakkam, Palayanoor Post, Madurantagam Taluk, Kancheepuram Dist-603308.",CHENGALPET,SELF FINANCING COLLEGES TIER 3,EE,ELECTRICAL AND ELECTRONICS ENGINEERING,124637,221773,,205250,177507,,,0,0,0,0,0,0,0
1409,"Karpaga Vinayaga College of Engineering and Technology, G.S.T. Road, Chinna Kolambakkam, Palayanoor Post, Madurantagam Taluk, Kancheepuram Dist-603308.",CHENGALPET,SELF FINANCING COLLEGES TIER 3,ME,MECHANICAL ENGINEERING,167436,233123,,196442,226030,,,0,1,0,0,0,0,0
1409,"Karpaga Vinayaga College of Engineering and Technology, G.S.T. Road, Chinna Kolambakkam, Palayanoor Post, Madurantagam Taluk, Kancheepuram Dist-603308.",CHENGALPET,SELF FINANCING COLLEGES TIER 3,RM,ROBOTICS AND AUTOMATION,142140,229290,234975,176887,223947,,,0,0,0,0,0,0,0
1411,"Madha Engineering College, Madha Nagar,Somangalam Road, Kundrathur, Kanchipuram, Chennai-600069.",KANCHEEPURAM,SELF FINANCING COLLEGES TIER 3,AD,Artificial Intelligence and Data Science,176854,235070,,185109,205359,,,0,1,0,1,1,0,0
1411,"Madha Engineering College, Madha Nagar,Somangalam Road, Kundrathur, Kanchipuram, Chennai-600069.",KANCHEEPURAM,SELF FINANCING COLLEGES TIER 3,AE,AERONAUTICAL ENGINEERING,205165,,,,,,,1,0,0,0,0,0,0
1411,"Madha Engineering College, Madha Nagar,Somangalam Road, Kundrathur, Kanchipuram, Chennai-600069.",KANCHEEPURAM,SELF FINANCING COLLEGES TIER 3,AM,COMPUTER SCIENCE AND ENGINEERING (AI AND MACHINE LEARNING),221839,,,,235090,,,0,0,0,0,1,0,0
1411,"Madha Engineering College, Madha Nagar,Somangalam Road, Kundrathur, Kanchipuram, Chennai-600069.",KANCHEEPURAM,SELF FINANCING COLLEGES TIER 3,BM,BIO MEDICAL ENGINEERING,230402,,,,,,,1,0,0,0,0,0,0
1411,"Madha Engineering College, Madha Nagar,Somangalam Road, Kundrathur, Kanchipuram, Chennai-600069.",KANCHEEPURAM,SELF FINANCING COLLEGES TIER 3,BT,BIO TECHNOLOGY,221901,,,,,,,1,0,0,0,0,0,0
1411,"Madha Engineering College, Madha Nagar,Somangalam Road, Kundrathur, Kanchipuram, Chennai-600069.",KANCHEEPURAM,SELF FINANCING COLLEGES TIER 3,CB,COMPUTER SCIENCE AND BUSSINESS SYSTEM,227499,,,,,,,0,0,0,0,0,0,0
1411,"Madha Engineering College, Madha Nagar,Somangalam Road, Kundrathur, Kanchipuram, Chennai-600069.",KANCHEEPURAM,SELF FINANCING COLLEGES TIER 3,CS,COMPUTER SCIENCE AND ENGINEERING,178258,207907,,214316,194726,,,0,1,0,1,1,0,0
1411,"Madha Engineering College, Madha Nagar,Somangalam Road, Kundrathur, Kanchipuram, Chennai-600069.",KANCHEEPURAM,SELF FINANCING COLLEGES TIER 3,EC,ELECTRONICS AND COMMUNICATION ENGINEERING,215685,221758,,,232492,,,0,1,0,0,1,0,0
1411,"Madha Engineering College, Madha Nagar,Somangalam Road, Kundrathur, Kanchipuram, Chennai-600069.",KANCHEEPURAM,SELF FINANCING COLLEGES TIER 3,EE,ELECTRICAL AND ELECTRONICS ENGINEERING,229976,,,,,,,1,0,0,0,0,0,0
1411,"Madha Engineering College, Madha Nagar,Somangalam Road, Kundrathur, Kanchipuram, Chennai-600069.",KANCHEEPURAM,SELF FINANCING COLLEGES TIER 3,IT,INFORMATION TECHNOLOGY,197579,221305,,228392,207679,207452,,0,1,0,1,1,0,0
1411,"Madha Engineering College, Madha Nagar,Somangalam Road, Kundrathur, Kanchipuram, Chennai-600069.",KANCHEEPURAM,SELF FINANCING COLLEGES TIER 3,ME,MECHANICAL ENGINEERING,,,,,,,,0,0,0,0,0,0,0
1412,"Mailam Engineering College, Mailam, Tindivanam Taluk, Villupuram District-604304.",VILUPPURAM,SELF FINANCING COLLEGES TIER 3,AD,Artificial Intelligence and Data Science,75139,184963,101540,124732,144394,180470,176094,0,0,0,0,0,1,0
1412,"Mailam Engineering College, Mailam, Tindivanam Taluk, Villupuram District-604304.",VILUPPURAM,SELF FINANCING COLLEGES TIER 3,CB,COMPUTER SCIENCE AND BUSSINESS SYSTEM,116664,220716,128118,143739,185720,,,0,0,0,0,0,0,0
1412,"Mailam Engineering College, Mailam, Tindivanam Taluk, Villupuram District-604304.",VILUPPURAM,SELF FINANCING COLLEGES TIER 3,CE,CIVIL  ENGINEERING,165918,196176,232951,232331,213051,,,0,1,0,0,0,0,0
1412,"Mailam Engineering College, Mailam, Tindivanam Taluk, Villupuram District-604304.",VILUPPURAM,SELF FINANCING COLLEGES TIER 3,CS,COMPUTER SCIENCE AND ENGINEERING,62528,157044,119673,101755,133244,141513,212998,0,0,0,0,0,1,1
1412,"Mailam Engineering College, Mailam, Tindivanam Taluk, Villupuram District-604304.",VILUPPURAM,SELF FINANCING COLLEGES TIER 3,EC,ELECTRONICS AND COMMUNICATION ENGINEERING,110871,222486,215452,140170,183490,175795,,0,0,0,0,0,1,0
1412,"Mailam Engineering College, Mailam, Tindivanam Taluk, Villupuram District-604304.",VILUPPURAM,SELF FINANCING COLLEGES TIER 3,EE,ELECTRICAL AND ELECTRONICS ENGINEERING,143874,227964,231923,157155,196986,,,0,1,1,0,0,0,0
1412,"Mailam Engineering College, Mailam, Tindivanam Taluk, Villupuram District-604304.",VILUPPURAM,SELF FINANCING COLLEGES TIER 3,IT,INFORMATION TECHNOLOGY,88917,161758,105577,115954,163020,,,0,0,0,0,0,0,0
1412,"Mailam Engineering College, Mailam, Tindivanam Taluk, Villupuram District-604304.",VILUPPURAM,SELF FINANCING COLLEGES TIER 3,ME,MECHANICAL ENGINEERING,186309,218433,,226384,231388,,,0,1,0,0,0,0,0
1413,"Sri Venkateswaraa College of Technology(Autonomous), Sirukulathur, Vadakal Village, Mathur Post, Sriperumbhudur, Kanchipuram-602105.",KANCHEEPURAM,SELF FINANCING COLLEGES TIER 3,AD,Artificial Intelligence and Data Science,75770,99664,133575,115767,195955,,,0,0,0,0,0,0,0
1413,"Sri Venkateswaraa College of Technology(Autonomous), Sirukulathur, Vadakal Village, Mathur Post, Sriperumbhudur, Kanchipuram-602105.",KANCHEEPURAM,SELF FINANCING COLLEGES TIER 3,AM,COMPUTER SCIENCE AND ENGINEERING (AI AND MACHINE LEARNING),96159,125251,177308,131677,203836,208283,,0,0,0,0,0,1,0
1413,"Sri Venkateswaraa College of Technology(Autonomous), Sirukulathur, Vadakal Village, Mathur Post, Sriperumbhudur, Kanchipuram-602105.",KANCHEEPURAM,SELF FINANCING COLLEGES TIER 3,CB,COMPUTER SCIENCE AND BUSSINESS SYSTEM,131195,143275,206065,165423,224883,,,0,0,0,0,0,0,0
1413,"Sri Venkateswaraa College of Technology(Autonomous), Sirukulathur, Vadakal Village, Mathur Post, Sriperumbhudur, Kanchipuram-602105.",KANCHEEPURAM,SELF FINANCING COLLEGES TIER 3,CD,COMPUTER SCIENCE AND DESIGN,133096,149741,204649,201119,228318,,,0,0,0,0,1,0,0
1413,"Sri Venkateswaraa College of Technology(Autonomous), Sirukulathur, Vadakal Village, Mathur Post, Sriperumbhudur, Kanchipuram-602105.",KANCHEEPURAM,SELF FINANCING COLLEGES TIER 3,CS,COMPUTER SCIENCE AND ENGINEERING,57071,83134,109449,92762,167265,223926,,0,0,0,0,0,0,0
1413,"Sri Venkateswaraa College of Technology(Autonomous), Sirukulathur, Vadakal Village, Mathur Post, Sriperumbhudur, Kanchipuram-602105.",KANCHEEPURAM,SELF FINANCING COLLEGES TIER 3,EA,Electronics and Communication (Advanced Communication Technology),97411,140755,178470,187636,216689,,,0,0,0,0,0,0,0
1413,"Sri Venkateswaraa College of Technology(Autonomous), Sirukulathur, Vadakal Village, Mathur Post, Sriperumbhudur, Kanchipuram-602105.",KANCHEEPURAM,SELF FINANCING COLLEGES TIER 3,EC,ELECTRONICS AND COMMUNICATION ENGINEERING,67337,88974,,107717,158782,184663,,0,0,0,0,0,0,0
1413,"Sri Venkateswaraa College of Technology(Autonomous), Sirukulathur, Vadakal Village, Mathur Post, Sriperumbhudur, Kanchipuram-602105.",KANCHEEPURAM,SELF FINANCING COLLEGES TIER 3,EE,ELECTRICAL AND ELECTRONICS ENGINEERING,113248,129328,,184762,215356,,,0,0,0,0,0,0,0
1413,"Sri Venkateswaraa College of Technology(Autonomous), Sirukulathur, Vadakal Village, Mathur Post, Sriperumbhudur, Kanchipuram-602105.",KANCHEEPURAM,SELF FINANCING COLLEGES TIER 3,EV,Electronics Engineering (VLSI Design and Technology),137365,163438,202939,166774,236705,,,0,0,0,0,1,0,0
1413,"Sri Venkateswaraa College of Technology(Autonomous), Sirukulathur, Vadakal Village, Mathur Post, Sriperumbhudur, Kanchipuram-602105.",KANCHEEPURAM,SELF FINANCING COLLEGES TIER 3,IT,INFORMATION TECHNOLOGY,83407,101401,102760,106734,194395,,,0,0,0,0,0,0,0
1413,"Sri Venkateswaraa College of Technology(Autonomous), Sirukulathur, Vadakal Village, Mathur Post, Sriperumbhudur, Kanchipuram-602105.",KANCHEEPURAM,SELF FINANCING COLLEGES TIER 3,ME,MECHANICAL ENGINEERING,127507,170425,,186091,224727,,,0,0,0,0,0,0,0
1413,"Sri Venkateswaraa College of Technology(Autonomous), Sirukulathur, Vadakal Village, Mathur Post, Sriperumbhudur, Kanchipuram-602105.",KANCHEEPURAM,SELF FINANCING COLLEGES TIER 3,SC,Computer Science and Engineering (Cyber Security),101381,125073,136484,131975,200384,,,0,0,0,0,0,0,0
1414,"Prince Shri Venkateshwaraa Padmavathy Engineering College (Autonomous), Medavakkam - Mambakkam Road, Ponmar, Kanchipuram, Chennai-600127.",KANCHEEPURAM,SELF FINANCING COLLEGES TIER 3,CE,CIVIL  ENGINEERING,131612,231625,172105,239254,,,,0,0,0,0,0,0,0
1414,"Prince Shri Venkateshwaraa Padmavathy Engineering College (Autonomous), Medavakkam - Mambakkam Road, Ponmar, Kanchipuram, Chennai-600127.",KANCHEEPURAM,SELF FINANCING COLLEGES TIER 3,CS,COMPUTER SCIENCE AND ENGINEERING,4818,12855,5797,8598,17223,,,0,0,0,0,0,0,0
1414,"Prince Shri Venkateshwaraa Padmavathy Engineering College (Autonomous), Medavakkam - Mambakkam Road, Ponmar, Kanchipuram, Chennai-600127.",KANCHEEPURAM,SELF FINANCING COLLEGES TIER 3,EC,ELECTRONICS AND COMMUNICATION ENGINEERING,20098,47011,56720,52562,165002,185537,154252,0,0,0,0,0,1,0
1414,"Prince Shri Venkateshwaraa Padmavathy Engineering College (Autonomous), Medavakkam - Mambakkam Road, Ponmar, Kanchipuram, Chennai-600127.",KANCHEEPURAM,SELF FINANCING COLLEGES TIER 3,EE,ELECTRICAL AND ELECTRONICS ENGINEERING,52935,68828,,81163,184070,,,0,0,0,0,0,0,0
1414,"Prince Shri Venkateshwaraa Padmavathy Engineering College (Autonomous), Medavakkam - Mambakkam Road, Ponmar, Kanchipuram, Chennai-600127.",KANCHEEPURAM,SELF FINANCING COLLEGES TIER 3,IT,INFORMATION TECHNOLOGY,8770,11458,9391,10858,19600,192547,11870,0,0,0,0,0,0,0
1414,"Prince Shri Venkateshwaraa Padmavathy Engineering College (Autonomous), Medavakkam - Mambakkam Road, Ponmar, Kanchipuram, Chennai-600127.",KANCHEEPURAM,SELF FINANCING COLLEGES TIER 3,ME,MECHANICAL ENGINEERING,73032,104106,127693,134685,213244,,233876,0,0,0,0,0,0,0
1415,"T.S.M.Jain College of Technology, Melur,Kallakurichi Taluk,Villupuram District-606201.",KALLAKURICHI,SELF FINANCING COLLEGES TIER 3,CE,CIVIL  ENGINEERING,,,,,,,,0,0,0,0,0,0,0
1415,"T.S.M.Jain College of Technology, Melur,Kallakurichi Taluk,Villupuram District-606201.",KALLAKURICHI,SELF FINANCING COLLEGES TIER 3,CS,COMPUTER SCIENCE AND ENGINEERING,,,,,,,,0,0,0,0,0,0,0
1415,"T.S.M.Jain College of Technology, Melur,Kallakurichi Taluk,Villupuram District-606201.",KALLAKURICHI,SELF FINANCING COLLEGES TIER 3,EC,ELECTRONICS AND COMMUNICATION ENGINEERING,,,,,,,,0,0,0,0,0,0,0
1415,"T.S.M.Jain College of Technology, Melur,Kallakurichi Taluk,Villupuram District-606201.",KALLAKURICHI,SELF FINANCING COLLEGES TIER 3,EE,ELECTRICAL AND ELECTRONICS ENGINEERING,,,,,,,,0,0,0,0,0,0,0
1415,"T.S.M.Jain College of Technology, Melur,Kallakurichi Taluk,Villupuram District-606201.",KALLAKURICHI,SELF FINANCING COLLEGES TIER 3,ME,MECHANICAL ENGINEERING,,,,,,,,0,0,0,0,0,0,0
1416,"Jaya Sakthi Engineering College, St.Mary's Nagar, Thiruninravur,(Near Avadi), Thiruvallur, Chennai-602024.",THIRUVALLUR,SELF FINANCING COLLEGES TIER 3,AD,Artificial Intelligence and Data Science,179660,218286,,226379,224717,,,0,1,0,1,1,0,0
1416,"Jaya Sakthi Engineering College, St.Mary's Nagar, Thiruninravur,(Near Avadi), Thiruvallur, Chennai-602024.",THIRUVALLUR,SELF FINANCING COLLEGES TIER 3,BM,BIO MEDICAL ENGINEERING,236021,,,,,,,1,0,0,0,0,0,0
1416,"Jaya Sakthi Engineering College, St.Mary's Nagar, Thiruninravur,(Near Avadi), Thiruvallur, Chennai-602024.",THIRUVALLUR,SELF FINANCING COLLEGES TIER 3,BT,BIO TECHNOLOGY,189603,238897,,232681,228576,,,0,1,0,1,0,0,0
1416,"Jaya Sakthi Engineering College, St.Mary's Nagar, Thiruninravur,(Near Avadi), Thiruvallur, Chennai-602024.",THIRUVALLUR,SELF FINANCING COLLEGES TIER 3,CS,COMPUTER SCIENCE AND ENGINEERING,235753,236745,,,,,,0,1,0,0,0,0,0
1416,"Jaya Sakthi Engineering College, St.Mary's Nagar, Thiruninravur,(Near Avadi), Thiruvallur, Chennai-602024.",THIRUVALLUR,SELF FINANCING COLLEGES TIER 3,ME,MECHANICAL ENGINEERING,,,,,,,,0,0,0,0,0,0,0
1416,"Jaya Sakthi Engineering College, St.Mary's Nagar, Thiruninravur,(Near Avadi), Thiruvallur, Chennai-602024.",THIRUVALLUR,SELF FINANCING COLLEGES TIER 3,PH,PHARMACEUTICAL TECHNOLOGY,234535,,,,,,,1,0,0,0,0,0,0
1416,"Jaya Sakthi Engineering College, St.Mary's Nagar, Thiruninravur,(Near Avadi), Thiruvallur, Chennai-602024.",THIRUVALLUR,SELF FINANCING COLLEGES TIER 3,SC,Computer Science and Engineering (Cyber Security),237532,,,,,,,1,0,0,0,0,0,0
1419,"Sri Sai Ram Engineering College (Autonomous), Sai Leo Nagar, Poonthandalam Village, Dharkast Post, West Tambram, Kanchipuram, Chennai-600044.",CHENGALPET,SELF FINANCING COLLEGES TIER 1,AD,Artificial Intelligence and Data Science,30624,40606,48271,45014,107911,224388,178800,0,0,0,0,0,0,0
1419,"Sri Sai Ram Engineering College (Autonomous), Sai Leo Nagar, Poonthandalam Village, Dharkast Post, West Tambram, Kanchipuram, Chennai-600044.",CHENGALPET,SELF FINANCING COLLEGES TIER 1,AM,COMPUTER SCIENCE AND ENGINEERING (AI AND MACHINE LEARNING),28441,39951,50899,46751,119743,238368,178382,0,0,0,0,0,0,0
1419,"Sri Sai Ram Engineering College (Autonomous), Sai Leo Nagar, Poonthandalam Village, Dharkast Post, West Tambram, Kanchipuram, Chennai-600044.",CHENGALPET,SELF FINANCING COLLEGES TIER 1,CB,COMPUTER SCIENCE AND BUSSINESS SYSTEM,35689,42985,45669,50229,124451,,,0,0,0,0,0,0,0
1419,"Sri Sai Ram Engineering College (Autonomous), Sai Leo Nagar, Poonthandalam Village, Dharkast Post, West Tambram, Kanchipuram, Chennai-600044.",CHENGALPET,SELF FINANCING COLLEGES TIER 1,CE,CIVIL  ENGINEERING,44433,73768,57964,91361,77181,,,0,0,0,0,0,0,0
1419,"Sri Sai Ram Engineering College (Autonomous), Sai Leo Nagar, Poonthandalam Village, Dharkast Post, West Tambram, Kanchipuram, Chennai-600044.",CHENGALPET,SELF FINANCING COLLEGES TIER 1,CI,Computer Science and Engineering (Internet of Things),37745,46113,47868,53170,122244,,188110,0,0,0,0,0,0,0
1419,"Sri Sai Ram Engineering College (Autonomous), Sai Leo Nagar, Poonthandalam Village, Dharkast Post, West Tambram, Kanchipuram, Chennai-600044.",CHENGALPET,SELF FINANCING COLLEGES TIER 1,CJ,M.Tech. Computer Science and Engineering (Integrated 5 years),35598,46585,50945,54554,111382,,,0,0,0,0,0,0,0
1419,"Sri Sai Ram Engineering College (Autonomous), Sai Leo Nagar, Poonthandalam Village, Dharkast Post, West Tambram, Kanchipuram, Chennai-600044.",CHENGALPET,SELF FINANCING COLLEGES TIER 1,CO,COMPUTER AND  COMMUNICATION ENGINEERING,35591,45719,52355,52374,127087,,,0,0,0,0,0,0,0
1419,"Sri Sai Ram Engineering College (Autonomous), Sai Leo Nagar, Poonthandalam Village, Dharkast Post, West Tambram, Kanchipuram, Chennai-600044.",CHENGALPET,SELF FINANCING COLLEGES TIER 1,CS,COMPUTER SCIENCE AND ENGINEERING,21966,32778,40169,39644,99838,237320,179941,0,0,0,0,0,1,0
1419,"Sri Sai Ram Engineering College (Autonomous), Sai Leo Nagar, Poonthandalam Village, Dharkast Post, West Tambram, Kanchipuram, Chennai-600044.",CHENGALPET,SELF FINANCING COLLEGES TIER 1,EC,ELECTRONICS AND COMMUNICATION ENGINEERING,30775,40858,52212,47564,117508,221468,64840,0,0,0,0,0,1,1
1419,"Sri Sai Ram Engineering College (Autonomous), Sai Leo Nagar, Poonthandalam Village, Dharkast Post, West Tambram, Kanchipuram, Chennai-600044.",CHENGALPET,SELF FINANCING COLLEGES TIER 1,EE,ELECTRICAL AND ELECTRONICS ENGINEERING,46077,56892,73442,67041,137047,,185522,0,0,0,0,0,0,0
1419,"Sri Sai Ram Engineering College (Autonomous), Sai Leo Nagar, Poonthandalam Village, Dharkast Post, West Tambram, Kanchipuram, Chennai-600044.",CHENGALPET,SELF FINANCING COLLEGES TIER 1,EI,ELECTRONICS AND INSTRUMENTATION ENGINEERING,54101,64396,58307,80949,143341,,186930,0,0,0,0,0,0,0
1419,"Sri Sai Ram Engineering College (Autonomous), Sai Leo Nagar, Poonthandalam Village, Dharkast Post, West Tambram, Kanchipuram, Chennai-600044.",CHENGALPET,SELF FINANCING COLLEGES TIER 1,IT,INFORMATION TECHNOLOGY,32813,41714,45363,48032,120497,,195426,0,0,0,0,0,0,0
1419,"Sri Sai Ram Engineering College (Autonomous), Sai Leo Nagar, Poonthandalam Village, Dharkast Post, West Tambram, Kanchipuram, Chennai-600044.",CHENGALPET,SELF FINANCING COLLEGES TIER 1,ME,MECHANICAL ENGINEERING,57748,74764,90502,90867,142615,,,0,0,0,0,0,0,0
1419,"Sri Sai Ram Engineering College (Autonomous), Sai Leo Nagar, Poonthandalam Village, Dharkast Post, West Tambram, Kanchipuram, Chennai-600044.",CHENGALPET,SELF FINANCING COLLEGES TIER 1,MZ,Mechatronics Engineering,57057,66418,68200,76089,151939,,,0,0,0,0,0,0,0
1419,"Sri Sai Ram Engineering College (Autonomous), Sai Leo Nagar, Poonthandalam Village, Dharkast Post, West Tambram, Kanchipuram, Chennai-600044.",CHENGALPET,SELF FINANCING COLLEGES TIER 1,SC,Computer Science and Engineering (Cyber Security),35298,42812,46581,46621,117022,201480,,0,0,0,0,0,1,0
1420,"Tagore Engineering College, Rathinamangalam, Vandalur, Kanchipuram, Chennai-600127.",CHENGALPET,SELF FINANCING COLLEGES TIER 3,AD,Artificial Intelligence and Data Science,98234,137595,184560,122596,153463,199411,,0,0,1,0,0,1,0
1420,"Tagore Engineering College, Rathinamangalam, Vandalur, Kanchipuram, Chennai-600127.",CHENGALPET,SELF FINANCING COLLEGES TIER 3,AE,AERONAUTICAL ENGINEERING,216712,237362,,,223121,,,0,1,0,0,1,0,0
1420,"Tagore Engineering College, Rathinamangalam, Vandalur, Kanchipuram, Chennai-600127.",CHENGALPET,SELF FINANCING COLLEGES TIER 3,CS,COMPUTER SCIENCE AND ENGINEERING,107789,151255,129681,142793,161243,,,0,0,0,0,0,0,0
1420,"Tagore Engineering College, Rathinamangalam, Vandalur, Kanchipuram, Chennai-600127.",CHENGALPET,SELF FINANCING COLLEGES TIER 3,EC,ELECTRONICS AND COMMUNICATION ENGINEERING,109324,162910,211844,137034,189584,,,0,0,0,0,0,0,0
1420,"Tagore Engineering College, Rathinamangalam, Vandalur, Kanchipuram, Chennai-600127.",CHENGALPET,SELF FINANCING COLLEGES TIER 3,IT,INFORMATION TECHNOLOGY,107064,129061,189198,133113,156625,175044,,0,0,0,0,0,0,0
1420,"Tagore Engineering College, Rathinamangalam, Vandalur, Kanchipuram, Chennai-600127.",CHENGALPET,SELF FINANCING COLLEGES TIER 3,ME,MECHANICAL ENGINEERING,199671,214350,,239029,,,,0,1,0,1,0,0,0
1420,"Tagore Engineering College, Rathinamangalam, Vandalur, Kanchipuram, Chennai-600127.",CHENGALPET,SELF FINANCING COLLEGES TIER 3,SC,Computer Science and Engineering (Cyber Security),119740,161944,126400,154048,188429,,,0,0,0,0,0,0,0
1421,"V.R.S. College of Engineering and Technology, Arasur & Post, Ulundurpet Taluk, Villupuram District-607107.",VILUPPURAM,SELF FINANCING COLLEGES TIER 3,CE,CIVIL  ENGINEERING,227791,,,,236184,,,0,0,0,0,1,0,0
1421,"V.R.S. College of Engineering and Technology, Arasur & Post, Ulundurpet Taluk, Villupuram District-607107.",VILUPPURAM,SELF FINANCING COLLEGES TIER 3,CS,COMPUTER SCIENCE AND ENGINEERING,125797,228663,199653,151898,200118,223744,,0,1,0,0,0,1,0
1421,"V.R.S. College of Engineering and Technology, Arasur & Post, Ulundurpet Taluk, Villupuram District-607107.",VILUPPURAM,SELF FINANCING COLLEGES TIER 3,EC,ELECTRONICS AND COMMUNICATION ENGINEERING,165009,234302,198351,194434,207855,,,0,1,0,0,0,0,0
1421,"V.R.S. College of Engineering and Technology, Arasur & Post, Ulundurpet Taluk, Villupuram District-607107.",VILUPPURAM,SELF FINANCING COLLEGES TIER 3,EE,ELECTRICAL AND ELECTRONICS ENGINEERING,200619,237026,228379,238538,222456,,,0,1,1,1,0,0,0
1421,"V.R.S. College of Engineering and Technology, Arasur & Post, Ulundurpet Taluk, Villupuram District-607107.",VILUPPURAM,SELF FINANCING COLLEGES TIER 3,IT,INFORMATION TECHNOLOGY,159372,230987,203920,191772,200662,169339,,0,1,0,0,0,1,0
1421,"V.R.S. College of Engineering and Technology, Arasur & Post, Ulundurpet Taluk, Villupuram District-607107.",VILUPPURAM,SELF FINANCING COLLEGES TIER 3,ME,MECHANICAL ENGINEERING,200884,222865,,228667,236930,,,0,1,0,1,0,0,0
1422,"SRM Valliammai Engineering College (Autonomous), S.R.M. Nagar, Kattankulathur, Chengalpattu, Kancheepuram, Chennai-603203.",CHENGALPET,SELF FINANCING COLLEGES TIER 1,AD,Artificial Intelligence and Data Science,27761,37946,41195,44382,96047,63536,,0,0,0,0,0,0,0
1422,"SRM Valliammai Engineering College (Autonomous), S.R.M. Nagar, Kattankulathur, Chengalpattu, Kancheepuram, Chennai-603203.",CHENGALPET,SELF FINANCING COLLEGES TIER 1,AG,AGRICULTURAL ENGINEERING,130080,198164,223357,196900,200803,,,0,0,0,0,1,0,0
1422,"SRM Valliammai Engineering College (Autonomous), S.R.M. Nagar, Kattankulathur, Chengalpattu, Kancheepuram, Chennai-603203.",CHENGALPET,SELF FINANCING COLLEGES TIER 1,CE,CIVIL  ENGINEERING,81444,105742,88447,109344,145042,,188762,0,0,0,0,0,0,0
1422,"SRM Valliammai Engineering College (Autonomous), S.R.M. Nagar, Kattankulathur, Chengalpattu, Kancheepuram, Chennai-603203.",CHENGALPET,SELF FINANCING COLLEGES TIER 1,CS,COMPUTER SCIENCE AND ENGINEERING,25740,40017,41556,40682,86189,142982,135233,0,0,0,0,0,0,0
1422,"SRM Valliammai Engineering College (Autonomous), S.R.M. Nagar, Kattankulathur, Chengalpattu, Kancheepuram, Chennai-603203.",CHENGALPET,SELF FINANCING COLLEGES TIER 1,CY,Cyber Security,34202,46002,53224,50802,98869,202481,,0,0,0,0,0,0,0
1422,"SRM Valliammai Engineering College (Autonomous), S.R.M. Nagar, Kattankulathur, Chengalpattu, Kancheepuram, Chennai-603203.",CHENGALPET,SELF FINANCING COLLEGES TIER 1,EC,ELECTRONICS AND COMMUNICATION ENGINEERING,37628,48584,52575,50640,104747,197707,180979,0,0,0,0,0,0,0
1422,"SRM Valliammai Engineering College (Autonomous), S.R.M. Nagar, Kattankulathur, Chengalpattu, Kancheepuram, Chennai-603203.",CHENGALPET,SELF FINANCING COLLEGES TIER 1,EE,ELECTRICAL AND ELECTRONICS ENGINEERING,50830,64165,59193,70076,148959,,,0,0,0,0,0,0,0
1422,"SRM Valliammai Engineering College (Autonomous), S.R.M. Nagar, Kattankulathur, Chengalpattu, Kancheepuram, Chennai-603203.",CHENGALPET,SELF FINANCING COLLEGES TIER 1,EI,ELECTRONICS AND INSTRUMENTATION ENGINEERING,65944,76488,89860,92331,158522,,,0,0,0,0,0,0,0
1422,"SRM Valliammai Engineering College (Autonomous), S.R.M. Nagar, Kattankulathur, Chengalpattu, Kancheepuram, Chennai-603203.",CHENGALPET,SELF FINANCING COLLEGES TIER 1,IT,INFORMATION TECHNOLOGY,34743,44847,48756,50207,94691,218225,,0,0,0,0,0,0,0
1422,"SRM Valliammai Engineering College (Autonomous), S.R.M. Nagar, Kattankulathur, Chengalpattu, Kancheepuram, Chennai-603203.",CHENGALPET,SELF FINANCING COLLEGES TIER 1,MD,MEDICAL ELECTRONICS ENGINEERING,91726,141916,145891,158284,197020,,,0,0,0,0,0,0,0
1422,"SRM Valliammai Engineering College (Autonomous), S.R.M. Nagar, Kattankulathur, Chengalpattu, Kancheepuram, Chennai-603203.",CHENGALPET,SELF FINANCING COLLEGES TIER 1,ME,MECHANICAL ENGINEERING,69026,82750,84891,99340,134987,,,0,0,0,0,0,0,0
1423,"Asan Memorial College of Engineering and Technology, Asan Nagar, 9th kilometer, Chengalpattu - Mahabalipuram Highway, Post Box No.6, Chengalpattu-603001.",CHENGALPET,SELF FINANCING COLLEGES TIER 3,AD,Artificial Intelligence and Data Science,123313,203259,216571,237232,150068,,,0,1,0,0,0,0,0
1423,"Asan Memorial College of Engineering and Technology, Asan Nagar, 9th kilometer, Chengalpattu - Mahabalipuram Highway, Post Box No.6, Chengalpattu-603001.",CHENGALPET,SELF FINANCING COLLEGES TIER 3,CS,COMPUTER SCIENCE AND ENGINEERING,135031,208632,,217014,237176,,,0,1,0,0,0,0,0
1423,"Asan Memorial College of Engineering and Technology, Asan Nagar, 9th kilometer, Chengalpattu - Mahabalipuram Highway, Post Box No.6, Chengalpattu-603001.",CHENGALPET,SELF FINANCING COLLEGES TIER 3,EC,ELECTRONICS AND COMMUNICATION ENGINEERING,173275,230111,,201633,225395,,,0,1,0,0,1,0,0
1423,"Asan Memorial College of Engineering and Technology, Asan Nagar, 9th kilometer, Chengalpattu - Mahabalipuram Highway, Post Box No.6, Chengalpattu-603001.",CHENGALPET,SELF FINANCING COLLEGES TIER 3,IT,INFORMATION TECHNOLOGY,179472,239280,233662,236626,233819,,187913,0,1,1,0,0,0,0
1423,"Asan Memorial College of Engineering and Technology, Asan Nagar, 9th kilometer, Chengalpattu - Mahabalipuram Highway, Post Box No.6, Chengalpattu-603001.",CHENGALPET,SELF FINANCING COLLEGES TIER 3,ME,MECHANICAL ENGINEERING,179317,234448,,223494,218794,,,0,1,0,1,0,0,0
1423,"Asan Memorial College of Engineering and Technology, Asan Nagar, 9th kilometer, Chengalpattu - Mahabalipuram Highway, Post Box No.6, Chengalpattu-603001.",CHENGALPET,SELF FINANCING COLLEGES TIER 3,SC,Computer Science and Engineering (Cyber Security),209735,233395,,238974,237206,,,0,1,0,1,1,0,0
1424,"Dhaanish Ahmed College of Engineering, Dhaanish Nagar, Vanchuvancherry, Padappai(Near Tambaram), Sriperumbudur Taluk, Kancheepuram District-601301.",KANCHEEPURAM,SELF FINANCING COLLEGES TIER 3,AD,Artificial Intelligence and Data Science,26999,109870,73340,134468,216558,,,0,0,0,0,0,0,0
1424,"Dhaanish Ahmed College of Engineering, Dhaanish Nagar, Vanchuvancherry, Padappai(Near Tambaram), Sriperumbudur Taluk, Kancheepuram District-601301.",KANCHEEPURAM,SELF FINANCING COLLEGES TIER 3,CB,COMPUTER SCIENCE AND BUSSINESS SYSTEM,36680,103915,69320,121138,151808,,,0,0,0,0,0,0,0
1424,"Dhaanish Ahmed College of Engineering, Dhaanish Nagar, Vanchuvancherry, Padappai(Near Tambaram), Sriperumbudur Taluk, Kancheepuram District-601301.",KANCHEEPURAM,SELF FINANCING COLLEGES TIER 3,CS,COMPUTER SCIENCE AND ENGINEERING,30406,89923,45033,107177,234004,,,0,0,0,0,1,0,0
1424,"Dhaanish Ahmed College of Engineering, Dhaanish Nagar, Vanchuvancherry, Padappai(Near Tambaram), Sriperumbudur Taluk, Kancheepuram District-601301.",KANCHEEPURAM,SELF FINANCING COLLEGES TIER 3,EC,ELECTRONICS AND COMMUNICATION ENGINEERING,31704,83935,32282,92636,218508,,,0,0,0,0,1,0,0
1424,"Dhaanish Ahmed College of Engineering, Dhaanish Nagar, Vanchuvancherry, Padappai(Near Tambaram), Sriperumbudur Taluk, Kancheepuram District-601301.",KANCHEEPURAM,SELF FINANCING COLLEGES TIER 3,EE,ELECTRICAL AND ELECTRONICS ENGINEERING,77607,124498,,184925,188115,,,0,0,0,0,1,0,0
1424,"Dhaanish Ahmed College of Engineering, Dhaanish Nagar, Vanchuvancherry, Padappai(Near Tambaram), Sriperumbudur Taluk, Kancheepuram District-601301.",KANCHEEPURAM,SELF FINANCING COLLEGES TIER 3,PE,PETROLEUM ENGINEERING,136237,166463,120226,213564,225983,,,0,1,0,0,1,0,0
1424,"Dhaanish Ahmed College of Engineering, Dhaanish Nagar, Vanchuvancherry, Padappai(Near Tambaram), Sriperumbudur Taluk, Kancheepuram District-601301.",KANCHEEPURAM,SELF FINANCING COLLEGES TIER 3,RM,ROBOTICS AND AUTOMATION,109805,130903,120931,111265,237977,,,0,0,0,1,1,0,0
1426,"Sri Ramanujar Engineering College, Vandalur, Kolapakkam, Kanchipuram, Chennai-600127.",CHENGALPET,SELF FINANCING COLLEGES TIER 3,AD,Artificial Intelligence and Data Science,133923,234413,228375,178476,197338,,,0,0,1,0,1,0,0
1426,"Sri Ramanujar Engineering College, Vandalur, Kolapakkam, Kanchipuram, Chennai-600127.",CHENGALPET,SELF FINANCING COLLEGES TIER 3,CB,COMPUTER SCIENCE AND BUSSINESS SYSTEM,211800,236968,225227,,226558,,,0,1,0,0,1,0,0
1426,"Sri Ramanujar Engineering College, Vandalur, Kolapakkam, Kanchipuram, Chennai-600127.",CHENGALPET,SELF FINANCING COLLEGES TIER 3,CS,COMPUTER SCIENCE AND ENGINEERING,144688,220821,208060,185813,200848,176527,,0,1,1,1,1,1,0
1426,"Sri Ramanujar Engineering College, Vandalur, Kolapakkam, Kanchipuram, Chennai-600127.",CHENGALPET,SELF FINANCING COLLEGES TIER 3,EC,ELECTRONICS AND COMMUNICATION ENGINEERING,161293,195980,,181981,230492,,,0,1,0,1,1,0,0
1426,"Sri Ramanujar Engineering College, Vandalur, Kolapakkam, Kanchipuram, Chennai-600127.",CHENGALPET,SELF FINANCING COLLEGES TIER 3,EE,ELECTRICAL AND ELECTRONICS ENGINEERING,216009,224733,,221462,,,,0,1,0,1,0,0,0
1426,"Sri Ramanujar Engineering College, Vandalur, Kolapakkam, Kanchipuram, Chennai-600127.",CHENGALPET,SELF FINANCING COLLEGES TIER 3,IT,INFORMATION TECHNOLOGY,187491,224566,222354,207761,212876,214868,,0,1,1,1,1,0,0
1426,"Sri Ramanujar Engineering College, Vandalur, Kolapakkam, Kanchipuram, Chennai-600127.",CHENGALPET,SELF FINANCING COLLEGES TIER 3,ME,MECHANICAL ENGINEERING,231802,,,,,,,1,0,0,0,0,0,0
1427,"Sri Krishna Engineering College, Panapakkam Near Padappai Via Tambaram, Kanchipuram, Chennai-601301.",KANCHEEPURAM,SELF FINANCING COLLEGES TIER 3,AD,Artificial Intelligence and Data Science,127639,219724,,221860,173562,,,0,1,0,1,0,0,0
1427,"Sri Krishna Engineering College, Panapakkam Near Padappai Via Tambaram, Kanchipuram, Chennai-601301.",KANCHEEPURAM,SELF FINANCING COLLEGES TIER 3,CS,COMPUTER SCIENCE AND ENGINEERING,164258,221967,,226421,193005,,,0,1,0,1,1,0,0
1427,"Sri Krishna Engineering College, Panapakkam Near Padappai Via Tambaram, Kanchipuram, Chennai-601301.",KANCHEEPURAM,SELF FINANCING COLLEGES TIER 3,EC,ELECTRONICS AND COMMUNICATION ENGINEERING,233836,,,,,,,1,0,0,0,0,0,0
1427,"Sri Krishna Engineering College, Panapakkam Near Padappai Via Tambaram, Kanchipuram, Chennai-601301.",KANCHEEPURAM,SELF FINANCING COLLEGES TIER 3,EE,ELECTRICAL AND ELECTRONICS ENGINEERING,235611,,,,,,,1,0,0,0,0,0,0
1427,"Sri Krishna Engineering College, Panapakkam Near Padappai Via Tambaram, Kanchipuram, Chennai-601301.",KANCHEEPURAM,SELF FINANCING COLLEGES TIER 3,FT,FASHION TECHNOLOGY,237058,,,,,,,1,0,0,0,0,0,0
1427,"Sri Krishna Engineering College, Panapakkam Near Padappai Via Tambaram, Kanchipuram, Chennai-601301.",KANCHEEPURAM,SELF FINANCING COLLEGES TIER 3,IT,INFORMATION TECHNOLOGY,132769,208327,,196399,220243,,,0,1,0,1,0,0,0
1428,"E.S.College of Engineering and Technology, Chennai Trunk Road, Ayyankoilpattu, Villupuram-605602.",VILUPPURAM,SELF FINANCING COLLEGES TIER 3,AD,Artificial Intelligence and Data Science,229359,,,232772,,,,0,0,0,1,0,0,0
1428,"E.S.College of Engineering and Technology, Chennai Trunk Road, Ayyankoilpattu, Villupuram-605602.",VILUPPURAM,SELF FINANCING COLLEGES TIER 3,CS,COMPUTER SCIENCE AND ENGINEERING,199897,230220,225595,229003,238709,,,0,1,1,1,1,0,0
1428,"E.S.College of Engineering and Technology, Chennai Trunk Road, Ayyankoilpattu, Villupuram-605602.",VILUPPURAM,SELF FINANCING COLLEGES TIER 3,EC,ELECTRONICS AND COMMUNICATION ENGINEERING,232205,,,,,,,1,0,0,0,0,0,0
1428,"E.S.College of Engineering and Technology, Chennai Trunk Road, Ayyankoilpattu, Villupuram-605602.",VILUPPURAM,SELF FINANCING COLLEGES TIER 3,IT,INFORMATION TECHNOLOGY,237309,,,,,,,1,0,0,0,0,0,0
1430,"Maha Barathi Engineering College, A. Vasudevanur (post), Chinnasalem, Kallakurichi (Taluk), Villupuram-606201.",KALLAKURICHI,SELF FINANCING COLLEGES TIER 3,AD,Artificial Intelligence and Data Science,140629,186417,210726,215358,180433,151536,,0,1,0,1,0,1,0
1430,"Maha Barathi Engineering College, A. Vasudevanur (post), Chinnasalem, Kallakurichi (Taluk), Villupuram-606201.",KALLAKURICHI,SELF FINANCING COLLEGES TIER 3,CE,CIVIL  ENGINEERING,237979,,,,,,,1,0,0,0,0,0,0
1430,"Maha Barathi Engineering College, A. Vasudevanur (post), Chinnasalem, Kallakurichi (Taluk), Villupuram-606201.",KALLAKURICHI,SELF FINANCING COLLEGES TIER 3,CS,COMPUTER SCIENCE AND ENGINEERING,181537,235172,202591,238559,216695,238215,238057,0,1,1,1,0,1,0
1430,"Maha Barathi Engineering College, A. Vasudevanur (post), Chinnasalem, Kallakurichi (Taluk), Villupuram-606201.",KALLAKURICHI,SELF FINANCING COLLEGES TIER 3,EC,ELECTRONICS AND COMMUNICATION ENGINEERING,202619,234035,,231758,229930,233850,,0,1,0,1,0,0,0
1430,"Maha Barathi Engineering College, A. Vasudevanur (post), Chinnasalem, Kallakurichi (Taluk), Villupuram-606201.",KALLAKURICHI,SELF FINANCING COLLEGES TIER 3,EE,ELECTRICAL AND ELECTRONICS ENGINEERING,232644,236765,,233695,237129,236329,,0,1,0,1,1,1,0
1430,"Maha Barathi Engineering College, A. Vasudevanur (post), Chinnasalem, Kallakurichi (Taluk), Villupuram-606201.",KALLAKURICHI,SELF FINANCING COLLEGES TIER 3,ME,MECHANICAL ENGINEERING,238766,,,,,,,1,0,0,0,0,0,0
1431,"New Prince Shri Bhavani College of Engineering and Technology (Autonomous), Vengaivasal Main Road, Gowrivakkam, Chennai-600073.",CHENGALPET,SELF FINANCING COLLEGES TIER 3,AD,Artificial Intelligence and Data Science,117010,169415,175880,171893,194304,199043,,0,0,0,0,0,1,0
1431,"New Prince Shri Bhavani College of Engineering and Technology (Autonomous), Vengaivasal Main Road, Gowrivakkam, Chennai-600073.",CHENGALPET,SELF FINANCING COLLEGES TIER 3,CS,COMPUTER SCIENCE AND ENGINEERING,116002,184351,156532,173250,200239,,,0,0,0,0,0,0,0
1431,"New Prince Shri Bhavani College of Engineering and Technology (Autonomous), Vengaivasal Main Road, Gowrivakkam, Chennai-600073.",CHENGALPET,SELF FINANCING COLLEGES TIER 3,EC,ELECTRONICS AND COMMUNICATION ENGINEERING,110706,189519,132658,144919,200852,,,0,0,0,0,0,0,0
1431,"New Prince Shri Bhavani College of Engineering and Technology (Autonomous), Vengaivasal Main Road, Gowrivakkam, Chennai-600073.",CHENGALPET,SELF FINANCING COLLEGES TIER 3,EE,ELECTRICAL AND ELECTRONICS ENGINEERING,170280,197722,175696,188661,208697,,,0,0,0,0,0,0,0
1431,"New Prince Shri Bhavani College of Engineering and Technology (Autonomous), Vengaivasal Main Road, Gowrivakkam, Chennai-600073.",CHENGALPET,SELF FINANCING COLLEGES TIER 3,IT,INFORMATION TECHNOLOGY,129148,188550,160901,173986,201058,,169882,0,0,0,0,0,0,0
1431,"New Prince Shri Bhavani College of Engineering and Technology (Autonomous), Vengaivasal Main Road, Gowrivakkam, Chennai-600073.",CHENGALPET,SELF FINANCING COLLEGES TIER 3,ME,MECHANICAL ENGINEERING,195710,208581,230700,217514,221306,,,0,0,0,0,0,0,0
1431,"New Prince Shri Bhavani College of Engineering and Technology (Autonomous), Vengaivasal Main Road, Gowrivakkam, Chennai-600073.",CHENGALPET,SELF FINANCING COLLEGES TIER 3,SC,Computer Science and Engineering (Cyber Security),132133,189030,186288,175521,203885,224117,,0,0,0,0,0,1,0
1432,"Rajalakshmi Institute of Technology (Autonomous), Bangalore Highway Road, Kuthambakkam, Chennai-600124.",KANCHEEPURAM,SELF FINANCING COLLEGES TIER 3,AD,Artificial Intelligence and Data Science,15570,23840,28083,27741,71938,197554,138309,0,0,0,0,0,0,0
1432,"Rajalakshmi Institute of Technology (Autonomous), Bangalore Highway Road, Kuthambakkam, Chennai-600124.",KANCHEEPURAM,SELF FINANCING COLLEGES TIER 3,AM,COMPUTER SCIENCE AND ENGINEERING (AI AND MACHINE LEARNING),14392,23284,23221,27435,82516,145895,107563,0,0,0,0,0,0,0
1432,"Rajalakshmi Institute of Technology (Autonomous), Bangalore Highway Road, Kuthambakkam, Chennai-600124.",KANCHEEPURAM,SELF FINANCING COLLEGES TIER 3,BT,BIO TECHNOLOGY,26914,53569,,64291,90234,142052,,0,0,0,0,0,0,0
1432,"Rajalakshmi Institute of Technology (Autonomous), Bangalore Highway Road, Kuthambakkam, Chennai-600124.",KANCHEEPURAM,SELF FINANCING COLLEGES TIER 3,CB,COMPUTER SCIENCE AND BUSSINESS SYSTEM,19157,27054,23768,29222,97668,199084,128387,0,0,0,0,0,0,0
1432,"Rajalakshmi Institute of Technology (Autonomous), Bangalore Highway Road, Kuthambakkam, Chennai-600124.",KANCHEEPURAM,SELF FINANCING COLLEGES TIER 3,CO,COMPUTER AND  COMMUNICATION ENGINEERING,20573,26361,27646,30294,96384,201230,,0,0,0,0,0,0,0
1432,"Rajalakshmi Institute of Technology (Autonomous), Bangalore Highway Road, Kuthambakkam, Chennai-600124.",KANCHEEPURAM,SELF FINANCING COLLEGES TIER 3,CS,COMPUTER SCIENCE AND ENGINEERING,11918,19388,26979,24304,65259,206870,90023,0,0,0,0,0,0,0
1432,"Rajalakshmi Institute of Technology (Autonomous), Bangalore Highway Road, Kuthambakkam, Chennai-600124.",KANCHEEPURAM,SELF FINANCING COLLEGES TIER 3,EC,ELECTRONICS AND COMMUNICATION ENGINEERING,13009,22522,23724,26854,88903,148645,,0,0,0,0,0,0,0
1432,"Rajalakshmi Institute of Technology (Autonomous), Bangalore Highway Road, Kuthambakkam, Chennai-600124.",KANCHEEPURAM,SELF FINANCING COLLEGES TIER 3,EV,Electronics Engineering (VLSI Design and Technology),24132,28731,29950,35325,98703,181419,170238,0,0,0,0,0,0,0
1432,"Rajalakshmi Institute of Technology (Autonomous), Bangalore Highway Road, Kuthambakkam, Chennai-600124.",KANCHEEPURAM,SELF FINANCING COLLEGES TIER 3,ME,MECHANICAL ENGINEERING,34762,48592,44207,60558,125494,,206167,0,0,0,0,0,0,0
1434,"Surya Group of Institutions, NH-45, GST Road, Vikiravandi, Villupuram-605652.",VILUPPURAM,SELF FINANCING COLLEGES TIER 3,AD,Artificial Intelligence and Data Science,152951,216788,155105,180291,206554,,,0,1,0,0,0,0,0
1434,"Surya Group of Institutions, NH-45, GST Road, Vikiravandi, Villupuram-605652.",VILUPPURAM,SELF FINANCING COLLEGES TIER 3,AE,AERONAUTICAL ENGINEERING,208840,,,,,,,1,0,0,0,0,0,0
1434,"Surya Group of Institutions, NH-45, GST Road, Vikiravandi, Villupuram-605652.",VILUPPURAM,SELF FINANCING COLLEGES TIER 3,AG,AGRICULTURAL ENGINEERING,229296,,,,,,,1,0,0,0,0,0,0
1434,"Surya Group of Institutions, NH-45, GST Road, Vikiravandi, Villupuram-605652.",VILUPPURAM,SELF FINANCING COLLEGES TIER 3,AU,AUTOMOBILE ENGINEERING,169636,,,,,,,1,0,0,0,0,0,0
1434,"Surya Group of Institutions, NH-45, GST Road, Vikiravandi, Villupuram-605652.",VILUPPURAM,SELF FINANCING COLLEGES TIER 3,CE,CIVIL  ENGINEERING,221882,,,,,,,1,0,0,0,0,0,0
1434,"Surya Group of Institutions, NH-45, GST Road, Vikiravandi, Villupuram-605652.",VILUPPURAM,SELF FINANCING COLLEGES TIER 3,CS,COMPUTER SCIENCE AND ENGINEERING,126468,230565,206108,185008,174741,,,0,1,0,0,0,0,0
1434,"Surya Group of Institutions, NH-45, GST Road, Vikiravandi, Villupuram-605652.",VILUPPURAM,SELF FINANCING COLLEGES TIER 3,EC,ELECTRONICS AND COMMUNICATION ENGINEERING,219285,,225967,226905,235095,,,0,0,1,1,1,0,0
1434,"Surya Group of Institutions, NH-45, GST Road, Vikiravandi, Villupuram-605652.",VILUPPURAM,SELF FINANCING COLLEGES TIER 3,EE,ELECTRICAL AND ELECTRONICS ENGINEERING,232642,,,,,,,1,0,0,0,0,0,0
1434,"Surya Group of Institutions, NH-45, GST Road, Vikiravandi, Villupuram-605652.",VILUPPURAM,SELF FINANCING COLLEGES TIER 3,ME,MECHANICAL ENGINEERING,233933,,,,,,,1,0,0,0,0,0,0
1434,"Surya Group of Institutions, NH-45, GST Road, Vikiravandi, Villupuram-605652.",VILUPPURAM,SELF FINANCING COLLEGES TIER 3,SC,Computer Science and Engineering (Cyber Security),166507,,190524,202485,207297,234181,,0,0,0,0,0,0,0
1436,"A.R.Engineering College, Vadakuchipalayam, Kappiyampuliyur post, Villupuram-605601.",VILUPPURAM,SELF FINANCING COLLEGES TIER 3,AD,Artificial Intelligence and Data Science,238708,,,,,,,1,0,0,0,0,0,0
1436,"A.R.Engineering College, Vadakuchipalayam, Kappiyampuliyur post, Villupuram-605601.",VILUPPURAM,SELF FINANCING COLLEGES TIER 3,CE,CIVIL  ENGINEERING,,,,,,,,0,0,0,0,0,0,0
1436,"A.R.Engineering College, Vadakuchipalayam, Kappiyampuliyur post, Villupuram-605601.",VILUPPURAM,SELF FINANCING COLLEGES TIER 3,CS,COMPUTER SCIENCE AND ENGINEERING,225085,,,,,,,1,0,0,0,0,0,0
1436,"A.R.Engineering College, Vadakuchipalayam, Kappiyampuliyur post, Villupuram-605601.",VILUPPURAM,SELF FINANCING COLLEGES TIER 3,EC,ELECTRONICS AND COMMUNICATION ENGINEERING,232883,,,,,,,1,0,0,0,0,0,0
1436,"A.R.Engineering College, Vadakuchipalayam, Kappiyampuliyur post, Villupuram-605601.",VILUPPURAM,SELF FINANCING COLLEGES TIER 3,EE,ELECTRICAL AND ELECTRONICS ENGINEERING,220060,,,,,,,1,0,0,0,0,0,0
1436,"A.R.Engineering College, Vadakuchipalayam, Kappiyampuliyur post, Villupuram-605601.",VILUPPURAM,SELF FINANCING COLLEGES TIER 3,ME,MECHANICAL ENGINEERING,203674,,,,,,,1,0,0,0,0,0,0
1437,"Rrase College of Engineering, Vanjuvancherry, Padappai, Sriperumbadur, Kancheepuram -601301.",KANCHEEPURAM,SELF FINANCING COLLEGES TIER 3,AD,Artificial Intelligence and Data Science,184958,216820,,188793,238571,,204377,0,1,0,1,1,0,0
1437,"Rrase College of Engineering, Vanjuvancherry, Padappai, Sriperumbadur, Kancheepuram -601301.",KANCHEEPURAM,SELF FINANCING COLLEGES TIER 3,CE,CIVIL  ENGINEERING,218441,,,,,,,1,0,0,0,0,0,0
1437,"Rrase College of Engineering, Vanjuvancherry, Padappai, Sriperumbadur, Kancheepuram -601301.",KANCHEEPURAM,SELF FINANCING COLLEGES TIER 3,CS,COMPUTER SCIENCE AND ENGINEERING,137590,214161,170987,236506,225520,173433,,0,1,0,1,0,0,0
1437,"Rrase College of Engineering, Vanjuvancherry, Padappai, Sriperumbadur, Kancheepuram -601301.",KANCHEEPURAM,SELF FINANCING COLLEGES TIER 3,EC,ELECTRONICS AND COMMUNICATION ENGINEERING,219275,222004,,223961,231139,235105,,0,1,0,1,1,1,0
1437,"Rrase College of Engineering, Vanjuvancherry, Padappai, Sriperumbadur, Kancheepuram -601301.",KANCHEEPURAM,SELF FINANCING COLLEGES TIER 3,EE,ELECTRICAL AND ELECTRONICS ENGINEERING,222808,,,,,,,1,0,0,0,0,0,0
1437,"Rrase College of Engineering, Vanjuvancherry, Padappai, Sriperumbadur, Kancheepuram -601301.",KANCHEEPURAM,SELF FINANCING COLLEGES TIER 3,IT,INFORMATION TECHNOLOGY,187839,229178,202164,199665,228772,,,0,1,1,1,1,0,0
1437,"Rrase College of Engineering, Vanjuvancherry, Padappai, Sriperumbadur, Kancheepuram -601301.",KANCHEEPURAM,SELF FINANCING COLLEGES TIER 3,ME,MECHANICAL ENGINEERING,,,,,,,,0,0,0,0,0,0,0
1437,"Rrase College of Engineering, Vanjuvancherry, Padappai, Sriperumbadur, Kancheepuram -601301.",KANCHEEPURAM,SELF FINANCING COLLEGES TIER 3,SC,Computer Science and Engineering (Cyber Security),176662,218838,189556,211352,238071,,,0,1,0,1,1,0,0
1438,"Sree Krishna College of Engineering, Anaicut Post, Unnai Village, Vellore-632101.",VELLORE,SELF FINANCING COLLEGES TIER 3,CE,CIVIL  ENGINEERING,,,,,,,,0,0,0,0,0,0,0
1438,"Sree Krishna College of Engineering, Anaicut Post, Unnai Village, Vellore-632101.",VELLORE,SELF FINANCING COLLEGES TIER 3,CS,COMPUTER SCIENCE AND ENGINEERING,226923,233350,,238386,,,,0,1,0,1,0,0,0
1438,"Sree Krishna College of Engineering, Anaicut Post, Unnai Village, Vellore-632101.",VELLORE,SELF FINANCING COLLEGES TIER 3,EC,ELECTRONICS AND COMMUNICATION ENGINEERING,230321,,,,,,,1,0,0,0,0,0,0
1438,"Sree Krishna College of Engineering, Anaicut Post, Unnai Village, Vellore-632101.",VELLORE,SELF FINANCING COLLEGES TIER 3,EE,ELECTRICAL AND ELECTRONICS ENGINEERING,,,,,,,,0,0,0,0,0,0,0
1438,"Sree Krishna College of Engineering, Anaicut Post, Unnai Village, Vellore-632101.",VELLORE,SELF FINANCING COLLEGES TIER 3,ME,MECHANICAL ENGINEERING,238178,,,,,,,1,0,0,0,0,0,0
1441,"A.K.T.Memorial College of Engineering and Technology, Neelamangalam( Post ), Kallakurichi Taluk, Villupuram District-606202.",KALLAKURICHI,SELF FINANCING COLLEGES TIER 3,AD,Artificial Intelligence and Data Science,185839,227303,229131,229667,232506,,236320,0,1,0,1,0,0,0
1441,"A.K.T.Memorial College of Engineering and Technology, Neelamangalam( Post ), Kallakurichi Taluk, Villupuram District-606202.",KALLAKURICHI,SELF FINANCING COLLEGES TIER 3,CE,CIVIL  ENGINEERING,212412,236553,,237086,238125,,,0,1,0,1,1,0,0
1441,"A.K.T.Memorial College of Engineering and Technology, Neelamangalam( Post ), Kallakurichi Taluk, Villupuram District-606202.",KALLAKURICHI,SELF FINANCING COLLEGES TIER 3,CS,COMPUTER SCIENCE AND ENGINEERING,170266,229857,,227691,217586,,,0,1,0,0,0,0,0
1441,"A.K.T.Memorial College of Engineering and Technology, Neelamangalam( Post ), Kallakurichi Taluk, Villupuram District-606202.",KALLAKURICHI,SELF FINANCING COLLEGES TIER 3,EC,ELECTRONICS AND COMMUNICATION ENGINEERING,200408,233677,,236880,236054,,,0,1,0,0,0,0,0
1441,"A.K.T.Memorial College of Engineering and Technology, Neelamangalam( Post ), Kallakurichi Taluk, Villupuram District-606202.",KALLAKURICHI,SELF FINANCING COLLEGES TIER 3,EE,ELECTRICAL AND ELECTRONICS ENGINEERING,236874,237634,,237115,238376,,,0,1,0,1,1,0,0
1441,"A.K.T.Memorial College of Engineering and Technology, Neelamangalam( Post ), Kallakurichi Taluk, Villupuram District-606202.",KALLAKURICHI,SELF FINANCING COLLEGES TIER 3,IT,INFORMATION TECHNOLOGY,192046,236105,196795,214467,235720,214047,,0,1,0,1,0,0,0
1441,"A.K.T.Memorial College of Engineering and Technology, Neelamangalam( Post ), Kallakurichi Taluk, Villupuram District-606202.",KALLAKURICHI,SELF FINANCING COLLEGES TIER 3,ME,MECHANICAL ENGINEERING,238759,,,,,,,0,0,0,0,0,0,0
1442,"Prince Dr. K. Vasudevan College of Engineering and Technology (Autonomous), Medavakkam-Mambakkam Road, Ponmar, Chennai-600127.",CHENGALPET,SELF FINANCING COLLEGES TIER 3,AD,Artificial Intelligence and Data Science,8869,11440,40157,13916,196333,127761,,0,0,0,0,0,0,0
1442,"Prince Dr. K. Vasudevan College of Engineering and Technology (Autonomous), Medavakkam-Mambakkam Road, Ponmar, Chennai-600127.",CHENGALPET,SELF FINANCING COLLEGES TIER 3,CS,COMPUTER SCIENCE AND ENGINEERING,30180,72162,88705,79211,199798,,,0,0,0,0,0,0,0
1442,"Prince Dr. K. Vasudevan College of Engineering and Technology (Autonomous), Medavakkam-Mambakkam Road, Ponmar, Chennai-600127.",CHENGALPET,SELF FINANCING COLLEGES TIER 3,SC,Computer Science and Engineering (Cyber Security),23622,75294,94396,96224,205767,,196474,0,0,0,0,0,0,0
1444,"R.M.Engineering College (formerly Chendu College of Engineering and Technology),  Zamin Endathur Village, Madurantakam, Kanchipuram-603311.",CHENGALPET,SELF FINANCING COLLEGES TIER 3,AD,Artificial Intelligence and Data Science,239251,,,,,,,1,0,0,0,0,0,0
1444,"R.M.Engineering College (formerly Chendu College of Engineering and Technology),  Zamin Endathur Village, Madurantakam, Kanchipuram-603311.",CHENGALPET,SELF FINANCING COLLEGES TIER 3,CE,CIVIL  ENGINEERING,,,,,,,,0,0,0,0,0,0,0
1444,"R.M.Engineering College (formerly Chendu College of Engineering and Technology),  Zamin Endathur Village, Madurantakam, Kanchipuram-603311.",CHENGALPET,SELF FINANCING COLLEGES TIER 3,CS,COMPUTER SCIENCE AND ENGINEERING,236587,,,,,,,1,0,0,0,0,0,0
1444,"R.M.Engineering College (formerly Chendu College of Engineering and Technology),  Zamin Endathur Village, Madurantakam, Kanchipuram-603311.",CHENGALPET,SELF FINANCING COLLEGES TIER 3,EC,ELECTRONICS AND COMMUNICATION ENGINEERING,236190,,,,,,,1,0,0,0,0,0,0
1444,"R.M.Engineering College (formerly Chendu College of Engineering and Technology),  Zamin Endathur Village, Madurantakam, Kanchipuram-603311.",CHENGALPET,SELF FINANCING COLLEGES TIER 3,ME,MECHANICAL ENGINEERING,239060,,,,,,,1,0,0,0,0,0,0
1444,"R.M.Engineering College (formerly Chendu College of Engineering and Technology),  Zamin Endathur Village, Madurantakam, Kanchipuram-603311.",CHENGALPET,SELF FINANCING COLLEGES TIER 3,SC,Computer Science and Engineering (Cyber Security),211151,,,,,,,1,0,0,0,0,0,0
1445,"Sri Rangapoopathi College of Engineering, Alampoondi Village & Post, Gingee Taluk, Villupuram District-604151.",VILUPPURAM,SELF FINANCING COLLEGES TIER 3,AD,Artificial Intelligence and Data Science,169774,227893,,224823,,,,0,1,0,1,0,0,0
1445,"Sri Rangapoopathi College of Engineering, Alampoondi Village & Post, Gingee Taluk, Villupuram District-604151.",VILUPPURAM,SELF FINANCING COLLEGES TIER 3,CE,CIVIL  ENGINEERING,,,,,,,,0,0,0,0,0,0,0
1445,"Sri Rangapoopathi College of Engineering, Alampoondi Village & Post, Gingee Taluk, Villupuram District-604151.",VILUPPURAM,SELF FINANCING COLLEGES TIER 3,CS,COMPUTER SCIENCE AND ENGINEERING,151198,,,210101,,,,0,0,0,1,0,0,0
1445,"Sri Rangapoopathi College of Engineering, Alampoondi Village & Post, Gingee Taluk, Villupuram District-604151.",VILUPPURAM,SELF FINANCING COLLEGES TIER 3,EC,ELECTRONICS AND COMMUNICATION ENGINEERING,210383,,,,,,,1,0,0,0,0,0,0
1445,"Sri Rangapoopathi College of Engineering, Alampoondi Village & Post, Gingee Taluk, Villupuram District-604151.",VILUPPURAM,SELF FINANCING COLLEGES TIER 3,EE,ELECTRICAL AND ELECTRONICS ENGINEERING,130403,,,,,,,1,0,0,0,0,0,0
1445,"Sri Rangapoopathi College of Engineering, Alampoondi Village & Post, Gingee Taluk, Villupuram District-604151.",VILUPPURAM,SELF FINANCING COLLEGES TIER 3,ME,MECHANICAL ENGINEERING,231106,,,,,,,1,0,0,0,0,0,0
1445,"Sri Rangapoopathi College of Engineering, Alampoondi Village & Post, Gingee Taluk, Villupuram District-604151.",VILUPPURAM,SELF FINANCING COLLEGES TIER 3,SC,Computer Science and Engineering (Cyber Security),237312,,,,,,,1,0,0,0,0,0,0
1449,"Saraswathy College of Engineering and Technology, NH-45 Main Road, Olakkur, Tindivanam, Villupuram-604307.",VILUPPURAM,SELF FINANCING COLLEGES TIER 3,AD,Artificial Intelligence and Data Science,168704,233926,182702,193894,228285,,,0,1,1,0,1,0,0
1449,"Saraswathy College of Engineering and Technology, NH-45 Main Road, Olakkur, Tindivanam, Villupuram-604307.",VILUPPURAM,SELF FINANCING COLLEGES TIER 3,AG,AGRICULTURAL ENGINEERING,234158,,,,,,,1,0,0,0,0,0,0
1449,"Saraswathy College of Engineering and Technology, NH-45 Main Road, Olakkur, Tindivanam, Villupuram-604307.",VILUPPURAM,SELF FINANCING COLLEGES TIER 3,CE,CIVIL  ENGINEERING,189737,,,,,,,1,0,0,0,0,0,0
1449,"Saraswathy College of Engineering and Technology, NH-45 Main Road, Olakkur, Tindivanam, Villupuram-604307.",VILUPPURAM,SELF FINANCING COLLEGES TIER 3,CS,COMPUTER SCIENCE AND ENGINEERING,161515,,162349,194539,194248,,,0,0,1,0,1,0,0
1449,"Saraswathy College of Engineering and Technology, NH-45 Main Road, Olakkur, Tindivanam, Villupuram-604307.",VILUPPURAM,SELF FINANCING COLLEGES TIER 3,EC,ELECTRONICS AND COMMUNICATION ENGINEERING,197117,,,220714,,,,0,0,0,0,0,0,0
1449,"Saraswathy College of Engineering and Technology, NH-45 Main Road, Olakkur, Tindivanam, Villupuram-604307.",VILUPPURAM,SELF FINANCING COLLEGES TIER 3,IT,INFORMATION TECHNOLOGY,204856,,,232633,,,,0,0,0,0,0,0,0
1449,"Saraswathy College of Engineering and Technology, NH-45 Main Road, Olakkur, Tindivanam, Villupuram-604307.",VILUPPURAM,SELF FINANCING COLLEGES TIER 3,ME,MECHANICAL ENGINEERING,218895,,,,,,,1,0,0,0,0,0,0
1450,"Loyola-ICAM College of Engineering and Technology (Autonomous), Loyola College Campus, Chennai-600034.",CHENNAI,SELF FINANCING COLLEGES TIER 2,AD,Artificial Intelligence and Data Science,16886,24216,19155,28379,30528,,67586,0,0,0,0,0,0,0
1450,"Loyola-ICAM College of Engineering and Technology (Autonomous), Loyola College Campus, Chennai-600034.",CHENNAI,SELF FINANCING COLLEGES TIER 2,CS,COMPUTER SCIENCE AND ENGINEERING,8206,16009,16492,20567,38708,76243,113191,0,0,0,0,0,0,0
1450,"Loyola-ICAM College of Engineering and Technology (Autonomous), Loyola College Campus, Chennai-600034.",CHENNAI,SELF FINANCING COLLEGES TIER 2,EC,ELECTRONICS AND COMMUNICATION ENGINEERING,15327,24964,24719,25623,44998,83977,,0,0,0,0,0,0,0
1450,"Loyola-ICAM College of Engineering and Technology (Autonomous), Loyola College Campus, Chennai-600034.",CHENNAI,SELF FINANCING COLLEGES TIER 2,EE,ELECTRICAL AND ELECTRONICS ENGINEERING,26263,34274,37141,41224,43937,160946,,0,0,0,0,0,0,0
1450,"Loyola-ICAM College of Engineering and Technology (Autonomous), Loyola College Campus, Chennai-600034.",CHENNAI,SELF FINANCING COLLEGES TIER 2,IT,INFORMATION TECHNOLOGY,16438,22030,30530,31803,36240,,,0,0,0,0,0,0,0
1450,"Loyola-ICAM College of Engineering and Technology (Autonomous), Loyola College Campus, Chennai-600034.",CHENNAI,SELF FINANCING COLLEGES TIER 2,ME,MECHANICAL ENGINEERING,40279,49194,63133,47307,64321,161227,,0,0,0,0,0,0,0
1452,"PERI Institute of Technology (Autonomous), Mannivakkam,Tambaram, Kancheepuram, Chennai-600048.",CHENGALPET,SELF FINANCING COLLEGES TIER 3,AD,Artificial Intelligence and Data Science,134533,230002,192076,226882,237167,,,0,1,0,0,1,0,0
1452,"PERI Institute of Technology (Autonomous), Mannivakkam,Tambaram, Kancheepuram, Chennai-600048.",CHENGALPET,SELF FINANCING COLLEGES TIER 3,AM,COMPUTER SCIENCE AND ENGINEERING (AI AND MACHINE LEARNING),171677,230527,,219904,234693,,,0,1,0,1,1,0,0
1452,"PERI Institute of Technology (Autonomous), Mannivakkam,Tambaram, Kancheepuram, Chennai-600048.",CHENGALPET,SELF FINANCING COLLEGES TIER 3,CA,COMPUTER SCIENCE AND ENGINEERING(ARTIFICIAL INTELLIGENCE),184503,234103,214345,192155,234713,,,0,1,0,1,1,0,0
1452,"PERI Institute of Technology (Autonomous), Mannivakkam,Tambaram, Kancheepuram, Chennai-600048.",CHENGALPET,SELF FINANCING COLLEGES TIER 3,CB,COMPUTER SCIENCE AND BUSSINESS SYSTEM,227438,,,,,,,1,0,0,0,0,0,0
1452,"PERI Institute of Technology (Autonomous), Mannivakkam,Tambaram, Kancheepuram, Chennai-600048.",CHENGALPET,SELF FINANCING COLLEGES TIER 3,CD,COMPUTER SCIENCE AND DESIGN,226805,,,,,,,1,0,0,0,0,0,0
1452,"PERI Institute of Technology (Autonomous), Mannivakkam,Tambaram, Kancheepuram, Chennai-600048.",CHENGALPET,SELF FINANCING COLLEGES TIER 3,CE,CIVIL  ENGINEERING,238680,,,,,,,1,0,0,0,0,0,0
1452,"PERI Institute of Technology (Autonomous), Mannivakkam,Tambaram, Kancheepuram, Chennai-600048.",CHENGALPET,SELF FINANCING COLLEGES TIER 3,CF,COMPUTER SCIENCE AND ENGINEERING (DATA SCIENCE),218701,229919,235277,232509,,,,0,1,0,1,0,0,0
1452,"PERI Institute of Technology (Autonomous), Mannivakkam,Tambaram, Kancheepuram, Chennai-600048.",CHENGALPET,SELF FINANCING COLLEGES TIER 3,CS,COMPUTER SCIENCE AND ENGINEERING,148397,229955,197457,225611,233402,,,0,1,1,1,1,0,0
1452,"PERI Institute of Technology (Autonomous), Mannivakkam,Tambaram, Kancheepuram, Chennai-600048.",CHENGALPET,SELF FINANCING COLLEGES TIER 3,EC,ELECTRONICS AND COMMUNICATION ENGINEERING,142431,233755,181134,218053,226339,,,0,1,0,0,1,0,0
1452,"PERI Institute of Technology (Autonomous), Mannivakkam,Tambaram, Kancheepuram, Chennai-600048.",CHENGALPET,SELF FINANCING COLLEGES TIER 3,EE,ELECTRICAL AND ELECTRONICS ENGINEERING,206826,226639,,231405,214501,,,0,1,0,1,1,0,0
1452,"PERI Institute of Technology (Autonomous), Mannivakkam,Tambaram, Kancheepuram, Chennai-600048.",CHENGALPET,SELF FINANCING COLLEGES TIER 3,IT,INFORMATION TECHNOLOGY,173467,220839,235140,219985,217154,,,0,1,0,1,1,0,0
1452,"PERI Institute of Technology (Autonomous), Mannivakkam,Tambaram, Kancheepuram, Chennai-600048.",CHENGALPET,SELF FINANCING COLLEGES TIER 3,ME,MECHANICAL ENGINEERING,206142,217473,,215478,,,,0,1,0,1,0,0,0
1452,"PERI Institute of Technology (Autonomous), Mannivakkam,Tambaram, Kancheepuram, Chennai-600048.",CHENGALPET,SELF FINANCING COLLEGES TIER 3,RI,ROBOTICS AND ARTIFICIAL INTELLIGENCE,224018,,,,,,,1,0,0,0,0,0,0
1452,"PERI Institute of Technology (Autonomous), Mannivakkam,Tambaram, Kancheepuram, Chennai-600048.",CHENGALPET,SELF FINANCING COLLEGES TIER 3,SC,Computer Science and Engineering (Cyber Security),155930,206031,,237046,235122,,,0,1,0,1,1,0,0
1501,"Adhiparasakthi College of Engineering, G.B.Nagar, Kalavai, Arcot Taluk, Vellore District-632506.",RANIPET,SELF FINANCING COLLEGES TIER 3,AD,Artificial Intelligence and Data Science,137064,157051,176685,152398,201062,,,0,0,0,0,0,0,0
1501,"Adhiparasakthi College of Engineering, G.B.Nagar, Kalavai, Arcot Taluk, Vellore District-632506.",RANIPET,SELF FINANCING COLLEGES TIER 3,CE,CIVIL  ENGINEERING,233742,,,234577,,,,0,0,0,1,0,0,0
1501,"Adhiparasakthi College of Engineering, G.B.Nagar, Kalavai, Arcot Taluk, Vellore District-632506.",RANIPET,SELF FINANCING COLLEGES TIER 3,CS,COMPUTER SCIENCE AND ENGINEERING,102932,164981,,150770,207045,,,0,0,0,0,0,0,0
1501,"Adhiparasakthi College of Engineering, G.B.Nagar, Kalavai, Arcot Taluk, Vellore District-632506.",RANIPET,SELF FINANCING COLLEGES TIER 3,EC,ELECTRONICS AND COMMUNICATION ENGINEERING,133100,169691,,155834,,,,0,0,0,0,0,0,0
1501,"Adhiparasakthi College of Engineering, G.B.Nagar, Kalavai, Arcot Taluk, Vellore District-632506.",RANIPET,SELF FINANCING COLLEGES TIER 3,EE,ELECTRICAL AND ELECTRONICS ENGINEERING,173841,218715,,190402,,,,0,0,0,0,0,0,0
1501,"Adhiparasakthi College of Engineering, G.B.Nagar, Kalavai, Arcot Taluk, Vellore District-632506.",RANIPET,SELF FINANCING COLLEGES TIER 3,IT,INFORMATION TECHNOLOGY,115063,156748,168389,148658,187366,,,0,0,1,0,0,0,0
1501,"Adhiparasakthi College of Engineering, G.B.Nagar, Kalavai, Arcot Taluk, Vellore District-632506.",RANIPET,SELF FINANCING COLLEGES TIER 3,ME,MECHANICAL ENGINEERING,190706,232702,,226388,,,,0,0,0,0,0,0,0
1501,"Adhiparasakthi College of Engineering, G.B.Nagar, Kalavai, Arcot Taluk, Vellore District-632506.",RANIPET,SELF FINANCING COLLEGES TIER 3,SC,Computer Science and Engineering (Cyber Security),137352,174049,,150266,232071,,,0,0,0,0,1,0,0
1503,"Arulmigu Meenakshi Amman College of Engineering, Vadamavandal Village, Namandi Post,(Near Kanchipuram),Tiruvanamalai-604410.",THIRUVANNAMALAI,SELF FINANCING COLLEGES TIER 3,AD,Artificial Intelligence and Data Science,236365,238091,,,,,,0,1,0,0,0,0,0
1503,"Arulmigu Meenakshi Amman College of Engineering, Vadamavandal Village, Namandi Post,(Near Kanchipuram),Tiruvanamalai-604410.",THIRUVANNAMALAI,SELF FINANCING COLLEGES TIER 3,CE,CIVIL  ENGINEERING,238119,,,,,,,1,0,0,0,0,0,0
1503,"Arulmigu Meenakshi Amman College of Engineering, Vadamavandal Village, Namandi Post,(Near Kanchipuram),Tiruvanamalai-604410.",THIRUVANNAMALAI,SELF FINANCING COLLEGES TIER 3,CS,COMPUTER SCIENCE AND ENGINEERING,233336,,,,,,,0,0,0,0,0,0,0
1503,"Arulmigu Meenakshi Amman College of Engineering, Vadamavandal Village, Namandi Post,(Near Kanchipuram),Tiruvanamalai-604410.",THIRUVANNAMALAI,SELF FINANCING COLLEGES TIER 3,EC,ELECTRONICS AND COMMUNICATION ENGINEERING,219240,,,,,,,1,0,0,0,0,0,0
1503,"Arulmigu Meenakshi Amman College of Engineering, Vadamavandal Village, Namandi Post,(Near Kanchipuram),Tiruvanamalai-604410.",THIRUVANNAMALAI,SELF FINANCING COLLEGES TIER 3,EE,ELECTRICAL AND ELECTRONICS ENGINEERING,230562,,,,,,,1,0,0,0,0,0,0
1503,"Arulmigu Meenakshi Amman College of Engineering, Vadamavandal Village, Namandi Post,(Near Kanchipuram),Tiruvanamalai-604410.",THIRUVANNAMALAI,SELF FINANCING COLLEGES TIER 3,IT,INFORMATION TECHNOLOGY,,,,,,,,0,0,0,0,0,0,0
1503,"Arulmigu Meenakshi Amman College of Engineering, Vadamavandal Village, Namandi Post,(Near Kanchipuram),Tiruvanamalai-604410.",THIRUVANNAMALAI,SELF FINANCING COLLEGES TIER 3,ME,MECHANICAL ENGINEERING,211064,,,,,,,1,0,0,0,0,0,0
1504,"Arunai Engineering College (Autonomous), Chittor-Cuddalore Raod, Mathur, Tiruvannamalai-606603.",THIRUVANNAMALAI,SELF FINANCING COLLEGES TIER 3,AD,Artificial Intelligence and Data Science,72717,160405,140952,140630,209347,,206432,0,0,0,0,0,0,0
1504,"Arunai Engineering College (Autonomous), Chittor-Cuddalore Raod, Mathur, Tiruvannamalai-606603.",THIRUVANNAMALAI,SELF FINANCING COLLEGES TIER 3,AG,AGRICULTURAL ENGINEERING,219459,,,,,,,1,0,0,0,0,0,0
1504,"Arunai Engineering College (Autonomous), Chittor-Cuddalore Raod, Mathur, Tiruvannamalai-606603.",THIRUVANNAMALAI,SELF FINANCING COLLEGES TIER 3,AM,COMPUTER SCIENCE AND ENGINEERING (AI AND MACHINE LEARNING),113564,157152,114010,134159,215283,,,0,0,0,0,1,0,0
1504,"Arunai Engineering College (Autonomous), Chittor-Cuddalore Raod, Mathur, Tiruvannamalai-606603.",THIRUVANNAMALAI,SELF FINANCING COLLEGES TIER 3,BT,BIO TECHNOLOGY,160683,215776,161118,187445,226978,,,0,1,0,0,1,0,0
1504,"Arunai Engineering College (Autonomous), Chittor-Cuddalore Raod, Mathur, Tiruvannamalai-606603.",THIRUVANNAMALAI,SELF FINANCING COLLEGES TIER 3,CE,CIVIL  ENGINEERING,164537,215285,176560,209596,178642,,,0,0,0,0,0,0,0
1504,"Arunai Engineering College (Autonomous), Chittor-Cuddalore Raod, Mathur, Tiruvannamalai-606603.",THIRUVANNAMALAI,SELF FINANCING COLLEGES TIER 3,CH,CHEMICAL  ENGINEERING,196216,,,222654,,,,0,0,0,1,0,0,0
1504,"Arunai Engineering College (Autonomous), Chittor-Cuddalore Raod, Mathur, Tiruvannamalai-606603.",THIRUVANNAMALAI,SELF FINANCING COLLEGES TIER 3,CS,COMPUTER SCIENCE AND ENGINEERING,88199,166433,136006,142306,218000,175339,,0,0,0,0,1,1,0
1504,"Arunai Engineering College (Autonomous), Chittor-Cuddalore Raod, Mathur, Tiruvannamalai-606603.",THIRUVANNAMALAI,SELF FINANCING COLLEGES TIER 3,EC,ELECTRONICS AND COMMUNICATION ENGINEERING,99099,165747,119586,141311,210094,,,0,0,0,0,1,0,0
1504,"Arunai Engineering College (Autonomous), Chittor-Cuddalore Raod, Mathur, Tiruvannamalai-606603.",THIRUVANNAMALAI,SELF FINANCING COLLEGES TIER 3,EE,ELECTRICAL AND ELECTRONICS ENGINEERING,144496,193438,214329,161522,222218,,,0,0,0,0,0,0,0
1504,"Arunai Engineering College (Autonomous), Chittor-Cuddalore Raod, Mathur, Tiruvannamalai-606603.",THIRUVANNAMALAI,SELF FINANCING COLLEGES TIER 3,IT,INFORMATION TECHNOLOGY,107752,162887,150433,139194,193413,,234027,0,0,0,0,1,0,0
1504,"Arunai Engineering College (Autonomous), Chittor-Cuddalore Raod, Mathur, Tiruvannamalai-606603.",THIRUVANNAMALAI,SELF FINANCING COLLEGES TIER 3,ME,MECHANICAL ENGINEERING,168760,236040,211685,199728,229198,,,0,1,1,0,1,0,0
1504,"Arunai Engineering College (Autonomous), Chittor-Cuddalore Raod, Mathur, Tiruvannamalai-606603.",THIRUVANNAMALAI,SELF FINANCING COLLEGES TIER 3,SC,Computer Science and Engineering (Cyber Security),118477,148561,53905,138609,223773,,,0,0,0,0,1,0,0
1505,"C.Abdul Hakeem College of Engineering and Technology, Hakeem Nagar, Melvisharam, Vellore -632509.",RANIPET,SELF FINANCING COLLEGES TIER 3,AD,Artificial Intelligence and Data Science,58379,118501,91349,96335,179447,226891,,0,0,0,0,0,0,0
1505,"C.Abdul Hakeem College of Engineering and Technology, Hakeem Nagar, Melvisharam, Vellore -632509.",RANIPET,SELF FINANCING COLLEGES TIER 3,AM,COMPUTER SCIENCE AND ENGINEERING (AI AND MACHINE LEARNING),85582,151221,97693,146371,183884,,,0,0,0,0,0,0,0
1505,"C.Abdul Hakeem College of Engineering and Technology, Hakeem Nagar, Melvisharam, Vellore -632509.",RANIPET,SELF FINANCING COLLEGES TIER 3,CS,COMPUTER SCIENCE AND ENGINEERING,81503,140232,96737,142784,227309,208876,,0,0,0,0,0,0,0
1505,"C.Abdul Hakeem College of Engineering and Technology, Hakeem Nagar, Melvisharam, Vellore -632509.",RANIPET,SELF FINANCING COLLEGES TIER 3,EC,ELECTRONICS AND COMMUNICATION ENGINEERING,85557,140337,100789,141783,218087,,,0,0,0,0,1,0,0
1505,"C.Abdul Hakeem College of Engineering and Technology, Hakeem Nagar, Melvisharam, Vellore -632509.",RANIPET,SELF FINANCING COLLEGES TIER 3,EE,ELECTRICAL AND ELECTRONICS ENGINEERING,129558,183177,159404,164213,226586,,,0,0,0,0,0,0,0
1505,"C.Abdul Hakeem College of Engineering and Technology, Hakeem Nagar, Melvisharam, Vellore -632509.",RANIPET,SELF FINANCING COLLEGES TIER 3,IT,INFORMATION TECHNOLOGY,99705,158608,101323,139502,237983,,,0,0,0,0,1,0,0
1505,"C.Abdul Hakeem College of Engineering and Technology, Hakeem Nagar, Melvisharam, Vellore -632509.",RANIPET,SELF FINANCING COLLEGES TIER 3,ME,MECHANICAL ENGINEERING,186492,231618,202584,234708,206653,,,0,1,0,1,1,0,0
1507,"Ganadipathy Tulsi's Jain Engineering College, Chittoor-Cuddalore Road, Kaniyambadi, Vellore-632102.",VELLORE,SELF FINANCING COLLEGES TIER 3,AD,Artificial Intelligence and Data Science,124624,174679,217380,160285,189794,222674,,0,0,0,0,0,0,0
1507,"Ganadipathy Tulsi's Jain Engineering College, Chittoor-Cuddalore Road, Kaniyambadi, Vellore-632102.",VELLORE,SELF FINANCING COLLEGES TIER 3,CB,COMPUTER SCIENCE AND BUSSINESS SYSTEM,173459,198126,230873,182923,232638,,,0,0,0,0,1,0,0
1507,"Ganadipathy Tulsi's Jain Engineering College, Chittoor-Cuddalore Road, Kaniyambadi, Vellore-632102.",VELLORE,SELF FINANCING COLLEGES TIER 3,CS,COMPUTER SCIENCE AND ENGINEERING,135241,185212,165476,161216,213778,,,0,0,0,0,0,0,0
1507,"Ganadipathy Tulsi's Jain Engineering College, Chittoor-Cuddalore Road, Kaniyambadi, Vellore-632102.",VELLORE,SELF FINANCING COLLEGES TIER 3,EC,ELECTRONICS AND COMMUNICATION ENGINEERING,147254,175779,207825,163917,237774,,,0,0,0,0,0,0,0
1507,"Ganadipathy Tulsi's Jain Engineering College, Chittoor-Cuddalore Road, Kaniyambadi, Vellore-632102.",VELLORE,SELF FINANCING COLLEGES TIER 3,EE,ELECTRICAL AND ELECTRONICS ENGINEERING,186276,212160,234254,207093,,,,0,0,0,0,0,0,0
1507,"Ganadipathy Tulsi's Jain Engineering College, Chittoor-Cuddalore Road, Kaniyambadi, Vellore-632102.",VELLORE,SELF FINANCING COLLEGES TIER 3,IT,INFORMATION TECHNOLOGY,133570,175258,181613,165513,232225,221788,,0,0,0,0,0,0,0
1507,"Ganadipathy Tulsi's Jain Engineering College, Chittoor-Cuddalore Road, Kaniyambadi, Vellore-632102.",VELLORE,SELF FINANCING COLLEGES TIER 3,ME,MECHANICAL ENGINEERING,214053,235375,236484,222589,,,,0,1,0,0,0,0,0
1507,"Ganadipathy Tulsi's Jain Engineering College, Chittoor-Cuddalore Road, Kaniyambadi, Vellore-632102.",VELLORE,SELF FINANCING COLLEGES TIER 3,SC,Computer Science and Engineering (Cyber Security),166296,191625,193607,179354,231693,198204,,0,0,0,0,0,0,0
1509,"Meenakshi College of Engineering, 12,Vembuli Amman Koil Street, West K K Nagar, Chennai-600078.",CHENNAI,SELF FINANCING COLLEGES TIER 3,AD,Artificial Intelligence and Data Science,63489,88632,85972,113232,148525,,,0,0,0,0,0,0,0
1509,"Meenakshi College of Engineering, 12,Vembuli Amman Koil Street, West K K Nagar, Chennai-600078.",CHENNAI,SELF FINANCING COLLEGES TIER 3,AM,COMPUTER SCIENCE AND ENGINEERING (AI AND MACHINE LEARNING),80700,123732,105295,136444,161237,,,0,0,0,0,0,0,0
1509,"Meenakshi College of Engineering, 12,Vembuli Amman Koil Street, West K K Nagar, Chennai-600078.",CHENNAI,SELF FINANCING COLLEGES TIER 3,CB,COMPUTER SCIENCE AND BUSSINESS SYSTEM,108515,136684,133429,139759,161067,,,0,0,0,0,0,0,0
1509,"Meenakshi College of Engineering, 12,Vembuli Amman Koil Street, West K K Nagar, Chennai-600078.",CHENNAI,SELF FINANCING COLLEGES TIER 3,CE,CIVIL  ENGINEERING,158320,218276,189174,206331,223528,,,0,1,0,0,1,0,0
1509,"Meenakshi College of Engineering, 12,Vembuli Amman Koil Street, West K K Nagar, Chennai-600078.",CHENNAI,SELF FINANCING COLLEGES TIER 3,CS,COMPUTER SCIENCE AND ENGINEERING,70653,109686,85258,111374,136274,221086,,0,0,0,0,0,0,0
1509,"Meenakshi College of Engineering, 12,Vembuli Amman Koil Street, West K K Nagar, Chennai-600078.",CHENNAI,SELF FINANCING COLLEGES TIER 3,EC,ELECTRONICS AND COMMUNICATION ENGINEERING,106404,136348,134257,136491,160379,226195,,0,0,0,0,0,0,0
1509,"Meenakshi College of Engineering, 12,Vembuli Amman Koil Street, West K K Nagar, Chennai-600078.",CHENNAI,SELF FINANCING COLLEGES TIER 3,EE,ELECTRICAL AND ELECTRONICS ENGINEERING,138028,165150,169215,157558,175962,,,0,0,0,0,0,0,0
1509,"Meenakshi College of Engineering, 12,Vembuli Amman Koil Street, West K K Nagar, Chennai-600078.",CHENNAI,SELF FINANCING COLLEGES TIER 3,EI,ELECTRONICS AND INSTRUMENTATION ENGINEERING,138311,189091,149122,173541,188652,,,0,0,0,0,0,0,0
1509,"Meenakshi College of Engineering, 12,Vembuli Amman Koil Street, West K K Nagar, Chennai-600078.",CHENNAI,SELF FINANCING COLLEGES TIER 3,IT,INFORMATION TECHNOLOGY,89051,131939,111202,130344,152172,,203022,0,0,0,0,0,0,0
1509,"Meenakshi College of Engineering, 12,Vembuli Amman Koil Street, West K K Nagar, Chennai-600078.",CHENNAI,SELF FINANCING COLLEGES TIER 3,ME,MECHANICAL ENGINEERING,151429,212918,,193573,218190,,,0,0,0,0,0,0,0
1510,"Priyadarshini Engineering College, Chettiyappanur Village & Post, Vaniyambadi, Vellore-635751.",THIRUPATHUR,SELF FINANCING COLLEGES TIER 3,AD,Artificial Intelligence and Data Science,133785,203656,157962,166139,174617,201716,,0,0,0,0,0,0,0
1510,"Priyadarshini Engineering College, Chettiyappanur Village & Post, Vaniyambadi, Vellore-635751.",THIRUPATHUR,SELF FINANCING COLLEGES TIER 3,CE,CIVIL  ENGINEERING,234345,,,238251,235263,,,0,0,0,0,1,0,0
1510,"Priyadarshini Engineering College, Chettiyappanur Village & Post, Vaniyambadi, Vellore-635751.",THIRUPATHUR,SELF FINANCING COLLEGES TIER 3,CS,COMPUTER SCIENCE AND ENGINEERING,145570,231520,219747,181715,236948,,,0,1,0,0,0,0,0
1510,"Priyadarshini Engineering College, Chettiyappanur Village & Post, Vaniyambadi, Vellore-635751.",THIRUPATHUR,SELF FINANCING COLLEGES TIER 3,EC,ELECTRONICS AND COMMUNICATION ENGINEERING,171994,233812,223420,199156,228898,,,0,1,0,0,0,0,0
1510,"Priyadarshini Engineering College, Chettiyappanur Village & Post, Vaniyambadi, Vellore-635751.",THIRUPATHUR,SELF FINANCING COLLEGES TIER 3,EE,ELECTRICAL AND ELECTRONICS ENGINEERING,214804,,,230194,239240,,,0,0,0,0,1,0,0
1510,"Priyadarshini Engineering College, Chettiyappanur Village & Post, Vaniyambadi, Vellore-635751.",THIRUPATHUR,SELF FINANCING COLLEGES TIER 3,IT,INFORMATION TECHNOLOGY,148424,219962,174464,187642,235632,,,0,0,0,0,1,0,0
1510,"Priyadarshini Engineering College, Chettiyappanur Village & Post, Vaniyambadi, Vellore-635751.",THIRUPATHUR,SELF FINANCING COLLEGES TIER 3,ME,MECHANICAL ENGINEERING,223897,228339,,232726,228109,,,0,1,0,0,1,0,0
1511,"RANIPPETTAI ENGINEERING COLLEGE, THENKADAPPANTHANGAL, VELLORE DISTRICT 632513",VELLORE,SELF FINANCING COLLEGES TIER 3,CE,CIVIL  ENGINEERING,233291,,,,,,,1,0,0,0,0,0,0
1511,"RANIPPETTAI ENGINEERING COLLEGE, THENKADAPPANTHANGAL, VELLORE DISTRICT 632513",VELLORE,SELF FINANCING COLLEGES TIER 3,CS,COMPUTER SCIENCE AND ENGINEERING,220739,,,,,,,1,0,0,0,0,0,0
1511,"RANIPPETTAI ENGINEERING COLLEGE, THENKADAPPANTHANGAL, VELLORE DISTRICT 632513",VELLORE,SELF FINANCING COLLEGES TIER 3,EC,ELECTRONICS AND COMMUNICATION ENGINEERING,180342,,,,,,,1,0,0,0,0,0,0
1511,"RANIPPETTAI ENGINEERING COLLEGE, THENKADAPPANTHANGAL, VELLORE DISTRICT 632513",VELLORE,SELF FINANCING COLLEGES TIER 3,EE,ELECTRICAL AND ELECTRONICS ENGINEERING,102356,,,,,,,1,0,0,0,0,0,0
1511,"RANIPPETTAI ENGINEERING COLLEGE, THENKADAPPANTHANGAL, VELLORE DISTRICT 632513",VELLORE,SELF FINANCING COLLEGES TIER 3,ME,MECHANICAL ENGINEERING,,,,,,,,0,0,0,0,0,0,0
1512,"S.K.P. Engineering College, Chinnkangiyanur, Somasipadi Post, Tiruvannamalai District-606611.",THIRUVANNAMALAI,SELF FINANCING COLLEGES TIER 3,AD,Artificial Intelligence and Data Science,134523,200975,155388,169737,194867,,,0,0,0,0,0,0,0
1512,"S.K.P. Engineering College, Chinnkangiyanur, Somasipadi Post, Tiruvannamalai District-606611.",THIRUVANNAMALAI,SELF FINANCING COLLEGES TIER 3,AM,COMPUTER SCIENCE AND ENGINEERING (AI AND MACHINE LEARNING),149645,217817,162127,167257,232419,,,0,0,0,0,1,0,0
1512,"S.K.P. Engineering College, Chinnkangiyanur, Somasipadi Post, Tiruvannamalai District-606611.",THIRUVANNAMALAI,SELF FINANCING COLLEGES TIER 3,CE,CIVIL  ENGINEERING,237471,,,,,,,1,0,0,0,0,0,0
1512,"S.K.P. Engineering College, Chinnkangiyanur, Somasipadi Post, Tiruvannamalai District-606611.",THIRUVANNAMALAI,SELF FINANCING COLLEGES TIER 3,CS,COMPUTER SCIENCE AND ENGINEERING,111284,167739,160518,160121,183532,,132518,0,0,0,0,0,0,0
1512,"S.K.P. Engineering College, Chinnkangiyanur, Somasipadi Post, Tiruvannamalai District-606611.",THIRUVANNAMALAI,SELF FINANCING COLLEGES TIER 3,EC,ELECTRONICS AND COMMUNICATION ENGINEERING,105748,195271,150260,169945,193387,,,0,0,0,0,0,0,0
1512,"S.K.P. Engineering College, Chinnkangiyanur, Somasipadi Post, Tiruvannamalai District-606611.",THIRUVANNAMALAI,SELF FINANCING COLLEGES TIER 3,EE,ELECTRICAL AND ELECTRONICS ENGINEERING,173768,225480,205142,194377,224783,,,0,0,0,0,1,0,0
1512,"S.K.P. Engineering College, Chinnkangiyanur, Somasipadi Post, Tiruvannamalai District-606611.",THIRUVANNAMALAI,SELF FINANCING COLLEGES TIER 3,IT,INFORMATION TECHNOLOGY,113511,176523,154809,164538,229141,,,0,0,0,0,0,0,0
1512,"S.K.P. Engineering College, Chinnkangiyanur, Somasipadi Post, Tiruvannamalai District-606611.",THIRUVANNAMALAI,SELF FINANCING COLLEGES TIER 3,ME,MECHANICAL ENGINEERING,203698,237449,,232339,,,,0,1,0,0,0,0,0
1512,"S.K.P. Engineering College, Chinnkangiyanur, Somasipadi Post, Tiruvannamalai District-606611.",THIRUVANNAMALAI,SELF FINANCING COLLEGES TIER 3,SC,Computer Science and Engineering (Cyber Security),149276,207881,,171574,218887,,,0,0,0,0,1,0,0
1513,"Sri Balaji Chockalingam Engineering College, Irumbedu, Arni Taluk,Tiruvannamalai District-632317.",THIRUVANNAMALAI,SELF FINANCING COLLEGES TIER 3,AD,Artificial Intelligence and Data Science,164909,223911,196376,215426,229258,227294,,0,0,0,0,1,0,0
1513,"Sri Balaji Chockalingam Engineering College, Irumbedu, Arni Taluk,Tiruvannamalai District-632317.",THIRUVANNAMALAI,SELF FINANCING COLLEGES TIER 3,CB,COMPUTER SCIENCE AND BUSSINESS SYSTEM,222199,234760,,231697,,,,0,1,0,1,0,0,0
1513,"Sri Balaji Chockalingam Engineering College, Irumbedu, Arni Taluk,Tiruvannamalai District-632317.",THIRUVANNAMALAI,SELF FINANCING COLLEGES TIER 3,CS,COMPUTER SCIENCE AND ENGINEERING,135344,216565,,211152,238033,,,0,0,0,0,1,0,0
1513,"Sri Balaji Chockalingam Engineering College, Irumbedu, Arni Taluk,Tiruvannamalai District-632317.",THIRUVANNAMALAI,SELF FINANCING COLLEGES TIER 3,EC,ELECTRONICS AND COMMUNICATION ENGINEERING,189606,235833,,236432,,,,0,1,0,1,0,0,0
1513,"Sri Balaji Chockalingam Engineering College, Irumbedu, Arni Taluk,Tiruvannamalai District-632317.",THIRUVANNAMALAI,SELF FINANCING COLLEGES TIER 3,IT,INFORMATION TECHNOLOGY,164907,224559,,239043,170564,,,0,1,0,0,1,0,0
1517,"Thirumalai Engineering College, Kilambi, Krishnapuram Post, Kanchipuram-631551.",KANCHEEPURAM,SELF FINANCING COLLEGES TIER 3,AD,Artificial Intelligence and Data Science,146215,215401,,179365,197853,233756,,0,1,0,1,0,0,0
1517,"Thirumalai Engineering College, Kilambi, Krishnapuram Post, Kanchipuram-631551.",KANCHEEPURAM,SELF FINANCING COLLEGES TIER 3,AG,AGRICULTURAL ENGINEERING,213867,,,,,,,1,0,0,0,0,0,0
1517,"Thirumalai Engineering College, Kilambi, Krishnapuram Post, Kanchipuram-631551.",KANCHEEPURAM,SELF FINANCING COLLEGES TIER 3,CE,CIVIL  ENGINEERING,238248,,,,,,,1,0,0,0,0,0,0
1517,"Thirumalai Engineering College, Kilambi, Krishnapuram Post, Kanchipuram-631551.",KANCHEEPURAM,SELF FINANCING COLLEGES TIER 3,CS,COMPUTER SCIENCE AND ENGINEERING,205467,233863,237678,236024,238333,,,0,1,1,1,1,0,0
1517,"Thirumalai Engineering College, Kilambi, Krishnapuram Post, Kanchipuram-631551.",KANCHEEPURAM,SELF FINANCING COLLEGES TIER 3,EC,ELECTRONICS AND COMMUNICATION ENGINEERING,212877,,,234344,235204,,,0,0,0,1,1,0,0
1517,"Thirumalai Engineering College, Kilambi, Krishnapuram Post, Kanchipuram-631551.",KANCHEEPURAM,SELF FINANCING COLLEGES TIER 3,EE,ELECTRICAL AND ELECTRONICS ENGINEERING,179391,,,,,,,1,0,0,0,0,0,0
1517,"Thirumalai Engineering College, Kilambi, Krishnapuram Post, Kanchipuram-631551.",KANCHEEPURAM,SELF FINANCING COLLEGES TIER 3,IT,INFORMATION TECHNOLOGY,161013,212492,182974,212001,198732,,,0,0,0,1,0,0,0
1517,"Thirumalai Engineering College, Kilambi, Krishnapuram Post, Kanchipuram-631551.",KANCHEEPURAM,SELF FINANCING COLLEGES TIER 3,ME,MECHANICAL ENGINEERING,235378,,,,,,,1,0,0,0,0,0,0
1518,"Thiruvalluvar College of Engineering and Technology, Arunachala City,Ponnur Hills, Vandavasi, Thiruvannamalai District-604505.",THIRUVANNAMALAI,SELF FINANCING COLLEGES TIER 3,AM,COMPUTER SCIENCE AND ENGINEERING (AI AND MACHINE LEARNING),206047,235370,,230211,226288,,,0,1,0,1,0,0,0
1518,"Thiruvalluvar College of Engineering and Technology, Arunachala City,Ponnur Hills, Vandavasi, Thiruvannamalai District-604505.",THIRUVANNAMALAI,SELF FINANCING COLLEGES TIER 3,CE,CIVIL  ENGINEERING,237030,,,,,,,1,0,0,0,0,0,0
1518,"Thiruvalluvar College of Engineering and Technology, Arunachala City,Ponnur Hills, Vandavasi, Thiruvannamalai District-604505.",THIRUVANNAMALAI,SELF FINANCING COLLEGES TIER 3,CS,COMPUTER SCIENCE AND ENGINEERING,198445,225320,,228594,234205,198868,,0,1,0,1,1,1,0
1518,"Thiruvalluvar College of Engineering and Technology, Arunachala City,Ponnur Hills, Vandavasi, Thiruvannamalai District-604505.",THIRUVANNAMALAI,SELF FINANCING COLLEGES TIER 3,EC,ELECTRONICS AND COMMUNICATION ENGINEERING,199388,225295,233077,237134,236702,,,0,1,1,0,1,0,0
1518,"Thiruvalluvar College of Engineering and Technology, Arunachala City,Ponnur Hills, Vandavasi, Thiruvannamalai District-604505.",THIRUVANNAMALAI,SELF FINANCING COLLEGES TIER 3,EE,ELECTRICAL AND ELECTRONICS ENGINEERING,233374,,,237901,236667,,,0,0,0,1,1,0,0
1518,"Thiruvalluvar College of Engineering and Technology, Arunachala City,Ponnur Hills, Vandavasi, Thiruvannamalai District-604505.",THIRUVANNAMALAI,SELF FINANCING COLLEGES TIER 3,EI,ELECTRONICS AND INSTRUMENTATION ENGINEERING,,,,,,,,0,0,0,0,0,0,0
1518,"Thiruvalluvar College of Engineering and Technology, Arunachala City,Ponnur Hills, Vandavasi, Thiruvannamalai District-604505.",THIRUVANNAMALAI,SELF FINANCING COLLEGES TIER 3,IT,INFORMATION TECHNOLOGY,185612,233568,195048,217023,221711,235402,,0,1,1,0,0,0,0
1518,"Thiruvalluvar College of Engineering and Technology, Arunachala City,Ponnur Hills, Vandavasi, Thiruvannamalai District-604505.",THIRUVANNAMALAI,SELF FINANCING COLLEGES TIER 3,ME,MECHANICAL ENGINEERING,234445,,,,,,,1,0,0,0,0,0,0
1519,"Bharathidasan Engineering College, K.Bandarapalli Post, Nattrampalli, Vellore District-635854.",THIRUPATHUR,SELF FINANCING COLLEGES TIER 3,AD,Artificial Intelligence and Data Science,143943,238941,158581,180810,188158,194308,,0,1,0,0,0,0,0
1519,"Bharathidasan Engineering College, K.Bandarapalli Post, Nattrampalli, Vellore District-635854.",THIRUPATHUR,SELF FINANCING COLLEGES TIER 3,CS,COMPUTER SCIENCE AND ENGINEERING,183709,239066,226387,211182,224618,210128,,0,1,1,0,0,0,0
1519,"Bharathidasan Engineering College, K.Bandarapalli Post, Nattrampalli, Vellore District-635854.",THIRUPATHUR,SELF FINANCING COLLEGES TIER 3,EC,ELECTRONICS AND COMMUNICATION ENGINEERING,202705,238321,,215564,225721,235367,,0,1,0,0,0,1,0
1519,"Bharathidasan Engineering College, K.Bandarapalli Post, Nattrampalli, Vellore District-635854.",THIRUPATHUR,SELF FINANCING COLLEGES TIER 3,EE,ELECTRICAL AND ELECTRONICS ENGINEERING,227435,,,237283,239199,,,0,0,0,0,0,0,0
1519,"Bharathidasan Engineering College, K.Bandarapalli Post, Nattrampalli, Vellore District-635854.",THIRUPATHUR,SELF FINANCING COLLEGES TIER 3,IT,INFORMATION TECHNOLOGY,160863,235463,217697,208546,224532,175686,,0,1,0,0,0,0,0
1519,"Bharathidasan Engineering College, K.Bandarapalli Post, Nattrampalli, Vellore District-635854.",THIRUPATHUR,SELF FINANCING COLLEGES TIER 3,ME,MECHANICAL ENGINEERING,238993,,,,,,,1,0,0,0,0,0,0
1520,"Kingston Engineering College, Chittoor Main Road, Chiristianpet Village, Mettukulam Panchayat, Katpadi Taluk, Vellore District-632059.",VELLORE,SELF FINANCING COLLEGES TIER 3,AD,Artificial Intelligence and Data Science,55306,93298,136581,115039,203813,,,0,0,0,0,0,0,0
1520,"Kingston Engineering College, Chittoor Main Road, Chiristianpet Village, Mettukulam Panchayat, Katpadi Taluk, Vellore District-632059.",VELLORE,SELF FINANCING COLLEGES TIER 3,AM,COMPUTER SCIENCE AND ENGINEERING (AI AND MACHINE LEARNING),117160,141126,130130,138837,238370,,,0,0,0,0,1,0,0
1520,"Kingston Engineering College, Chittoor Main Road, Chiristianpet Village, Mettukulam Panchayat, Katpadi Taluk, Vellore District-632059.",VELLORE,SELF FINANCING COLLEGES TIER 3,CB,COMPUTER SCIENCE AND BUSSINESS SYSTEM,128054,155858,,151268,,,,0,0,0,0,0,0,0
1520,"Kingston Engineering College, Chittoor Main Road, Chiristianpet Village, Mettukulam Panchayat, Katpadi Taluk, Vellore District-632059.",VELLORE,SELF FINANCING COLLEGES TIER 3,CS,COMPUTER SCIENCE AND ENGINEERING,88853,135834,181900,137634,215380,168142,172348,0,0,0,0,0,1,0
1520,"Kingston Engineering College, Chittoor Main Road, Chiristianpet Village, Mettukulam Panchayat, Katpadi Taluk, Vellore District-632059.",VELLORE,SELF FINANCING COLLEGES TIER 3,EC,ELECTRONICS AND COMMUNICATION ENGINEERING,80986,144116,187364,131741,222108,95124,,0,0,0,0,1,0,0
1520,"Kingston Engineering College, Chittoor Main Road, Chiristianpet Village, Mettukulam Panchayat, Katpadi Taluk, Vellore District-632059.",VELLORE,SELF FINANCING COLLEGES TIER 3,IT,INFORMATION TECHNOLOGY,96139,151565,141063,129624,166719,,,0,0,0,0,0,0,0
1520,"Kingston Engineering College, Chittoor Main Road, Chiristianpet Village, Mettukulam Panchayat, Katpadi Taluk, Vellore District-632059.",VELLORE,SELF FINANCING COLLEGES TIER 3,ME,MECHANICAL ENGINEERING,179916,194392,,238524,233131,,,0,0,0,1,1,0,0
1523,"Global Institute of Engineering and Technology, 257/1, Bangalore-Chennai Highway,Melvisharam, Vellore-632509.",RANIPET,SELF FINANCING COLLEGES TIER 3,AD,Artificial Intelligence and Data Science,119632,170162,133008,168985,206595,220844,204712,0,0,0,0,0,0,0
1523,"Global Institute of Engineering and Technology, 257/1, Bangalore-Chennai Highway,Melvisharam, Vellore-632509.",RANIPET,SELF FINANCING COLLEGES TIER 3,AM,COMPUTER SCIENCE AND ENGINEERING (AI AND MACHINE LEARNING),149253,201598,,175103,227739,208961,,0,0,0,0,0,0,0
1523,"Global Institute of Engineering and Technology, 257/1, Bangalore-Chennai Highway,Melvisharam, Vellore-632509.",RANIPET,SELF FINANCING COLLEGES TIER 3,CS,COMPUTER SCIENCE AND ENGINEERING,163056,226758,222842,190911,237186,205032,,0,0,1,0,1,1,0
1523,"Global Institute of Engineering and Technology, 257/1, Bangalore-Chennai Highway,Melvisharam, Vellore-632509.",RANIPET,SELF FINANCING COLLEGES TIER 3,EC,ELECTRONICS AND COMMUNICATION ENGINEERING,163688,228468,,198864,188887,,,0,0,0,0,1,0,0
1523,"Global Institute of Engineering and Technology, 257/1, Bangalore-Chennai Highway,Melvisharam, Vellore-632509.",RANIPET,SELF FINANCING COLLEGES TIER 3,EE,ELECTRICAL AND ELECTRONICS ENGINEERING,199652,238577,,208653,204714,,,0,1,0,0,1,0,0
1523,"Global Institute of Engineering and Technology, 257/1, Bangalore-Chennai Highway,Melvisharam, Vellore-632509.",RANIPET,SELF FINANCING COLLEGES TIER 3,IT,INFORMATION TECHNOLOGY,165608,226179,203741,191020,229142,218860,,0,0,1,0,1,0,0
1523,"Global Institute of Engineering and Technology, 257/1, Bangalore-Chennai Highway,Melvisharam, Vellore-632509.",RANIPET,SELF FINANCING COLLEGES TIER 3,ME,MECHANICAL ENGINEERING,211124,231952,,228534,,,,0,1,0,0,0,0,0
1524,"Annamalaiar College Of Engineering, Chetpet-Polur Road, Polur Taluk, Thiruvannamalai District-606902.",THIRUVANNAMALAI,SELF FINANCING COLLEGES TIER 3,CE,CIVIL  ENGINEERING,,,,,,,,0,0,0,0,0,0,0
1524,"Annamalaiar College Of Engineering, Chetpet-Polur Road, Polur Taluk, Thiruvannamalai District-606902.",THIRUVANNAMALAI,SELF FINANCING COLLEGES TIER 3,CS,COMPUTER SCIENCE AND ENGINEERING,217974,226337,,223788,,,,0,1,0,1,0,0,0
1524,"Annamalaiar College Of Engineering, Chetpet-Polur Road, Polur Taluk, Thiruvannamalai District-606902.",THIRUVANNAMALAI,SELF FINANCING COLLEGES TIER 3,EC,ELECTRONICS AND COMMUNICATION ENGINEERING,156965,,,,,,,1,0,0,0,0,0,0
1524,"Annamalaiar College Of Engineering, Chetpet-Polur Road, Polur Taluk, Thiruvannamalai District-606902.",THIRUVANNAMALAI,SELF FINANCING COLLEGES TIER 3,EE,ELECTRICAL AND ELECTRONICS ENGINEERING,199557,,,,,,,1,0,0,0,0,0,0
1524,"Annamalaiar College Of Engineering, Chetpet-Polur Road, Polur Taluk, Thiruvannamalai District-606902.",THIRUVANNAMALAI,SELF FINANCING COLLEGES TIER 3,IT,INFORMATION TECHNOLOGY,196389,229429,,223826,224917,,,0,1,0,1,1,0,0
1524,"Annamalaiar College Of Engineering, Chetpet-Polur Road, Polur Taluk, Thiruvannamalai District-606902.",THIRUVANNAMALAI,SELF FINANCING COLLEGES TIER 3,ME,MECHANICAL ENGINEERING,165325,,,,,,,1,0,0,0,0,0,0
1525,"Podhigai College of Engineering and Technology, Salem Main Road, Adiyur Post, Tirupattur Taluk,Tirupattur, Vellore District.-635601.",THIRUPATHUR,SELF FINANCING COLLEGES TIER 3,AD,Artificial Intelligence and Data Science,202252,204706,216008,234001,236641,,233696,0,1,0,1,1,0,0
1525,"Podhigai College of Engineering and Technology, Salem Main Road, Adiyur Post, Tirupattur Taluk,Tirupattur, Vellore District.-635601.",THIRUPATHUR,SELF FINANCING COLLEGES TIER 3,CS,COMPUTER SCIENCE AND ENGINEERING,187134,206310,,235691,238635,,,0,1,0,1,1,0,0
1525,"Podhigai College of Engineering and Technology, Salem Main Road, Adiyur Post, Tirupattur Taluk,Tirupattur, Vellore District.-635601.",THIRUPATHUR,SELF FINANCING COLLEGES TIER 3,EC,ELECTRONICS AND COMMUNICATION ENGINEERING,231461,,,,,,,0,0,0,0,0,0,0
1525,"Podhigai College of Engineering and Technology, Salem Main Road, Adiyur Post, Tirupattur Taluk,Tirupattur, Vellore District.-635601.",THIRUPATHUR,SELF FINANCING COLLEGES TIER 3,EE,ELECTRICAL AND ELECTRONICS ENGINEERING,234874,,,,,,,1,0,0,0,0,0,0
1525,"Podhigai College of Engineering and Technology, Salem Main Road, Adiyur Post, Tirupattur Taluk,Tirupattur, Vellore District.-635601.",THIRUPATHUR,SELF FINANCING COLLEGES TIER 3,IT,INFORMATION TECHNOLOGY,225382,238806,,238458,226791,,,0,1,0,1,1,0,0
1525,"Podhigai College of Engineering and Technology, Salem Main Road, Adiyur Post, Tirupattur Taluk,Tirupattur, Vellore District.-635601.",THIRUPATHUR,SELF FINANCING COLLEGES TIER 3,ME,MECHANICAL ENGINEERING,238614,,,,,,,1,0,0,0,0,0,0
1526,"Sri Krishna College of Engineering, T.R.S. Campus, Sri Krishna Nagar, Tiruttani Road,Arakkonam, Vellore-631003.",RANIPET,SELF FINANCING COLLEGES TIER 3,CE,CIVIL  ENGINEERING,,,,,,,,0,0,0,0,0,0,0
1526,"Sri Krishna College of Engineering, T.R.S. Campus, Sri Krishna Nagar, Tiruttani Road,Arakkonam, Vellore-631003.",RANIPET,SELF FINANCING COLLEGES TIER 3,CS,COMPUTER SCIENCE AND ENGINEERING,211638,,,,,,,1,0,0,0,0,0,0
1526,"Sri Krishna College of Engineering, T.R.S. Campus, Sri Krishna Nagar, Tiruttani Road,Arakkonam, Vellore-631003.",RANIPET,SELF FINANCING COLLEGES TIER 3,EC,ELECTRONICS AND COMMUNICATION ENGINEERING,236346,,,,,,,1,0,0,0,0,0,0
1526,"Sri Krishna College of Engineering, T.R.S. Campus, Sri Krishna Nagar, Tiruttani Road,Arakkonam, Vellore-631003.",RANIPET,SELF FINANCING COLLEGES TIER 3,EE,ELECTRICAL AND ELECTRONICS ENGINEERING,219945,,,,,,,1,0,0,0,0,0,0
1526,"Sri Krishna College of Engineering, T.R.S. Campus, Sri Krishna Nagar, Tiruttani Road,Arakkonam, Vellore-631003.",RANIPET,SELF FINANCING COLLEGES TIER 3,ME,MECHANICAL ENGINEERING,227254,,,,,,,1,0,0,0,0,0,0
1529,"Oxford College of Engineering, Venmani Village, Karaipoondi Post, Polur, Tiruvannamalai-606803.",THIRUVANNAMALAI,SELF FINANCING COLLEGES TIER 3,CE,CIVIL  ENGINEERING,,,,,,,,0,0,0,0,0,0,0
1529,"Oxford College of Engineering, Venmani Village, Karaipoondi Post, Polur, Tiruvannamalai-606803.",THIRUVANNAMALAI,SELF FINANCING COLLEGES TIER 3,CS,COMPUTER SCIENCE AND ENGINEERING,225930,,,,,,,1,0,0,0,0,0,0
1529,"Oxford College of Engineering, Venmani Village, Karaipoondi Post, Polur, Tiruvannamalai-606803.",THIRUVANNAMALAI,SELF FINANCING COLLEGES TIER 3,EC,ELECTRONICS AND COMMUNICATION ENGINEERING,,,,,,,,0,0,0,0,0,0,0
1529,"Oxford College of Engineering, Venmani Village, Karaipoondi Post, Polur, Tiruvannamalai-606803.",THIRUVANNAMALAI,SELF FINANCING COLLEGES TIER 3,EE,ELECTRICAL AND ELECTRONICS ENGINEERING,192588,,,,,,,1,0,0,0,0,0,0
1529,"Oxford College of Engineering, Venmani Village, Karaipoondi Post, Polur, Tiruvannamalai-606803.",THIRUVANNAMALAI,SELF FINANCING COLLEGES TIER 3,ME,MECHANICAL ENGINEERING,231783,,,,,,,1,0,0,0,0,0,0
1605,"Idhaya Engineering College for Women, Nainarpalayam Road,Chinna Salem, Villupuram District.-606201.",KALLAKURICHI,SELF FINANCING COLLEGES TIER 3,CS,COMPUTER SCIENCE AND ENGINEERING,142551,222120,217608,186264,231022,207705,193235,0,1,1,1,1,1,0
1605,"Idhaya Engineering College for Women, Nainarpalayam Road,Chinna Salem, Villupuram District.-606201.",KALLAKURICHI,SELF FINANCING COLLEGES TIER 3,EC,ELECTRONICS AND COMMUNICATION ENGINEERING,229948,,,,,,233241,0,0,0,0,0,0,0
1605,"Idhaya Engineering College for Women, Nainarpalayam Road,Chinna Salem, Villupuram District.-606201.",KALLAKURICHI,SELF FINANCING COLLEGES TIER 3,EE,ELECTRICAL AND ELECTRONICS ENGINEERING,98635,,,,,,,1,0,0,0,0,0,0
1605,"Idhaya Engineering College for Women, Nainarpalayam Road,Chinna Salem, Villupuram District.-606201.",KALLAKURICHI,SELF FINANCING COLLEGES TIER 3,IT,INFORMATION TECHNOLOGY,133126,169147,,164047,231699,,,0,1,0,1,1,0,0
2302,"Sri Shanmugha College of Engineering and Technology (Autonomous), Pullipalayam, Morur(PO), Sankari Taluk, Salem District-637304.",SALEM,SELF FINANCING COLLEGES TIER 3,AD,Artificial Intelligence and Data Science,177568,237000,192010,238722,238299,229869,224770,0,1,1,0,1,0,0
2302,"Sri Shanmugha College of Engineering and Technology (Autonomous), Pullipalayam, Morur(PO), Sankari Taluk, Salem District-637304.",SALEM,SELF FINANCING COLLEGES TIER 3,AG,AGRICULTURAL ENGINEERING,167181,239187,,237536,227273,171491,,0,1,0,0,0,0,0
2302,"Sri Shanmugha College of Engineering and Technology (Autonomous), Pullipalayam, Morur(PO), Sankari Taluk, Salem District-637304.",SALEM,SELF FINANCING COLLEGES TIER 3,BM,BIO MEDICAL ENGINEERING,169628,235288,174431,233543,231969,199291,,0,0,0,0,1,0,0
2302,"Sri Shanmugha College of Engineering and Technology (Autonomous), Pullipalayam, Morur(PO), Sankari Taluk, Salem District-637304.",SALEM,SELF FINANCING COLLEGES TIER 3,CS,COMPUTER SCIENCE AND ENGINEERING,116903,213407,219247,183464,230705,226999,,0,0,0,0,1,0,0
2302,"Sri Shanmugha College of Engineering and Technology (Autonomous), Pullipalayam, Morur(PO), Sankari Taluk, Salem District-637304.",SALEM,SELF FINANCING COLLEGES TIER 3,EC,ELECTRONICS AND COMMUNICATION ENGINEERING,150858,232768,229422,184392,236007,209013,,0,0,1,0,0,0,0
2302,"Sri Shanmugha College of Engineering and Technology (Autonomous), Pullipalayam, Morur(PO), Sankari Taluk, Salem District-637304.",SALEM,SELF FINANCING COLLEGES TIER 3,IT,INFORMATION TECHNOLOGY,127077,188270,231280,217329,236159,116049,,0,0,0,0,1,0,0
2302,"Sri Shanmugha College of Engineering and Technology (Autonomous), Pullipalayam, Morur(PO), Sankari Taluk, Salem District-637304.",SALEM,SELF FINANCING COLLEGES TIER 3,ME,MECHANICAL ENGINEERING,202639,238030,,230199,239045,206560,,0,0,0,0,1,0,0
2302,"Sri Shanmugha College of Engineering and Technology (Autonomous), Pullipalayam, Morur(PO), Sankari Taluk, Salem District-637304.",SALEM,SELF FINANCING COLLEGES TIER 3,SC,Computer Science and Engineering (Cyber Security),149654,204313,,206147,237718,202119,,0,0,0,0,1,0,0
2327,"N.S.N. College of Engineering and Technology, N.S.N, Kalvi Nagar, Karur - Madurai NH-7, Manalmedu, Karur-639003.",KARUR,SELF FINANCING COLLEGES TIER 3,AD,Artificial Intelligence and Data Science,183284,236802,237432,239015,238220,186765,,0,1,1,1,0,0,0
2327,"N.S.N. College of Engineering and Technology, N.S.N, Kalvi Nagar, Karur - Madurai NH-7, Manalmedu, Karur-639003.",KARUR,SELF FINANCING COLLEGES TIER 3,CE,CIVIL  ENGINEERING,190541,239022,,231948,197447,,,0,1,0,1,1,0,0
2327,"N.S.N. College of Engineering and Technology, N.S.N, Kalvi Nagar, Karur - Madurai NH-7, Manalmedu, Karur-639003.",KARUR,SELF FINANCING COLLEGES TIER 3,CS,COMPUTER SCIENCE AND ENGINEERING,179703,230381,219306,227566,237284,205681,,0,1,1,1,0,0,0
2327,"N.S.N. College of Engineering and Technology, N.S.N, Kalvi Nagar, Karur - Madurai NH-7, Manalmedu, Karur-639003.",KARUR,SELF FINANCING COLLEGES TIER 3,EC,ELECTRONICS AND COMMUNICATION ENGINEERING,217468,238552,,236700,238297,234241,,0,1,0,1,1,0,0
2327,"N.S.N. College of Engineering and Technology, N.S.N, Kalvi Nagar, Karur - Madurai NH-7, Manalmedu, Karur-639003.",KARUR,SELF FINANCING COLLEGES TIER 3,EE,ELECTRICAL AND ELECTRONICS ENGINEERING,221293,,,,,237583,,0,0,0,0,0,0,0
2327,"N.S.N. College of Engineering and Technology, N.S.N, Kalvi Nagar, Karur - Madurai NH-7, Manalmedu, Karur-639003.",KARUR,SELF FINANCING COLLEGES TIER 3,IT,INFORMATION TECHNOLOGY,191298,238155,228342,237278,236047,239058,,0,1,1,1,1,0,0
2327,"N.S.N. College of Engineering and Technology, N.S.N, Kalvi Nagar, Karur - Madurai NH-7, Manalmedu, Karur-639003.",KARUR,SELF FINANCING COLLEGES TIER 3,ME,MECHANICAL ENGINEERING,209124,229090,237767,236006,237931,,,0,1,0,1,1,0,0
2329,"Rathinam Technical Campus (Autonomous), Rathinam Techzone Campus, Pollachi Road, Eachanari, Coimbatore-641021.",COIMBATORE,SELF FINANCING COLLEGES TIER 3,AD,Artificial Intelligence and Data Science,35404,51526,74017,72075,136396,101260,,0,0,0,0,0,0,0
2329,"Rathinam Technical Campus (Autonomous), Rathinam Techzone Campus, Pollachi Road, Eachanari, Coimbatore-641021.",COIMBATORE,SELF FINANCING COLLEGES TIER 3,AG,AGRICULTURAL ENGINEERING,66785,72935,,81767,140940,,,0,0,0,0,0,0,0
2329,"Rathinam Technical Campus (Autonomous), Rathinam Techzone Campus, Pollachi Road, Eachanari, Coimbatore-641021.",COIMBATORE,SELF FINANCING COLLEGES TIER 3,AM,COMPUTER SCIENCE AND ENGINEERING (AI AND MACHINE LEARNING),49849,62227,62848,77974,132247,106660,123040,0,0,0,0,0,0,0
2329,"Rathinam Technical Campus (Autonomous), Rathinam Techzone Campus, Pollachi Road, Eachanari, Coimbatore-641021.",COIMBATORE,SELF FINANCING COLLEGES TIER 3,BT,BIO TECHNOLOGY,63715,69507,70557,78078,133270,142256,195643,0,0,0,0,0,0,0
2329,"Rathinam Technical Campus (Autonomous), Rathinam Techzone Campus, Pollachi Road, Eachanari, Coimbatore-641021.",COIMBATORE,SELF FINANCING COLLEGES TIER 3,CS,COMPUTER SCIENCE AND ENGINEERING,39119,55476,61654,64824,109969,116627,171247,0,0,0,0,0,0,0
2329,"Rathinam Technical Campus (Autonomous), Rathinam Techzone Campus, Pollachi Road, Eachanari, Coimbatore-641021.",COIMBATORE,SELF FINANCING COLLEGES TIER 3,EC,ELECTRONICS AND COMMUNICATION ENGINEERING,51569,66592,69233,75515,139869,162879,198807,0,0,0,0,0,0,0
2329,"Rathinam Technical Campus (Autonomous), Rathinam Techzone Campus, Pollachi Road, Eachanari, Coimbatore-641021.",COIMBATORE,SELF FINANCING COLLEGES TIER 3,IT,INFORMATION TECHNOLOGY,49672,59941,68621,76165,141749,147054,153010,0,0,0,0,0,0,0
2329,"Rathinam Technical Campus (Autonomous), Rathinam Techzone Campus, Pollachi Road, Eachanari, Coimbatore-641021.",COIMBATORE,SELF FINANCING COLLEGES TIER 3,ME,MECHANICAL ENGINEERING,66694,72273,71500,74802,135332,160130,,0,0,0,0,0,0,0
2329,"Rathinam Technical Campus (Autonomous), Rathinam Techzone Campus, Pollachi Road, Eachanari, Coimbatore-641021.",COIMBATORE,SELF FINANCING COLLEGES TIER 3,MZ,Mechatronics Engineering,67744,71233,,74226,140089,,,0,0,0,0,0,0,0
2329,"Rathinam Technical Campus (Autonomous), Rathinam Techzone Campus, Pollachi Road, Eachanari, Coimbatore-641021.",COIMBATORE,SELF FINANCING COLLEGES TIER 3,SC,Computer Science and Engineering (Cyber Security),53191,65794,75464,78361,138724,167201,185681,0,0,0,0,0,0,0
2329,"Rathinam Technical Campus (Autonomous), Rathinam Techzone Campus, Pollachi Road, Eachanari, Coimbatore-641021.",COIMBATORE,SELF FINANCING COLLEGES TIER 3,XS,COMPUTER SCIENCE AND ENGINEERING (TAMIL),59432,68515,78254,79025,144963,161895,,0,0,0,0,0,0,0
2332,"Aishwarya College of Engineering and Technology, Errattaikarad, Paruvachi (Post), Anthiyur, Bhavani (Taluk), Erode District-638312.",ERODE,SELF FINANCING COLLEGES TIER 3,AD,Artificial Intelligence and Data Science,225098,,,,,,,1,0,0,0,0,0,0
2332,"Aishwarya College of Engineering and Technology, Errattaikarad, Paruvachi (Post), Anthiyur, Bhavani (Taluk), Erode District-638312.",ERODE,SELF FINANCING COLLEGES TIER 3,CE,CIVIL  ENGINEERING,,,,,,,,0,0,0,0,0,0,0
2332,"Aishwarya College of Engineering and Technology, Errattaikarad, Paruvachi (Post), Anthiyur, Bhavani (Taluk), Erode District-638312.",ERODE,SELF FINANCING COLLEGES TIER 3,CS,COMPUTER SCIENCE AND ENGINEERING,,,,,,,,0,0,0,0,0,0,0
2332,"Aishwarya College of Engineering and Technology, Errattaikarad, Paruvachi (Post), Anthiyur, Bhavani (Taluk), Erode District-638312.",ERODE,SELF FINANCING COLLEGES TIER 3,EC,ELECTRONICS AND COMMUNICATION ENGINEERING,,,,,,,,0,0,0,0,0,0,0
2332,"Aishwarya College of Engineering and Technology, Errattaikarad, Paruvachi (Post), Anthiyur, Bhavani (Taluk), Erode District-638312.",ERODE,SELF FINANCING COLLEGES TIER 3,EE,ELECTRICAL AND ELECTRONICS ENGINEERING,,,,,,,,0,0,0,0,0,0,0
2332,"Aishwarya College of Engineering and Technology, Errattaikarad, Paruvachi (Post), Anthiyur, Bhavani (Taluk), Erode District-638312.",ERODE,SELF FINANCING COLLEGES TIER 3,ME,MECHANICAL ENGINEERING,,,,,,,,0,0,0,0,0,0,0
2338,"Asian College of Engineering and Technology, 294/2,Asian College Road, Kondayampalayam, Near Saravanampatti, Coimbatore-641110.",COIMBATORE,SELF FINANCING COLLEGES TIER 3,AD,Artificial Intelligence and Data Science,187470,225839,220098,237960,209130,229905,,0,1,1,1,0,0,0
2338,"Asian College of Engineering and Technology, 294/2,Asian College Road, Kondayampalayam, Near Saravanampatti, Coimbatore-641110.",COIMBATORE,SELF FINANCING COLLEGES TIER 3,AG,AGRICULTURAL ENGINEERING,236199,,,,,,,1,0,0,0,0,0,0
2338,"Asian College of Engineering and Technology, 294/2,Asian College Road, Kondayampalayam, Near Saravanampatti, Coimbatore-641110.",COIMBATORE,SELF FINANCING COLLEGES TIER 3,BM,BIO MEDICAL ENGINEERING,224146,232334,,,237431,,,0,1,0,0,0,0,0
2338,"Asian College of Engineering and Technology, 294/2,Asian College Road, Kondayampalayam, Near Saravanampatti, Coimbatore-641110.",COIMBATORE,SELF FINANCING COLLEGES TIER 3,CS,COMPUTER SCIENCE AND ENGINEERING,162551,237815,,236935,226452,205454,227788,0,1,0,1,0,0,0
2338,"Asian College of Engineering and Technology, 294/2,Asian College Road, Kondayampalayam, Near Saravanampatti, Coimbatore-641110.",COIMBATORE,SELF FINANCING COLLEGES TIER 3,EE,ELECTRICAL AND ELECTRONICS ENGINEERING,236413,,,,,,,0,0,0,0,0,0,0
2338,"Asian College of Engineering and Technology, 294/2,Asian College Road, Kondayampalayam, Near Saravanampatti, Coimbatore-641110.",COIMBATORE,SELF FINANCING COLLEGES TIER 3,IT,INFORMATION TECHNOLOGY,204553,225459,237230,233440,234850,226763,,0,1,0,1,0,1,0
2338,"Asian College of Engineering and Technology, 294/2,Asian College Road, Kondayampalayam, Near Saravanampatti, Coimbatore-641110.",COIMBATORE,SELF FINANCING COLLEGES TIER 3,ME,MECHANICAL ENGINEERING,237287,,,,,,,0,0,0,0,0,0,0
2341,"Ganesh College of Engineering, Attur Main Road, Mettupatti, Salem-636111.",SALEM,SELF FINANCING COLLEGES TIER 3,AD,Artificial Intelligence and Data Science,212522,239265,,235335,236785,,,0,1,0,1,1,0,0
2341,"Ganesh College of Engineering, Attur Main Road, Mettupatti, Salem-636111.",SALEM,SELF FINANCING COLLEGES TIER 3,BM,BIO MEDICAL ENGINEERING,236757,,,238717,,,,0,0,0,1,0,0,0
2341,"Ganesh College of Engineering, Attur Main Road, Mettupatti, Salem-636111.",SALEM,SELF FINANCING COLLEGES TIER 3,CE,CIVIL  ENGINEERING,235805,,,,,,,1,0,0,0,0,0,0
2341,"Ganesh College of Engineering, Attur Main Road, Mettupatti, Salem-636111.",SALEM,SELF FINANCING COLLEGES TIER 3,CS,COMPUTER SCIENCE AND ENGINEERING,207625,234590,,238671,238224,,,0,1,0,1,1,0,0
2341,"Ganesh College of Engineering, Attur Main Road, Mettupatti, Salem-636111.",SALEM,SELF FINANCING COLLEGES TIER 3,EC,ELECTRONICS AND COMMUNICATION ENGINEERING,215777,238498,,225792,228686,,,0,1,0,1,1,0,0
2341,"Ganesh College of Engineering, Attur Main Road, Mettupatti, Salem-636111.",SALEM,SELF FINANCING COLLEGES TIER 3,EE,ELECTRICAL AND ELECTRONICS ENGINEERING,221984,,,238668,,,,0,0,0,1,0,0,0
2341,"Ganesh College of Engineering, Attur Main Road, Mettupatti, Salem-636111.",SALEM,SELF FINANCING COLLEGES TIER 3,IT,INFORMATION TECHNOLOGY,224448,,,238534,230246,,,0,0,0,1,1,0,0
2341,"Ganesh College of Engineering, Attur Main Road, Mettupatti, Salem-636111.",SALEM,SELF FINANCING COLLEGES TIER 3,ME,MECHANICAL ENGINEERING,237616,,,,,,,1,0,0,0,0,0,0
2342,"Sri Ranganathar Institute of Engineering and Technology (Autonomous), S.F No:162, Athipalayam village, Thudiyalur-kovilpalayam Road, Coimbatore-641110.",COIMBATORE,SELF FINANCING COLLEGES TIER 3,AD,Artificial Intelligence and Data Science,121928,174784,146077,185496,224589,155542,,0,0,0,0,1,0,0
2342,"Sri Ranganathar Institute of Engineering and Technology (Autonomous), S.F No:162, Athipalayam village, Thudiyalur-kovilpalayam Road, Coimbatore-641110.",COIMBATORE,SELF FINANCING COLLEGES TIER 3,CE,CIVIL  ENGINEERING,212550,234485,235612,238586,,219165,,0,1,0,1,0,0,0
2342,"Sri Ranganathar Institute of Engineering and Technology (Autonomous), S.F No:162, Athipalayam village, Thudiyalur-kovilpalayam Road, Coimbatore-641110.",COIMBATORE,SELF FINANCING COLLEGES TIER 3,CS,COMPUTER SCIENCE AND ENGINEERING,128828,191578,226779,197315,236179,226694,160133,0,0,1,0,1,1,0
2342,"Sri Ranganathar Institute of Engineering and Technology (Autonomous), S.F No:162, Athipalayam village, Thudiyalur-kovilpalayam Road, Coimbatore-641110.",COIMBATORE,SELF FINANCING COLLEGES TIER 3,EC,ELECTRONICS AND COMMUNICATION ENGINEERING,140573,180704,,197520,232663,198547,,0,0,0,0,1,0,0
2342,"Sri Ranganathar Institute of Engineering and Technology (Autonomous), S.F No:162, Athipalayam village, Thudiyalur-kovilpalayam Road, Coimbatore-641110.",COIMBATORE,SELF FINANCING COLLEGES TIER 3,EE,ELECTRICAL AND ELECTRONICS ENGINEERING,192595,202694,,217651,230258,,,0,0,0,0,0,0,0
2342,"Sri Ranganathar Institute of Engineering and Technology (Autonomous), S.F No:162, Athipalayam village, Thudiyalur-kovilpalayam Road, Coimbatore-641110.",COIMBATORE,SELF FINANCING COLLEGES TIER 3,IT,INFORMATION TECHNOLOGY,132481,192182,164645,176481,185295,194317,171482,0,0,0,0,0,0,0
2342,"Sri Ranganathar Institute of Engineering and Technology (Autonomous), S.F No:162, Athipalayam village, Thudiyalur-kovilpalayam Road, Coimbatore-641110.",COIMBATORE,SELF FINANCING COLLEGES TIER 3,ME,MECHANICAL ENGINEERING,188498,237612,,236166,215831,226566,,0,1,0,0,1,0,0
2345,"Dhirajlal Gandhi College of Technology (Autonomous), Sikkanampatty, Opposite to Airport,Omalur Taluk, Salem District-636309.",SALEM,SELF FINANCING COLLEGES TIER 3,AD,Artificial Intelligence and Data Science,131079,211770,159846,145860,234900,192313,195427,0,0,0,0,1,1,0
2345,"Dhirajlal Gandhi College of Technology (Autonomous), Sikkanampatty, Opposite to Airport,Omalur Taluk, Salem District-636309.",SALEM,SELF FINANCING COLLEGES TIER 3,AG,AGRICULTURAL ENGINEERING,230159,,,235454,,,,0,0,0,0,0,0,0
2345,"Dhirajlal Gandhi College of Technology (Autonomous), Sikkanampatty, Opposite to Airport,Omalur Taluk, Salem District-636309.",SALEM,SELF FINANCING COLLEGES TIER 3,CE,CIVIL  ENGINEERING,152909,219661,,191448,234084,,,0,1,0,0,1,0,0
2345,"Dhirajlal Gandhi College of Technology (Autonomous), Sikkanampatty, Opposite to Airport,Omalur Taluk, Salem District-636309.",SALEM,SELF FINANCING COLLEGES TIER 3,CS,COMPUTER SCIENCE AND ENGINEERING,124514,191052,216654,146812,235413,230136,204927,0,0,1,0,1,0,0
2345,"Dhirajlal Gandhi College of Technology (Autonomous), Sikkanampatty, Opposite to Airport,Omalur Taluk, Salem District-636309.",SALEM,SELF FINANCING COLLEGES TIER 3,EC,ELECTRONICS AND COMMUNICATION ENGINEERING,122524,169985,222403,144651,233008,184231,,0,0,0,0,1,0,0
2345,"Dhirajlal Gandhi College of Technology (Autonomous), Sikkanampatty, Opposite to Airport,Omalur Taluk, Salem District-636309.",SALEM,SELF FINANCING COLLEGES TIER 3,EE,ELECTRICAL AND ELECTRONICS ENGINEERING,160431,214966,,168776,227498,,217027,0,1,0,0,1,0,0
2345,"Dhirajlal Gandhi College of Technology (Autonomous), Sikkanampatty, Opposite to Airport,Omalur Taluk, Salem District-636309.",SALEM,SELF FINANCING COLLEGES TIER 3,IT,INFORMATION TECHNOLOGY,144757,201476,181819,152679,238979,194755,,0,0,0,0,1,0,0
2345,"Dhirajlal Gandhi College of Technology (Autonomous), Sikkanampatty, Opposite to Airport,Omalur Taluk, Salem District-636309.",SALEM,SELF FINANCING COLLEGES TIER 3,ME,MECHANICAL ENGINEERING,177943,201509,,202700,238838,237694,,0,0,0,0,1,0,0
2345,"Dhirajlal Gandhi College of Technology (Autonomous), Sikkanampatty, Opposite to Airport,Omalur Taluk, Salem District-636309.",SALEM,SELF FINANCING COLLEGES TIER 3,RM,ROBOTICS AND AUTOMATION,195874,,200440,206124,,,,0,0,0,0,0,0,0
2346,"Shree Sathyam College of Engineering and Technology, Manjakkal Patti, Kuppanur Post, Sankari Taluk, Salem District-637301.",SALEM,SELF FINANCING COLLEGES TIER 3,AD,Artificial Intelligence and Data Science,211532,,,,,,,1,0,0,0,0,0,0
2346,"Shree Sathyam College of Engineering and Technology, Manjakkal Patti, Kuppanur Post, Sankari Taluk, Salem District-637301.",SALEM,SELF FINANCING COLLEGES TIER 3,BM,BIO MEDICAL ENGINEERING,134354,,,,,,,1,0,0,0,0,0,0
2346,"Shree Sathyam College of Engineering and Technology, Manjakkal Patti, Kuppanur Post, Sankari Taluk, Salem District-637301.",SALEM,SELF FINANCING COLLEGES TIER 3,CS,COMPUTER SCIENCE AND ENGINEERING,232620,,,235182,,,,0,0,0,1,0,0,0
2346,"Shree Sathyam College of Engineering and Technology, Manjakkal Patti, Kuppanur Post, Sankari Taluk, Salem District-637301.",SALEM,SELF FINANCING COLLEGES TIER 3,EC,ELECTRONICS AND COMMUNICATION ENGINEERING,235550,,,,,,,0,0,0,0,0,0,0
2346,"Shree Sathyam College of Engineering and Technology, Manjakkal Patti, Kuppanur Post, Sankari Taluk, Salem District-637301.",SALEM,SELF FINANCING COLLEGES TIER 3,EE,ELECTRICAL AND ELECTRONICS ENGINEERING,232962,,,233372,,,,0,0,0,1,0,0,0
2346,"Shree Sathyam College of Engineering and Technology, Manjakkal Patti, Kuppanur Post, Sankari Taluk, Salem District-637301.",SALEM,SELF FINANCING COLLEGES TIER 3,IT,INFORMATION TECHNOLOGY,234798,,,239017,,,,0,0,0,1,0,0,0
2346,"Shree Sathyam College of Engineering and Technology, Manjakkal Patti, Kuppanur Post, Sankari Taluk, Salem District-637301.",SALEM,SELF FINANCING COLLEGES TIER 3,ME,MECHANICAL ENGINEERING,223168,238725,,,,,,0,1,0,0,0,0,0
2347,"A V S College of Technology, Attur Main Road, Near AVS College of Arts & Science, Chinnagoundapuram, Salem-636106.",SALEM,SELF FINANCING COLLEGES TIER 3,AD,Artificial Intelligence and Data Science,165299,239269,238211,218647,234236,237040,200871,0,1,1,0,0,0,0
2347,"A V S College of Technology, Attur Main Road, Near AVS College of Arts & Science, Chinnagoundapuram, Salem-636106.",SALEM,SELF FINANCING COLLEGES TIER 3,AG,AGRICULTURAL ENGINEERING,217803,,,228450,238773,,218928,0,0,0,0,1,0,0
2347,"A V S College of Technology, Attur Main Road, Near AVS College of Arts & Science, Chinnagoundapuram, Salem-636106.",SALEM,SELF FINANCING COLLEGES TIER 3,CS,COMPUTER SCIENCE AND ENGINEERING,163479,236203,230388,216932,231866,208224,194340,0,1,1,0,0,0,0
2347,"A V S College of Technology, Attur Main Road, Near AVS College of Arts & Science, Chinnagoundapuram, Salem-636106.",SALEM,SELF FINANCING COLLEGES TIER 3,EC,ELECTRONICS AND COMMUNICATION ENGINEERING,130369,224623,238830,207028,184580,192413,,0,1,1,0,0,0,0
2347,"A V S College of Technology, Attur Main Road, Near AVS College of Arts & Science, Chinnagoundapuram, Salem-636106.",SALEM,SELF FINANCING COLLEGES TIER 3,EE,ELECTRICAL AND ELECTRONICS ENGINEERING,208800,237587,,221170,234195,231659,,0,1,0,0,0,0,0
2347,"A V S College of Technology, Attur Main Road, Near AVS College of Arts & Science, Chinnagoundapuram, Salem-636106.",SALEM,SELF FINANCING COLLEGES TIER 3,IT,INFORMATION TECHNOLOGY,194093,236865,,220035,236123,233213,,0,1,0,0,0,0,0
2347,"A V S College of Technology, Attur Main Road, Near AVS College of Arts & Science, Chinnagoundapuram, Salem-636106.",SALEM,SELF FINANCING COLLEGES TIER 3,ME,MECHANICAL ENGINEERING,215603,231666,237528,223787,237750,237614,,0,1,1,0,0,1,0
2349,"Dhaanish Ahmed Institute of Technology, Pitchanur Village, Coimbatore-641018.",COIMBATORE,SELF FINANCING COLLEGES TIER 3,AD,Artificial Intelligence and Data Science,64044,109553,69213,99986,213278,,,0,0,0,0,0,0,0
2349,"Dhaanish Ahmed Institute of Technology, Pitchanur Village, Coimbatore-641018.",COIMBATORE,SELF FINANCING COLLEGES TIER 3,AM,COMPUTER SCIENCE AND ENGINEERING (AI AND MACHINE LEARNING),71552,118786,79492,125523,87356,,,0,0,0,0,1,0,0
2349,"Dhaanish Ahmed Institute of Technology, Pitchanur Village, Coimbatore-641018.",COIMBATORE,SELF FINANCING COLLEGES TIER 3,BM,BIO MEDICAL ENGINEERING,116362,213426,134427,197959,236666,234661,,0,0,0,0,0,0,0
2349,"Dhaanish Ahmed Institute of Technology, Pitchanur Village, Coimbatore-641018.",COIMBATORE,SELF FINANCING COLLEGES TIER 3,CS,COMPUTER SCIENCE AND ENGINEERING,58166,93010,65326,103025,207698,137185,217663,0,0,0,0,0,0,0
2349,"Dhaanish Ahmed Institute of Technology, Pitchanur Village, Coimbatore-641018.",COIMBATORE,SELF FINANCING COLLEGES TIER 3,EC,ELECTRONICS AND COMMUNICATION ENGINEERING,83327,118066,88048,118937,117847,132681,,0,0,0,0,1,0,0
2349,"Dhaanish Ahmed Institute of Technology, Pitchanur Village, Coimbatore-641018.",COIMBATORE,SELF FINANCING COLLEGES TIER 3,FD,FOOD TECHNOLOGY,159098,233592,173509,238788,238021,215545,,0,0,0,1,0,0,0
2349,"Dhaanish Ahmed Institute of Technology, Pitchanur Village, Coimbatore-641018.",COIMBATORE,SELF FINANCING COLLEGES TIER 3,IT,INFORMATION TECHNOLOGY,75698,118293,76495,125708,210057,,,0,0,0,0,0,0,0
2349,"Dhaanish Ahmed Institute of Technology, Pitchanur Village, Coimbatore-641018.",COIMBATORE,SELF FINANCING COLLEGES TIER 3,RM,ROBOTICS AND AUTOMATION,90080,158945,136785,202805,220571,220980,,0,0,0,0,1,0,0
2349,"Dhaanish Ahmed Institute of Technology, Pitchanur Village, Coimbatore-641018.",COIMBATORE,SELF FINANCING COLLEGES TIER 3,SC,Computer Science and Engineering (Cyber Security),77284,116131,87670,130335,224703,,,0,0,0,0,0,0,0
2350,"Jairupaa College of Engineering, Thottiapalayam, Kathankanni-Po, Kangayam-Tk, Tiruppur-641604.",TIRUPPUR,SELF FINANCING COLLEGES TIER 3,CE,CIVIL  ENGINEERING,,,,,,,,0,0,0,0,0,0,0
2350,"Jairupaa College of Engineering, Thottiapalayam, Kathankanni-Po, Kangayam-Tk, Tiruppur-641604.",TIRUPPUR,SELF FINANCING COLLEGES TIER 3,CS,COMPUTER SCIENCE AND ENGINEERING,,,,,,,,0,0,0,0,0,0,0
2350,"Jairupaa College of Engineering, Thottiapalayam, Kathankanni-Po, Kangayam-Tk, Tiruppur-641604.",TIRUPPUR,SELF FINANCING COLLEGES TIER 3,EC,ELECTRONICS AND COMMUNICATION ENGINEERING,99808,,,,,,,1,0,0,0,0,0,0
2350,"Jairupaa College of Engineering, Thottiapalayam, Kathankanni-Po, Kangayam-Tk, Tiruppur-641604.",TIRUPPUR,SELF FINANCING COLLEGES TIER 3,EE,ELECTRICAL AND ELECTRONICS ENGINEERING,223988,,,,,,,1,0,0,0,0,0,0
2350,"Jairupaa College of Engineering, Thottiapalayam, Kathankanni-Po, Kangayam-Tk, Tiruppur-641604.",TIRUPPUR,SELF FINANCING COLLEGES TIER 3,ME,MECHANICAL ENGINEERING,,,,,,,,0,0,0,0,0,0,0
2354,"Pollachi Institute of Engineering and Technology, 107/1, Poosaripatti Village, Pollachi to Dharapuram road, Poosaripatti(post) Pollachi, Coimbatore-642205.",COIMBATORE,SELF FINANCING COLLEGES TIER 3,AD,Artificial Intelligence and Data Science,193908,233888,224840,236697,208778,196205,,0,1,0,1,1,0,0
2354,"Pollachi Institute of Engineering and Technology, 107/1, Poosaripatti Village, Pollachi to Dharapuram road, Poosaripatti(post) Pollachi, Coimbatore-642205.",COIMBATORE,SELF FINANCING COLLEGES TIER 3,CE,CIVIL  ENGINEERING,238132,,,,,,,1,0,0,0,0,0,0
2354,"Pollachi Institute of Engineering and Technology, 107/1, Poosaripatti Village, Pollachi to Dharapuram road, Poosaripatti(post) Pollachi, Coimbatore-642205.",COIMBATORE,SELF FINANCING COLLEGES TIER 3,CS,COMPUTER SCIENCE AND ENGINEERING,168160,188944,,218816,212584,195586,,0,1,0,0,1,0,0
2354,"Pollachi Institute of Engineering and Technology, 107/1, Poosaripatti Village, Pollachi to Dharapuram road, Poosaripatti(post) Pollachi, Coimbatore-642205.",COIMBATORE,SELF FINANCING COLLEGES TIER 3,EC,ELECTRONICS AND COMMUNICATION ENGINEERING,172434,230266,208582,235981,213656,174680,,0,1,0,1,1,0,0
2354,"Pollachi Institute of Engineering and Technology, 107/1, Poosaripatti Village, Pollachi to Dharapuram road, Poosaripatti(post) Pollachi, Coimbatore-642205.",COIMBATORE,SELF FINANCING COLLEGES TIER 3,EE,ELECTRICAL AND ELECTRONICS ENGINEERING,207144,227580,,,,,,0,1,0,0,0,0,0
2354,"Pollachi Institute of Engineering and Technology, 107/1, Poosaripatti Village, Pollachi to Dharapuram road, Poosaripatti(post) Pollachi, Coimbatore-642205.",COIMBATORE,SELF FINANCING COLLEGES TIER 3,IT,INFORMATION TECHNOLOGY,193390,,,207582,213207,208072,,0,0,0,1,1,0,0
2354,"Pollachi Institute of Engineering and Technology, 107/1, Poosaripatti Village, Pollachi to Dharapuram road, Poosaripatti(post) Pollachi, Coimbatore-642205.",COIMBATORE,SELF FINANCING COLLEGES TIER 3,ME,MECHANICAL ENGINEERING,229983,238813,238866,234233,237510,,,0,1,1,1,1,0,0
2356,"Arulmurugan College of Engineering, Karvazhi Road, Thennilai, Aravakurichy Taluk, Karur-639206.",KARUR,SELF FINANCING COLLEGES TIER 3,AD,Artificial Intelligence and Data Science,236194,,,,,,,1,0,0,0,0,0,0
2356,"Arulmurugan College of Engineering, Karvazhi Road, Thennilai, Aravakurichy Taluk, Karur-639206.",KARUR,SELF FINANCING COLLEGES TIER 3,CS,COMPUTER SCIENCE AND ENGINEERING,217625,,,,,,,1,0,0,0,0,0,0
2356,"Arulmurugan College of Engineering, Karvazhi Road, Thennilai, Aravakurichy Taluk, Karur-639206.",KARUR,SELF FINANCING COLLEGES TIER 3,EC,ELECTRONICS AND COMMUNICATION ENGINEERING,179524,,,,,,,1,0,0,0,0,0,0
2356,"Arulmurugan College of Engineering, Karvazhi Road, Thennilai, Aravakurichy Taluk, Karur-639206.",KARUR,SELF FINANCING COLLEGES TIER 3,EE,ELECTRICAL AND ELECTRONICS ENGINEERING,,,,,,,,0,0,0,0,0,0,0
2356,"Arulmurugan College of Engineering, Karvazhi Road, Thennilai, Aravakurichy Taluk, Karur-639206.",KARUR,SELF FINANCING COLLEGES TIER 3,ME,MECHANICAL ENGINEERING,239201,,,,,,,1,0,0,0,0,0,0
2357,"V.S.B. College of Engineering Technical Campus (Autonomous), S.F. No.91/2A,91/2B,252, 253/1, Solavampalayam Village, Kinathukadavu, Pollachi Taluk, Coimbatore District-642109.",COIMBATORE,SELF FINANCING COLLEGES TIER 3,AD,Artificial Intelligence and Data Science,90014,118759,163571,144841,239155,225497,,0,0,0,0,1,1,0
2357,"V.S.B. College of Engineering Technical Campus (Autonomous), S.F. No.91/2A,91/2B,252, 253/1, Solavampalayam Village, Kinathukadavu, Pollachi Taluk, Coimbatore District-642109.",COIMBATORE,SELF FINANCING COLLEGES TIER 3,AG,AGRICULTURAL ENGINEERING,140485,201545,,214223,223992,195503,,0,0,0,0,1,0,0
2357,"V.S.B. College of Engineering Technical Campus (Autonomous), S.F. No.91/2A,91/2B,252, 253/1, Solavampalayam Village, Kinathukadavu, Pollachi Taluk, Coimbatore District-642109.",COIMBATORE,SELF FINANCING COLLEGES TIER 3,AM,COMPUTER SCIENCE AND ENGINEERING (AI AND MACHINE LEARNING),87440,115985,138732,131218,238694,234750,,0,0,0,0,1,1,0
2357,"V.S.B. College of Engineering Technical Campus (Autonomous), S.F. No.91/2A,91/2B,252, 253/1, Solavampalayam Village, Kinathukadavu, Pollachi Taluk, Coimbatore District-642109.",COIMBATORE,SELF FINANCING COLLEGES TIER 3,CS,COMPUTER SCIENCE AND ENGINEERING,54396,77193,118571,113290,228607,234787,200980,0,0,0,0,1,0,0
2357,"V.S.B. College of Engineering Technical Campus (Autonomous), S.F. No.91/2A,91/2B,252, 253/1, Solavampalayam Village, Kinathukadavu, Pollachi Taluk, Coimbatore District-642109.",COIMBATORE,SELF FINANCING COLLEGES TIER 3,EC,ELECTRONICS AND COMMUNICATION ENGINEERING,89565,117376,169731,146212,233136,205564,,0,0,0,0,1,1,0
2357,"V.S.B. College of Engineering Technical Campus (Autonomous), S.F. No.91/2A,91/2B,252, 253/1, Solavampalayam Village, Kinathukadavu, Pollachi Taluk, Coimbatore District-642109.",COIMBATORE,SELF FINANCING COLLEGES TIER 3,EE,ELECTRICAL AND ELECTRONICS ENGINEERING,117641,133913,201053,159247,221295,175098,,0,0,0,0,1,0,0
2357,"V.S.B. College of Engineering Technical Campus (Autonomous), S.F. No.91/2A,91/2B,252, 253/1, Solavampalayam Village, Kinathukadavu, Pollachi Taluk, Coimbatore District-642109.",COIMBATORE,SELF FINANCING COLLEGES TIER 3,IT,INFORMATION TECHNOLOGY,85600,102389,135587,132312,235693,207578,230129,0,0,0,0,1,1,0
2357,"V.S.B. College of Engineering Technical Campus (Autonomous), S.F. No.91/2A,91/2B,252, 253/1, Solavampalayam Village, Kinathukadavu, Pollachi Taluk, Coimbatore District-642109.",COIMBATORE,SELF FINANCING COLLEGES TIER 3,ME,MECHANICAL ENGINEERING,143465,183264,190361,150088,,,,0,0,0,0,0,0,0
2360,"Suguna College of Engineering, Nehru Nagar (West), Kalapatti Road, Civil Aerodrome (Post), Coimbatore-641014.",COIMBATORE,SELF FINANCING COLLEGES TIER 3,AD,Artificial Intelligence and Data Science,156710,205356,224539,186267,217862,163518,,0,0,0,0,0,0,0
2360,"Suguna College of Engineering, Nehru Nagar (West), Kalapatti Road, Civil Aerodrome (Post), Coimbatore-641014.",COIMBATORE,SELF FINANCING COLLEGES TIER 3,AG,AGRICULTURAL ENGINEERING,193457,238616,213360,234601,225521,199362,,0,1,0,1,0,0,0
2360,"Suguna College of Engineering, Nehru Nagar (West), Kalapatti Road, Civil Aerodrome (Post), Coimbatore-641014.",COIMBATORE,SELF FINANCING COLLEGES TIER 3,CS,COMPUTER SCIENCE AND ENGINEERING,140061,209728,175807,200134,215437,196569,,0,0,0,0,0,0,0
2360,"Suguna College of Engineering, Nehru Nagar (West), Kalapatti Road, Civil Aerodrome (Post), Coimbatore-641014.",COIMBATORE,SELF FINANCING COLLEGES TIER 3,EC,ELECTRONICS AND COMMUNICATION ENGINEERING,158865,210934,,216628,204282,189111,166693,0,0,0,0,0,0,0
2360,"Suguna College of Engineering, Nehru Nagar (West), Kalapatti Road, Civil Aerodrome (Post), Coimbatore-641014.",COIMBATORE,SELF FINANCING COLLEGES TIER 3,IT,INFORMATION TECHNOLOGY,148189,205797,,202323,202772,152920,,0,0,0,0,0,0,0
2360,"Suguna College of Engineering, Nehru Nagar (West), Kalapatti Road, Civil Aerodrome (Post), Coimbatore-641014.",COIMBATORE,SELF FINANCING COLLEGES TIER 3,ME,MECHANICAL ENGINEERING,187145,227110,211803,218670,203588,232292,,0,0,0,0,0,0,0
2360,"Suguna College of Engineering, Nehru Nagar (West), Kalapatti Road, Civil Aerodrome (Post), Coimbatore-641014.",COIMBATORE,SELF FINANCING COLLEGES TIER 3,MZ,Mechatronics Engineering,188613,228782,232497,230604,214443,,,0,0,0,0,0,0,0
2361,"SASI CREATIVE SCHOOL OF ARCHITECTURE, 293/2B, ROJA RAJA GARDEN, POLLACHI MAIN ROAD, MYLERIPALAYAM, COIMBATORE-641032.",COIMBATORE,SELF FINANCING COLLEGES TIER 3,IF,Interior Design,228954,,230024,,,,,0,0,0,0,0,0,0
2367,"Arjun College of Technology, 310/1B, Chettiyakkapalayam, Kinathukadavu, Coimbatore-642120.",COIMBATORE,SELF FINANCING COLLEGES TIER 3,AD,Artificial Intelligence and Data Science,137479,192084,221131,204335,199894,164140,,0,0,1,0,0,1,0
2367,"Arjun College of Technology, 310/1B, Chettiyakkapalayam, Kinathukadavu, Coimbatore-642120.",COIMBATORE,SELF FINANCING COLLEGES TIER 3,AM,COMPUTER SCIENCE AND ENGINEERING (AI AND MACHINE LEARNING),178312,223996,228860,228659,232311,214005,,0,0,1,0,0,0,0
2367,"Arjun College of Technology, 310/1B, Chettiyakkapalayam, Kinathukadavu, Coimbatore-642120.",COIMBATORE,SELF FINANCING COLLEGES TIER 3,CB,COMPUTER SCIENCE AND BUSSINESS SYSTEM,188615,224136,225800,226980,229208,,,0,0,1,0,0,0,0
2367,"Arjun College of Technology, 310/1B, Chettiyakkapalayam, Kinathukadavu, Coimbatore-642120.",COIMBATORE,SELF FINANCING COLLEGES TIER 3,CE,CIVIL  ENGINEERING,205248,228222,,213501,225392,,,0,1,0,1,0,0,0
2367,"Arjun College of Technology, 310/1B, Chettiyakkapalayam, Kinathukadavu, Coimbatore-642120.",COIMBATORE,SELF FINANCING COLLEGES TIER 3,CS,COMPUTER SCIENCE AND ENGINEERING,157630,208401,218511,228579,219176,212476,219422,0,0,1,0,0,0,0
2367,"Arjun College of Technology, 310/1B, Chettiyakkapalayam, Kinathukadavu, Coimbatore-642120.",COIMBATORE,SELF FINANCING COLLEGES TIER 3,EC,ELECTRONICS AND COMMUNICATION ENGINEERING,117510,202515,147324,138696,197294,,,0,0,0,0,0,0,0
2367,"Arjun College of Technology, 310/1B, Chettiyakkapalayam, Kinathukadavu, Coimbatore-642120.",COIMBATORE,SELF FINANCING COLLEGES TIER 3,IT,INFORMATION TECHNOLOGY,130244,216716,,208423,210205,176125,,0,0,0,0,0,0,0
2367,"Arjun College of Technology, 310/1B, Chettiyakkapalayam, Kinathukadavu, Coimbatore-642120.",COIMBATORE,SELF FINANCING COLLEGES TIER 3,ME,MECHANICAL ENGINEERING,172787,237256,,213701,206284,237892,,0,1,0,0,0,0,0
2367,"Arjun College of Technology, 310/1B, Chettiyakkapalayam, Kinathukadavu, Coimbatore-642120.",COIMBATORE,SELF FINANCING COLLEGES TIER 3,SC,Computer Science and Engineering (Cyber Security),171168,212527,212359,223907,222101,185633,239112,0,0,1,0,0,0,0
2377,"PSG Institute of Technology and Applied Research(Autonomous), Avinashi Road,Neelambur, Sulur,Coimbatore -641062.",COIMBATORE,SELF FINANCING COLLEGES TIER 1,AD,Artificial Intelligence and Data Science,3387,4217,8059,5923,29712,35286,,0,0,0,0,0,0,0
2377,"PSG Institute of Technology and Applied Research(Autonomous), Avinashi Road,Neelambur, Sulur,Coimbatore -641062.",COIMBATORE,SELF FINANCING COLLEGES TIER 1,CE,CIVIL  ENGINEERING,21883,28305,30457,32672,59163,64536,,0,0,0,0,0,0,0
2377,"PSG Institute of Technology and Applied Research(Autonomous), Avinashi Road,Neelambur, Sulur,Coimbatore -641062.",COIMBATORE,SELF FINANCING COLLEGES TIER 1,CS,COMPUTER SCIENCE AND ENGINEERING,2379,3379,4296,4617,26623,41611,43554,0,0,0,0,0,0,0
2377,"PSG Institute of Technology and Applied Research(Autonomous), Avinashi Road,Neelambur, Sulur,Coimbatore -641062.",COIMBATORE,SELF FINANCING COLLEGES TIER 1,EC,ELECTRONICS AND COMMUNICATION ENGINEERING,2843,3568,4628,5267,28905,21035,45943,0,0,0,0,0,0,0
2377,"PSG Institute of Technology and Applied Research(Autonomous), Avinashi Road,Neelambur, Sulur,Coimbatore -641062.",COIMBATORE,SELF FINANCING COLLEGES TIER 1,EE,ELECTRICAL AND ELECTRONICS ENGINEERING,5939,7799,10247,10440,44114,51856,130655,0,0,0,0,0,0,0
2377,"PSG Institute of Technology and Applied Research(Autonomous), Avinashi Road,Neelambur, Sulur,Coimbatore -641062.",COIMBATORE,SELF FINANCING COLLEGES TIER 1,EV,Electronics Engineering (VLSI Design and Technology),4813,5522,4889,10157,45086,37828,,0,0,0,0,0,0,0
2377,"PSG Institute of Technology and Applied Research(Autonomous), Avinashi Road,Neelambur, Sulur,Coimbatore -641062.",COIMBATORE,SELF FINANCING COLLEGES TIER 1,IC,INSTRUMENTATION AND CONTROL ENGINEERING,11000,14326,17590,17024,75309,71159,85594,0,0,0,0,0,0,0
2377,"PSG Institute of Technology and Applied Research(Autonomous), Avinashi Road,Neelambur, Sulur,Coimbatore -641062.",COIMBATORE,SELF FINANCING COLLEGES TIER 1,ME,MECHANICAL ENGINEERING,13993,19720,20749,24483,57497,79236,153704,0,0,0,0,0,0,0
2601,"Adhiyamaan College of Engineering (Autonomous), Aeri Campus, Dr.M.G.R.Nagar, Hosur, Krishnagiri District-635109.",KRISHNAGIRI,SELF FINANCING COLLEGES TIER 3,AD,Artificial Intelligence and Data Science,105260,186647,128355,174671,209396,168950,,0,0,0,0,1,0,0
2601,"Adhiyamaan College of Engineering (Autonomous), Aeri Campus, Dr.M.G.R.Nagar, Hosur, Krishnagiri District-635109.",KRISHNAGIRI,SELF FINANCING COLLEGES TIER 3,AE,AERONAUTICAL ENGINEERING,212208,,,227856,212576,,,0,0,0,1,1,0,0
2601,"Adhiyamaan College of Engineering (Autonomous), Aeri Campus, Dr.M.G.R.Nagar, Hosur, Krishnagiri District-635109.",KRISHNAGIRI,SELF FINANCING COLLEGES TIER 3,AM,COMPUTER SCIENCE AND ENGINEERING (AI AND MACHINE LEARNING),129951,206208,176784,193203,227581,,,0,0,0,0,0,0,0
2601,"Adhiyamaan College of Engineering (Autonomous), Aeri Campus, Dr.M.G.R.Nagar, Hosur, Krishnagiri District-635109.",KRISHNAGIRI,SELF FINANCING COLLEGES TIER 3,BM,BIO MEDICAL ENGINEERING,203562,237809,,235473,231480,,,0,1,0,1,1,0,0
2601,"Adhiyamaan College of Engineering (Autonomous), Aeri Campus, Dr.M.G.R.Nagar, Hosur, Krishnagiri District-635109.",KRISHNAGIRI,SELF FINANCING COLLEGES TIER 3,BT,BIO TECHNOLOGY,171328,209038,226116,229411,,,,0,1,0,1,0,0,0
2601,"Adhiyamaan College of Engineering (Autonomous), Aeri Campus, Dr.M.G.R.Nagar, Hosur, Krishnagiri District-635109.",KRISHNAGIRI,SELF FINANCING COLLEGES TIER 3,CB,COMPUTER SCIENCE AND BUSSINESS SYSTEM,170135,208155,200721,206140,,,,0,0,0,0,0,0,0
2601,"Adhiyamaan College of Engineering (Autonomous), Aeri Campus, Dr.M.G.R.Nagar, Hosur, Krishnagiri District-635109.",KRISHNAGIRI,SELF FINANCING COLLEGES TIER 3,CE,CIVIL  ENGINEERING,213493,,,216321,,,,0,0,0,1,0,0,0
2601,"Adhiyamaan College of Engineering (Autonomous), Aeri Campus, Dr.M.G.R.Nagar, Hosur, Krishnagiri District-635109.",KRISHNAGIRI,SELF FINANCING COLLEGES TIER 3,CH,CHEMICAL  ENGINEERING,174966,,187299,217785,,,,0,0,0,0,0,0,0
2601,"Adhiyamaan College of Engineering (Autonomous), Aeri Campus, Dr.M.G.R.Nagar, Hosur, Krishnagiri District-635109.",KRISHNAGIRI,SELF FINANCING COLLEGES TIER 3,CS,COMPUTER SCIENCE AND ENGINEERING,94735,173698,164958,165370,208675,209755,192706,0,0,0,0,1,1,0
2601,"Adhiyamaan College of Engineering (Autonomous), Aeri Campus, Dr.M.G.R.Nagar, Hosur, Krishnagiri District-635109.",KRISHNAGIRI,SELF FINANCING COLLEGES TIER 3,EC,ELECTRONICS AND COMMUNICATION ENGINEERING,117639,207399,219057,163325,237440,205517,,0,0,0,0,1,0,0
2601,"Adhiyamaan College of Engineering (Autonomous), Aeri Campus, Dr.M.G.R.Nagar, Hosur, Krishnagiri District-635109.",KRISHNAGIRI,SELF FINANCING COLLEGES TIER 3,EE,ELECTRICAL AND ELECTRONICS ENGINEERING,177267,238010,236315,212330,,,,0,1,1,0,0,0,0
2601,"Adhiyamaan College of Engineering (Autonomous), Aeri Campus, Dr.M.G.R.Nagar, Hosur, Krishnagiri District-635109.",KRISHNAGIRI,SELF FINANCING COLLEGES TIER 3,IT,INFORMATION TECHNOLOGY,101651,195687,163046,172022,229612,,,0,0,0,0,1,0,0
2601,"Adhiyamaan College of Engineering (Autonomous), Aeri Campus, Dr.M.G.R.Nagar, Hosur, Krishnagiri District-635109.",KRISHNAGIRI,SELF FINANCING COLLEGES TIER 3,ME,MECHANICAL ENGINEERING,200048,235273,222344,239238,204235,,,0,1,0,1,1,0,0
2601,"Adhiyamaan College of Engineering (Autonomous), Aeri Campus, Dr.M.G.R.Nagar, Hosur, Krishnagiri District-635109.",KRISHNAGIRI,SELF FINANCING COLLEGES TIER 3,SC,Computer Science and Engineering (Cyber Security),140877,206821,209289,187374,236153,174195,156891,0,0,0,0,1,1,0
2602,"Annai Mathammal Sheela Engineering College, Erumapatty Post, Namakkal-637013.",NAMAKKAL,SELF FINANCING COLLEGES TIER 3,AD,Artificial Intelligence and Data Science,193225,,,,,,,1,0,0,0,0,0,0
2602,"Annai Mathammal Sheela Engineering College, Erumapatty Post, Namakkal-637013.",NAMAKKAL,SELF FINANCING COLLEGES TIER 3,AG,AGRICULTURAL ENGINEERING,130110,,,,,,,1,0,0,0,0,0,0
2602,"Annai Mathammal Sheela Engineering College, Erumapatty Post, Namakkal-637013.",NAMAKKAL,SELF FINANCING COLLEGES TIER 3,CS,COMPUTER SCIENCE AND ENGINEERING,163177,,,,,,,1,0,0,0,0,0,0
2602,"Annai Mathammal Sheela Engineering College, Erumapatty Post, Namakkal-637013.",NAMAKKAL,SELF FINANCING COLLEGES TIER 3,EC,ELECTRONICS AND COMMUNICATION ENGINEERING,,,,,,,,0,0,0,0,0,0,0
2602,"Annai Mathammal Sheela Engineering College, Erumapatty Post, Namakkal-637013.",NAMAKKAL,SELF FINANCING COLLEGES TIER 3,IT,INFORMATION TECHNOLOGY,168200,,,,,,,1,0,0,0,0,0,0
2602,"Annai Mathammal Sheela Engineering College, Erumapatty Post, Namakkal-637013.",NAMAKKAL,SELF FINANCING COLLEGES TIER 3,MD,MEDICAL ELECTRONICS ENGINEERING,,,,,,,,0,0,0,0,0,0,0
2602,"Annai Mathammal Sheela Engineering College, Erumapatty Post, Namakkal-637013.",NAMAKKAL,SELF FINANCING COLLEGES TIER 3,ME,MECHANICAL ENGINEERING,,,,,,,,0,0,0,0,0,0,0
2602,"Annai Mathammal Sheela Engineering College, Erumapatty Post, Namakkal-637013.",NAMAKKAL,SELF FINANCING COLLEGES TIER 3,RM,ROBOTICS AND AUTOMATION,239160,,,,,,,1,0,0,0,0,0,0
2607,"K S Rangasamy College of Technology (Autonomous), K.S.R Kalvi Nagar, Thokkavadi, Tiruchengode Tk, Namakkal-637215.",NAMAKKAL,SELF FINANCING COLLEGES TIER 3,AD,Artificial Intelligence and Data Science,56730,81265,77772,99531,234553,,,0,0,0,0,1,0,0
2607,"K S Rangasamy College of Technology (Autonomous), K.S.R Kalvi Nagar, Thokkavadi, Tiruchengode Tk, Namakkal-637215.",NAMAKKAL,SELF FINANCING COLLEGES TIER 3,AM,COMPUTER SCIENCE AND ENGINEERING (AI AND MACHINE LEARNING),71775,95719,81178,98098,177968,153955,,0,0,0,0,1,0,0
2607,"K S Rangasamy College of Technology (Autonomous), K.S.R Kalvi Nagar, Thokkavadi, Tiruchengode Tk, Namakkal-637215.",NAMAKKAL,SELF FINANCING COLLEGES TIER 3,BT,BIO TECHNOLOGY,103330,153681,105086,167487,217106,211226,,0,0,1,0,1,0,0
2607,"K S Rangasamy College of Technology (Autonomous), K.S.R Kalvi Nagar, Thokkavadi, Tiruchengode Tk, Namakkal-637215.",NAMAKKAL,SELF FINANCING COLLEGES TIER 3,CE,CIVIL  ENGINEERING,135804,176156,234804,171887,226245,,,0,0,0,0,1,0,0
2607,"K S Rangasamy College of Technology (Autonomous), K.S.R Kalvi Nagar, Thokkavadi, Tiruchengode Tk, Namakkal-637215.",NAMAKKAL,SELF FINANCING COLLEGES TIER 3,CS,COMPUTER SCIENCE AND ENGINEERING,57110,82719,92422,93910,234709,225618,,0,0,0,0,1,1,0
2607,"K S Rangasamy College of Technology (Autonomous), K.S.R Kalvi Nagar, Thokkavadi, Tiruchengode Tk, Namakkal-637215.",NAMAKKAL,SELF FINANCING COLLEGES TIER 3,EC,ELECTRONICS AND COMMUNICATION ENGINEERING,73945,98466,102420,103080,187290,137865,,0,0,0,0,1,0,0
2607,"K S Rangasamy College of Technology (Autonomous), K.S.R Kalvi Nagar, Thokkavadi, Tiruchengode Tk, Namakkal-637215.",NAMAKKAL,SELF FINANCING COLLEGES TIER 3,EE,ELECTRICAL AND ELECTRONICS ENGINEERING,108828,132314,162939,128559,214600,191091,,0,0,0,0,1,0,0
2607,"K S Rangasamy College of Technology (Autonomous), K.S.R Kalvi Nagar, Thokkavadi, Tiruchengode Tk, Namakkal-637215.",NAMAKKAL,SELF FINANCING COLLEGES TIER 3,EV,Electronics Engineering (VLSI Design and Technology),98608,123817,117658,117388,235126,,,0,0,0,0,1,0,0
2607,"K S Rangasamy College of Technology (Autonomous), K.S.R Kalvi Nagar, Thokkavadi, Tiruchengode Tk, Namakkal-637215.",NAMAKKAL,SELF FINANCING COLLEGES TIER 3,FD,FOOD TECHNOLOGY,116283,191292,150605,177138,210590,174179,,0,0,0,0,0,0,0
2607,"K S Rangasamy College of Technology (Autonomous), K.S.R Kalvi Nagar, Thokkavadi, Tiruchengode Tk, Namakkal-637215.",NAMAKKAL,SELF FINANCING COLLEGES TIER 3,IT,INFORMATION TECHNOLOGY,73133,93888,107979,104628,200509,220600,,0,0,0,0,1,1,0
2607,"K S Rangasamy College of Technology (Autonomous), K.S.R Kalvi Nagar, Thokkavadi, Tiruchengode Tk, Namakkal-637215.",NAMAKKAL,SELF FINANCING COLLEGES TIER 3,ME,MECHANICAL ENGINEERING,129964,185125,171772,181328,234542,157120,,0,0,0,0,1,0,0
2607,"K S Rangasamy College of Technology (Autonomous), K.S.R Kalvi Nagar, Thokkavadi, Tiruchengode Tk, Namakkal-637215.",NAMAKKAL,SELF FINANCING COLLEGES TIER 3,MZ,Mechatronics Engineering,124162,161225,217693,186075,239040,223815,,0,0,0,0,1,0,0
2607,"K S Rangasamy College of Technology (Autonomous), K.S.R Kalvi Nagar, Thokkavadi, Tiruchengode Tk, Namakkal-637215.",NAMAKKAL,SELF FINANCING COLLEGES TIER 3,TX,TEXTILE TECHNOLOGY,121337,190495,146096,179105,225971,,,0,0,0,0,1,0,0
2608,"M.Kumarasamy College of Engineering (Autonomous), Thalavapalayam Post,Punjai Thottakkurichi Village, Karur Tk, Karur-639113.",KARUR,SELF FINANCING COLLEGES TIER 3,AD,Artificial Intelligence and Data Science,65838,86877,122463,107192,237408,192638,,0,0,0,0,1,0,0
2608,"M.Kumarasamy College of Engineering (Autonomous), Thalavapalayam Post,Punjai Thottakkurichi Village, Karur Tk, Karur-639113.",KARUR,SELF FINANCING COLLEGES TIER 3,AM,COMPUTER SCIENCE AND ENGINEERING (AI AND MACHINE LEARNING),73109,92003,96394,107205,129677,,,0,0,0,0,1,0,0
2608,"M.Kumarasamy College of Engineering (Autonomous), Thalavapalayam Post,Punjai Thottakkurichi Village, Karur Tk, Karur-639113.",KARUR,SELF FINANCING COLLEGES TIER 3,CB,COMPUTER SCIENCE AND BUSSINESS SYSTEM,73670,95706,,111785,124579,219795,,0,0,0,0,1,0,0
2608,"M.Kumarasamy College of Engineering (Autonomous), Thalavapalayam Post,Punjai Thottakkurichi Village, Karur Tk, Karur-639113.",KARUR,SELF FINANCING COLLEGES TIER 3,CE,CIVIL  ENGINEERING,119739,141790,173214,164983,199668,186731,,0,0,0,0,1,0,0
2608,"M.Kumarasamy College of Engineering (Autonomous), Thalavapalayam Post,Punjai Thottakkurichi Village, Karur Tk, Karur-639113.",KARUR,SELF FINANCING COLLEGES TIER 3,CS,COMPUTER SCIENCE AND ENGINEERING,44300,60531,99106,75010,218595,166040,218188,0,0,0,0,0,0,0
2608,"M.Kumarasamy College of Engineering (Autonomous), Thalavapalayam Post,Punjai Thottakkurichi Village, Karur Tk, Karur-639113.",KARUR,SELF FINANCING COLLEGES TIER 3,EC,ELECTRONICS AND COMMUNICATION ENGINEERING,65522,90805,126017,115565,229861,226276,,0,0,0,0,1,0,0
2608,"M.Kumarasamy College of Engineering (Autonomous), Thalavapalayam Post,Punjai Thottakkurichi Village, Karur Tk, Karur-639113.",KARUR,SELF FINANCING COLLEGES TIER 3,EE,ELECTRICAL AND ELECTRONICS ENGINEERING,115474,137664,143183,158453,238313,226256,,0,0,0,0,1,0,0
2608,"M.Kumarasamy College of Engineering (Autonomous), Thalavapalayam Post,Punjai Thottakkurichi Village, Karur Tk, Karur-639113.",KARUR,SELF FINANCING COLLEGES TIER 3,EV,Electronics Engineering (VLSI Design and Technology),93354,110025,180251,131110,235951,,,0,0,0,0,1,0,0
2608,"M.Kumarasamy College of Engineering (Autonomous), Thalavapalayam Post,Punjai Thottakkurichi Village, Karur Tk, Karur-639113.",KARUR,SELF FINANCING COLLEGES TIER 3,IT,INFORMATION TECHNOLOGY,61738,78365,102793,104253,176050,,,0,0,0,0,1,0,0
2608,"M.Kumarasamy College of Engineering (Autonomous), Thalavapalayam Post,Punjai Thottakkurichi Village, Karur Tk, Karur-639113.",KARUR,SELF FINANCING COLLEGES TIER 3,ME,MECHANICAL ENGINEERING,137176,188113,237495,188046,,205739,,0,0,0,0,0,1,0
2608,"M.Kumarasamy College of Engineering (Autonomous), Thalavapalayam Post,Punjai Thottakkurichi Village, Karur Tk, Karur-639113.",KARUR,SELF FINANCING COLLEGES TIER 3,SC,Computer Science and Engineering (Cyber Security),73515,90480,82500,108456,208053,,,0,0,0,0,1,0,0
2609,"Mahendra Engineering College (Autonomous), Mahendhirapuri, Mallasamudram West, Vadugapalayam Post,Tiruchengodu Taluk, Namakkal District-637503.",NAMAKKAL,SELF FINANCING COLLEGES TIER 1,AD,Artificial Intelligence and Data Science,124270,228488,156641,160706,239183,213573,,0,0,0,0,1,0,0
2609,"Mahendra Engineering College (Autonomous), Mahendhirapuri, Mallasamudram West, Vadugapalayam Post,Tiruchengodu Taluk, Namakkal District-637503.",NAMAKKAL,SELF FINANCING COLLEGES TIER 1,AE,AERONAUTICAL ENGINEERING,171202,209199,,224303,225809,,,0,1,0,0,1,0,0
2609,"Mahendra Engineering College (Autonomous), Mahendhirapuri, Mallasamudram West, Vadugapalayam Post,Tiruchengodu Taluk, Namakkal District-637503.",NAMAKKAL,SELF FINANCING COLLEGES TIER 1,AG,AGRICULTURAL ENGINEERING,234470,,,,,,,0,0,0,0,0,0,0
2609,"Mahendra Engineering College (Autonomous), Mahendhirapuri, Mallasamudram West, Vadugapalayam Post,Tiruchengodu Taluk, Namakkal District-637503.",NAMAKKAL,SELF FINANCING COLLEGES TIER 1,CE,CIVIL  ENGINEERING,202632,238512,,229922,236784,,,0,1,0,0,1,0,0
2609,"Mahendra Engineering College (Autonomous), Mahendhirapuri, Mallasamudram West, Vadugapalayam Post,Tiruchengodu Taluk, Namakkal District-637503.",NAMAKKAL,SELF FINANCING COLLEGES TIER 1,CS,COMPUTER SCIENCE AND ENGINEERING,97067,170450,163182,148535,227144,217484,,0,0,0,0,1,0,0
2609,"Mahendra Engineering College (Autonomous), Mahendhirapuri, Mallasamudram West, Vadugapalayam Post,Tiruchengodu Taluk, Namakkal District-637503.",NAMAKKAL,SELF FINANCING COLLEGES TIER 1,CY,Cyber Security,136667,232142,188223,185688,235017,219988,,0,1,1,0,1,0,0
2609,"Mahendra Engineering College (Autonomous), Mahendhirapuri, Mallasamudram West, Vadugapalayam Post,Tiruchengodu Taluk, Namakkal District-637503.",NAMAKKAL,SELF FINANCING COLLEGES TIER 1,EC,ELECTRONICS AND COMMUNICATION ENGINEERING,133048,204662,209991,178706,237876,,226460,0,0,0,0,1,0,0
2609,"Mahendra Engineering College (Autonomous), Mahendhirapuri, Mallasamudram West, Vadugapalayam Post,Tiruchengodu Taluk, Namakkal District-637503.",NAMAKKAL,SELF FINANCING COLLEGES TIER 1,EE,ELECTRICAL AND ELECTRONICS ENGINEERING,190107,232196,238488,212911,228957,,,0,1,0,0,1,0,0
2609,"Mahendra Engineering College (Autonomous), Mahendhirapuri, Mallasamudram West, Vadugapalayam Post,Tiruchengodu Taluk, Namakkal District-637503.",NAMAKKAL,SELF FINANCING COLLEGES TIER 1,IT,INFORMATION TECHNOLOGY,125758,191983,197382,175461,237464,231737,,0,0,0,0,1,0,0
2609,"Mahendra Engineering College (Autonomous), Mahendhirapuri, Mallasamudram West, Vadugapalayam Post,Tiruchengodu Taluk, Namakkal District-637503.",NAMAKKAL,SELF FINANCING COLLEGES TIER 1,ME,MECHANICAL ENGINEERING,193551,223067,236884,227025,237174,239289,,0,1,1,0,1,1,0
2609,"Mahendra Engineering College (Autonomous), Mahendhirapuri, Mallasamudram West, Vadugapalayam Post,Tiruchengodu Taluk, Namakkal District-637503.",NAMAKKAL,SELF FINANCING COLLEGES TIER 1,MZ,Mechatronics Engineering,217593,231268,,235858,227141,,,0,1,0,1,1,0,0
2610,"Muthayammal Engineering College (Autonomous), Kakkaveri, Rasipuram (Tk), Namakkal District-637408.",NAMAKKAL,SELF FINANCING COLLEGES TIER 3,AD,Artificial Intelligence and Data Science,181659,227184,232423,229170,226689,228229,226984,0,1,1,0,1,1,1
2610,"Muthayammal Engineering College (Autonomous), Kakkaveri, Rasipuram (Tk), Namakkal District-637408.",NAMAKKAL,SELF FINANCING COLLEGES TIER 3,AM,COMPUTER SCIENCE AND ENGINEERING (AI AND MACHINE LEARNING),188616,203987,,232038,228892,,,0,1,0,0,1,0,0
2610,"Muthayammal Engineering College (Autonomous), Kakkaveri, Rasipuram (Tk), Namakkal District-637408.",NAMAKKAL,SELF FINANCING COLLEGES TIER 3,BM,BIO MEDICAL ENGINEERING,208598,239163,,239028,238729,227570,,0,1,0,0,1,0,0
2610,"Muthayammal Engineering College (Autonomous), Kakkaveri, Rasipuram (Tk), Namakkal District-637408.",NAMAKKAL,SELF FINANCING COLLEGES TIER 3,BT,BIO TECHNOLOGY,197927,236027,231186,238500,223371,237297,,0,1,1,1,1,0,0
2610,"Muthayammal Engineering College (Autonomous), Kakkaveri, Rasipuram (Tk), Namakkal District-637408.",NAMAKKAL,SELF FINANCING COLLEGES TIER 3,CB,COMPUTER SCIENCE AND BUSSINESS SYSTEM,208139,225321,,237631,212672,,,0,1,0,0,1,0,0
2610,"Muthayammal Engineering College (Autonomous), Kakkaveri, Rasipuram (Tk), Namakkal District-637408.",NAMAKKAL,SELF FINANCING COLLEGES TIER 3,CE,CIVIL  ENGINEERING,140685,236970,,219885,227670,191695,,0,1,0,0,0,0,0
2610,"Muthayammal Engineering College (Autonomous), Kakkaveri, Rasipuram (Tk), Namakkal District-637408.",NAMAKKAL,SELF FINANCING COLLEGES TIER 3,CS,COMPUTER SCIENCE AND ENGINEERING,144959,238642,232449,212719,238655,238407,,0,1,1,0,1,0,0
2610,"Muthayammal Engineering College (Autonomous), Kakkaveri, Rasipuram (Tk), Namakkal District-637408.",NAMAKKAL,SELF FINANCING COLLEGES TIER 3,EC,ELECTRONICS AND COMMUNICATION ENGINEERING,155801,235708,233894,219060,239091,216608,227750,0,1,1,0,1,1,1
2610,"Muthayammal Engineering College (Autonomous), Kakkaveri, Rasipuram (Tk), Namakkal District-637408.",NAMAKKAL,SELF FINANCING COLLEGES TIER 3,EE,ELECTRICAL AND ELECTRONICS ENGINEERING,200199,238331,202714,229309,237821,227718,,0,1,1,0,1,0,0
2610,"Muthayammal Engineering College (Autonomous), Kakkaveri, Rasipuram (Tk), Namakkal District-637408.",NAMAKKAL,SELF FINANCING COLLEGES TIER 3,EV,Electronics Engineering (VLSI Design and Technology),226274,232812,,235987,,,,0,1,0,0,0,0,0
2610,"Muthayammal Engineering College (Autonomous), Kakkaveri, Rasipuram (Tk), Namakkal District-637408.",NAMAKKAL,SELF FINANCING COLLEGES TIER 3,IT,INFORMATION TECHNOLOGY,166255,228817,,210718,228728,196016,,0,1,0,0,1,1,0
2610,"Muthayammal Engineering College (Autonomous), Kakkaveri, Rasipuram (Tk), Namakkal District-637408.",NAMAKKAL,SELF FINANCING COLLEGES TIER 3,ME,MECHANICAL ENGINEERING,209534,238960,,232284,238244,227326,,0,1,0,0,1,1,0
2610,"Muthayammal Engineering College (Autonomous), Kakkaveri, Rasipuram (Tk), Namakkal District-637408.",NAMAKKAL,SELF FINANCING COLLEGES TIER 3,MZ,Mechatronics Engineering,190263,231879,203565,232251,237299,,,0,1,0,0,1,0,0
2610,"Muthayammal Engineering College (Autonomous), Kakkaveri, Rasipuram (Tk), Namakkal District-637408.",NAMAKKAL,SELF FINANCING COLLEGES TIER 3,SC,Computer Science and Engineering (Cyber Security),171717,232946,,222869,213264,221362,,0,1,0,0,1,0,0
2611,"Paavai Engineering College (Autonomous), NH-7, Paavai Nagar, Pachal, Namakkal-637018.",NAMAKKAL,SELF FINANCING COLLEGES TIER 2,AD,Artificial Intelligence and Data Science,91241,156025,122541,165713,193976,178640,176227,0,0,0,0,0,0,0
2611,"Paavai Engineering College (Autonomous), NH-7, Paavai Nagar, Pachal, Namakkal-637018.",NAMAKKAL,SELF FINANCING COLLEGES TIER 2,AE,AERONAUTICAL ENGINEERING,118616,221594,226437,184145,234508,188236,237450,0,0,0,0,0,0,0
2611,"Paavai Engineering College (Autonomous), NH-7, Paavai Nagar, Pachal, Namakkal-637018.",NAMAKKAL,SELF FINANCING COLLEGES TIER 2,AG,AGRICULTURAL ENGINEERING,170977,213180,,215585,235968,220666,238379,0,1,0,0,1,1,0
2611,"Paavai Engineering College (Autonomous), NH-7, Paavai Nagar, Pachal, Namakkal-637018.",NAMAKKAL,SELF FINANCING COLLEGES TIER 2,AM,COMPUTER SCIENCE AND ENGINEERING (AI AND MACHINE LEARNING),113011,167148,164401,166831,226304,,,0,0,0,0,1,0,0
2611,"Paavai Engineering College (Autonomous), NH-7, Paavai Nagar, Pachal, Namakkal-637018.",NAMAKKAL,SELF FINANCING COLLEGES TIER 2,BM,BIO MEDICAL ENGINEERING,126438,177160,,178346,218478,220715,,0,1,0,0,0,0,0
2611,"Paavai Engineering College (Autonomous), NH-7, Paavai Nagar, Pachal, Namakkal-637018.",NAMAKKAL,SELF FINANCING COLLEGES TIER 2,BT,BIO TECHNOLOGY,135337,233386,,203607,212267,211783,,0,1,0,0,1,0,0
2611,"Paavai Engineering College (Autonomous), NH-7, Paavai Nagar, Pachal, Namakkal-637018.",NAMAKKAL,SELF FINANCING COLLEGES TIER 2,CE,CIVIL  ENGINEERING,192884,234557,,215758,236227,223601,233093,0,1,0,0,1,0,0
2611,"Paavai Engineering College (Autonomous), NH-7, Paavai Nagar, Pachal, Namakkal-637018.",NAMAKKAL,SELF FINANCING COLLEGES TIER 2,CH,CHEMICAL  ENGINEERING,121917,217394,,229965,,237791,235467,0,0,0,0,0,0,0
2611,"Paavai Engineering College (Autonomous), NH-7, Paavai Nagar, Pachal, Namakkal-637018.",NAMAKKAL,SELF FINANCING COLLEGES TIER 2,CI,Computer Science and Engineering (Internet of Things),144518,202989,,178471,224078,203063,,0,0,0,0,1,1,0
2611,"Paavai Engineering College (Autonomous), NH-7, Paavai Nagar, Pachal, Namakkal-637018.",NAMAKKAL,SELF FINANCING COLLEGES TIER 2,CS,COMPUTER SCIENCE AND ENGINEERING,102962,157859,216444,169895,220214,217739,201482,0,0,0,0,1,1,0
2611,"Paavai Engineering College (Autonomous), NH-7, Paavai Nagar, Pachal, Namakkal-637018.",NAMAKKAL,SELF FINANCING COLLEGES TIER 2,CY,Cyber Security,126937,190932,227481,171325,223356,,227723,0,0,1,0,1,0,0
2611,"Paavai Engineering College (Autonomous), NH-7, Paavai Nagar, Pachal, Namakkal-637018.",NAMAKKAL,SELF FINANCING COLLEGES TIER 2,EC,ELECTRONICS AND COMMUNICATION ENGINEERING,118084,154016,160154,163960,231774,233097,155168,0,0,1,0,1,1,0
2611,"Paavai Engineering College (Autonomous), NH-7, Paavai Nagar, Pachal, Namakkal-637018.",NAMAKKAL,SELF FINANCING COLLEGES TIER 2,EE,ELECTRICAL AND ELECTRONICS ENGINEERING,154802,212763,207495,192668,232221,194687,,0,0,0,0,1,0,0
2611,"Paavai Engineering College (Autonomous), NH-7, Paavai Nagar, Pachal, Namakkal-637018.",NAMAKKAL,SELF FINANCING COLLEGES TIER 2,FD,FOOD TECHNOLOGY,196910,237061,200826,222322,235373,219538,204757,0,1,0,0,1,0,0
2611,"Paavai Engineering College (Autonomous), NH-7, Paavai Nagar, Pachal, Namakkal-637018.",NAMAKKAL,SELF FINANCING COLLEGES TIER 2,IT,INFORMATION TECHNOLOGY,130953,206607,226772,180846,237255,211667,215487,0,0,1,0,1,0,0
2611,"Paavai Engineering College (Autonomous), NH-7, Paavai Nagar, Pachal, Namakkal-637018.",NAMAKKAL,SELF FINANCING COLLEGES TIER 2,ME,MECHANICAL ENGINEERING,175525,234476,204716,204089,235580,,,0,1,1,0,1,0,0
2611,"Paavai Engineering College (Autonomous), NH-7, Paavai Nagar, Pachal, Namakkal-637018.",NAMAKKAL,SELF FINANCING COLLEGES TIER 2,MZ,Mechatronics Engineering,172398,229593,226981,198707,229694,,225764,0,0,1,0,1,0,0
2611,"Paavai Engineering College (Autonomous), NH-7, Paavai Nagar, Pachal, Namakkal-637018.",NAMAKKAL,SELF FINANCING COLLEGES TIER 2,PH,PHARMACEUTICAL TECHNOLOGY,207019,227658,,226660,,238320,,0,1,0,0,0,0,0
2611,"Paavai Engineering College (Autonomous), NH-7, Paavai Nagar, Pachal, Namakkal-637018.",NAMAKKAL,SELF FINANCING COLLEGES TIER 2,RM,ROBOTICS AND AUTOMATION,164002,214486,226061,197703,229732,,,0,0,1,0,1,0,0
2612,"PGP College of Engineering and Technology, Namakkal-Paramathi NH 7 Road, Namakkal-637207.",NAMAKKAL,SELF FINANCING COLLEGES TIER 3,AD,Artificial Intelligence and Data Science,193564,238988,,213298,223627,228100,,0,1,0,1,1,0,0
2612,"PGP College of Engineering and Technology, Namakkal-Paramathi NH 7 Road, Namakkal-637207.",NAMAKKAL,SELF FINANCING COLLEGES TIER 3,BM,BIO MEDICAL ENGINEERING,191258,214810,,235093,235738,215302,,0,1,0,1,1,0,0
2612,"PGP College of Engineering and Technology, Namakkal-Paramathi NH 7 Road, Namakkal-637207.",NAMAKKAL,SELF FINANCING COLLEGES TIER 3,CE,CIVIL  ENGINEERING,206732,,,,,,,1,0,0,0,0,0,0
2612,"PGP College of Engineering and Technology, Namakkal-Paramathi NH 7 Road, Namakkal-637207.",NAMAKKAL,SELF FINANCING COLLEGES TIER 3,CS,COMPUTER SCIENCE AND ENGINEERING,211512,236594,,236423,234466,231565,,0,1,0,1,1,0,0
2612,"PGP College of Engineering and Technology, Namakkal-Paramathi NH 7 Road, Namakkal-637207.",NAMAKKAL,SELF FINANCING COLLEGES TIER 3,EC,ELECTRONICS AND COMMUNICATION ENGINEERING,179733,225210,184046,221043,236393,213676,,0,1,1,1,0,0,0
2612,"PGP College of Engineering and Technology, Namakkal-Paramathi NH 7 Road, Namakkal-637207.",NAMAKKAL,SELF FINANCING COLLEGES TIER 3,EE,ELECTRICAL AND ELECTRONICS ENGINEERING,211621,235974,,234473,223261,225025,,0,1,0,1,1,1,0
2612,"PGP College of Engineering and Technology, Namakkal-Paramathi NH 7 Road, Namakkal-637207.",NAMAKKAL,SELF FINANCING COLLEGES TIER 3,IT,INFORMATION TECHNOLOGY,208215,235563,,227758,238567,232748,,0,1,0,1,1,0,0
2612,"PGP College of Engineering and Technology, Namakkal-Paramathi NH 7 Road, Namakkal-637207.",NAMAKKAL,SELF FINANCING COLLEGES TIER 3,ME,MECHANICAL ENGINEERING,238999,,,,,,,1,0,0,0,0,0,0
2613,"K S R College of Engineering (Autonomous), K S R Kalvi Nagar, Thokkavadi, Tiruchengode, Namakkal Dist-637215.",NAMAKKAL,SELF FINANCING COLLEGES TIER 3,AD,Artificial Intelligence and Data Science,71713,94383,,104663,217226,193680,,0,0,0,0,0,0,0
2613,"K S R College of Engineering (Autonomous), K S R Kalvi Nagar, Thokkavadi, Tiruchengode, Namakkal Dist-637215.",NAMAKKAL,SELF FINANCING COLLEGES TIER 3,BM,BIO MEDICAL ENGINEERING,123864,184735,221581,183859,223523,196239,,0,0,0,0,1,0,0
2613,"K S R College of Engineering (Autonomous), K S R Kalvi Nagar, Thokkavadi, Tiruchengode, Namakkal Dist-637215.",NAMAKKAL,SELF FINANCING COLLEGES TIER 3,CE,CIVIL  ENGINEERING,165950,234110,221092,220067,238675,199916,,0,0,0,0,1,0,0
2613,"K S R College of Engineering (Autonomous), K S R Kalvi Nagar, Thokkavadi, Tiruchengode, Namakkal Dist-637215.",NAMAKKAL,SELF FINANCING COLLEGES TIER 3,CI,Computer Science and Engineering (Internet of Things),96500,114000,121826,125983,218233,,,0,0,0,0,1,0,0
2613,"K S R College of Engineering (Autonomous), K S R Kalvi Nagar, Thokkavadi, Tiruchengode, Namakkal Dist-637215.",NAMAKKAL,SELF FINANCING COLLEGES TIER 3,CS,COMPUTER SCIENCE AND ENGINEERING,70558,102922,115809,97265,221432,184143,233727,0,0,0,0,1,0,0
2613,"K S R College of Engineering (Autonomous), K S R Kalvi Nagar, Thokkavadi, Tiruchengode, Namakkal Dist-637215.",NAMAKKAL,SELF FINANCING COLLEGES TIER 3,EC,ELECTRONICS AND COMMUNICATION ENGINEERING,84814,110775,154953,105630,229277,190293,181899,0,0,0,0,1,0,0
2613,"K S R College of Engineering (Autonomous), K S R Kalvi Nagar, Thokkavadi, Tiruchengode, Namakkal Dist-637215.",NAMAKKAL,SELF FINANCING COLLEGES TIER 3,EE,ELECTRICAL AND ELECTRONICS ENGINEERING,114746,148710,173945,140223,238367,234274,,0,0,0,0,1,1,0
2613,"K S R College of Engineering (Autonomous), K S R Kalvi Nagar, Thokkavadi, Tiruchengode, Namakkal Dist-637215.",NAMAKKAL,SELF FINANCING COLLEGES TIER 3,IT,INFORMATION TECHNOLOGY,77468,105242,136878,113350,223318,201687,170081,0,0,0,0,0,0,0
2613,"K S R College of Engineering (Autonomous), K S R Kalvi Nagar, Thokkavadi, Tiruchengode, Namakkal Dist-637215.",NAMAKKAL,SELF FINANCING COLLEGES TIER 3,ME,MECHANICAL ENGINEERING,163243,211406,196584,199115,237682,228171,,0,0,0,0,1,0,0
2613,"K S R College of Engineering (Autonomous), K S R Kalvi Nagar, Thokkavadi, Tiruchengode, Namakkal Dist-637215.",NAMAKKAL,SELF FINANCING COLLEGES TIER 3,SC,Computer Science and Engineering (Cyber Security),72054,98399,97699,110518,225932,170303,,0,0,0,0,1,0,0
2613,"K S R College of Engineering (Autonomous), K S R Kalvi Nagar, Thokkavadi, Tiruchengode, Namakkal Dist-637215.",NAMAKKAL,SELF FINANCING COLLEGES TIER 3,SF,Safety and Fire Engineering,166898,225287,,216046,235549,230684,,0,0,0,0,1,0,0
2614,"SSM College of Engineering, NH-47 Salem Main Road, Komarapalayam, Namakkal District-638183.",NAMAKKAL,SELF FINANCING COLLEGES TIER 3,CE,CIVIL  ENGINEERING,,,,,,,,0,0,0,0,0,0,0
2614,"SSM College of Engineering, NH-47 Salem Main Road, Komarapalayam, Namakkal District-638183.",NAMAKKAL,SELF FINANCING COLLEGES TIER 3,CS,COMPUTER SCIENCE AND ENGINEERING,230657,,,,,,,1,0,0,0,0,0,0
2614,"SSM College of Engineering, NH-47 Salem Main Road, Komarapalayam, Namakkal District-638183.",NAMAKKAL,SELF FINANCING COLLEGES TIER 3,EC,ELECTRONICS AND COMMUNICATION ENGINEERING,226605,237779,,236055,,,,0,1,0,1,0,0,0
2614,"SSM College of Engineering, NH-47 Salem Main Road, Komarapalayam, Namakkal District-638183.",NAMAKKAL,SELF FINANCING COLLEGES TIER 3,EE,ELECTRICAL AND ELECTRONICS ENGINEERING,219939,,,,,,,1,0,0,0,0,0,0
2614,"SSM College of Engineering, NH-47 Salem Main Road, Komarapalayam, Namakkal District-638183.",NAMAKKAL,SELF FINANCING COLLEGES TIER 3,IT,INFORMATION TECHNOLOGY,214580,236113,,238174,,,,0,1,0,1,0,0,0
2614,"SSM College of Engineering, NH-47 Salem Main Road, Komarapalayam, Namakkal District-638183.",NAMAKKAL,SELF FINANCING COLLEGES TIER 3,ME,MECHANICAL ENGINEERING,215792,,,,,,,1,0,0,0,0,0,0
2614,"SSM College of Engineering, NH-47 Salem Main Road, Komarapalayam, Namakkal District-638183.",NAMAKKAL,SELF FINANCING COLLEGES TIER 3,PC,PETRO CHEMICAL TECHNOLOGY,228072,,,,,,,1,0,0,0,0,0,0
2614,"SSM College of Engineering, NH-47 Salem Main Road, Komarapalayam, Namakkal District-638183.",NAMAKKAL,SELF FINANCING COLLEGES TIER 3,PE,PETROLEUM ENGINEERING,173004,,,,,,,1,0,0,0,0,0,0
2614,"SSM College of Engineering, NH-47 Salem Main Road, Komarapalayam, Namakkal District-638183.",NAMAKKAL,SELF FINANCING COLLEGES TIER 3,TC,TEXTILE CHEMISTRY,,,,,,,,0,0,0,0,0,0,0
2614,"SSM College of Engineering, NH-47 Salem Main Road, Komarapalayam, Namakkal District-638183.",NAMAKKAL,SELF FINANCING COLLEGES TIER 3,TX,TEXTILE TECHNOLOGY,236674,,,,,,,1,0,0,0,0,0,0
2616,"Sapthagiri College of Engineering, NH-7, Krishnagiri Main Road,Palacode Taluk Periyanahalli Village & Post Dharmapuri District-635205.",DHARMAPURI,SELF FINANCING COLLEGES TIER 3,AD,Artificial Intelligence and Data Science,,,,,,,,0,0,0,0,0,0,0
2616,"Sapthagiri College of Engineering, NH-7, Krishnagiri Main Road,Palacode Taluk Periyanahalli Village & Post Dharmapuri District-635205.",DHARMAPURI,SELF FINANCING COLLEGES TIER 3,CE,CIVIL  ENGINEERING,,,,,,,,0,0,0,0,0,0,0
2616,"Sapthagiri College of Engineering, NH-7, Krishnagiri Main Road,Palacode Taluk Periyanahalli Village & Post Dharmapuri District-635205.",DHARMAPURI,SELF FINANCING COLLEGES TIER 3,CS,COMPUTER SCIENCE AND ENGINEERING,232935,,,,,,,1,0,0,0,0,0,0
2616,"Sapthagiri College of Engineering, NH-7, Krishnagiri Main Road,Palacode Taluk Periyanahalli Village & Post Dharmapuri District-635205.",DHARMAPURI,SELF FINANCING COLLEGES TIER 3,EC,ELECTRONICS AND COMMUNICATION ENGINEERING,200561,,,,,,,1,0,0,0,0,0,0
2616,"Sapthagiri College of Engineering, NH-7, Krishnagiri Main Road,Palacode Taluk Periyanahalli Village & Post Dharmapuri District-635205.",DHARMAPURI,SELF FINANCING COLLEGES TIER 3,EE,ELECTRICAL AND ELECTRONICS ENGINEERING,237926,,,,,,,1,0,0,0,0,0,0
2616,"Sapthagiri College of Engineering, NH-7, Krishnagiri Main Road,Palacode Taluk Periyanahalli Village & Post Dharmapuri District-635205.",DHARMAPURI,SELF FINANCING COLLEGES TIER 3,EI,ELECTRONICS AND INSTRUMENTATION ENGINEERING,,,,,,,,0,0,0,0,0,0,0
2616,"Sapthagiri College of Engineering, NH-7, Krishnagiri Main Road,Palacode Taluk Periyanahalli Village & Post Dharmapuri District-635205.",DHARMAPURI,SELF FINANCING COLLEGES TIER 3,IT,INFORMATION TECHNOLOGY,218885,,,,,,,1,0,0,0,0,0,0
2616,"Sapthagiri College of Engineering, NH-7, Krishnagiri Main Road,Palacode Taluk Periyanahalli Village & Post Dharmapuri District-635205.",DHARMAPURI,SELF FINANCING COLLEGES TIER 3,ME,MECHANICAL ENGINEERING,,,,,,,,0,0,0,0,0,0,0
2616,"Sapthagiri College of Engineering, NH-7, Krishnagiri Main Road,Palacode Taluk Periyanahalli Village & Post Dharmapuri District-635205.",DHARMAPURI,SELF FINANCING COLLEGES TIER 3,SC,Computer Science and Engineering (Cyber Security),,,,,,,,0,0,0,0,0,0,0
2617,"Sengunthar Engineering College (Autonomous), Kosavampalayam, Kumaramangalam (Post),Tiruchengode (Taluk),Namakkal District-637205.",NAMAKKAL,SELF FINANCING COLLEGES TIER 3,AD,Artificial Intelligence and Data Science,117906,161834,209882,170725,219954,166138,,0,0,0,0,0,0,0
2617,"Sengunthar Engineering College (Autonomous), Kosavampalayam, Kumaramangalam (Post),Tiruchengode (Taluk),Namakkal District-637205.",NAMAKKAL,SELF FINANCING COLLEGES TIER 3,AM,COMPUTER SCIENCE AND ENGINEERING (AI AND MACHINE LEARNING),150959,181313,,183059,235629,153952,,0,0,0,0,0,0,0
2617,"Sengunthar Engineering College (Autonomous), Kosavampalayam, Kumaramangalam (Post),Tiruchengode (Taluk),Namakkal District-637205.",NAMAKKAL,SELF FINANCING COLLEGES TIER 3,CE,CIVIL  ENGINEERING,199173,215972,227431,210861,208721,,222475,0,0,0,0,1,0,0
2617,"Sengunthar Engineering College (Autonomous), Kosavampalayam, Kumaramangalam (Post),Tiruchengode (Taluk),Namakkal District-637205.",NAMAKKAL,SELF FINANCING COLLEGES TIER 3,CS,COMPUTER SCIENCE AND ENGINEERING,113892,160781,218465,172244,232008,155874,,0,0,0,0,0,0,0
2617,"Sengunthar Engineering College (Autonomous), Kosavampalayam, Kumaramangalam (Post),Tiruchengode (Taluk),Namakkal District-637205.",NAMAKKAL,SELF FINANCING COLLEGES TIER 3,EC,ELECTRONICS AND COMMUNICATION ENGINEERING,111320,155695,145804,132132,203489,228335,179351,0,0,0,0,0,0,0
2617,"Sengunthar Engineering College (Autonomous), Kosavampalayam, Kumaramangalam (Post),Tiruchengode (Taluk),Namakkal District-637205.",NAMAKKAL,SELF FINANCING COLLEGES TIER 3,EE,ELECTRICAL AND ELECTRONICS ENGINEERING,150944,190720,,190417,218848,215808,,0,0,0,0,1,0,0
2617,"Sengunthar Engineering College (Autonomous), Kosavampalayam, Kumaramangalam (Post),Tiruchengode (Taluk),Namakkal District-637205.",NAMAKKAL,SELF FINANCING COLLEGES TIER 3,IT,INFORMATION TECHNOLOGY,116839,153344,233664,153226,218548,210641,,0,0,0,0,0,0,0
2617,"Sengunthar Engineering College (Autonomous), Kosavampalayam, Kumaramangalam (Post),Tiruchengode (Taluk),Namakkal District-637205.",NAMAKKAL,SELF FINANCING COLLEGES TIER 3,MD,MEDICAL ELECTRONICS ENGINEERING,178606,197088,204174,198444,227552,208258,,0,0,0,0,0,0,0
2617,"Sengunthar Engineering College (Autonomous), Kosavampalayam, Kumaramangalam (Post),Tiruchengode (Taluk),Namakkal District-637205.",NAMAKKAL,SELF FINANCING COLLEGES TIER 3,ME,MECHANICAL ENGINEERING,194043,213472,237031,205685,235633,225873,,0,0,0,0,1,0,0
2617,"Sengunthar Engineering College (Autonomous), Kosavampalayam, Kumaramangalam (Post),Tiruchengode (Taluk),Namakkal District-637205.",NAMAKKAL,SELF FINANCING COLLEGES TIER 3,PH,PHARMACEUTICAL TECHNOLOGY,142224,204832,,187750,217135,,,0,0,0,0,0,0,0
2617,"Sengunthar Engineering College (Autonomous), Kosavampalayam, Kumaramangalam (Post),Tiruchengode (Taluk),Namakkal District-637205.",NAMAKKAL,SELF FINANCING COLLEGES TIER 3,RM,ROBOTICS AND AUTOMATION,133142,196513,,200007,236954,218420,,0,0,0,0,0,0,0
2617,"Sengunthar Engineering College (Autonomous), Kosavampalayam, Kumaramangalam (Post),Tiruchengode (Taluk),Namakkal District-637205.",NAMAKKAL,SELF FINANCING COLLEGES TIER 3,SC,Computer Science and Engineering (Cyber Security),129273,162408,228835,187335,209218,195216,,0,0,1,0,0,0,0
2618,"Sona College of Technology (Autonomous), Sona Nagar, Thiagarajar Polytechnic College Road, Suramangalam (P.O),Salem District-636005.",SALEM,SELF FINANCING COLLEGES TIER 1,AD,Artificial Intelligence and Data Science,37065,47051,55798,53925,145090,188142,157223,0,0,0,0,0,0,0
2618,"Sona College of Technology (Autonomous), Sona Nagar, Thiagarajar Polytechnic College Road, Suramangalam (P.O),Salem District-636005.",SALEM,SELF FINANCING COLLEGES TIER 1,AM,COMPUTER SCIENCE AND ENGINEERING (AI AND MACHINE LEARNING),39288,49151,78752,56336,125858,207393,,0,0,0,0,0,0,0
2618,"Sona College of Technology (Autonomous), Sona Nagar, Thiagarajar Polytechnic College Road, Suramangalam (P.O),Salem District-636005.",SALEM,SELF FINANCING COLLEGES TIER 1,BM,BIO MEDICAL ENGINEERING,64336,95197,80716,118360,233026,,,0,0,0,0,0,0,0
2618,"Sona College of Technology (Autonomous), Sona Nagar, Thiagarajar Polytechnic College Road, Suramangalam (P.O),Salem District-636005.",SALEM,SELF FINANCING COLLEGES TIER 1,CB,COMPUTER SCIENCE AND BUSSINESS SYSTEM,45872,60036,79000,71254,173627,187898,,0,0,0,0,0,0,0
2618,"Sona College of Technology (Autonomous), Sona Nagar, Thiagarajar Polytechnic College Road, Suramangalam (P.O),Salem District-636005.",SALEM,SELF FINANCING COLLEGES TIER 1,CD,COMPUTER SCIENCE AND DESIGN,50008,63663,,65428,179875,166096,,0,0,0,0,0,0,0
2618,"Sona College of Technology (Autonomous), Sona Nagar, Thiagarajar Polytechnic College Road, Suramangalam (P.O),Salem District-636005.",SALEM,SELF FINANCING COLLEGES TIER 1,CE,CIVIL  ENGINEERING,80038,105385,157771,121805,212419,229604,,0,0,0,0,0,0,0
2618,"Sona College of Technology (Autonomous), Sona Nagar, Thiagarajar Polytechnic College Road, Suramangalam (P.O),Salem District-636005.",SALEM,SELF FINANCING COLLEGES TIER 1,CS,COMPUTER SCIENCE AND ENGINEERING,23821,38803,47680,41758,139933,192385,90391,0,0,0,0,0,0,0
2618,"Sona College of Technology (Autonomous), Sona Nagar, Thiagarajar Polytechnic College Road, Suramangalam (P.O),Salem District-636005.",SALEM,SELF FINANCING COLLEGES TIER 1,EC,ELECTRONICS AND COMMUNICATION ENGINEERING,33227,45667,59542,45959,160992,147191,,0,0,0,0,0,0,0
2618,"Sona College of Technology (Autonomous), Sona Nagar, Thiagarajar Polytechnic College Road, Suramangalam (P.O),Salem District-636005.",SALEM,SELF FINANCING COLLEGES TIER 1,EE,ELECTRICAL AND ELECTRONICS ENGINEERING,53072,67265,72424,71231,215277,187996,137795,0,0,0,0,0,0,0
2618,"Sona College of Technology (Autonomous), Sona Nagar, Thiagarajar Polytechnic College Road, Suramangalam (P.O),Salem District-636005.",SALEM,SELF FINANCING COLLEGES TIER 1,EF,Electrical and Computer Engineering,72422,84105,89116,90573,187203,229814,200211,0,0,0,0,1,0,0
2618,"Sona College of Technology (Autonomous), Sona Nagar, Thiagarajar Polytechnic College Road, Suramangalam (P.O),Salem District-636005.",SALEM,SELF FINANCING COLLEGES TIER 1,EV,Electronics Engineering (VLSI Design and Technology),52675,62270,82650,73842,175903,,,0,0,0,0,1,0,0
2618,"Sona College of Technology (Autonomous), Sona Nagar, Thiagarajar Polytechnic College Road, Suramangalam (P.O),Salem District-636005.",SALEM,SELF FINANCING COLLEGES TIER 1,EX,Electronics and Computer Engineering,52565,66997,65906,68545,214974,220328,,0,0,0,0,0,0,0
2618,"Sona College of Technology (Autonomous), Sona Nagar, Thiagarajar Polytechnic College Road, Suramangalam (P.O),Salem District-636005.",SALEM,SELF FINANCING COLLEGES TIER 1,FT,FASHION TECHNOLOGY,86954,135299,197189,135006,186566,115596,,0,0,0,0,1,0,0
2618,"Sona College of Technology (Autonomous), Sona Nagar, Thiagarajar Polytechnic College Road, Suramangalam (P.O),Salem District-636005.",SALEM,SELF FINANCING COLLEGES TIER 1,IT,INFORMATION TECHNOLOGY,36877,46996,48376,50170,156773,161152,,0,0,0,0,0,0,0
2618,"Sona College of Technology (Autonomous), Sona Nagar, Thiagarajar Polytechnic College Road, Suramangalam (P.O),Salem District-636005.",SALEM,SELF FINANCING COLLEGES TIER 1,ME,MECHANICAL ENGINEERING,77292,105796,164745,111259,225698,224495,172287,0,0,0,0,1,0,0
2618,"Sona College of Technology (Autonomous), Sona Nagar, Thiagarajar Polytechnic College Road, Suramangalam (P.O),Salem District-636005.",SALEM,SELF FINANCING COLLEGES TIER 1,MZ,Mechatronics Engineering,68512,93574,84342,99388,233209,201670,,0,0,0,0,1,1,0
2618,"Sona College of Technology (Autonomous), Sona Nagar, Thiagarajar Polytechnic College Road, Suramangalam (P.O),Salem District-636005.",SALEM,SELF FINANCING COLLEGES TIER 1,SC,Computer Science and Engineering (Cyber Security),43700,49902,51085,57848,128582,172728,,0,0,0,0,0,0,0
2618,"Sona College of Technology (Autonomous), Sona Nagar, Thiagarajar Polytechnic College Road, Suramangalam (P.O),Salem District-636005.",SALEM,SELF FINANCING COLLEGES TIER 1,SF,Safety and Fire Engineering,142671,217376,,171475,226396,,,0,0,0,0,1,0,0
2620,"Vivekanandha College of Engineering for Women (Autonomous), Sathiyanaickenpalayam Village, Elayampalayam, Tiruchengode, Namakkal District-637205.",NAMAKKAL,SELF FINANCING COLLEGES TIER 2,AD,Artificial Intelligence and Data Science,65788,117978,170027,145996,223983,236895,123381,0,0,0,0,1,0,0
2620,"Vivekanandha College of Engineering for Women (Autonomous), Sathiyanaickenpalayam Village, Elayampalayam, Tiruchengode, Namakkal District-637205.",NAMAKKAL,SELF FINANCING COLLEGES TIER 2,AG,AGRICULTURAL ENGINEERING,138432,226716,,164075,213038,178456,,0,1,0,0,0,0,0
2620,"Vivekanandha College of Engineering for Women (Autonomous), Sathiyanaickenpalayam Village, Elayampalayam, Tiruchengode, Namakkal District-637205.",NAMAKKAL,SELF FINANCING COLLEGES TIER 2,AM,COMPUTER SCIENCE AND ENGINEERING (AI AND MACHINE LEARNING),103292,154147,148148,146721,217860,236833,137338,0,0,0,0,1,0,0
2620,"Vivekanandha College of Engineering for Women (Autonomous), Sathiyanaickenpalayam Village, Elayampalayam, Tiruchengode, Namakkal District-637205.",NAMAKKAL,SELF FINANCING COLLEGES TIER 2,BM,BIO MEDICAL ENGINEERING,131521,210908,,169963,205801,166809,,0,0,0,0,0,0,0
2620,"Vivekanandha College of Engineering for Women (Autonomous), Sathiyanaickenpalayam Village, Elayampalayam, Tiruchengode, Namakkal District-637205.",NAMAKKAL,SELF FINANCING COLLEGES TIER 2,BT,BIO TECHNOLOGY,129519,209073,,162303,185979,132692,133323,0,0,0,0,0,0,0
2620,"Vivekanandha College of Engineering for Women (Autonomous), Sathiyanaickenpalayam Village, Elayampalayam, Tiruchengode, Namakkal District-637205.",NAMAKKAL,SELF FINANCING COLLEGES TIER 2,CE,CIVIL  ENGINEERING,149123,237887,,193942,214432,189175,,0,1,0,0,0,0,0
2620,"Vivekanandha College of Engineering for Women (Autonomous), Sathiyanaickenpalayam Village, Elayampalayam, Tiruchengode, Namakkal District-637205.",NAMAKKAL,SELF FINANCING COLLEGES TIER 2,CS,COMPUTER SCIENCE AND ENGINEERING,80904,155286,148571,141357,230974,180252,,0,0,0,0,1,0,0
2620,"Vivekanandha College of Engineering for Women (Autonomous), Sathiyanaickenpalayam Village, Elayampalayam, Tiruchengode, Namakkal District-637205.",NAMAKKAL,SELF FINANCING COLLEGES TIER 2,EC,ELECTRONICS AND COMMUNICATION ENGINEERING,107738,180050,156360,147924,194568,157527,197204,0,0,1,0,0,0,1
2620,"Vivekanandha College of Engineering for Women (Autonomous), Sathiyanaickenpalayam Village, Elayampalayam, Tiruchengode, Namakkal District-637205.",NAMAKKAL,SELF FINANCING COLLEGES TIER 2,EE,ELECTRICAL AND ELECTRONICS ENGINEERING,144817,187975,182493,172537,207595,154148,,0,0,0,0,0,0,0
2620,"Vivekanandha College of Engineering for Women (Autonomous), Sathiyanaickenpalayam Village, Elayampalayam, Tiruchengode, Namakkal District-637205.",NAMAKKAL,SELF FINANCING COLLEGES TIER 2,IT,INFORMATION TECHNOLOGY,91312,161754,161699,139631,230650,200486,,0,0,1,0,1,0,0
2621,"Er. Perumal Manimekalai College of Engineering (Autonomous), 17th Km Hosur - Krishnagiri NH7, Nallaganakothapalli, Near Koneripalli, Hosur Taluk, Krishnagiri District-635117.",KRISHNAGIRI,SELF FINANCING COLLEGES TIER 3,AD,Artificial Intelligence and Data Science,120120,180333,156989,146913,229704,128500,,0,0,0,0,0,1,0
2621,"Er. Perumal Manimekalai College of Engineering (Autonomous), 17th Km Hosur - Krishnagiri NH7, Nallaganakothapalli, Near Koneripalli, Hosur Taluk, Krishnagiri District-635117.",KRISHNAGIRI,SELF FINANCING COLLEGES TIER 3,AE,AERONAUTICAL ENGINEERING,183995,232885,211495,218480,238582,,,0,0,0,0,1,0,0
2621,"Er. Perumal Manimekalai College of Engineering (Autonomous), 17th Km Hosur - Krishnagiri NH7, Nallaganakothapalli, Near Koneripalli, Hosur Taluk, Krishnagiri District-635117.",KRISHNAGIRI,SELF FINANCING COLLEGES TIER 3,AM,COMPUTER SCIENCE AND ENGINEERING (AI AND MACHINE LEARNING),137141,185531,166065,163288,236944,,,0,0,0,0,0,0,0
2621,"Er. Perumal Manimekalai College of Engineering (Autonomous), 17th Km Hosur - Krishnagiri NH7, Nallaganakothapalli, Near Koneripalli, Hosur Taluk, Krishnagiri District-635117.",KRISHNAGIRI,SELF FINANCING COLLEGES TIER 3,CB,COMPUTER SCIENCE AND BUSSINESS SYSTEM,168220,196632,182845,183667,237310,,,0,0,0,0,0,0,0
2621,"Er. Perumal Manimekalai College of Engineering (Autonomous), 17th Km Hosur - Krishnagiri NH7, Nallaganakothapalli, Near Koneripalli, Hosur Taluk, Krishnagiri District-635117.",KRISHNAGIRI,SELF FINANCING COLLEGES TIER 3,CE,CIVIL  ENGINEERING,203479,238273,231998,219296,237601,,,0,1,0,0,1,0,0
2621,"Er. Perumal Manimekalai College of Engineering (Autonomous), 17th Km Hosur - Krishnagiri NH7, Nallaganakothapalli, Near Koneripalli, Hosur Taluk, Krishnagiri District-635117.",KRISHNAGIRI,SELF FINANCING COLLEGES TIER 3,CH,CHEMICAL  ENGINEERING,196533,239281,208993,222806,,,,0,1,0,0,0,0,0
2621,"Er. Perumal Manimekalai College of Engineering (Autonomous), 17th Km Hosur - Krishnagiri NH7, Nallaganakothapalli, Near Koneripalli, Hosur Taluk, Krishnagiri District-635117.",KRISHNAGIRI,SELF FINANCING COLLEGES TIER 3,CS,COMPUTER SCIENCE AND ENGINEERING,98196,169452,143653,158274,237355,150270,,0,0,0,0,0,0,0
2621,"Er. Perumal Manimekalai College of Engineering (Autonomous), 17th Km Hosur - Krishnagiri NH7, Nallaganakothapalli, Near Koneripalli, Hosur Taluk, Krishnagiri District-635117.",KRISHNAGIRI,SELF FINANCING COLLEGES TIER 3,EC,ELECTRONICS AND COMMUNICATION ENGINEERING,117481,174605,149919,148906,225512,228733,,0,0,0,0,0,1,0
2621,"Er. Perumal Manimekalai College of Engineering (Autonomous), 17th Km Hosur - Krishnagiri NH7, Nallaganakothapalli, Near Koneripalli, Hosur Taluk, Krishnagiri District-635117.",KRISHNAGIRI,SELF FINANCING COLLEGES TIER 3,EE,ELECTRICAL AND ELECTRONICS ENGINEERING,156126,198761,198379,173399,236239,,,0,0,0,0,0,0,0
2621,"Er. Perumal Manimekalai College of Engineering (Autonomous), 17th Km Hosur - Krishnagiri NH7, Nallaganakothapalli, Near Koneripalli, Hosur Taluk, Krishnagiri District-635117.",KRISHNAGIRI,SELF FINANCING COLLEGES TIER 3,IT,INFORMATION TECHNOLOGY,137377,182943,162276,160295,233693,226134,,0,0,0,0,1,1,0
2621,"Er. Perumal Manimekalai College of Engineering (Autonomous), 17th Km Hosur - Krishnagiri NH7, Nallaganakothapalli, Near Koneripalli, Hosur Taluk, Krishnagiri District-635117.",KRISHNAGIRI,SELF FINANCING COLLEGES TIER 3,ME,MECHANICAL ENGINEERING,191965,231664,229370,216830,238478,220435,,0,0,0,0,1,1,0
2621,"Er. Perumal Manimekalai College of Engineering (Autonomous), 17th Km Hosur - Krishnagiri NH7, Nallaganakothapalli, Near Koneripalli, Hosur Taluk, Krishnagiri District-635117.",KRISHNAGIRI,SELF FINANCING COLLEGES TIER 3,MZ,Mechatronics Engineering,180151,215850,217088,200181,234040,,,0,0,0,0,1,0,0
2622,"V S B Engineering College (Autonomous), N.H.67, Covai Road, Karudayampalayam (Village & Post), Aravakurichi (TK), Karur-639111.",KARUR,SELF FINANCING COLLEGES TIER 3,AD,Artificial Intelligence and Data Science,71383,93900,98775,113557,223349,205253,132611,0,0,0,0,0,0,0
2622,"V S B Engineering College (Autonomous), N.H.67, Covai Road, Karudayampalayam (Village & Post), Aravakurichi (TK), Karur-639111.",KARUR,SELF FINANCING COLLEGES TIER 3,AM,COMPUTER SCIENCE AND ENGINEERING (AI AND MACHINE LEARNING),59986,81235,134107,119762,219374,213967,165583,0,0,0,0,0,0,0
2622,"V S B Engineering College (Autonomous), N.H.67, Covai Road, Karudayampalayam (Village & Post), Aravakurichi (TK), Karur-639111.",KARUR,SELF FINANCING COLLEGES TIER 3,BM,BIO MEDICAL ENGINEERING,116136,135042,161275,153061,203799,208678,,0,0,0,0,0,0,0
2622,"V S B Engineering College (Autonomous), N.H.67, Covai Road, Karudayampalayam (Village & Post), Aravakurichi (TK), Karur-639111.",KARUR,SELF FINANCING COLLEGES TIER 3,BT,BIO TECHNOLOGY,88466,136231,206125,150650,160558,,,0,0,0,0,0,0,0
2622,"V S B Engineering College (Autonomous), N.H.67, Covai Road, Karudayampalayam (Village & Post), Aravakurichi (TK), Karur-639111.",KARUR,SELF FINANCING COLLEGES TIER 3,CB,COMPUTER SCIENCE AND BUSSINESS SYSTEM,86140,99494,99763,124164,222248,148041,,0,0,0,0,0,0,0
2622,"V S B Engineering College (Autonomous), N.H.67, Covai Road, Karudayampalayam (Village & Post), Aravakurichi (TK), Karur-639111.",KARUR,SELF FINANCING COLLEGES TIER 3,CE,CIVIL  ENGINEERING,134471,151636,,145952,196160,,,0,0,0,0,0,0,0
2622,"V S B Engineering College (Autonomous), N.H.67, Covai Road, Karudayampalayam (Village & Post), Aravakurichi (TK), Karur-639111.",KARUR,SELF FINANCING COLLEGES TIER 3,CH,CHEMICAL  ENGINEERING,99213,127142,152656,148502,183471,213623,,0,0,0,0,0,0,0
2622,"V S B Engineering College (Autonomous), N.H.67, Covai Road, Karudayampalayam (Village & Post), Aravakurichi (TK), Karur-639111.",KARUR,SELF FINANCING COLLEGES TIER 3,CO,COMPUTER AND  COMMUNICATION ENGINEERING,76758,96134,155895,128228,193642,193133,,0,0,0,0,0,0,0
2622,"V S B Engineering College (Autonomous), N.H.67, Covai Road, Karudayampalayam (Village & Post), Aravakurichi (TK), Karur-639111.",KARUR,SELF FINANCING COLLEGES TIER 3,CS,COMPUTER SCIENCE AND ENGINEERING,38585,53944,72224,83532,199387,179180,,0,0,0,0,0,0,0
2622,"V S B Engineering College (Autonomous), N.H.67, Covai Road, Karudayampalayam (Village & Post), Aravakurichi (TK), Karur-639111.",KARUR,SELF FINANCING COLLEGES TIER 3,EC,ELECTRONICS AND COMMUNICATION ENGINEERING,55297,85131,133156,122043,224192,176837,200600,0,0,0,0,0,0,0
2622,"V S B Engineering College (Autonomous), N.H.67, Covai Road, Karudayampalayam (Village & Post), Aravakurichi (TK), Karur-639111.",KARUR,SELF FINANCING COLLEGES TIER 3,EE,ELECTRICAL AND ELECTRONICS ENGINEERING,85774,105447,70083,139508,223338,172686,,0,0,0,0,0,0,0
2622,"V S B Engineering College (Autonomous), N.H.67, Covai Road, Karudayampalayam (Village & Post), Aravakurichi (TK), Karur-639111.",KARUR,SELF FINANCING COLLEGES TIER 3,IT,INFORMATION TECHNOLOGY,52657,73588,100608,100230,222217,219836,229842,0,0,0,0,0,0,0
2622,"V S B Engineering College (Autonomous), N.H.67, Covai Road, Karudayampalayam (Village & Post), Aravakurichi (TK), Karur-639111.",KARUR,SELF FINANCING COLLEGES TIER 3,ME,MECHANICAL ENGINEERING,113298,136543,200932,137813,218639,118298,,0,0,0,0,0,0,0
2623,"Mahendra College of Engineering, 12th KM Attur Main Road, Minnampalli, Salem-636106.",SALEM,SELF FINANCING COLLEGES TIER 1,AD,Artificial Intelligence and Data Science,151907,227879,192387,203936,208724,171830,,0,1,0,0,1,1,0
2623,"Mahendra College of Engineering, 12th KM Attur Main Road, Minnampalli, Salem-636106.",SALEM,SELF FINANCING COLLEGES TIER 1,BM,BIO MEDICAL ENGINEERING,177636,239039,237551,218783,234371,,,0,1,0,0,1,0,0
2623,"Mahendra College of Engineering, 12th KM Attur Main Road, Minnampalli, Salem-636106.",SALEM,SELF FINANCING COLLEGES TIER 1,CS,COMPUTER SCIENCE AND ENGINEERING,159543,230647,226356,208545,236999,,,0,1,0,0,1,0,0
2623,"Mahendra College of Engineering, 12th KM Attur Main Road, Minnampalli, Salem-636106.",SALEM,SELF FINANCING COLLEGES TIER 1,EC,ELECTRONICS AND COMMUNICATION ENGINEERING,103243,168874,190572,160504,191346,,,0,0,0,0,0,0,0
2623,"Mahendra College of Engineering, 12th KM Attur Main Road, Minnampalli, Salem-636106.",SALEM,SELF FINANCING COLLEGES TIER 1,EE,ELECTRICAL AND ELECTRONICS ENGINEERING,202728,232716,,221426,,,,0,1,0,0,0,0,0
2623,"Mahendra College of Engineering, 12th KM Attur Main Road, Minnampalli, Salem-636106.",SALEM,SELF FINANCING COLLEGES TIER 1,IT,INFORMATION TECHNOLOGY,157323,234755,235768,203551,229783,,,0,1,0,0,1,0,0
2623,"Mahendra College of Engineering, 12th KM Attur Main Road, Minnampalli, Salem-636106.",SALEM,SELF FINANCING COLLEGES TIER 1,ME,MECHANICAL ENGINEERING,231691,238585,,235818,,,,0,1,0,1,0,0,0
2624,"Gnanamani College of Technology (Autonomous), NH-7, A.K. Samuthiram, Pachal Post, Namakkal District-637018.",NAMAKKAL,SELF FINANCING COLLEGES TIER 2,AD,Artificial Intelligence and Data Science,166054,235318,229862,220409,235278,207322,197005,0,1,1,0,1,0,0
2624,"Gnanamani College of Technology (Autonomous), NH-7, A.K. Samuthiram, Pachal Post, Namakkal District-637018.",NAMAKKAL,SELF FINANCING COLLEGES TIER 2,AG,AGRICULTURAL ENGINEERING,203077,237991,,239004,218150,203912,,0,1,0,0,1,0,0
2624,"Gnanamani College of Technology (Autonomous), NH-7, A.K. Samuthiram, Pachal Post, Namakkal District-637018.",NAMAKKAL,SELF FINANCING COLLEGES TIER 2,BM,BIO MEDICAL ENGINEERING,180770,236684,217594,226527,233676,189749,,0,1,0,0,1,0,0
2624,"Gnanamani College of Technology (Autonomous), NH-7, A.K. Samuthiram, Pachal Post, Namakkal District-637018.",NAMAKKAL,SELF FINANCING COLLEGES TIER 2,BT,BIO TECHNOLOGY,136046,235964,237966,228447,197031,152280,,0,1,1,0,1,0,0
2624,"Gnanamani College of Technology (Autonomous), NH-7, A.K. Samuthiram, Pachal Post, Namakkal District-637018.",NAMAKKAL,SELF FINANCING COLLEGES TIER 2,CS,COMPUTER SCIENCE AND ENGINEERING,161112,236074,,215389,224140,202318,,0,1,0,0,1,0,0
2624,"Gnanamani College of Technology (Autonomous), NH-7, A.K. Samuthiram, Pachal Post, Namakkal District-637018.",NAMAKKAL,SELF FINANCING COLLEGES TIER 2,EC,ELECTRONICS AND COMMUNICATION ENGINEERING,139937,227345,220720,214495,239003,221522,189665,0,0,1,0,1,0,0
2624,"Gnanamani College of Technology (Autonomous), NH-7, A.K. Samuthiram, Pachal Post, Namakkal District-637018.",NAMAKKAL,SELF FINANCING COLLEGES TIER 2,EE,ELECTRICAL AND ELECTRONICS ENGINEERING,160759,236769,,221381,230231,232207,,0,1,0,0,1,0,0
2624,"Gnanamani College of Technology (Autonomous), NH-7, A.K. Samuthiram, Pachal Post, Namakkal District-637018.",NAMAKKAL,SELF FINANCING COLLEGES TIER 2,FD,FOOD TECHNOLOGY,195078,233840,,235592,236897,236879,,0,1,0,0,1,0,0
2624,"Gnanamani College of Technology (Autonomous), NH-7, A.K. Samuthiram, Pachal Post, Namakkal District-637018.",NAMAKKAL,SELF FINANCING COLLEGES TIER 2,IT,INFORMATION TECHNOLOGY,151585,232807,,183114,228023,222094,166615,0,1,0,0,1,1,0
2624,"Gnanamani College of Technology (Autonomous), NH-7, A.K. Samuthiram, Pachal Post, Namakkal District-637018.",NAMAKKAL,SELF FINANCING COLLEGES TIER 2,ME,MECHANICAL ENGINEERING,210127,238987,,231044,234801,216182,,0,1,0,0,0,0,0
2624,"Gnanamani College of Technology (Autonomous), NH-7, A.K. Samuthiram, Pachal Post, Namakkal District-637018.",NAMAKKAL,SELF FINANCING COLLEGES TIER 2,PH,PHARMACEUTICAL TECHNOLOGY,167751,224032,,238645,222794,212946,,0,1,0,0,1,0,0
2625,"The Kavery Engineering College (Autonomous), M. Kalipatti, Mecheri (Post), Mettur Taluk, Salem District-636453.",SALEM,SELF FINANCING COLLEGES TIER 3,AD,Artificial Intelligence and Data Science,135396,233874,213498,145396,189862,233584,,0,1,1,0,0,0,0
2625,"The Kavery Engineering College (Autonomous), M. Kalipatti, Mecheri (Post), Mettur Taluk, Salem District-636453.",SALEM,SELF FINANCING COLLEGES TIER 3,AG,AGRICULTURAL ENGINEERING,199197,231926,,220933,224272,,,0,1,0,0,1,0,0
2625,"The Kavery Engineering College (Autonomous), M. Kalipatti, Mecheri (Post), Mettur Taluk, Salem District-636453.",SALEM,SELF FINANCING COLLEGES TIER 3,BM,BIO MEDICAL ENGINEERING,142673,195620,223311,171821,209210,175912,,0,1,0,0,0,0,0
2625,"The Kavery Engineering College (Autonomous), M. Kalipatti, Mecheri (Post), Mettur Taluk, Salem District-636453.",SALEM,SELF FINANCING COLLEGES TIER 3,CE,CIVIL  ENGINEERING,160323,,,198665,223492,,,0,0,0,0,1,0,0
2625,"The Kavery Engineering College (Autonomous), M. Kalipatti, Mecheri (Post), Mettur Taluk, Salem District-636453.",SALEM,SELF FINANCING COLLEGES TIER 3,CH,CHEMICAL  ENGINEERING,145394,218295,,208859,233973,,,0,1,0,0,1,0,0
2625,"The Kavery Engineering College (Autonomous), M. Kalipatti, Mecheri (Post), Mettur Taluk, Salem District-636453.",SALEM,SELF FINANCING COLLEGES TIER 3,CS,COMPUTER SCIENCE AND ENGINEERING,152616,237535,224553,181057,237338,198727,212738,0,1,1,0,0,1,0
2625,"The Kavery Engineering College (Autonomous), M. Kalipatti, Mecheri (Post), Mettur Taluk, Salem District-636453.",SALEM,SELF FINANCING COLLEGES TIER 3,EC,ELECTRONICS AND COMMUNICATION ENGINEERING,134015,194073,,152086,219668,,,0,1,0,0,0,0,0
2625,"The Kavery Engineering College (Autonomous), M. Kalipatti, Mecheri (Post), Mettur Taluk, Salem District-636453.",SALEM,SELF FINANCING COLLEGES TIER 3,EE,ELECTRICAL AND ELECTRONICS ENGINEERING,163549,231559,192778,192240,193199,,225086,0,1,1,0,1,0,0
2625,"The Kavery Engineering College (Autonomous), M. Kalipatti, Mecheri (Post), Mettur Taluk, Salem District-636453.",SALEM,SELF FINANCING COLLEGES TIER 3,IT,INFORMATION TECHNOLOGY,156961,236097,,184602,238317,188408,218779,0,1,0,0,0,1,0
2625,"The Kavery Engineering College (Autonomous), M. Kalipatti, Mecheri (Post), Mettur Taluk, Salem District-636453.",SALEM,SELF FINANCING COLLEGES TIER 3,ME,MECHANICAL ENGINEERING,197680,230051,,220634,235972,223811,,0,1,0,0,1,1,0
2627,"Selvam College of Technology (Autonomous), Salem Road NH-7, Pappinaickenpatti (Post), Ponnusamy Nagar, Namakkal (Tk & Dt)-637003.",NAMAKKAL,SELF FINANCING COLLEGES TIER 3,AD,Artificial Intelligence and Data Science,185866,199319,,222658,227863,195834,,0,1,0,1,1,0,0
2627,"Selvam College of Technology (Autonomous), Salem Road NH-7, Pappinaickenpatti (Post), Ponnusamy Nagar, Namakkal (Tk & Dt)-637003.",NAMAKKAL,SELF FINANCING COLLEGES TIER 3,BM,BIO MEDICAL ENGINEERING,195371,238014,,233626,230109,237695,,0,1,0,1,0,0,0
2627,"Selvam College of Technology (Autonomous), Salem Road NH-7, Pappinaickenpatti (Post), Ponnusamy Nagar, Namakkal (Tk & Dt)-637003.",NAMAKKAL,SELF FINANCING COLLEGES TIER 3,BT,BIO TECHNOLOGY,220274,237943,,238083,237111,223406,,0,1,0,1,1,0,0
2627,"Selvam College of Technology (Autonomous), Salem Road NH-7, Pappinaickenpatti (Post), Ponnusamy Nagar, Namakkal (Tk & Dt)-637003.",NAMAKKAL,SELF FINANCING COLLEGES TIER 3,CE,CIVIL  ENGINEERING,199463,230180,,237748,231645,224171,,0,1,0,1,0,0,0
2627,"Selvam College of Technology (Autonomous), Salem Road NH-7, Pappinaickenpatti (Post), Ponnusamy Nagar, Namakkal (Tk & Dt)-637003.",NAMAKKAL,SELF FINANCING COLLEGES TIER 3,CS,COMPUTER SCIENCE AND ENGINEERING,164005,226650,189079,234519,238721,202940,,0,1,1,1,1,0,0
2627,"Selvam College of Technology (Autonomous), Salem Road NH-7, Pappinaickenpatti (Post), Ponnusamy Nagar, Namakkal (Tk & Dt)-637003.",NAMAKKAL,SELF FINANCING COLLEGES TIER 3,EC,ELECTRONICS AND COMMUNICATION ENGINEERING,183277,230674,231845,236547,232573,231369,,0,1,0,1,1,0,0
2627,"Selvam College of Technology (Autonomous), Salem Road NH-7, Pappinaickenpatti (Post), Ponnusamy Nagar, Namakkal (Tk & Dt)-637003.",NAMAKKAL,SELF FINANCING COLLEGES TIER 3,EE,ELECTRICAL AND ELECTRONICS ENGINEERING,213165,237888,,238214,238867,227072,,0,1,0,1,1,0,0
2627,"Selvam College of Technology (Autonomous), Salem Road NH-7, Pappinaickenpatti (Post), Ponnusamy Nagar, Namakkal (Tk & Dt)-637003.",NAMAKKAL,SELF FINANCING COLLEGES TIER 3,IT,INFORMATION TECHNOLOGY,192982,236299,,234078,228959,,,0,1,0,1,1,0,0
2627,"Selvam College of Technology (Autonomous), Salem Road NH-7, Pappinaickenpatti (Post), Ponnusamy Nagar, Namakkal (Tk & Dt)-637003.",NAMAKKAL,SELF FINANCING COLLEGES TIER 3,ME,MECHANICAL ENGINEERING,212116,217583,,239186,233573,218052,238844,0,1,0,1,1,0,0
2628,"Paavai College of Engineering, Paavai Nagar, NH-7,Pachal, Namakkal-637018.",NAMAKKAL,SELF FINANCING COLLEGES TIER 3,AD,Artificial Intelligence and Data Science,123085,193549,182272,148365,229879,212547,,0,0,0,0,1,0,0
2628,"Paavai College of Engineering, Paavai Nagar, NH-7,Pachal, Namakkal-637018.",NAMAKKAL,SELF FINANCING COLLEGES TIER 3,AM,COMPUTER SCIENCE AND ENGINEERING (AI AND MACHINE LEARNING),152819,172572,224068,177072,173408,,156906,0,0,0,0,1,0,0
2628,"Paavai College of Engineering, Paavai Nagar, NH-7,Pachal, Namakkal-637018.",NAMAKKAL,SELF FINANCING COLLEGES TIER 3,BM,BIO MEDICAL ENGINEERING,207771,238781,217636,235834,236775,236749,,0,1,1,0,1,0,0
2628,"Paavai College of Engineering, Paavai Nagar, NH-7,Pachal, Namakkal-637018.",NAMAKKAL,SELF FINANCING COLLEGES TIER 3,CS,COMPUTER SCIENCE AND ENGINEERING,129569,196173,227525,170885,238431,236434,,0,0,1,0,1,1,0
2628,"Paavai College of Engineering, Paavai Nagar, NH-7,Pachal, Namakkal-637018.",NAMAKKAL,SELF FINANCING COLLEGES TIER 3,EC,ELECTRONICS AND COMMUNICATION ENGINEERING,161036,199692,227944,187275,222136,,161119,0,0,1,0,1,0,0
2628,"Paavai College of Engineering, Paavai Nagar, NH-7,Pachal, Namakkal-637018.",NAMAKKAL,SELF FINANCING COLLEGES TIER 3,EE,ELECTRICAL AND ELECTRONICS ENGINEERING,185641,220578,,202643,232960,,202005,0,0,0,0,1,0,0
2628,"Paavai College of Engineering, Paavai Nagar, NH-7,Pachal, Namakkal-637018.",NAMAKKAL,SELF FINANCING COLLEGES TIER 3,ME,MECHANICAL ENGINEERING,196682,218745,,207636,233514,,235733,0,1,0,0,1,0,0
2628,"Paavai College of Engineering, Paavai Nagar, NH-7,Pachal, Namakkal-637018.",NAMAKKAL,SELF FINANCING COLLEGES TIER 3,SC,Computer Science and Engineering (Cyber Security),138541,194536,,183092,205589,,,0,0,0,0,1,0,0
2630,"Chettinad College of Engineering and Technology, NH-67, Karur to Trichy Highways, Puliyur CF, Karur-639114.",KARUR,SELF FINANCING COLLEGES TIER 3,AD,Artificial Intelligence and Data Science,105870,134295,165044,146886,224302,,,0,0,0,0,0,0,0
2630,"Chettinad College of Engineering and Technology, NH-67, Karur to Trichy Highways, Puliyur CF, Karur-639114.",KARUR,SELF FINANCING COLLEGES TIER 3,CS,COMPUTER SCIENCE AND ENGINEERING,83182,128250,,174916,184937,,,0,0,0,0,0,0,0
2630,"Chettinad College of Engineering and Technology, NH-67, Karur to Trichy Highways, Puliyur CF, Karur-639114.",KARUR,SELF FINANCING COLLEGES TIER 3,EC,ELECTRONICS AND COMMUNICATION ENGINEERING,105027,161366,162475,205117,224251,233088,,0,0,0,0,0,0,0
2630,"Chettinad College of Engineering and Technology, NH-67, Karur to Trichy Highways, Puliyur CF, Karur-639114.",KARUR,SELF FINANCING COLLEGES TIER 3,EE,ELECTRICAL AND ELECTRONICS ENGINEERING,172975,202535,220008,229261,236591,,,0,0,0,0,1,0,0
2630,"Chettinad College of Engineering and Technology, NH-67, Karur to Trichy Highways, Puliyur CF, Karur-639114.",KARUR,SELF FINANCING COLLEGES TIER 3,IT,INFORMATION TECHNOLOGY,123210,149215,128204,164098,239190,,,0,0,0,0,1,0,0
2630,"Chettinad College of Engineering and Technology, NH-67, Karur to Trichy Highways, Puliyur CF, Karur-639114.",KARUR,SELF FINANCING COLLEGES TIER 3,ME,MECHANICAL ENGINEERING,205825,238092,,238528,226789,,,0,0,0,1,1,0,0
2632,"Mahendra Institute of Technology (Autonomous), Mahendhirapuri, Mallasamudram West, Vadugapalayam Post, Tiruchengodu Taluk, Namakkal District-637503.",NAMAKKAL,SELF FINANCING COLLEGES TIER 2,AM,COMPUTER SCIENCE AND ENGINEERING (AI AND MACHINE LEARNING),172608,231649,206238,201609,227482,,,0,1,1,0,1,0,0
2632,"Mahendra Institute of Technology (Autonomous), Mahendhirapuri, Mallasamudram West, Vadugapalayam Post, Tiruchengodu Taluk, Namakkal District-637503.",NAMAKKAL,SELF FINANCING COLLEGES TIER 2,BM,BIO MEDICAL ENGINEERING,228570,,,236526,234029,,,0,0,0,1,1,0,0
2632,"Mahendra Institute of Technology (Autonomous), Mahendhirapuri, Mallasamudram West, Vadugapalayam Post, Tiruchengodu Taluk, Namakkal District-637503.",NAMAKKAL,SELF FINANCING COLLEGES TIER 2,CS,COMPUTER SCIENCE AND ENGINEERING,157066,232243,234820,193504,233468,195625,,0,1,1,0,1,1,0
2632,"Mahendra Institute of Technology (Autonomous), Mahendhirapuri, Mallasamudram West, Vadugapalayam Post, Tiruchengodu Taluk, Namakkal District-637503.",NAMAKKAL,SELF FINANCING COLLEGES TIER 2,EC,ELECTRONICS AND COMMUNICATION ENGINEERING,155149,206486,199952,187894,236486,234576,,0,0,0,0,1,0,0
2632,"Mahendra Institute of Technology (Autonomous), Mahendhirapuri, Mallasamudram West, Vadugapalayam Post, Tiruchengodu Taluk, Namakkal District-637503.",NAMAKKAL,SELF FINANCING COLLEGES TIER 2,EE,ELECTRICAL AND ELECTRONICS ENGINEERING,186340,234141,,219444,235758,,,0,1,0,0,1,0,0
2632,"Mahendra Institute of Technology (Autonomous), Mahendhirapuri, Mallasamudram West, Vadugapalayam Post, Tiruchengodu Taluk, Namakkal District-637503.",NAMAKKAL,SELF FINANCING COLLEGES TIER 2,IT,INFORMATION TECHNOLOGY,164289,236904,223029,201274,225443,214117,,0,1,0,0,1,0,0
2632,"Mahendra Institute of Technology (Autonomous), Mahendhirapuri, Mallasamudram West, Vadugapalayam Post, Tiruchengodu Taluk, Namakkal District-637503.",NAMAKKAL,SELF FINANCING COLLEGES TIER 2,ME,MECHANICAL ENGINEERING,234822,238622,,237024,238727,,,0,1,0,1,1,0,0
2633,"Vidyaa Vikas College of Engineering and Technology, Varahoorampatti Village, Tiruchengode Taluk, Namakkal-637214.",NAMAKKAL,SELF FINANCING COLLEGES TIER 3,AD,Artificial Intelligence and Data Science,227495,,,,,,,1,0,0,0,0,0,0
2633,"Vidyaa Vikas College of Engineering and Technology, Varahoorampatti Village, Tiruchengode Taluk, Namakkal-637214.",NAMAKKAL,SELF FINANCING COLLEGES TIER 3,CS,COMPUTER SCIENCE AND ENGINEERING,233562,,,,,,,1,0,0,0,0,0,0
2633,"Vidyaa Vikas College of Engineering and Technology, Varahoorampatti Village, Tiruchengode Taluk, Namakkal-637214.",NAMAKKAL,SELF FINANCING COLLEGES TIER 3,EC,ELECTRONICS AND COMMUNICATION ENGINEERING,225784,,,,,,,1,0,0,0,0,0,0
2633,"Vidyaa Vikas College of Engineering and Technology, Varahoorampatti Village, Tiruchengode Taluk, Namakkal-637214.",NAMAKKAL,SELF FINANCING COLLEGES TIER 3,EE,ELECTRICAL AND ELECTRONICS ENGINEERING,,,,,,,,0,0,0,0,0,0,0
2633,"Vidyaa Vikas College of Engineering and Technology, Varahoorampatti Village, Tiruchengode Taluk, Namakkal-637214.",NAMAKKAL,SELF FINANCING COLLEGES TIER 3,ME,MECHANICAL ENGINEERING,233341,,,,,,,1,0,0,0,0,0,0
2633,"Vidyaa Vikas College of Engineering and Technology, Varahoorampatti Village, Tiruchengode Taluk, Namakkal-637214.",NAMAKKAL,SELF FINANCING COLLEGES TIER 3,SC,Computer Science and Engineering (Cyber Security),225180,,,,,,,1,0,0,0,0,0,0
2634,"Excel Engineering College (Autonomous), NH-47 Salem Main Road, Sankari West Post, Tiruchengode Taluk, Pallakapalayam,  Namakkal District-637303.",NAMAKKAL,SELF FINANCING COLLEGES TIER 3,AD,Artificial Intelligence and Data Science,141552,232517,237853,191138,221018,204084,,0,0,0,0,1,0,0
2634,"Excel Engineering College (Autonomous), NH-47 Salem Main Road, Sankari West Post, Tiruchengode Taluk, Pallakapalayam,  Namakkal District-637303.",NAMAKKAL,SELF FINANCING COLLEGES TIER 3,AE,AERONAUTICAL ENGINEERING,158996,237534,,217107,226277,181590,,0,1,0,0,0,0,0
2634,"Excel Engineering College (Autonomous), NH-47 Salem Main Road, Sankari West Post, Tiruchengode Taluk, Pallakapalayam,  Namakkal District-637303.",NAMAKKAL,SELF FINANCING COLLEGES TIER 3,AG,AGRICULTURAL ENGINEERING,177909,234149,,207902,238687,200476,,0,1,0,0,1,0,0
2634,"Excel Engineering College (Autonomous), NH-47 Salem Main Road, Sankari West Post, Tiruchengode Taluk, Pallakapalayam,  Namakkal District-637303.",NAMAKKAL,SELF FINANCING COLLEGES TIER 3,AM,COMPUTER SCIENCE AND ENGINEERING (AI AND MACHINE LEARNING),165065,219996,232854,181018,226707,223779,,0,0,0,0,1,0,0
2634,"Excel Engineering College (Autonomous), NH-47 Salem Main Road, Sankari West Post, Tiruchengode Taluk, Pallakapalayam,  Namakkal District-637303.",NAMAKKAL,SELF FINANCING COLLEGES TIER 3,BM,BIO MEDICAL ENGINEERING,153176,226055,,219574,233428,212417,187399,0,1,0,0,1,0,0
2634,"Excel Engineering College (Autonomous), NH-47 Salem Main Road, Sankari West Post, Tiruchengode Taluk, Pallakapalayam,  Namakkal District-637303.",NAMAKKAL,SELF FINANCING COLLEGES TIER 3,CB,COMPUTER SCIENCE AND BUSSINESS SYSTEM,95580,216157,214881,179693,236200,181249,,0,0,0,0,0,0,0
2634,"Excel Engineering College (Autonomous), NH-47 Salem Main Road, Sankari West Post, Tiruchengode Taluk, Pallakapalayam,  Namakkal District-637303.",NAMAKKAL,SELF FINANCING COLLEGES TIER 3,CE,CIVIL  ENGINEERING,193546,236447,,218893,227001,,,0,1,0,0,0,0,0
2634,"Excel Engineering College (Autonomous), NH-47 Salem Main Road, Sankari West Post, Tiruchengode Taluk, Pallakapalayam,  Namakkal District-637303.",NAMAKKAL,SELF FINANCING COLLEGES TIER 3,CJ,M.Tech. Computer Science and Engineering (Integrated 5 years),194482,230110,,206180,228930,228279,,0,1,0,0,1,1,0
2634,"Excel Engineering College (Autonomous), NH-47 Salem Main Road, Sankari West Post, Tiruchengode Taluk, Pallakapalayam,  Namakkal District-637303.",NAMAKKAL,SELF FINANCING COLLEGES TIER 3,CS,COMPUTER SCIENCE AND ENGINEERING,135071,211194,188339,176080,235246,220846,120272,0,0,1,0,1,1,0
2634,"Excel Engineering College (Autonomous), NH-47 Salem Main Road, Sankari West Post, Tiruchengode Taluk, Pallakapalayam,  Namakkal District-637303.",NAMAKKAL,SELF FINANCING COLLEGES TIER 3,EC,ELECTRONICS AND COMMUNICATION ENGINEERING,137530,199571,214959,192236,237533,238772,,0,0,1,0,1,1,0
2634,"Excel Engineering College (Autonomous), NH-47 Salem Main Road, Sankari West Post, Tiruchengode Taluk, Pallakapalayam,  Namakkal District-637303.",NAMAKKAL,SELF FINANCING COLLEGES TIER 3,EE,ELECTRICAL AND ELECTRONICS ENGINEERING,176540,235313,217551,205923,238435,232422,178328,0,0,1,0,0,0,0
2634,"Excel Engineering College (Autonomous), NH-47 Salem Main Road, Sankari West Post, Tiruchengode Taluk, Pallakapalayam,  Namakkal District-637303.",NAMAKKAL,SELF FINANCING COLLEGES TIER 3,FD,FOOD TECHNOLOGY,133830,228122,162461,190136,179674,196691,,0,1,0,0,0,0,0
2634,"Excel Engineering College (Autonomous), NH-47 Salem Main Road, Sankari West Post, Tiruchengode Taluk, Pallakapalayam,  Namakkal District-637303.",NAMAKKAL,SELF FINANCING COLLEGES TIER 3,IT,INFORMATION TECHNOLOGY,120542,216092,205039,167885,236898,221058,,0,0,1,0,1,0,0
2634,"Excel Engineering College (Autonomous), NH-47 Salem Main Road, Sankari West Post, Tiruchengode Taluk, Pallakapalayam,  Namakkal District-637303.",NAMAKKAL,SELF FINANCING COLLEGES TIER 3,ME,MECHANICAL ENGINEERING,181083,232314,212249,206347,237829,209680,,0,0,1,0,0,0,0
2634,"Excel Engineering College (Autonomous), NH-47 Salem Main Road, Sankari West Post, Tiruchengode Taluk, Pallakapalayam,  Namakkal District-637303.",NAMAKKAL,SELF FINANCING COLLEGES TIER 3,PC,PETRO CHEMICAL TECHNOLOGY,190316,233821,,232482,230766,,,0,1,0,0,0,0,0
2634,"Excel Engineering College (Autonomous), NH-47 Salem Main Road, Sankari West Post, Tiruchengode Taluk, Pallakapalayam,  Namakkal District-637303.",NAMAKKAL,SELF FINANCING COLLEGES TIER 3,SF,Safety and Fire Engineering,187882,237298,210904,224214,232254,,,0,1,0,0,0,0,0
2635,"CMS College of Engineering, CMS Nagar, Eranapuram Post, Namakkal-637003.",NAMAKKAL,SELF FINANCING COLLEGES TIER 3,AD,Artificial Intelligence and Data Science,236885,,,237497,,,,0,0,0,1,0,0,0
2635,"CMS College of Engineering, CMS Nagar, Eranapuram Post, Namakkal-637003.",NAMAKKAL,SELF FINANCING COLLEGES TIER 3,BM,BIO MEDICAL ENGINEERING,212992,,,,,,,1,0,0,0,0,0,0
2635,"CMS College of Engineering, CMS Nagar, Eranapuram Post, Namakkal-637003.",NAMAKKAL,SELF FINANCING COLLEGES TIER 3,CS,COMPUTER SCIENCE AND ENGINEERING,237333,,,,,,,1,0,0,0,0,0,0
2635,"CMS College of Engineering, CMS Nagar, Eranapuram Post, Namakkal-637003.",NAMAKKAL,SELF FINANCING COLLEGES TIER 3,EC,ELECTRONICS AND COMMUNICATION ENGINEERING,204591,217943,,226306,,,,0,1,0,1,0,0,0
2635,"CMS College of Engineering, CMS Nagar, Eranapuram Post, Namakkal-637003.",NAMAKKAL,SELF FINANCING COLLEGES TIER 3,EE,ELECTRICAL AND ELECTRONICS ENGINEERING,236567,239046,,,,,,0,1,0,0,0,0,0
2635,"CMS College of Engineering, CMS Nagar, Eranapuram Post, Namakkal-637003.",NAMAKKAL,SELF FINANCING COLLEGES TIER 3,ME,MECHANICAL ENGINEERING,226233,,,,,,,1,0,0,0,0,0,0
2635,"CMS College of Engineering, CMS Nagar, Eranapuram Post, Namakkal-637003.",NAMAKKAL,SELF FINANCING COLLEGES TIER 3,SC,Computer Science and Engineering (Cyber Security),224616,238915,,234304,,,,0,1,0,1,0,0,0
2636,"AVS Engineering College, Military Road, Ammapet, Salem-636003.",SALEM,SELF FINANCING COLLEGES TIER 3,AD,Artificial Intelligence and Data Science,152759,235076,201671,202754,229075,229421,,0,0,1,0,0,0,0
2636,"AVS Engineering College, Military Road, Ammapet, Salem-636003.",SALEM,SELF FINANCING COLLEGES TIER 3,AM,COMPUTER SCIENCE AND ENGINEERING (AI AND MACHINE LEARNING),173697,230325,207800,210673,225788,184370,182561,0,1,0,0,0,0,0
2636,"AVS Engineering College, Military Road, Ammapet, Salem-636003.",SALEM,SELF FINANCING COLLEGES TIER 3,BM,BIO MEDICAL ENGINEERING,164666,238779,230828,214549,201943,189479,,0,1,0,0,0,0,0
2636,"AVS Engineering College, Military Road, Ammapet, Salem-636003.",SALEM,SELF FINANCING COLLEGES TIER 3,CE,CIVIL  ENGINEERING,166413,231846,,214944,197584,236438,,0,0,0,0,0,0,0
2636,"AVS Engineering College, Military Road, Ammapet, Salem-636003.",SALEM,SELF FINANCING COLLEGES TIER 3,CS,COMPUTER SCIENCE AND ENGINEERING,142493,237107,239225,208586,225921,235538,154257,0,1,1,0,0,0,0
2636,"AVS Engineering College, Military Road, Ammapet, Salem-636003.",SALEM,SELF FINANCING COLLEGES TIER 3,EC,ELECTRONICS AND COMMUNICATION ENGINEERING,131870,224224,209010,170371,204821,216517,196230,0,0,0,0,0,0,0
2636,"AVS Engineering College, Military Road, Ammapet, Salem-636003.",SALEM,SELF FINANCING COLLEGES TIER 3,EE,ELECTRICAL AND ELECTRONICS ENGINEERING,190929,234696,,206619,222250,206620,,0,1,0,0,0,0,0
2636,"AVS Engineering College, Military Road, Ammapet, Salem-636003.",SALEM,SELF FINANCING COLLEGES TIER 3,IT,INFORMATION TECHNOLOGY,174843,239033,228628,208302,226386,194915,190466,0,1,0,0,0,0,0
2636,"AVS Engineering College, Military Road, Ammapet, Salem-636003.",SALEM,SELF FINANCING COLLEGES TIER 3,ME,MECHANICAL ENGINEERING,192519,238621,235118,212449,222086,229366,,0,1,0,0,0,0,0
2638,"Mahendra Engineering College for Women, Komaramanagalam Post,Tiruchengode Taluk,Namakkal District-637205.",NAMAKKAL,SELF FINANCING COLLEGES TIER 1,CS,COMPUTER SCIENCE AND ENGINEERING,208207,237831,,233829,233177,233221,,0,1,0,1,1,0,0
2638,"Mahendra Engineering College for Women, Komaramanagalam Post,Tiruchengode Taluk,Namakkal District-637205.",NAMAKKAL,SELF FINANCING COLLEGES TIER 1,EC,ELECTRONICS AND COMMUNICATION ENGINEERING,152015,,,232354,236148,153480,,0,0,0,1,1,0,0
2638,"Mahendra Engineering College for Women, Komaramanagalam Post,Tiruchengode Taluk,Namakkal District-637205.",NAMAKKAL,SELF FINANCING COLLEGES TIER 1,IT,INFORMATION TECHNOLOGY,227390,,,237680,229172,237565,,0,0,0,1,1,0,0
2639,"R P Sarathy Institute of Technology (Autonomous) , Poosaripatty(PO), Omalur Taluk, Salem-636305.",SALEM,SELF FINANCING COLLEGES TIER 3,AD,Artificial Intelligence and Data Science,170417,238413,231503,202176,236796,234689,183354,0,1,1,0,1,1,1
2639,"R P Sarathy Institute of Technology (Autonomous) , Poosaripatty(PO), Omalur Taluk, Salem-636305.",SALEM,SELF FINANCING COLLEGES TIER 3,CS,COMPUTER SCIENCE AND ENGINEERING,159213,239027,229942,199546,238204,238115,208158,0,1,1,0,1,1,0
2639,"R P Sarathy Institute of Technology (Autonomous) , Poosaripatty(PO), Omalur Taluk, Salem-636305.",SALEM,SELF FINANCING COLLEGES TIER 3,EC,ELECTRONICS AND COMMUNICATION ENGINEERING,161361,237221,229257,194134,228787,201867,239069,0,1,1,0,1,1,0
2639,"R P Sarathy Institute of Technology (Autonomous) , Poosaripatty(PO), Omalur Taluk, Salem-636305.",SALEM,SELF FINANCING COLLEGES TIER 3,EE,ELECTRICAL AND ELECTRONICS ENGINEERING,193354,233990,,205284,,,,0,1,0,0,0,0,0
2639,"R P Sarathy Institute of Technology (Autonomous) , Poosaripatty(PO), Omalur Taluk, Salem-636305.",SALEM,SELF FINANCING COLLEGES TIER 3,IT,INFORMATION TECHNOLOGY,136945,221167,210123,191550,237600,,,0,1,0,0,1,0,0
2639,"R P Sarathy Institute of Technology (Autonomous) , Poosaripatty(PO), Omalur Taluk, Salem-636305.",SALEM,SELF FINANCING COLLEGES TIER 3,ME,MECHANICAL ENGINEERING,202444,236736,,222426,203167,,,0,1,0,0,1,0,0
2639,"R P Sarathy Institute of Technology (Autonomous) , Poosaripatty(PO), Omalur Taluk, Salem-636305.",SALEM,SELF FINANCING COLLEGES TIER 3,SC,Computer Science and Engineering (Cyber Security),150192,223211,,190856,196879,,211475,0,1,0,0,1,0,0
2640,"Jayalakshmi Institute of Technology, Thoppur, Dharmapuri District-636352.",DHARMAPURI,SELF FINANCING COLLEGES TIER 3,AD,Artificial Intelligence and Data Science,181046,,207683,236120,200626,220729,,0,0,0,0,1,0,0
2640,"Jayalakshmi Institute of Technology, Thoppur, Dharmapuri District-636352.",DHARMAPURI,SELF FINANCING COLLEGES TIER 3,AG,AGRICULTURAL ENGINEERING,178615,,,,,,,1,0,0,0,0,0,0
2640,"Jayalakshmi Institute of Technology, Thoppur, Dharmapuri District-636352.",DHARMAPURI,SELF FINANCING COLLEGES TIER 3,CE,CIVIL  ENGINEERING,232516,,,237987,237783,,,0,0,0,1,1,0,0
2640,"Jayalakshmi Institute of Technology, Thoppur, Dharmapuri District-636352.",DHARMAPURI,SELF FINANCING COLLEGES TIER 3,CS,COMPUTER SCIENCE AND ENGINEERING,213549,225621,,239246,239247,,,0,1,0,1,1,0,0
2640,"Jayalakshmi Institute of Technology, Thoppur, Dharmapuri District-636352.",DHARMAPURI,SELF FINANCING COLLEGES TIER 3,EC,ELECTRONICS AND COMMUNICATION ENGINEERING,187113,216168,,227230,238046,,,0,1,0,1,1,0,0
2640,"Jayalakshmi Institute of Technology, Thoppur, Dharmapuri District-636352.",DHARMAPURI,SELF FINANCING COLLEGES TIER 3,EE,ELECTRICAL AND ELECTRONICS ENGINEERING,237155,,,238747,,,,0,0,0,1,0,0,0
2640,"Jayalakshmi Institute of Technology, Thoppur, Dharmapuri District-636352.",DHARMAPURI,SELF FINANCING COLLEGES TIER 3,IT,INFORMATION TECHNOLOGY,224664,235403,,239293,230417,,,0,1,0,1,1,0,0
2640,"Jayalakshmi Institute of Technology, Thoppur, Dharmapuri District-636352.",DHARMAPURI,SELF FINANCING COLLEGES TIER 3,ME,MECHANICAL ENGINEERING,232154,,,239149,,,,0,0,0,1,0,0,0
2641,"Varuvan Vadivelan Institute of Technology, NH 7, Krishnagiri Main Road, Gundalapatty, Dharmapuri-636703.",DHARMAPURI,SELF FINANCING COLLEGES TIER 3,AD,Artificial Intelligence and Data Science,209240,238764,224014,236354,,,,0,1,1,1,0,0,0
2641,"Varuvan Vadivelan Institute of Technology, NH 7, Krishnagiri Main Road, Gundalapatty, Dharmapuri-636703.",DHARMAPURI,SELF FINANCING COLLEGES TIER 3,CE,CIVIL  ENGINEERING,223461,,,,,,,1,0,0,0,0,0,0
2641,"Varuvan Vadivelan Institute of Technology, NH 7, Krishnagiri Main Road, Gundalapatty, Dharmapuri-636703.",DHARMAPURI,SELF FINANCING COLLEGES TIER 3,CS,COMPUTER SCIENCE AND ENGINEERING,216601,,,236695,,,,0,0,0,1,0,0,0
2641,"Varuvan Vadivelan Institute of Technology, NH 7, Krishnagiri Main Road, Gundalapatty, Dharmapuri-636703.",DHARMAPURI,SELF FINANCING COLLEGES TIER 3,EC,ELECTRONICS AND COMMUNICATION ENGINEERING,217734,236834,,236240,,,,0,1,0,0,0,0,0
2641,"Varuvan Vadivelan Institute of Technology, NH 7, Krishnagiri Main Road, Gundalapatty, Dharmapuri-636703.",DHARMAPURI,SELF FINANCING COLLEGES TIER 3,EE,ELECTRICAL AND ELECTRONICS ENGINEERING,235191,,,235521,,,,0,0,0,1,0,0,0
2641,"Varuvan Vadivelan Institute of Technology, NH 7, Krishnagiri Main Road, Gundalapatty, Dharmapuri-636703.",DHARMAPURI,SELF FINANCING COLLEGES TIER 3,IT,INFORMATION TECHNOLOGY,237867,,,238860,,,,0,0,0,1,0,0,0
2641,"Varuvan Vadivelan Institute of Technology, NH 7, Krishnagiri Main Road, Gundalapatty, Dharmapuri-636703.",DHARMAPURI,SELF FINANCING COLLEGES TIER 3,ME,MECHANICAL ENGINEERING,238029,,,238309,,,,0,0,0,1,0,0,0
2642,"P.S.V.College of Engineering and Technology, Mittapalli, Balinayanapalli Post, Krishnagiri-635108.",KRISHNAGIRI,SELF FINANCING COLLEGES TIER 3,AD,Artificial Intelligence and Data Science,102683,183781,123644,138934,169271,226827,,0,0,0,0,0,0,0
2642,"P.S.V.College of Engineering and Technology, Mittapalli, Balinayanapalli Post, Krishnagiri-635108.",KRISHNAGIRI,SELF FINANCING COLLEGES TIER 3,BM,BIO MEDICAL ENGINEERING,171557,226804,209114,176539,201818,,,0,1,0,0,0,0,0
2642,"P.S.V.College of Engineering and Technology, Mittapalli, Balinayanapalli Post, Krishnagiri-635108.",KRISHNAGIRI,SELF FINANCING COLLEGES TIER 3,CE,CIVIL  ENGINEERING,178069,235537,216158,186297,211153,228483,,0,1,0,0,0,0,0
2642,"P.S.V.College of Engineering and Technology, Mittapalli, Balinayanapalli Post, Krishnagiri-635108.",KRISHNAGIRI,SELF FINANCING COLLEGES TIER 3,CS,COMPUTER SCIENCE AND ENGINEERING,111460,218714,179453,135164,227563,164431,,0,1,0,0,0,0,0
2642,"P.S.V.College of Engineering and Technology, Mittapalli, Balinayanapalli Post, Krishnagiri-635108.",KRISHNAGIRI,SELF FINANCING COLLEGES TIER 3,EC,ELECTRONICS AND COMMUNICATION ENGINEERING,136369,222594,136804,141722,198753,137261,,0,0,0,0,0,0,0
2642,"P.S.V.College of Engineering and Technology, Mittapalli, Balinayanapalli Post, Krishnagiri-635108.",KRISHNAGIRI,SELF FINANCING COLLEGES TIER 3,EE,ELECTRICAL AND ELECTRONICS ENGINEERING,166653,220148,208723,175772,208484,235784,,0,0,0,0,0,0,0
2642,"P.S.V.College of Engineering and Technology, Mittapalli, Balinayanapalli Post, Krishnagiri-635108.",KRISHNAGIRI,SELF FINANCING COLLEGES TIER 3,IT,INFORMATION TECHNOLOGY,130037,219828,198420,143835,186673,209702,238062,0,0,0,0,0,0,0
2642,"P.S.V.College of Engineering and Technology, Mittapalli, Balinayanapalli Post, Krishnagiri-635108.",KRISHNAGIRI,SELF FINANCING COLLEGES TIER 3,ME,MECHANICAL ENGINEERING,183629,232626,224575,193938,235461,218623,,0,1,0,0,0,1,0
2642,"P.S.V.College of Engineering and Technology, Mittapalli, Balinayanapalli Post, Krishnagiri-635108.",KRISHNAGIRI,SELF FINANCING COLLEGES TIER 3,SC,Computer Science and Engineering (Cyber Security),150788,223540,203340,176473,212663,229500,217571,0,1,1,0,0,0,0
2643,"Bharathiyar Institute of Engineering for Women, 43/3, Deviyakurichi, Attur Taluk,Salem District-636112.",SALEM,SELF FINANCING COLLEGES TIER 3,AD,Artificial Intelligence and Data Science,138351,237658,202505,217116,239173,216061,202972,0,1,0,0,1,0,0
2643,"Bharathiyar Institute of Engineering for Women, 43/3, Deviyakurichi, Attur Taluk,Salem District-636112.",SALEM,SELF FINANCING COLLEGES TIER 3,CS,COMPUTER SCIENCE AND ENGINEERING,136220,216487,164155,216829,236767,210388,,0,1,0,0,1,0,0
2643,"Bharathiyar Institute of Engineering for Women, 43/3, Deviyakurichi, Attur Taluk,Salem District-636112.",SALEM,SELF FINANCING COLLEGES TIER 3,EC,ELECTRONICS AND COMMUNICATION ENGINEERING,155032,228890,215208,224700,237033,205071,,0,1,0,0,0,0,0
2643,"Bharathiyar Institute of Engineering for Women, 43/3, Deviyakurichi, Attur Taluk,Salem District-636112.",SALEM,SELF FINANCING COLLEGES TIER 3,EE,ELECTRICAL AND ELECTRONICS ENGINEERING,209421,220770,,230728,234847,,,0,1,0,0,1,0,0
2643,"Bharathiyar Institute of Engineering for Women, 43/3, Deviyakurichi, Attur Taluk,Salem District-636112.",SALEM,SELF FINANCING COLLEGES TIER 3,IT,INFORMATION TECHNOLOGY,130592,224933,162717,184113,220527,,,0,1,0,0,0,0,0
2643,"Bharathiyar Institute of Engineering for Women, 43/3, Deviyakurichi, Attur Taluk,Salem District-636112.",SALEM,SELF FINANCING COLLEGES TIER 3,SC,Computer Science and Engineering (Cyber Security),182371,222490,232674,221525,235902,,,0,1,0,0,0,0,0
2646,"Tagore Institute of Engineering and Technology, Salem-Chennai Bye Pass Road, Deviyakurichi (Po), Attur (Tk), Salem (Dt)-636112.",SALEM,SELF FINANCING COLLEGES TIER 3,AD,Artificial Intelligence and Data Science,205210,233851,211962,239107,230316,,,0,1,1,1,1,0,0
2646,"Tagore Institute of Engineering and Technology, Salem-Chennai Bye Pass Road, Deviyakurichi (Po), Attur (Tk), Salem (Dt)-636112.",SALEM,SELF FINANCING COLLEGES TIER 3,AM,COMPUTER SCIENCE AND ENGINEERING (AI AND MACHINE LEARNING),188181,,,,228161,,,0,0,0,0,1,0,0
2646,"Tagore Institute of Engineering and Technology, Salem-Chennai Bye Pass Road, Deviyakurichi (Po), Attur (Tk), Salem (Dt)-636112.",SALEM,SELF FINANCING COLLEGES TIER 3,CE,CIVIL  ENGINEERING,213998,,,,,,,1,0,0,0,0,0,0
2646,"Tagore Institute of Engineering and Technology, Salem-Chennai Bye Pass Road, Deviyakurichi (Po), Attur (Tk), Salem (Dt)-636112.",SALEM,SELF FINANCING COLLEGES TIER 3,CS,COMPUTER SCIENCE AND ENGINEERING,185103,239050,219334,239126,237644,,204611,0,1,1,1,1,0,0
2646,"Tagore Institute of Engineering and Technology, Salem-Chennai Bye Pass Road, Deviyakurichi (Po), Attur (Tk), Salem (Dt)-636112.",SALEM,SELF FINANCING COLLEGES TIER 3,EC,ELECTRONICS AND COMMUNICATION ENGINEERING,173066,230539,,229638,234432,236048,,0,1,0,1,1,1,0
2646,"Tagore Institute of Engineering and Technology, Salem-Chennai Bye Pass Road, Deviyakurichi (Po), Attur (Tk), Salem (Dt)-636112.",SALEM,SELF FINANCING COLLEGES TIER 3,EE,ELECTRICAL AND ELECTRONICS ENGINEERING,238518,,,,,,,1,0,0,0,0,0,0
2646,"Tagore Institute of Engineering and Technology, Salem-Chennai Bye Pass Road, Deviyakurichi (Po), Attur (Tk), Salem (Dt)-636112.",SALEM,SELF FINANCING COLLEGES TIER 3,IT,INFORMATION TECHNOLOGY,172796,234210,204516,226631,221383,230473,,0,1,0,1,1,1,0
2646,"Tagore Institute of Engineering and Technology, Salem-Chennai Bye Pass Road, Deviyakurichi (Po), Attur (Tk), Salem (Dt)-636112.",SALEM,SELF FINANCING COLLEGES TIER 3,ME,MECHANICAL ENGINEERING,238743,,,,,,,1,0,0,0,0,0,0
2647,"J.K.K.Nataraja College of Engineering and Technology, Sf No. 147/1,2,4 Komarapalayam Amani, Thattankuttai Panchayat, Tiruchengode, Namakkal-638183.",NAMAKKAL,SELF FINANCING COLLEGES TIER 3,CS,COMPUTER SCIENCE AND ENGINEERING,149008,220085,,209737,235445,163686,,0,0,0,0,1,0,0
2647,"J.K.K.Nataraja College of Engineering and Technology, Sf No. 147/1,2,4 Komarapalayam Amani, Thattankuttai Panchayat, Tiruchengode, Namakkal-638183.",NAMAKKAL,SELF FINANCING COLLEGES TIER 3,EC,ELECTRONICS AND COMMUNICATION ENGINEERING,170339,229644,205891,203868,237467,230269,,0,0,0,0,1,0,0
2647,"J.K.K.Nataraja College of Engineering and Technology, Sf No. 147/1,2,4 Komarapalayam Amani, Thattankuttai Panchayat, Tiruchengode, Namakkal-638183.",NAMAKKAL,SELF FINANCING COLLEGES TIER 3,EE,ELECTRICAL AND ELECTRONICS ENGINEERING,180977,238238,224462,215745,235748,,,0,0,1,0,1,0,0
2647,"J.K.K.Nataraja College of Engineering and Technology, Sf No. 147/1,2,4 Komarapalayam Amani, Thattankuttai Panchayat, Tiruchengode, Namakkal-638183.",NAMAKKAL,SELF FINANCING COLLEGES TIER 3,IT,INFORMATION TECHNOLOGY,165316,224320,,211435,238358,165717,,0,0,0,0,1,0,0
2647,"J.K.K.Nataraja College of Engineering and Technology, Sf No. 147/1,2,4 Komarapalayam Amani, Thattankuttai Panchayat, Tiruchengode, Namakkal-638183.",NAMAKKAL,SELF FINANCING COLLEGES TIER 3,ME,MECHANICAL ENGINEERING,229843,238517,,238678,,,,0,1,0,0,0,0,0
2648,"Annapoorana Engineering College (Autonomous), Sankari Main Road (NH-47), Periyaseeragapadi, Salem-636308.",SALEM,SELF FINANCING COLLEGES TIER 3,AD,Artificial Intelligence and Data Science,122288,199923,218008,153713,164825,185138,,0,0,0,0,0,0,0
2648,"Annapoorana Engineering College (Autonomous), Sankari Main Road (NH-47), Periyaseeragapadi, Salem-636308.",SALEM,SELF FINANCING COLLEGES TIER 3,AU,AUTOMOBILE ENGINEERING,232267,234058,,239061,239263,233635,236350,0,1,0,0,1,0,0
2648,"Annapoorana Engineering College (Autonomous), Sankari Main Road (NH-47), Periyaseeragapadi, Salem-636308.",SALEM,SELF FINANCING COLLEGES TIER 3,BM,BIO MEDICAL ENGINEERING,185424,236056,232400,225375,224498,201385,213810,0,0,1,0,0,0,0
2648,"Annapoorana Engineering College (Autonomous), Sankari Main Road (NH-47), Periyaseeragapadi, Salem-636308.",SALEM,SELF FINANCING COLLEGES TIER 3,CE,CIVIL  ENGINEERING,220206,226718,,238176,236519,232835,221813,0,1,0,0,0,1,0
2648,"Annapoorana Engineering College (Autonomous), Sankari Main Road (NH-47), Periyaseeragapadi, Salem-636308.",SALEM,SELF FINANCING COLLEGES TIER 3,CS,COMPUTER SCIENCE AND ENGINEERING,111815,188157,218635,163015,192649,186859,,0,0,0,0,0,0,0
2648,"Annapoorana Engineering College (Autonomous), Sankari Main Road (NH-47), Periyaseeragapadi, Salem-636308.",SALEM,SELF FINANCING COLLEGES TIER 3,EC,ELECTRONICS AND COMMUNICATION ENGINEERING,157180,212853,226252,189059,212222,206130,,0,0,1,0,0,0,0
2648,"Annapoorana Engineering College (Autonomous), Sankari Main Road (NH-47), Periyaseeragapadi, Salem-636308.",SALEM,SELF FINANCING COLLEGES TIER 3,EE,ELECTRICAL AND ELECTRONICS ENGINEERING,187189,238702,,217855,218870,207604,197792,0,1,0,0,0,0,0
2648,"Annapoorana Engineering College (Autonomous), Sankari Main Road (NH-47), Periyaseeragapadi, Salem-636308.",SALEM,SELF FINANCING COLLEGES TIER 3,IT,INFORMATION TECHNOLOGY,135537,199785,173604,176790,174017,171823,,0,0,1,0,0,0,0
2648,"Annapoorana Engineering College (Autonomous), Sankari Main Road (NH-47), Periyaseeragapadi, Salem-636308.",SALEM,SELF FINANCING COLLEGES TIER 3,ME,MECHANICAL ENGINEERING,207349,228374,,234571,235011,224763,,0,1,0,0,0,0,0
2650,"Christ The King Engineering College, Cecilia Gardens, Chikkarampalayam Village, Karamadai, Coimbatore-641104.",COIMBATORE,SELF FINANCING COLLEGES TIER 3,AD,Artificial Intelligence and Data Science,178479,239243,210540,227515,235551,232052,,0,1,1,0,0,0,0
2650,"Christ The King Engineering College, Cecilia Gardens, Chikkarampalayam Village, Karamadai, Coimbatore-641104.",COIMBATORE,SELF FINANCING COLLEGES TIER 3,AM,COMPUTER SCIENCE AND ENGINEERING (AI AND MACHINE LEARNING),197356,236768,,235575,237811,235885,,0,1,0,1,0,0,0
2650,"Christ The King Engineering College, Cecilia Gardens, Chikkarampalayam Village, Karamadai, Coimbatore-641104.",COIMBATORE,SELF FINANCING COLLEGES TIER 3,CS,COMPUTER SCIENCE AND ENGINEERING,172439,238181,,238425,237267,235327,193478,0,1,0,1,0,0,0
2650,"Christ The King Engineering College, Cecilia Gardens, Chikkarampalayam Village, Karamadai, Coimbatore-641104.",COIMBATORE,SELF FINANCING COLLEGES TIER 3,EC,ELECTRONICS AND COMMUNICATION ENGINEERING,193858,224284,219545,239068,238401,238965,,0,1,1,1,0,1,0
2650,"Christ The King Engineering College, Cecilia Gardens, Chikkarampalayam Village, Karamadai, Coimbatore-641104.",COIMBATORE,SELF FINANCING COLLEGES TIER 3,IT,INFORMATION TECHNOLOGY,159214,229456,236529,230989,213902,206625,,0,1,1,0,0,0,0
2650,"Christ The King Engineering College, Cecilia Gardens, Chikkarampalayam Village, Karamadai, Coimbatore-641104.",COIMBATORE,SELF FINANCING COLLEGES TIER 3,ME,MECHANICAL ENGINEERING,229091,238450,,238148,239267,237156,,0,1,0,1,1,0,0
2651,"Jai Shriram Engineering College(Autonomous) , Dharapuram Road, Tirupur-638660.",TIRUPPUR,SELF FINANCING COLLEGES TIER 3,AD,Artificial Intelligence and Data Science,147833,213364,159848,217017,234831,208616,,0,0,0,0,1,0,0
2651,"Jai Shriram Engineering College(Autonomous) , Dharapuram Road, Tirupur-638660.",TIRUPPUR,SELF FINANCING COLLEGES TIER 3,CE,CIVIL  ENGINEERING,184881,238599,,232669,234307,,,0,0,0,0,1,0,0
2651,"Jai Shriram Engineering College(Autonomous) , Dharapuram Road, Tirupur-638660.",TIRUPPUR,SELF FINANCING COLLEGES TIER 3,CS,COMPUTER SCIENCE AND ENGINEERING,123837,182454,166489,217502,236836,220369,215762,0,0,0,0,1,0,0
2651,"Jai Shriram Engineering College(Autonomous) , Dharapuram Road, Tirupur-638660.",TIRUPPUR,SELF FINANCING COLLEGES TIER 3,EC,ELECTRONICS AND COMMUNICATION ENGINEERING,106612,167376,183334,172243,205423,139134,,0,0,0,0,1,0,0
2651,"Jai Shriram Engineering College(Autonomous) , Dharapuram Road, Tirupur-638660.",TIRUPPUR,SELF FINANCING COLLEGES TIER 3,EE,ELECTRICAL AND ELECTRONICS ENGINEERING,171562,199906,188934,200586,235709,,,0,0,1,0,1,0,0
2651,"Jai Shriram Engineering College(Autonomous) , Dharapuram Road, Tirupur-638660.",TIRUPPUR,SELF FINANCING COLLEGES TIER 3,FT,FASHION TECHNOLOGY,183107,239273,211835,221296,234646,220882,,0,0,1,1,1,0,0
2651,"Jai Shriram Engineering College(Autonomous) , Dharapuram Road, Tirupur-638660.",TIRUPPUR,SELF FINANCING COLLEGES TIER 3,IT,INFORMATION TECHNOLOGY,130155,172677,176548,216873,216828,203270,,0,0,0,0,0,0,0
2651,"Jai Shriram Engineering College(Autonomous) , Dharapuram Road, Tirupur-638660.",TIRUPPUR,SELF FINANCING COLLEGES TIER 3,ME,MECHANICAL ENGINEERING,184427,206063,200075,208809,239073,219295,,0,0,0,1,1,0,0
2652,"AL-Ameen Engineering College (Autonomous), Karundevanpalayam, Nanjai Uthukkuli Post, Erode District-638104.",ERODE,SELF FINANCING COLLEGES TIER 3,AD,Artificial Intelligence and Data Science,161006,206369,166823,179136,,,,0,1,0,1,0,0,0
2652,"AL-Ameen Engineering College (Autonomous), Karundevanpalayam, Nanjai Uthukkuli Post, Erode District-638104.",ERODE,SELF FINANCING COLLEGES TIER 3,CS,COMPUTER SCIENCE AND ENGINEERING,160897,237173,163242,237679,226499,198662,,0,1,0,1,1,1,0
2652,"AL-Ameen Engineering College (Autonomous), Karundevanpalayam, Nanjai Uthukkuli Post, Erode District-638104.",ERODE,SELF FINANCING COLLEGES TIER 3,EC,ELECTRONICS AND COMMUNICATION ENGINEERING,191153,201426,192271,231194,,,,0,1,0,1,0,0,0
2652,"AL-Ameen Engineering College (Autonomous), Karundevanpalayam, Nanjai Uthukkuli Post, Erode District-638104.",ERODE,SELF FINANCING COLLEGES TIER 3,EE,ELECTRICAL AND ELECTRONICS ENGINEERING,191638,236280,191942,,,,,0,1,0,0,0,0,0
2652,"AL-Ameen Engineering College (Autonomous), Karundevanpalayam, Nanjai Uthukkuli Post, Erode District-638104.",ERODE,SELF FINANCING COLLEGES TIER 3,IT,INFORMATION TECHNOLOGY,179699,225620,179829,230614,,,,0,1,0,1,0,0,0
2652,"AL-Ameen Engineering College (Autonomous), Karundevanpalayam, Nanjai Uthukkuli Post, Erode District-638104.",ERODE,SELF FINANCING COLLEGES TIER 3,ME,MECHANICAL ENGINEERING,226140,,227249,238877,,,,0,0,0,1,0,0,0
2653,"Knowledge Institute of Technology (Autonomous), KIOT Campus, Kakapalayam (PO), Salem-637504.",SALEM,SELF FINANCING COLLEGES TIER 3,AD,Artificial Intelligence and Data Science,57248,86762,96420,91944,238424,206077,,0,0,0,0,1,0,0
2653,"Knowledge Institute of Technology (Autonomous), KIOT Campus, Kakapalayam (PO), Salem-637504.",SALEM,SELF FINANCING COLLEGES TIER 3,CB,COMPUTER SCIENCE AND BUSSINESS SYSTEM,74410,95399,136659,93557,225433,,,0,0,0,0,1,0,0
2653,"Knowledge Institute of Technology (Autonomous), KIOT Campus, Kakapalayam (PO), Salem-637504.",SALEM,SELF FINANCING COLLEGES TIER 3,CE,CIVIL  ENGINEERING,100764,165064,222816,137027,217338,,,0,0,0,0,1,0,0
2653,"Knowledge Institute of Technology (Autonomous), KIOT Campus, Kakapalayam (PO), Salem-637504.",SALEM,SELF FINANCING COLLEGES TIER 3,CS,COMPUTER SCIENCE AND ENGINEERING,50930,80494,119886,71753,237881,178643,222259,0,0,0,0,0,0,1
2653,"Knowledge Institute of Technology (Autonomous), KIOT Campus, Kakapalayam (PO), Salem-637504.",SALEM,SELF FINANCING COLLEGES TIER 3,EC,ELECTRONICS AND COMMUNICATION ENGINEERING,56432,84930,133760,92293,217211,222984,,0,0,0,0,1,1,0
2653,"Knowledge Institute of Technology (Autonomous), KIOT Campus, Kakapalayam (PO), Salem-637504.",SALEM,SELF FINANCING COLLEGES TIER 3,EE,ELECTRICAL AND ELECTRONICS ENGINEERING,82811,109642,180540,96566,227026,224311,,0,0,0,0,0,0,0
2653,"Knowledge Institute of Technology (Autonomous), KIOT Campus, Kakapalayam (PO), Salem-637504.",SALEM,SELF FINANCING COLLEGES TIER 3,EX,Electronics and Computer Engineering,87592,102156,144251,99264,206902,,,0,0,0,0,1,0,0
2653,"Knowledge Institute of Technology (Autonomous), KIOT Campus, Kakapalayam (PO), Salem-637504.",SALEM,SELF FINANCING COLLEGES TIER 3,IT,INFORMATION TECHNOLOGY,70565,90882,94102,91425,234434,206665,,0,0,0,0,1,0,0
2653,"Knowledge Institute of Technology (Autonomous), KIOT Campus, Kakapalayam (PO), Salem-637504.",SALEM,SELF FINANCING COLLEGES TIER 3,ME,MECHANICAL ENGINEERING,121505,153331,225531,157010,238137,238258,,0,0,0,0,1,1,0
2656,"Kangeyam Institute of Technology (Autonomous), (formerly Builders Engineering College),  EBET Knowledge Park, Erode Road Nathakadaiyur, Kangeyam, Tiruppur-638108.",TIRUPPUR,SELF FINANCING COLLEGES TIER 3,AD,Artificial Intelligence and Data Science,51588,123454,,133465,185456,154816,,0,0,0,0,0,0,0
2656,"Kangeyam Institute of Technology (Autonomous), (formerly Builders Engineering College),  EBET Knowledge Park, Erode Road Nathakadaiyur, Kangeyam, Tiruppur-638108.",TIRUPPUR,SELF FINANCING COLLEGES TIER 3,AM,COMPUTER SCIENCE AND ENGINEERING (AI AND MACHINE LEARNING),119773,134030,138936,145681,199369,120890,215791,0,0,0,0,0,0,0
2656,"Kangeyam Institute of Technology (Autonomous), (formerly Builders Engineering College),  EBET Knowledge Park, Erode Road Nathakadaiyur, Kangeyam, Tiruppur-638108.",TIRUPPUR,SELF FINANCING COLLEGES TIER 3,CE,CIVIL  ENGINEERING,127011,178428,181677,150777,161711,131420,187510,0,0,0,0,0,0,0
2656,"Kangeyam Institute of Technology (Autonomous), (formerly Builders Engineering College),  EBET Knowledge Park, Erode Road Nathakadaiyur, Kangeyam, Tiruppur-638108.",TIRUPPUR,SELF FINANCING COLLEGES TIER 3,CS,COMPUTER SCIENCE AND ENGINEERING,38132,91013,105130,137056,188731,145410,134967,0,0,0,0,0,0,0
2656,"Kangeyam Institute of Technology (Autonomous), (formerly Builders Engineering College),  EBET Knowledge Park, Erode Road Nathakadaiyur, Kangeyam, Tiruppur-638108.",TIRUPPUR,SELF FINANCING COLLEGES TIER 3,EC,ELECTRONICS AND COMMUNICATION ENGINEERING,56191,111619,65194,137260,164077,106095,,0,0,0,0,0,0,0
2656,"Kangeyam Institute of Technology (Autonomous), (formerly Builders Engineering College),  EBET Knowledge Park, Erode Road Nathakadaiyur, Kangeyam, Tiruppur-638108.",TIRUPPUR,SELF FINANCING COLLEGES TIER 3,EE,ELECTRICAL AND ELECTRONICS ENGINEERING,104446,145824,150051,147650,183966,145947,196004,0,0,0,0,0,0,0
2656,"Kangeyam Institute of Technology (Autonomous), (formerly Builders Engineering College),  EBET Knowledge Park, Erode Road Nathakadaiyur, Kangeyam, Tiruppur-638108.",TIRUPPUR,SELF FINANCING COLLEGES TIER 3,IT,INFORMATION TECHNOLOGY,71452,126975,120536,145732,194341,125446,,0,0,0,0,0,0,0
2656,"Kangeyam Institute of Technology (Autonomous), (formerly Builders Engineering College),  EBET Knowledge Park, Erode Road Nathakadaiyur, Kangeyam, Tiruppur-638108.",TIRUPPUR,SELF FINANCING COLLEGES TIER 3,ME,MECHANICAL ENGINEERING,147354,180075,153326,173063,201307,,,0,0,0,0,0,0,0
2656,"Kangeyam Institute of Technology (Autonomous), (formerly Builders Engineering College),  EBET Knowledge Park, Erode Road Nathakadaiyur, Kangeyam, Tiruppur-638108.",TIRUPPUR,SELF FINANCING COLLEGES TIER 3,SC,Computer Science and Engineering (Cyber Security),108928,139239,131084,139496,201229,178831,,0,0,0,0,0,0,0
2658,"V S A Group of Institutions, NH-47 Main Road, Uthamasolapuram Post, Salem-636010.",SALEM,SELF FINANCING COLLEGES TIER 3,BM,BIO MEDICAL ENGINEERING,198499,,,,,,,1,0,0,0,0,0,0
2658,"V S A Group of Institutions, NH-47 Main Road, Uthamasolapuram Post, Salem-636010.",SALEM,SELF FINANCING COLLEGES TIER 3,CE,CIVIL  ENGINEERING,,,,,,,,0,0,0,0,0,0,0
2658,"V S A Group of Institutions, NH-47 Main Road, Uthamasolapuram Post, Salem-636010.",SALEM,SELF FINANCING COLLEGES TIER 3,CS,COMPUTER SCIENCE AND ENGINEERING,176546,,,,,,,1,0,0,0,0,0,0
2658,"V S A Group of Institutions, NH-47 Main Road, Uthamasolapuram Post, Salem-636010.",SALEM,SELF FINANCING COLLEGES TIER 3,EC,ELECTRONICS AND COMMUNICATION ENGINEERING,235064,,,,,,,1,0,0,0,0,0,0
2658,"V S A Group of Institutions, NH-47 Main Road, Uthamasolapuram Post, Salem-636010.",SALEM,SELF FINANCING COLLEGES TIER 3,EE,ELECTRICAL AND ELECTRONICS ENGINEERING,,,,,,,,0,0,0,0,0,0,0
2658,"V S A Group of Institutions, NH-47 Main Road, Uthamasolapuram Post, Salem-636010.",SALEM,SELF FINANCING COLLEGES TIER 3,IT,INFORMATION TECHNOLOGY,183538,,,,,,,1,0,0,0,0,0,0
2658,"V S A Group of Institutions, NH-47 Main Road, Uthamasolapuram Post, Salem-636010.",SALEM,SELF FINANCING COLLEGES TIER 3,ME,MECHANICAL ENGINEERING,,,,,,,,0,0,0,0,0,0,0
2659,"Salem College of Engineering and Technology, NH-68 Salem-Attur Main Road, Mettupatty Perumapalayam, Salem-636111.",SALEM,SELF FINANCING COLLEGES TIER 3,AD,Artificial Intelligence and Data Science,152320,230413,,232769,217319,,,0,1,0,0,0,0,0
2659,"Salem College of Engineering and Technology, NH-68 Salem-Attur Main Road, Mettupatty Perumapalayam, Salem-636111.",SALEM,SELF FINANCING COLLEGES TIER 3,BM,BIO MEDICAL ENGINEERING,206135,219665,238989,238819,225256,233790,,0,1,0,1,0,0,0
2659,"Salem College of Engineering and Technology, NH-68 Salem-Attur Main Road, Mettupatty Perumapalayam, Salem-636111.",SALEM,SELF FINANCING COLLEGES TIER 3,BT,BIO TECHNOLOGY,208131,237649,,236730,238827,,,0,1,0,1,1,0,0
2659,"Salem College of Engineering and Technology, NH-68 Salem-Attur Main Road, Mettupatty Perumapalayam, Salem-636111.",SALEM,SELF FINANCING COLLEGES TIER 3,CE,CIVIL  ENGINEERING,229516,,,,,,,1,0,0,0,0,0,0
2659,"Salem College of Engineering and Technology, NH-68 Salem-Attur Main Road, Mettupatty Perumapalayam, Salem-636111.",SALEM,SELF FINANCING COLLEGES TIER 3,CS,COMPUTER SCIENCE AND ENGINEERING,197417,232594,225896,238981,238511,222789,,0,1,1,1,0,0,0
2659,"Salem College of Engineering and Technology, NH-68 Salem-Attur Main Road, Mettupatty Perumapalayam, Salem-636111.",SALEM,SELF FINANCING COLLEGES TIER 3,EC,ELECTRONICS AND COMMUNICATION ENGINEERING,195557,232372,,228097,228541,205867,210767,0,1,0,0,1,1,0
2659,"Salem College of Engineering and Technology, NH-68 Salem-Attur Main Road, Mettupatty Perumapalayam, Salem-636111.",SALEM,SELF FINANCING COLLEGES TIER 3,EE,ELECTRICAL AND ELECTRONICS ENGINEERING,235060,,,237758,235799,,,0,0,0,1,1,0,0
2659,"Salem College of Engineering and Technology, NH-68 Salem-Attur Main Road, Mettupatty Perumapalayam, Salem-636111.",SALEM,SELF FINANCING COLLEGES TIER 3,IT,INFORMATION TECHNOLOGY,195858,235419,,239044,238286,203220,200474,0,1,0,1,0,0,0
2659,"Salem College of Engineering and Technology, NH-68 Salem-Attur Main Road, Mettupatty Perumapalayam, Salem-636111.",SALEM,SELF FINANCING COLLEGES TIER 3,ME,MECHANICAL ENGINEERING,233442,,,,,,,1,0,0,0,0,0,0
2673,"Sree Sakthi Engineering College (Autonomous), 899/1 & 898/2, Bettathapuram, Bilichi Village, Karamadai, Coimbatore-641104.",COIMBATORE,SELF FINANCING COLLEGES TIER 3,AD,Artificial Intelligence and Data Science,81409,143210,143499,143343,186156,166744,168282,0,0,0,0,0,0,0
2673,"Sree Sakthi Engineering College (Autonomous), 899/1 & 898/2, Bettathapuram, Bilichi Village, Karamadai, Coimbatore-641104.",COIMBATORE,SELF FINANCING COLLEGES TIER 3,AM,COMPUTER SCIENCE AND ENGINEERING (AI AND MACHINE LEARNING),104694,150984,157208,140743,199651,182538,,0,0,0,0,0,0,0
2673,"Sree Sakthi Engineering College (Autonomous), 899/1 & 898/2, Bettathapuram, Bilichi Village, Karamadai, Coimbatore-641104.",COIMBATORE,SELF FINANCING COLLEGES TIER 3,CE,CIVIL  ENGINEERING,187893,216786,,197604,199702,,,0,0,0,0,0,0,0
2673,"Sree Sakthi Engineering College (Autonomous), 899/1 & 898/2, Bettathapuram, Bilichi Village, Karamadai, Coimbatore-641104.",COIMBATORE,SELF FINANCING COLLEGES TIER 3,CS,COMPUTER SCIENCE AND ENGINEERING,68213,108254,228441,132745,168464,227334,82517,0,0,0,0,0,0,0
2673,"Sree Sakthi Engineering College (Autonomous), 899/1 & 898/2, Bettathapuram, Bilichi Village, Karamadai, Coimbatore-641104.",COIMBATORE,SELF FINANCING COLLEGES TIER 3,EC,ELECTRONICS AND COMMUNICATION ENGINEERING,118004,147710,226328,158340,213981,189077,211081,0,0,0,0,0,0,0
2673,"Sree Sakthi Engineering College (Autonomous), 899/1 & 898/2, Bettathapuram, Bilichi Village, Karamadai, Coimbatore-641104.",COIMBATORE,SELF FINANCING COLLEGES TIER 3,EE,ELECTRICAL AND ELECTRONICS ENGINEERING,147506,183339,234478,175420,214295,214060,,0,0,1,0,0,0,0
2673,"Sree Sakthi Engineering College (Autonomous), 899/1 & 898/2, Bettathapuram, Bilichi Village, Karamadai, Coimbatore-641104.",COIMBATORE,SELF FINANCING COLLEGES TIER 3,IT,INFORMATION TECHNOLOGY,102065,135351,227237,141152,194864,162084,172338,0,0,0,0,0,0,0
2673,"Sree Sakthi Engineering College (Autonomous), 899/1 & 898/2, Bettathapuram, Bilichi Village, Karamadai, Coimbatore-641104.",COIMBATORE,SELF FINANCING COLLEGES TIER 3,ME,MECHANICAL ENGINEERING,163722,198560,234281,180285,218300,204863,,0,0,0,0,0,0,0
2673,"Sree Sakthi Engineering College (Autonomous), 899/1 & 898/2, Bettathapuram, Bilichi Village, Karamadai, Coimbatore-641104.",COIMBATORE,SELF FINANCING COLLEGES TIER 3,SC,Computer Science and Engineering (Cyber Security),95438,152131,183197,140673,196038,184765,,0,0,0,0,0,0,0
2683,"Shreenivasa Engineering College, B.Pallipatti, Bommidi, Pappireddipatti Taluk, Dharmapuri District-635301.",DHARMAPURI,SELF FINANCING COLLEGES TIER 3,AD,Artificial Intelligence and Data Science,190303,223236,,231655,238946,,,0,1,0,0,1,0,0
2683,"Shreenivasa Engineering College, B.Pallipatti, Bommidi, Pappireddipatti Taluk, Dharmapuri District-635301.",DHARMAPURI,SELF FINANCING COLLEGES TIER 3,AG,AGRICULTURAL ENGINEERING,238976,,,,,,,0,0,0,0,0,0,0
2683,"Shreenivasa Engineering College, B.Pallipatti, Bommidi, Pappireddipatti Taluk, Dharmapuri District-635301.",DHARMAPURI,SELF FINANCING COLLEGES TIER 3,BM,BIO MEDICAL ENGINEERING,225192,,,236374,238184,233650,,0,0,0,1,1,0,0
2683,"Shreenivasa Engineering College, B.Pallipatti, Bommidi, Pappireddipatti Taluk, Dharmapuri District-635301.",DHARMAPURI,SELF FINANCING COLLEGES TIER 3,CS,COMPUTER SCIENCE AND ENGINEERING,202509,218049,,223422,232943,,228516,0,1,0,1,1,0,0
2683,"Shreenivasa Engineering College, B.Pallipatti, Bommidi, Pappireddipatti Taluk, Dharmapuri District-635301.",DHARMAPURI,SELF FINANCING COLLEGES TIER 3,EC,ELECTRONICS AND COMMUNICATION ENGINEERING,238532,,,,,,,0,0,0,0,0,0,0
2683,"Shreenivasa Engineering College, B.Pallipatti, Bommidi, Pappireddipatti Taluk, Dharmapuri District-635301.",DHARMAPURI,SELF FINANCING COLLEGES TIER 3,EE,ELECTRICAL AND ELECTRONICS ENGINEERING,234300,,,238186,,,,0,0,0,1,0,0,0
2683,"Shreenivasa Engineering College, B.Pallipatti, Bommidi, Pappireddipatti Taluk, Dharmapuri District-635301.",DHARMAPURI,SELF FINANCING COLLEGES TIER 3,IT,INFORMATION TECHNOLOGY,194332,230742,,238487,232990,,232090,0,1,0,1,1,0,0
2683,"Shreenivasa Engineering College, B.Pallipatti, Bommidi, Pappireddipatti Taluk, Dharmapuri District-635301.",DHARMAPURI,SELF FINANCING COLLEGES TIER 3,ME,MECHANICAL ENGINEERING,222627,,,,,,,1,0,0,0,0,0,0
2702,"Bannari Amman Institute of Technology (Autonomous), Sathy-Bhavani Road, (State Highway), Alathukombai Post, Sathyamangalam (Taluk), Erode District-638401.",ERODE,SELF FINANCING COLLEGES TIER 1,AD,Artificial Intelligence and Data Science,22791,29719,48921,38710,137099,119649,199602,0,0,0,0,0,0,0
2702,"Bannari Amman Institute of Technology (Autonomous), Sathy-Bhavani Road, (State Highway), Alathukombai Post, Sathyamangalam (Taluk), Erode District-638401.",ERODE,SELF FINANCING COLLEGES TIER 1,AG,AGRICULTURAL ENGINEERING,52631,72029,,75519,153812,,,0,0,0,0,0,0,0
2702,"Bannari Amman Institute of Technology (Autonomous), Sathy-Bhavani Road, (State Highway), Alathukombai Post, Sathyamangalam (Taluk), Erode District-638401.",ERODE,SELF FINANCING COLLEGES TIER 1,AL,Artificial Intelligence and Machine Learning,25073,30920,41194,39424,144413,132447,212218,0,0,0,0,0,0,0
2702,"Bannari Amman Institute of Technology (Autonomous), Sathy-Bhavani Road, (State Highway), Alathukombai Post, Sathyamangalam (Taluk), Erode District-638401.",ERODE,SELF FINANCING COLLEGES TIER 1,BT,BIO TECHNOLOGY,42671,63325,83108,77001,208438,123260,,0,0,0,0,0,0,0
2702,"Bannari Amman Institute of Technology (Autonomous), Sathy-Bhavani Road, (State Highway), Alathukombai Post, Sathyamangalam (Taluk), Erode District-638401.",ERODE,SELF FINANCING COLLEGES TIER 1,CS,COMPUTER SCIENCE AND ENGINEERING,14432,23270,36396,31304,118551,98434,158306,0,0,0,0,0,0,0
2702,"Bannari Amman Institute of Technology (Autonomous), Sathy-Bhavani Road, (State Highway), Alathukombai Post, Sathyamangalam (Taluk), Erode District-638401.",ERODE,SELF FINANCING COLLEGES TIER 1,EC,ELECTRONICS AND COMMUNICATION ENGINEERING,17473,25877,38018,35423,129534,121225,143362,0,0,0,0,0,0,0
2702,"Bannari Amman Institute of Technology (Autonomous), Sathy-Bhavani Road, (State Highway), Alathukombai Post, Sathyamangalam (Taluk), Erode District-638401.",ERODE,SELF FINANCING COLLEGES TIER 1,EE,ELECTRICAL AND ELECTRONICS ENGINEERING,33112,35965,54821,44370,152276,144045,146807,0,0,0,0,0,0,0
2702,"Bannari Amman Institute of Technology (Autonomous), Sathy-Bhavani Road, (State Highway), Alathukombai Post, Sathyamangalam (Taluk), Erode District-638401.",ERODE,SELF FINANCING COLLEGES TIER 1,EI,ELECTRONICS AND INSTRUMENTATION ENGINEERING,36031,39225,36128,50078,179182,139819,215443,0,0,0,0,0,0,0
2702,"Bannari Amman Institute of Technology (Autonomous), Sathy-Bhavani Road, (State Highway), Alathukombai Post, Sathyamangalam (Taluk), Erode District-638401.",ERODE,SELF FINANCING COLLEGES TIER 1,IT,INFORMATION TECHNOLOGY,23464,28016,47305,37476,151018,147587,205510,0,0,0,0,0,0,0
2702,"Bannari Amman Institute of Technology (Autonomous), Sathy-Bhavani Road, (State Highway), Alathukombai Post, Sathyamangalam (Taluk), Erode District-638401.",ERODE,SELF FINANCING COLLEGES TIER 1,ME,MECHANICAL ENGINEERING,45028,50989,58244,59958,153999,189476,,0,0,0,0,0,0,0
2702,"Bannari Amman Institute of Technology (Autonomous), Sathy-Bhavani Road, (State Highway), Alathukombai Post, Sathyamangalam (Taluk), Erode District-638401.",ERODE,SELF FINANCING COLLEGES TIER 1,MZ,Mechatronics Engineering,38155,45789,54643,52098,182550,193861,,0,0,0,0,0,0,0
2704,"Coimbatore Institute of Engineering and Technology (Autonomous), Vellimalaipattinam, Narasipuram Post, Thondamuthur Via, Coimbatore-641109.",COIMBATORE,SELF FINANCING COLLEGES TIER 3,AD,Artificial Intelligence and Data Science,54434,86885,102756,95755,181490,235469,,0,0,0,0,0,0,0
2704,"Coimbatore Institute of Engineering and Technology (Autonomous), Vellimalaipattinam, Narasipuram Post, Thondamuthur Via, Coimbatore-641109.",COIMBATORE,SELF FINANCING COLLEGES TIER 3,AM,COMPUTER SCIENCE AND ENGINEERING (AI AND MACHINE LEARNING),55585,76808,,92271,177769,,,0,0,0,0,0,0,0
2704,"Coimbatore Institute of Engineering and Technology (Autonomous), Vellimalaipattinam, Narasipuram Post, Thondamuthur Via, Coimbatore-641109.",COIMBATORE,SELF FINANCING COLLEGES TIER 3,CE,CIVIL  ENGINEERING,120889,143622,150592,153211,194962,,,0,0,0,0,1,0,0
2704,"Coimbatore Institute of Engineering and Technology (Autonomous), Vellimalaipattinam, Narasipuram Post, Thondamuthur Via, Coimbatore-641109.",COIMBATORE,SELF FINANCING COLLEGES TIER 3,CS,COMPUTER SCIENCE AND ENGINEERING,46685,70170,79177,90859,137153,133723,211455,0,0,0,0,0,0,0
2704,"Coimbatore Institute of Engineering and Technology (Autonomous), Vellimalaipattinam, Narasipuram Post, Thondamuthur Via, Coimbatore-641109.",COIMBATORE,SELF FINANCING COLLEGES TIER 3,EC,ELECTRONICS AND COMMUNICATION ENGINEERING,51410,73561,85859,74575,182337,129933,,0,0,0,0,0,0,0
2704,"Coimbatore Institute of Engineering and Technology (Autonomous), Vellimalaipattinam, Narasipuram Post, Thondamuthur Via, Coimbatore-641109.",COIMBATORE,SELF FINANCING COLLEGES TIER 3,EE,ELECTRICAL AND ELECTRONICS ENGINEERING,83499,101166,107039,112861,208434,,,0,0,0,0,0,0,0
2704,"Coimbatore Institute of Engineering and Technology (Autonomous), Vellimalaipattinam, Narasipuram Post, Thondamuthur Via, Coimbatore-641109.",COIMBATORE,SELF FINANCING COLLEGES TIER 3,EV,Electronics Engineering (VLSI Design and Technology),92096,103359,97288,109738,214789,,,0,0,0,0,0,0,0
2704,"Coimbatore Institute of Engineering and Technology (Autonomous), Vellimalaipattinam, Narasipuram Post, Thondamuthur Via, Coimbatore-641109.",COIMBATORE,SELF FINANCING COLLEGES TIER 3,IT,INFORMATION TECHNOLOGY,67679,80945,95864,96016,167434,189057,,0,0,0,0,0,0,0
2704,"Coimbatore Institute of Engineering and Technology (Autonomous), Vellimalaipattinam, Narasipuram Post, Thondamuthur Via, Coimbatore-641109.",COIMBATORE,SELF FINANCING COLLEGES TIER 3,ME,MECHANICAL ENGINEERING,137881,168975,154609,178555,229797,,,0,0,0,0,1,0,0
2704,"Coimbatore Institute of Engineering and Technology (Autonomous), Vellimalaipattinam, Narasipuram Post, Thondamuthur Via, Coimbatore-641109.",COIMBATORE,SELF FINANCING COLLEGES TIER 3,MZ,Mechatronics Engineering,99719,137820,137251,195577,234921,228143,,0,0,0,0,1,0,0
2704,"Coimbatore Institute of Engineering and Technology (Autonomous), Vellimalaipattinam, Narasipuram Post, Thondamuthur Via, Coimbatore-641109.",COIMBATORE,SELF FINANCING COLLEGES TIER 3,SC,Computer Science and Engineering (Cyber Security),60863,89825,98270,91452,193464,189150,,0,0,0,0,0,0,0
2705,"CSI College of Engineering, Ketti Valley, The Nilgiris-643215.",THE NILGIRIS,SELF FINANCING COLLEGES TIER 3,AD,Artificial Intelligence and Data Science,123006,236259,152529,237936,206729,219163,153466,0,0,0,0,1,0,0
2705,"CSI College of Engineering, Ketti Valley, The Nilgiris-643215.",THE NILGIRIS,SELF FINANCING COLLEGES TIER 3,AM,COMPUTER SCIENCE AND ENGINEERING (AI AND MACHINE LEARNING),199016,238784,228443,227628,215079,,,0,1,1,1,1,0,0
2705,"CSI College of Engineering, Ketti Valley, The Nilgiris-643215.",THE NILGIRIS,SELF FINANCING COLLEGES TIER 3,CS,COMPUTER SCIENCE AND ENGINEERING,239287,,,,,,,1,0,0,0,0,0,0
2705,"CSI College of Engineering, Ketti Valley, The Nilgiris-643215.",THE NILGIRIS,SELF FINANCING COLLEGES TIER 3,EC,ELECTRONICS AND COMMUNICATION ENGINEERING,205520,230574,,236361,,,,0,1,0,1,0,0,0
2705,"CSI College of Engineering, Ketti Valley, The Nilgiris-643215.",THE NILGIRIS,SELF FINANCING COLLEGES TIER 3,IT,INFORMATION TECHNOLOGY,226612,237306,,228287,236902,,,0,1,0,1,1,0,0
2705,"CSI College of Engineering, Ketti Valley, The Nilgiris-643215.",THE NILGIRIS,SELF FINANCING COLLEGES TIER 3,ME,MECHANICAL ENGINEERING,238419,,,,,,,1,0,0,0,0,0,0
2705,"CSI College of Engineering, Ketti Valley, The Nilgiris-643215.",THE NILGIRIS,SELF FINANCING COLLEGES TIER 3,SC,Computer Science and Engineering (Cyber Security),197915,239049,198793,234390,230286,,,0,1,0,1,1,0,0
2706,"Dr Mahalingam College of Engineering and Technology (Autonomous), Mackkinaickenpatti Post, Udumalai Road, Pollachi, Coimbatore-642003.",COIMBATORE,SELF FINANCING COLLEGES TIER 1,AD,Artificial Intelligence and Data Science,27917,36703,33226,45178,159936,114075,136252,0,0,0,0,0,0,0
2706,"Dr Mahalingam College of Engineering and Technology (Autonomous), Mackkinaickenpatti Post, Udumalai Road, Pollachi, Coimbatore-642003.",COIMBATORE,SELF FINANCING COLLEGES TIER 1,AM,COMPUTER SCIENCE AND ENGINEERING (AI AND MACHINE LEARNING),25001,34707,33455,46071,151267,161840,143863,0,0,0,0,0,0,0
2706,"Dr Mahalingam College of Engineering and Technology (Autonomous), Mackkinaickenpatti Post, Udumalai Road, Pollachi, Coimbatore-642003.",COIMBATORE,SELF FINANCING COLLEGES TIER 1,AU,AUTOMOBILE ENGINEERING,78710,101027,115674,129069,227043,179976,,0,0,0,0,1,0,0
2706,"Dr Mahalingam College of Engineering and Technology (Autonomous), Mackkinaickenpatti Post, Udumalai Road, Pollachi, Coimbatore-642003.",COIMBATORE,SELF FINANCING COLLEGES TIER 1,CE,CIVIL  ENGINEERING,74753,110997,83275,133820,187551,,,0,0,0,0,0,0,0
2706,"Dr Mahalingam College of Engineering and Technology (Autonomous), Mackkinaickenpatti Post, Udumalai Road, Pollachi, Coimbatore-642003.",COIMBATORE,SELF FINANCING COLLEGES TIER 1,CS,COMPUTER SCIENCE AND ENGINEERING,18352,32712,39665,45218,142176,160496,,0,0,0,0,0,0,0
2706,"Dr Mahalingam College of Engineering and Technology (Autonomous), Mackkinaickenpatti Post, Udumalai Road, Pollachi, Coimbatore-642003.",COIMBATORE,SELF FINANCING COLLEGES TIER 1,EC,ELECTRONICS AND COMMUNICATION ENGINEERING,23030,33970,38130,42690,141691,115631,,0,0,0,0,0,0,0
2706,"Dr Mahalingam College of Engineering and Technology (Autonomous), Mackkinaickenpatti Post, Udumalai Road, Pollachi, Coimbatore-642003.",COIMBATORE,SELF FINANCING COLLEGES TIER 1,EE,ELECTRICAL AND ELECTRONICS ENGINEERING,40578,44320,53014,64142,211351,234889,,0,0,0,0,0,1,0
2706,"Dr Mahalingam College of Engineering and Technology (Autonomous), Mackkinaickenpatti Post, Udumalai Road, Pollachi, Coimbatore-642003.",COIMBATORE,SELF FINANCING COLLEGES TIER 1,EV,Electronics Engineering (VLSI Design and Technology),35523,40467,50067,60212,132255,,,0,0,0,0,0,0,0
2706,"Dr Mahalingam College of Engineering and Technology (Autonomous), Mackkinaickenpatti Post, Udumalai Road, Pollachi, Coimbatore-642003.",COIMBATORE,SELF FINANCING COLLEGES TIER 1,IT,INFORMATION TECHNOLOGY,27621,37000,43181,49988,154029,192421,133166,0,0,0,0,0,0,0
2706,"Dr Mahalingam College of Engineering and Technology (Autonomous), Mackkinaickenpatti Post, Udumalai Road, Pollachi, Coimbatore-642003.",COIMBATORE,SELF FINANCING COLLEGES TIER 1,ME,MECHANICAL ENGINEERING,53746,64801,76193,74524,227016,169289,,0,0,0,0,0,0,0
2706,"Dr Mahalingam College of Engineering and Technology (Autonomous), Mackkinaickenpatti Post, Udumalai Road, Pollachi, Coimbatore-642003.",COIMBATORE,SELF FINANCING COLLEGES TIER 1,SC,Computer Science and Engineering (Cyber Security),27472,36520,40644,41116,143466,179945,,0,0,0,0,0,0,0
2707,"Erode Sengunthar Engineering College (Autonomous), Thudupathi, Perundurai (Tk), Erode District-638057.",ERODE,SELF FINANCING COLLEGES TIER 3,AD,Artificial Intelligence and Data Science,116325,156704,203422,165321,226937,188532,189323,0,0,0,0,0,0,0
2707,"Erode Sengunthar Engineering College (Autonomous), Thudupathi, Perundurai (Tk), Erode District-638057.",ERODE,SELF FINANCING COLLEGES TIER 3,AG,AGRICULTURAL ENGINEERING,185225,226846,,233413,235573,225846,,0,0,0,0,1,0,0
2707,"Erode Sengunthar Engineering College (Autonomous), Thudupathi, Perundurai (Tk), Erode District-638057.",ERODE,SELF FINANCING COLLEGES TIER 3,AM,COMPUTER SCIENCE AND ENGINEERING (AI AND MACHINE LEARNING),124917,166885,149096,177161,236657,225734,,0,0,0,0,0,0,0
2707,"Erode Sengunthar Engineering College (Autonomous), Thudupathi, Perundurai (Tk), Erode District-638057.",ERODE,SELF FINANCING COLLEGES TIER 3,BM,BIO MEDICAL ENGINEERING,167530,230169,,217215,231221,208499,224584,0,0,0,0,1,0,0
2707,"Erode Sengunthar Engineering College (Autonomous), Thudupathi, Perundurai (Tk), Erode District-638057.",ERODE,SELF FINANCING COLLEGES TIER 3,BT,BIO TECHNOLOGY,180902,233898,,229360,237985,238726,,0,0,0,0,1,0,0
2707,"Erode Sengunthar Engineering College (Autonomous), Thudupathi, Perundurai (Tk), Erode District-638057.",ERODE,SELF FINANCING COLLEGES TIER 3,CD,COMPUTER SCIENCE AND DESIGN,167295,183200,219222,188882,231601,173748,221294,0,0,1,0,1,0,0
2707,"Erode Sengunthar Engineering College (Autonomous), Thudupathi, Perundurai (Tk), Erode District-638057.",ERODE,SELF FINANCING COLLEGES TIER 3,CE,CIVIL  ENGINEERING,210851,233369,,228267,237384,,,0,0,0,0,1,0,0
2707,"Erode Sengunthar Engineering College (Autonomous), Thudupathi, Perundurai (Tk), Erode District-638057.",ERODE,SELF FINANCING COLLEGES TIER 3,CH,CHEMICAL  ENGINEERING,140980,231097,,231896,227279,238815,,0,0,0,0,0,0,0
2707,"Erode Sengunthar Engineering College (Autonomous), Thudupathi, Perundurai (Tk), Erode District-638057.",ERODE,SELF FINANCING COLLEGES TIER 3,CI,Computer Science and Engineering (Internet of Things),165848,185663,209094,189220,237858,214572,,0,0,0,0,1,1,0
2707,"Erode Sengunthar Engineering College (Autonomous), Thudupathi, Perundurai (Tk), Erode District-638057.",ERODE,SELF FINANCING COLLEGES TIER 3,CJ,M.Tech. Computer Science and Engineering (Integrated 5 years),135491,189822,219373,195719,180190,,,0,0,0,0,1,0,0
2707,"Erode Sengunthar Engineering College (Autonomous), Thudupathi, Perundurai (Tk), Erode District-638057.",ERODE,SELF FINANCING COLLEGES TIER 3,CS,COMPUTER SCIENCE AND ENGINEERING,111116,160477,182175,163618,224833,217846,,0,0,0,0,1,0,0
2707,"Erode Sengunthar Engineering College (Autonomous), Thudupathi, Perundurai (Tk), Erode District-638057.",ERODE,SELF FINANCING COLLEGES TIER 3,EC,ELECTRONICS AND COMMUNICATION ENGINEERING,134365,177166,232538,183011,227029,237035,,0,0,1,0,1,0,0
2707,"Erode Sengunthar Engineering College (Autonomous), Thudupathi, Perundurai (Tk), Erode District-638057.",ERODE,SELF FINANCING COLLEGES TIER 3,EE,ELECTRICAL AND ELECTRONICS ENGINEERING,151669,193014,,201617,238011,231733,,0,0,0,0,1,0,0
2707,"Erode Sengunthar Engineering College (Autonomous), Thudupathi, Perundurai (Tk), Erode District-638057.",ERODE,SELF FINANCING COLLEGES TIER 3,EI,ELECTRONICS AND INSTRUMENTATION ENGINEERING,188050,205861,,205034,235723,199720,,0,0,0,0,1,0,0
2707,"Erode Sengunthar Engineering College (Autonomous), Thudupathi, Perundurai (Tk), Erode District-638057.",ERODE,SELF FINANCING COLLEGES TIER 3,IT,INFORMATION TECHNOLOGY,132416,166378,227572,173833,238490,226394,,0,0,1,0,1,0,0
2707,"Erode Sengunthar Engineering College (Autonomous), Thudupathi, Perundurai (Tk), Erode District-638057.",ERODE,SELF FINANCING COLLEGES TIER 3,ME,MECHANICAL ENGINEERING,170595,218444,229620,225183,234627,215652,,0,0,1,0,0,0,0
2707,"Erode Sengunthar Engineering College (Autonomous), Thudupathi, Perundurai (Tk), Erode District-638057.",ERODE,SELF FINANCING COLLEGES TIER 3,RM,ROBOTICS AND AUTOMATION,179744,208858,,217919,,233540,,0,0,0,0,0,1,0
2707,"Erode Sengunthar Engineering College (Autonomous), Thudupathi, Perundurai (Tk), Erode District-638057.",ERODE,SELF FINANCING COLLEGES TIER 3,SC,Computer Science and Engineering (Cyber Security),91597,148013,204038,144558,228461,166481,227487,0,0,0,0,0,0,0
2707,"Erode Sengunthar Engineering College (Autonomous), Thudupathi, Perundurai (Tk), Erode District-638057.",ERODE,SELF FINANCING COLLEGES TIER 3,XM,MECHANICAL ENGINEERING (TAMIL MEDIUM),229978,239275,,233620,231703,232543,,0,1,0,1,1,0,0
2708,"Hindusthan College of Engineering and Technology(Autonomous), Othakkalmandapam Village, Coimbatore South Taluk, Coimbatore District-641032.",COIMBATORE,SELF FINANCING COLLEGES TIER 3,AE,AERONAUTICAL ENGINEERING,54952,98687,123362,130388,163616,117714,,0,0,0,0,0,0,0
2708,"Hindusthan College of Engineering and Technology(Autonomous), Othakkalmandapam Village, Coimbatore South Taluk, Coimbatore District-641032.",COIMBATORE,SELF FINANCING COLLEGES TIER 3,AG,AGRICULTURAL ENGINEERING,110395,164509,163166,189835,161146,,,0,0,1,0,1,0,0
2708,"Hindusthan College of Engineering and Technology(Autonomous), Othakkalmandapam Village, Coimbatore South Taluk, Coimbatore District-641032.",COIMBATORE,SELF FINANCING COLLEGES TIER 3,AL,Artificial Intelligence and Machine Learning,52635,70152,89220,74116,149769,180070,,0,0,0,0,0,0,0
2708,"Hindusthan College of Engineering and Technology(Autonomous), Othakkalmandapam Village, Coimbatore South Taluk, Coimbatore District-641032.",COIMBATORE,SELF FINANCING COLLEGES TIER 3,AU,AUTOMOBILE ENGINEERING,140779,166318,155307,170598,233763,,,0,0,0,0,1,0,0
2708,"Hindusthan College of Engineering and Technology(Autonomous), Othakkalmandapam Village, Coimbatore South Taluk, Coimbatore District-641032.",COIMBATORE,SELF FINANCING COLLEGES TIER 3,BM,BIO MEDICAL ENGINEERING,96096,130909,,150471,230831,166745,,0,0,0,0,1,0,0
2708,"Hindusthan College of Engineering and Technology(Autonomous), Othakkalmandapam Village, Coimbatore South Taluk, Coimbatore District-641032.",COIMBATORE,SELF FINANCING COLLEGES TIER 3,CB,COMPUTER SCIENCE AND BUSSINESS SYSTEM,61807,78882,95411,78595,190135,148092,211160,0,0,0,0,0,0,0
2708,"Hindusthan College of Engineering and Technology(Autonomous), Othakkalmandapam Village, Coimbatore South Taluk, Coimbatore District-641032.",COIMBATORE,SELF FINANCING COLLEGES TIER 3,CE,CIVIL  ENGINEERING,91691,152468,142408,174159,203236,,,0,0,0,0,0,0,0
2708,"Hindusthan College of Engineering and Technology(Autonomous), Othakkalmandapam Village, Coimbatore South Taluk, Coimbatore District-641032.",COIMBATORE,SELF FINANCING COLLEGES TIER 3,CH,CHEMICAL  ENGINEERING,58324,98256,66118,137454,228810,214541,,0,0,0,0,1,0,0
2708,"Hindusthan College of Engineering and Technology(Autonomous), Othakkalmandapam Village, Coimbatore South Taluk, Coimbatore District-641032.",COIMBATORE,SELF FINANCING COLLEGES TIER 3,CS,COMPUTER SCIENCE AND ENGINEERING,33347,56865,38881,62432,161093,192744,80116,0,0,0,0,0,0,0
2708,"Hindusthan College of Engineering and Technology(Autonomous), Othakkalmandapam Village, Coimbatore South Taluk, Coimbatore District-641032.",COIMBATORE,SELF FINANCING COLLEGES TIER 3,EC,ELECTRONICS AND COMMUNICATION ENGINEERING,39494,60225,72944,58457,150222,166108,113995,0,0,0,0,0,0,0
2708,"Hindusthan College of Engineering and Technology(Autonomous), Othakkalmandapam Village, Coimbatore South Taluk, Coimbatore District-641032.",COIMBATORE,SELF FINANCING COLLEGES TIER 3,EE,ELECTRICAL AND ELECTRONICS ENGINEERING,66834,84019,100044,103531,192289,,,0,0,0,0,0,0,0
2708,"Hindusthan College of Engineering and Technology(Autonomous), Othakkalmandapam Village, Coimbatore South Taluk, Coimbatore District-641032.",COIMBATORE,SELF FINANCING COLLEGES TIER 3,EI,ELECTRONICS AND INSTRUMENTATION ENGINEERING,79102,102300,190118,129224,198011,212471,,0,0,0,0,0,0,0
2708,"Hindusthan College of Engineering and Technology(Autonomous), Othakkalmandapam Village, Coimbatore South Taluk, Coimbatore District-641032.",COIMBATORE,SELF FINANCING COLLEGES TIER 3,FD,FOOD TECHNOLOGY,97952,133762,181967,200533,184201,98322,,0,0,0,0,0,0,0
2708,"Hindusthan College of Engineering and Technology(Autonomous), Othakkalmandapam Village, Coimbatore South Taluk, Coimbatore District-641032.",COIMBATORE,SELF FINANCING COLLEGES TIER 3,IT,INFORMATION TECHNOLOGY,47984,66413,85891,66913,144067,129682,164072,0,0,0,0,0,0,0
2708,"Hindusthan College of Engineering and Technology(Autonomous), Othakkalmandapam Village, Coimbatore South Taluk, Coimbatore District-641032.",COIMBATORE,SELF FINANCING COLLEGES TIER 3,ME,MECHANICAL ENGINEERING,106220,154705,136120,142185,213883,196322,235675,0,0,0,0,1,1,0
2708,"Hindusthan College of Engineering and Technology(Autonomous), Othakkalmandapam Village, Coimbatore South Taluk, Coimbatore District-641032.",COIMBATORE,SELF FINANCING COLLEGES TIER 3,MZ,Mechatronics Engineering,87520,137239,109569,169641,222639,231668,,0,0,0,0,0,0,0
2708,"Hindusthan College of Engineering and Technology(Autonomous), Othakkalmandapam Village, Coimbatore South Taluk, Coimbatore District-641032.",COIMBATORE,SELF FINANCING COLLEGES TIER 3,SC,Computer Science and Engineering (Cyber Security),45835,66802,55749,63518,149605,175033,224118,0,0,0,0,0,0,0
2710,"Karpagam College of Engineering (Autonomous), S.F.No.758,759,760 Othakkal Mandapam, Coimbatore -641032.",COIMBATORE,SELF FINANCING COLLEGES TIER 1,AD,Artificial Intelligence and Data Science,10472,17172,19911,21283,62139,38513,,0,0,0,0,0,0,0
2710,"Karpagam College of Engineering (Autonomous), S.F.No.758,759,760 Othakkal Mandapam, Coimbatore -641032.",COIMBATORE,SELF FINANCING COLLEGES TIER 1,CE,CIVIL  ENGINEERING,16736,59661,39422,67967,124841,111742,,0,0,0,0,0,0,0
2710,"Karpagam College of Engineering (Autonomous), S.F.No.758,759,760 Othakkal Mandapam, Coimbatore -641032.",COIMBATORE,SELF FINANCING COLLEGES TIER 1,CS,COMPUTER SCIENCE AND ENGINEERING,10831,14736,14798,22276,45553,111136,114909,0,0,0,0,0,0,0
2710,"Karpagam College of Engineering (Autonomous), S.F.No.758,759,760 Othakkal Mandapam, Coimbatore -641032.",COIMBATORE,SELF FINANCING COLLEGES TIER 1,EC,ELECTRONICS AND COMMUNICATION ENGINEERING,15797,22036,22033,33183,82814,132001,79926,0,0,0,0,0,0,0
2710,"Karpagam College of Engineering (Autonomous), S.F.No.758,759,760 Othakkal Mandapam, Coimbatore -641032.",COIMBATORE,SELF FINANCING COLLEGES TIER 1,EE,ELECTRICAL AND ELECTRONICS ENGINEERING,27081,37772,65482,53123,136798,120614,177710,0,0,0,0,0,0,0
2710,"Karpagam College of Engineering (Autonomous), S.F.No.758,759,760 Othakkal Mandapam, Coimbatore -641032.",COIMBATORE,SELF FINANCING COLLEGES TIER 1,EV,Electronics Engineering (VLSI Design and Technology),22679,24598,23609,33886,132897,106082,,0,0,0,0,0,0,0
2710,"Karpagam College of Engineering (Autonomous), S.F.No.758,759,760 Othakkal Mandapam, Coimbatore -641032.",COIMBATORE,SELF FINANCING COLLEGES TIER 1,IT,INFORMATION TECHNOLOGY,16841,21468,26934,32168,70981,98120,115622,0,0,0,0,0,0,0
2710,"Karpagam College of Engineering (Autonomous), S.F.No.758,759,760 Othakkal Mandapam, Coimbatore -641032.",COIMBATORE,SELF FINANCING COLLEGES TIER 1,ME,MECHANICAL ENGINEERING,24860,51062,65827,66025,137009,98249,190320,0,0,0,0,0,0,0
2710,"Karpagam College of Engineering (Autonomous), S.F.No.758,759,760 Othakkal Mandapam, Coimbatore -641032.",COIMBATORE,SELF FINANCING COLLEGES TIER 1,SC,Computer Science and Engineering (Cyber Security),7129,20090,12157,24540,66561,43222,,0,0,0,0,0,0,0
2711,"Kongu Engineering College (Autonomous), Perundurai Railway Station Road,Thoppupalayam,Perundurai, Erode-638052.",ERODE,SELF FINANCING COLLEGES TIER 1,AD,Artificial Intelligence and Data Science,26400,33729,49097,41398,155090,191482,,0,0,0,0,0,0,0
2711,"Kongu Engineering College (Autonomous), Perundurai Railway Station Road,Thoppupalayam,Perundurai, Erode-638052.",ERODE,SELF FINANCING COLLEGES TIER 1,AL,Artificial Intelligence and Machine Learning,25578,33768,46388,40455,140352,199321,,0,0,0,0,0,0,0
2711,"Kongu Engineering College (Autonomous), Perundurai Railway Station Road,Thoppupalayam,Perundurai, Erode-638052.",ERODE,SELF FINANCING COLLEGES TIER 1,AU,AUTOMOBILE ENGINEERING,68093,75507,,92451,197212,,,0,0,0,0,0,0,0
2711,"Kongu Engineering College (Autonomous), Perundurai Railway Station Road,Thoppupalayam,Perundurai, Erode-638052.",ERODE,SELF FINANCING COLLEGES TIER 1,CD,COMPUTER SCIENCE AND DESIGN,34908,38500,59783,51074,195536,202353,160509,0,0,0,0,0,0,0
2711,"Kongu Engineering College (Autonomous), Perundurai Railway Station Road,Thoppupalayam,Perundurai, Erode-638052.",ERODE,SELF FINANCING COLLEGES TIER 1,CE,CIVIL  ENGINEERING,57585,78051,125480,78798,182945,196125,,0,0,0,0,0,0,0
2711,"Kongu Engineering College (Autonomous), Perundurai Railway Station Road,Thoppupalayam,Perundurai, Erode-638052.",ERODE,SELF FINANCING COLLEGES TIER 1,CH,CHEMICAL  ENGINEERING,49437,65614,52662,59144,210160,208536,,0,0,0,0,1,0,0
2711,"Kongu Engineering College (Autonomous), Perundurai Railway Station Road,Thoppupalayam,Perundurai, Erode-638052.",ERODE,SELF FINANCING COLLEGES TIER 1,CS,COMPUTER SCIENCE AND ENGINEERING,20273,28607,36340,36937,139112,184303,143962,0,0,0,0,0,0,0
2711,"Kongu Engineering College (Autonomous), Perundurai Railway Station Road,Thoppupalayam,Perundurai, Erode-638052.",ERODE,SELF FINANCING COLLEGES TIER 1,EC,ELECTRONICS AND COMMUNICATION ENGINEERING,23080,30890,39653,39100,163267,144022,227170,0,0,0,0,0,0,0
2711,"Kongu Engineering College (Autonomous), Perundurai Railway Station Road,Thoppupalayam,Perundurai, Erode-638052.",ERODE,SELF FINANCING COLLEGES TIER 1,EE,ELECTRICAL AND ELECTRONICS ENGINEERING,32996,38926,51571,52673,189933,183660,,0,0,0,0,0,0,0
2711,"Kongu Engineering College (Autonomous), Perundurai Railway Station Road,Thoppupalayam,Perundurai, Erode-638052.",ERODE,SELF FINANCING COLLEGES TIER 1,EI,ELECTRONICS AND INSTRUMENTATION ENGINEERING,39278,47106,67425,65070,221470,219981,209145,0,0,0,0,0,0,0
2711,"Kongu Engineering College (Autonomous), Perundurai Railway Station Road,Thoppupalayam,Perundurai, Erode-638052.",ERODE,SELF FINANCING COLLEGES TIER 1,FD,FOOD TECHNOLOGY,54052,79249,,101673,233444,217454,,0,0,0,0,0,0,0
2711,"Kongu Engineering College (Autonomous), Perundurai Railway Station Road,Thoppupalayam,Perundurai, Erode-638052.",ERODE,SELF FINANCING COLLEGES TIER 1,IT,INFORMATION TECHNOLOGY,28943,32363,39447,39744,168414,195916,217950,0,0,0,0,0,0,0
2711,"Kongu Engineering College (Autonomous), Perundurai Railway Station Road,Thoppupalayam,Perundurai, Erode-638052.",ERODE,SELF FINANCING COLLEGES TIER 1,ME,MECHANICAL ENGINEERING,50412,55073,76063,70651,150773,227811,,0,0,0,0,0,0,0
2711,"Kongu Engineering College (Autonomous), Perundurai Railway Station Road,Thoppupalayam,Perundurai, Erode-638052.",ERODE,SELF FINANCING COLLEGES TIER 1,MZ,Mechatronics Engineering,45320,53356,70518,67821,229294,,,0,0,0,0,0,0,0
2712,"Kumaraguru College of Technology (Autonomous), Chinnavedampatti, Coimbatore-641049.",COIMBATORE,SELF FINANCING COLLEGES TIER 1,AD,Artificial Intelligence and Data Science,5605,7600,9481,10410,42853,56645,,0,0,0,0,0,0,0
2712,"Kumaraguru College of Technology (Autonomous), Chinnavedampatti, Coimbatore-641049.",COIMBATORE,SELF FINANCING COLLEGES TIER 1,AE,AERONAUTICAL ENGINEERING,17078,27388,52380,45077,80809,78632,104191,0,0,0,0,0,0,0
2712,"Kumaraguru College of Technology (Autonomous), Chinnavedampatti, Coimbatore-641049.",COIMBATORE,SELF FINANCING COLLEGES TIER 1,AU,AUTOMOBILE ENGINEERING,28585,34691,41320,39106,71988,,,0,0,0,0,0,0,0
2712,"Kumaraguru College of Technology (Autonomous), Chinnavedampatti, Coimbatore-641049.",COIMBATORE,SELF FINANCING COLLEGES TIER 1,BT,BIO TECHNOLOGY,15310,21012,35552,29510,77652,68345,142296,0,0,0,0,0,0,0
2712,"Kumaraguru College of Technology (Autonomous), Chinnavedampatti, Coimbatore-641049.",COIMBATORE,SELF FINANCING COLLEGES TIER 1,CE,CIVIL  ENGINEERING,30703,41748,46366,43278,76266,94308,,0,0,0,0,0,0,0
2712,"Kumaraguru College of Technology (Autonomous), Chinnavedampatti, Coimbatore-641049.",COIMBATORE,SELF FINANCING COLLEGES TIER 1,CS,COMPUTER SCIENCE AND ENGINEERING,4268,5862,9651,9638,38264,59423,53420,0,0,0,0,0,0,0
2712,"Kumaraguru College of Technology (Autonomous), Chinnavedampatti, Coimbatore-641049.",COIMBATORE,SELF FINANCING COLLEGES TIER 1,EC,ELECTRONICS AND COMMUNICATION ENGINEERING,5285,6777,10931,8532,41092,76769,70386,0,0,0,0,0,0,0
2712,"Kumaraguru College of Technology (Autonomous), Chinnavedampatti, Coimbatore-641049.",COIMBATORE,SELF FINANCING COLLEGES TIER 1,EE,ELECTRICAL AND ELECTRONICS ENGINEERING,9713,11665,16471,14542,50073,90652,102021,0,0,0,0,0,0,0
2712,"Kumaraguru College of Technology (Autonomous), Chinnavedampatti, Coimbatore-641049.",COIMBATORE,SELF FINANCING COLLEGES TIER 1,EI,ELECTRONICS AND INSTRUMENTATION ENGINEERING,13415,16088,15714,24734,77784,132654,,0,0,0,0,0,0,0
2712,"Kumaraguru College of Technology (Autonomous), Chinnavedampatti, Coimbatore-641049.",COIMBATORE,SELF FINANCING COLLEGES TIER 1,FT,FASHION TECHNOLOGY,44095,55490,84931,69714,172776,145429,,0,0,0,0,0,0,0
2712,"Kumaraguru College of Technology (Autonomous), Chinnavedampatti, Coimbatore-641049.",COIMBATORE,SELF FINANCING COLLEGES TIER 1,IT,INFORMATION TECHNOLOGY,6070,7042,10496,10632,39694,40572,66034,0,0,0,0,0,0,0
2712,"Kumaraguru College of Technology (Autonomous), Chinnavedampatti, Coimbatore-641049.",COIMBATORE,SELF FINANCING COLLEGES TIER 1,ME,MECHANICAL ENGINEERING,22428,27495,33082,36600,85851,91830,,0,0,0,0,0,0,0
2712,"Kumaraguru College of Technology (Autonomous), Chinnavedampatti, Coimbatore-641049.",COIMBATORE,SELF FINANCING COLLEGES TIER 1,MZ,Mechatronics Engineering,18273,21951,20918,33992,86901,38609,,0,0,0,0,0,0,0
2712,"Kumaraguru College of Technology (Autonomous), Chinnavedampatti, Coimbatore-641049.",COIMBATORE,SELF FINANCING COLLEGES TIER 1,TX,TEXTILE TECHNOLOGY,43090,54401,,75836,145169,,,0,0,0,0,0,0,0
2713,"M.P.Nachimuthu M.Jaganathan Engineering College, Chennimalai, Erode-638112.",ERODE,SELF FINANCING COLLEGES TIER 3,CE,CIVIL  ENGINEERING,230748,,,,238283,,,0,0,0,0,0,0,0
2713,"M.P.Nachimuthu M.Jaganathan Engineering College, Chennimalai, Erode-638112.",ERODE,SELF FINANCING COLLEGES TIER 3,CS,COMPUTER SCIENCE AND ENGINEERING,161639,223576,190604,223163,225066,178748,,0,0,1,1,0,0,0
2713,"M.P.Nachimuthu M.Jaganathan Engineering College, Chennimalai, Erode-638112.",ERODE,SELF FINANCING COLLEGES TIER 3,EC,ELECTRONICS AND COMMUNICATION ENGINEERING,138979,217812,232269,215641,209736,175309,,0,0,1,1,0,0,0
2713,"M.P.Nachimuthu M.Jaganathan Engineering College, Chennimalai, Erode-638112.",ERODE,SELF FINANCING COLLEGES TIER 3,EE,ELECTRICAL AND ELECTRONICS ENGINEERING,185880,237241,,238173,227220,220799,,0,0,0,1,0,0,0
2713,"M.P.Nachimuthu M.Jaganathan Engineering College, Chennimalai, Erode-638112.",ERODE,SELF FINANCING COLLEGES TIER 3,IT,INFORMATION TECHNOLOGY,165072,227458,208210,235997,206928,167936,,0,0,0,1,0,0,0
2713,"M.P.Nachimuthu M.Jaganathan Engineering College, Chennimalai, Erode-638112.",ERODE,SELF FINANCING COLLEGES TIER 3,ME,MECHANICAL ENGINEERING,222270,235774,,236140,224245,237060,,0,1,0,1,1,0,0
2715,"Nandha Engineering College (Autonomous), 28, Chennimalaipalayam Road, Pitchandampalayam Post, Erode-638052.",ERODE,SELF FINANCING COLLEGES TIER 3,AD,Artificial Intelligence and Data Science,97267,136165,175890,138044,223332,102043,,0,0,0,0,0,0,0
2715,"Nandha Engineering College (Autonomous), 28, Chennimalaipalayam Road, Pitchandampalayam Post, Erode-638052.",ERODE,SELF FINANCING COLLEGES TIER 3,AG,AGRICULTURAL ENGINEERING,146378,227103,165635,212523,220447,195099,186164,0,1,1,0,1,0,0
2715,"Nandha Engineering College (Autonomous), 28, Chennimalaipalayam Road, Pitchandampalayam Post, Erode-638052.",ERODE,SELF FINANCING COLLEGES TIER 3,BM,BIO MEDICAL ENGINEERING,144212,227443,234665,205882,238118,154986,,0,1,0,0,1,0,0
2715,"Nandha Engineering College (Autonomous), 28, Chennimalaipalayam Road, Pitchandampalayam Post, Erode-638052.",ERODE,SELF FINANCING COLLEGES TIER 3,CE,CIVIL  ENGINEERING,152754,204268,223019,162669,235381,217591,,0,0,0,0,0,0,0
2715,"Nandha Engineering College (Autonomous), 28, Chennimalaipalayam Road, Pitchandampalayam Post, Erode-638052.",ERODE,SELF FINANCING COLLEGES TIER 3,CH,CHEMICAL  ENGINEERING,151271,219118,194896,160045,230958,,,0,0,0,0,1,0,0
2715,"Nandha Engineering College (Autonomous), 28, Chennimalaipalayam Road, Pitchandampalayam Post, Erode-638052.",ERODE,SELF FINANCING COLLEGES TIER 3,CI,Computer Science and Engineering (Internet of Things),119252,146511,168742,154699,228913,208714,224907,0,0,0,0,1,0,0
2715,"Nandha Engineering College (Autonomous), 28, Chennimalaipalayam Road, Pitchandampalayam Post, Erode-638052.",ERODE,SELF FINANCING COLLEGES TIER 3,CS,COMPUTER SCIENCE AND ENGINEERING,74256,119631,91397,136566,232713,174832,,0,0,0,0,0,0,0
2715,"Nandha Engineering College (Autonomous), 28, Chennimalaipalayam Road, Pitchandampalayam Post, Erode-638052.",ERODE,SELF FINANCING COLLEGES TIER 3,EC,ELECTRONICS AND COMMUNICATION ENGINEERING,93415,134540,142752,140837,228172,142380,,0,0,0,0,0,0,0
2715,"Nandha Engineering College (Autonomous), 28, Chennimalaipalayam Road, Pitchandampalayam Post, Erode-638052.",ERODE,SELF FINANCING COLLEGES TIER 3,EE,ELECTRICAL AND ELECTRONICS ENGINEERING,125452,156533,223050,163221,220095,199840,,0,0,0,0,1,0,0
2715,"Nandha Engineering College (Autonomous), 28, Chennimalaipalayam Road, Pitchandampalayam Post, Erode-638052.",ERODE,SELF FINANCING COLLEGES TIER 3,IT,INFORMATION TECHNOLOGY,112691,140734,146325,147597,223094,202127,,0,0,0,0,1,0,0
2715,"Nandha Engineering College (Autonomous), 28, Chennimalaipalayam Road, Pitchandampalayam Post, Erode-638052.",ERODE,SELF FINANCING COLLEGES TIER 3,ME,MECHANICAL ENGINEERING,158450,212468,189878,193379,237763,,,0,0,0,0,1,0,0
2715,"Nandha Engineering College (Autonomous), 28, Chennimalaipalayam Road, Pitchandampalayam Post, Erode-638052.",ERODE,SELF FINANCING COLLEGES TIER 3,SC,Computer Science and Engineering (Cyber Security),96359,125695,74236,115515,236497,203619,206145,0,0,0,0,1,0,0
2716,"Park College of Engineering and Technology (Autonomous), Avinashi Road (NH-47), Kaniyur,Coimbatore-641659.",COIMBATORE,SELF FINANCING COLLEGES TIER 3,AD,Artificial Intelligence and Data Science,104091,135747,153302,143354,229571,134996,,0,0,0,0,1,0,0
2716,"Park College of Engineering and Technology (Autonomous), Avinashi Road (NH-47), Kaniyur,Coimbatore-641659.",COIMBATORE,SELF FINANCING COLLEGES TIER 3,AE,AERONAUTICAL ENGINEERING,118491,193521,217123,223609,228283,237369,,0,0,0,0,1,0,0
2716,"Park College of Engineering and Technology (Autonomous), Avinashi Road (NH-47), Kaniyur,Coimbatore-641659.",COIMBATORE,SELF FINANCING COLLEGES TIER 3,AG,AGRICULTURAL ENGINEERING,208067,208900,,230052,,210182,,0,1,0,1,0,0,0
2716,"Park College of Engineering and Technology (Autonomous), Avinashi Road (NH-47), Kaniyur,Coimbatore-641659.",COIMBATORE,SELF FINANCING COLLEGES TIER 3,BM,BIO MEDICAL ENGINEERING,175294,230782,192779,195305,206250,195061,,0,1,0,1,1,0,0
2716,"Park College of Engineering and Technology (Autonomous), Avinashi Road (NH-47), Kaniyur,Coimbatore-641659.",COIMBATORE,SELF FINANCING COLLEGES TIER 3,CS,COMPUTER SCIENCE AND ENGINEERING,105129,154015,153305,137390,165909,130482,,0,0,0,0,0,0,0
2716,"Park College of Engineering and Technology (Autonomous), Avinashi Road (NH-47), Kaniyur,Coimbatore-641659.",COIMBATORE,SELF FINANCING COLLEGES TIER 3,EC,ELECTRONICS AND COMMUNICATION ENGINEERING,134125,168303,185384,168714,182831,202479,,0,0,0,0,0,0,0
2716,"Park College of Engineering and Technology (Autonomous), Avinashi Road (NH-47), Kaniyur,Coimbatore-641659.",COIMBATORE,SELF FINANCING COLLEGES TIER 3,EE,ELECTRICAL AND ELECTRONICS ENGINEERING,154416,216588,173452,189191,230732,202547,,0,0,0,0,1,0,0
2716,"Park College of Engineering and Technology (Autonomous), Avinashi Road (NH-47), Kaniyur,Coimbatore-641659.",COIMBATORE,SELF FINANCING COLLEGES TIER 3,GI,GEO INFORMATICS,151303,223049,,211971,,,,0,1,0,1,0,0,0
2716,"Park College of Engineering and Technology (Autonomous), Avinashi Road (NH-47), Kaniyur,Coimbatore-641659.",COIMBATORE,SELF FINANCING COLLEGES TIER 3,IT,INFORMATION TECHNOLOGY,118449,163685,155011,157898,207955,,,0,0,0,0,0,0,0
2716,"Park College of Engineering and Technology (Autonomous), Avinashi Road (NH-47), Kaniyur,Coimbatore-641659.",COIMBATORE,SELF FINANCING COLLEGES TIER 3,MD,MEDICAL ELECTRONICS ENGINEERING,209543,,,221743,216707,,,0,0,0,1,1,0,0
2716,"Park College of Engineering and Technology (Autonomous), Avinashi Road (NH-47), Kaniyur,Coimbatore-641659.",COIMBATORE,SELF FINANCING COLLEGES TIER 3,ME,MECHANICAL ENGINEERING,184163,203795,219968,234320,222733,,,0,1,0,0,1,0,0
2716,"Park College of Engineering and Technology (Autonomous), Avinashi Road (NH-47), Kaniyur,Coimbatore-641659.",COIMBATORE,SELF FINANCING COLLEGES TIER 3,MZ,Mechatronics Engineering,167837,223923,222552,218152,181653,,,0,0,0,0,1,0,0
2716,"Park College of Engineering and Technology (Autonomous), Avinashi Road (NH-47), Kaniyur,Coimbatore-641659.",COIMBATORE,SELF FINANCING COLLEGES TIER 3,RM,ROBOTICS AND AUTOMATION,150444,181610,173593,203310,204643,,,0,0,0,0,0,0,0
2716,"Park College of Engineering and Technology (Autonomous), Avinashi Road (NH-47), Kaniyur,Coimbatore-641659.",COIMBATORE,SELF FINANCING COLLEGES TIER 3,SC,Computer Science and Engineering (Cyber Security),109124,165148,160914,157108,138433,,,0,0,0,0,0,0,0
2716,"Park College of Engineering and Technology (Autonomous), Avinashi Road (NH-47), Kaniyur,Coimbatore-641659.",COIMBATORE,SELF FINANCING COLLEGES TIER 3,TX,TEXTILE TECHNOLOGY,237997,,,,,,,0,0,0,0,0,0,0
2717,"Sasurie College of Engineering, Vijayamangalam, Tirupur District-638056.",TIRUPPUR,SELF FINANCING COLLEGES TIER 3,AD,Artificial Intelligence and Data Science,189368,234020,218044,237531,204487,,,0,1,1,1,1,0,0
2717,"Sasurie College of Engineering, Vijayamangalam, Tirupur District-638056.",TIRUPPUR,SELF FINANCING COLLEGES TIER 3,CE,CIVIL  ENGINEERING,172843,,,,,,,1,0,0,0,0,0,0
2717,"Sasurie College of Engineering, Vijayamangalam, Tirupur District-638056.",TIRUPPUR,SELF FINANCING COLLEGES TIER 3,CS,COMPUTER SCIENCE AND ENGINEERING,197320,238199,213258,237195,238771,229757,,0,1,1,1,1,0,0
2717,"Sasurie College of Engineering, Vijayamangalam, Tirupur District-638056.",TIRUPPUR,SELF FINANCING COLLEGES TIER 3,EC,ELECTRONICS AND COMMUNICATION ENGINEERING,204865,235901,,233619,235730,225528,,0,1,0,1,1,0,0
2717,"Sasurie College of Engineering, Vijayamangalam, Tirupur District-638056.",TIRUPPUR,SELF FINANCING COLLEGES TIER 3,EE,ELECTRICAL AND ELECTRONICS ENGINEERING,231162,,,232189,,,,0,0,0,1,0,0,0
2717,"Sasurie College of Engineering, Vijayamangalam, Tirupur District-638056.",TIRUPPUR,SELF FINANCING COLLEGES TIER 3,IT,INFORMATION TECHNOLOGY,198739,235393,211058,224244,231492,230645,,0,1,1,1,1,0,0
2717,"Sasurie College of Engineering, Vijayamangalam, Tirupur District-638056.",TIRUPPUR,SELF FINANCING COLLEGES TIER 3,ME,MECHANICAL ENGINEERING,236399,,,239235,,,,0,0,0,1,0,0,0
2717,"Sasurie College of Engineering, Vijayamangalam, Tirupur District-638056.",TIRUPPUR,SELF FINANCING COLLEGES TIER 3,SC,Computer Science and Engineering (Cyber Security),219376,237166,,236530,236041,,,0,1,0,1,1,0,0
2718,"Sri Krishna College of Engineering and Technology (Autonomous), Sugunapuram, Kuniamuthur Post, Coimbatore-641008.",COIMBATORE,SELF FINANCING COLLEGES TIER 1,AD,Artificial Intelligence and Data Science,16658,23262,33410,29888,106595,136163,131814,0,0,0,0,0,0,0
2718,"Sri Krishna College of Engineering and Technology (Autonomous), Sugunapuram, Kuniamuthur Post, Coimbatore-641008.",COIMBATORE,SELF FINANCING COLLEGES TIER 1,AM,COMPUTER SCIENCE AND ENGINEERING (AI AND MACHINE LEARNING),12149,16406,27047,26104,70758,74521,,0,0,0,0,0,0,0
2718,"Sri Krishna College of Engineering and Technology (Autonomous), Sugunapuram, Kuniamuthur Post, Coimbatore-641008.",COIMBATORE,SELF FINANCING COLLEGES TIER 1,CB,COMPUTER SCIENCE AND BUSSINESS SYSTEM,19174,24177,31668,32141,101055,131563,,0,0,0,0,0,0,0
2718,"Sri Krishna College of Engineering and Technology (Autonomous), Sugunapuram, Kuniamuthur Post, Coimbatore-641008.",COIMBATORE,SELF FINANCING COLLEGES TIER 1,CE,CIVIL  ENGINEERING,44670,57788,52122,69203,132904,164009,,0,0,0,0,0,0,0
2718,"Sri Krishna College of Engineering and Technology (Autonomous), Sugunapuram, Kuniamuthur Post, Coimbatore-641008.",COIMBATORE,SELF FINANCING COLLEGES TIER 1,CI,Computer Science and Engineering (Internet of Things),22149,25012,33643,34591,99324,,,0,0,0,0,0,0,0
2718,"Sri Krishna College of Engineering and Technology (Autonomous), Sugunapuram, Kuniamuthur Post, Coimbatore-641008.",COIMBATORE,SELF FINANCING COLLEGES TIER 1,CJ,M.Tech. Computer Science and Engineering (Integrated 5 years),19830,25343,36343,35157,112438,139373,64314,0,0,0,0,0,0,0
2718,"Sri Krishna College of Engineering and Technology (Autonomous), Sugunapuram, Kuniamuthur Post, Coimbatore-641008.",COIMBATORE,SELF FINANCING COLLEGES TIER 1,CS,COMPUTER SCIENCE AND ENGINEERING,9615,14443,15949,21188,86171,119833,79223,0,0,0,0,0,0,0
2718,"Sri Krishna College of Engineering and Technology (Autonomous), Sugunapuram, Kuniamuthur Post, Coimbatore-641008.",COIMBATORE,SELF FINANCING COLLEGES TIER 1,EC,ELECTRONICS AND COMMUNICATION ENGINEERING,12526,19676,25286,28925,92537,111901,112277,0,0,0,0,0,0,0
2718,"Sri Krishna College of Engineering and Technology (Autonomous), Sugunapuram, Kuniamuthur Post, Coimbatore-641008.",COIMBATORE,SELF FINANCING COLLEGES TIER 1,EE,ELECTRICAL AND ELECTRONICS ENGINEERING,23226,28924,41594,39285,115774,131829,128338,0,0,0,0,0,0,0
2718,"Sri Krishna College of Engineering and Technology (Autonomous), Sugunapuram, Kuniamuthur Post, Coimbatore-641008.",COIMBATORE,SELF FINANCING COLLEGES TIER 1,IT,INFORMATION TECHNOLOGY,16219,23104,32298,29332,109461,129404,136451,0,0,0,0,0,0,0
2718,"Sri Krishna College of Engineering and Technology (Autonomous), Sugunapuram, Kuniamuthur Post, Coimbatore-641008.",COIMBATORE,SELF FINANCING COLLEGES TIER 1,ME,MECHANICAL ENGINEERING,37994,47425,52692,61639,151281,175982,128874,0,0,0,0,0,0,0
2718,"Sri Krishna College of Engineering and Technology (Autonomous), Sugunapuram, Kuniamuthur Post, Coimbatore-641008.",COIMBATORE,SELF FINANCING COLLEGES TIER 1,MZ,Mechatronics Engineering,31583,38429,44520,48439,147819,166066,,0,0,0,0,0,0,0
2718,"Sri Krishna College of Engineering and Technology (Autonomous), Sugunapuram, Kuniamuthur Post, Coimbatore-641008.",COIMBATORE,SELF FINANCING COLLEGES TIER 1,SC,Computer Science and Engineering (Cyber Security),16483,23938,23316,30847,89859,131566,155178,0,0,0,0,0,0,0
2719,"Sri Ramakrishna Engineering College (Autonomous), Vattamalaipalayam, NGGO Colony Post,  Coimbatore-641022.",COIMBATORE,SELF FINANCING COLLEGES TIER 1,AD,Artificial Intelligence and Data Science,21575,29830,35772,31775,99700,54736,,0,0,0,0,0,0,0
2719,"Sri Ramakrishna Engineering College (Autonomous), Vattamalaipalayam, NGGO Colony Post,  Coimbatore-641022.",COIMBATORE,SELF FINANCING COLLEGES TIER 1,AE,AERONAUTICAL ENGINEERING,47037,64994,,69924,168420,,,0,0,0,0,0,0,0
2719,"Sri Ramakrishna Engineering College (Autonomous), Vattamalaipalayam, NGGO Colony Post,  Coimbatore-641022.",COIMBATORE,SELF FINANCING COLLEGES TIER 1,BM,BIO MEDICAL ENGINEERING,47531,68906,96381,70362,175556,196925,,0,0,0,0,0,0,0
2719,"Sri Ramakrishna Engineering College (Autonomous), Vattamalaipalayam, NGGO Colony Post,  Coimbatore-641022.",COIMBATORE,SELF FINANCING COLLEGES TIER 1,CE,CIVIL  ENGINEERING,64821,77413,85710,94214,161722,156732,142589,0,0,0,0,0,0,0
2719,"Sri Ramakrishna Engineering College (Autonomous), Vattamalaipalayam, NGGO Colony Post,  Coimbatore-641022.",COIMBATORE,SELF FINANCING COLLEGES TIER 1,CJ,M.Tech. Computer Science and Engineering (Integrated 5 years),32638,38528,45261,48306,127123,91785,162186,0,0,0,0,0,0,0
2719,"Sri Ramakrishna Engineering College (Autonomous), Vattamalaipalayam, NGGO Colony Post,  Coimbatore-641022.",COIMBATORE,SELF FINANCING COLLEGES TIER 1,CS,COMPUTER SCIENCE AND ENGINEERING,19855,27044,29324,34483,111167,89970,85802,0,0,0,0,0,0,0
2719,"Sri Ramakrishna Engineering College (Autonomous), Vattamalaipalayam, NGGO Colony Post,  Coimbatore-641022.",COIMBATORE,SELF FINANCING COLLEGES TIER 1,EC,ELECTRONICS AND COMMUNICATION ENGINEERING,23247,31461,43269,40648,115549,141659,,0,0,0,0,0,0,0
2719,"Sri Ramakrishna Engineering College (Autonomous), Vattamalaipalayam, NGGO Colony Post,  Coimbatore-641022.",COIMBATORE,SELF FINANCING COLLEGES TIER 1,EE,ELECTRICAL AND ELECTRONICS ENGINEERING,31621,38755,43498,43156,132850,158517,112767,0,0,0,0,0,0,0
2719,"Sri Ramakrishna Engineering College (Autonomous), Vattamalaipalayam, NGGO Colony Post,  Coimbatore-641022.",COIMBATORE,SELF FINANCING COLLEGES TIER 1,EI,ELECTRONICS AND INSTRUMENTATION ENGINEERING,38114,40424,45522,63391,158413,160269,,0,0,0,0,0,0,0
2719,"Sri Ramakrishna Engineering College (Autonomous), Vattamalaipalayam, NGGO Colony Post,  Coimbatore-641022.",COIMBATORE,SELF FINANCING COLLEGES TIER 1,IT,INFORMATION TECHNOLOGY,23925,31234,39295,38045,117551,116012,145094,0,0,0,0,0,0,0
2719,"Sri Ramakrishna Engineering College (Autonomous), Vattamalaipalayam, NGGO Colony Post,  Coimbatore-641022.",COIMBATORE,SELF FINANCING COLLEGES TIER 1,ME,MECHANICAL ENGINEERING,48856,60345,63270,84303,171657,202197,,0,0,0,0,0,0,0
2719,"Sri Ramakrishna Engineering College (Autonomous), Vattamalaipalayam, NGGO Colony Post,  Coimbatore-641022.",COIMBATORE,SELF FINANCING COLLEGES TIER 1,RM,ROBOTICS AND AUTOMATION,38787,44403,83468,56437,159266,163653,,0,0,0,0,0,0,0
2721,"Tamilnadu College of Engineering, Palanisame Ravi Nagar, Karumathampatti Post, Coimbatore-641659.",COIMBATORE,SELF FINANCING COLLEGES TIER 3,AD,Artificial Intelligence and Data Science,117329,159479,191114,212343,209969,,,0,0,0,0,1,0,0
2721,"Tamilnadu College of Engineering, Palanisame Ravi Nagar, Karumathampatti Post, Coimbatore-641659.",COIMBATORE,SELF FINANCING COLLEGES TIER 3,AU,AUTOMOBILE ENGINEERING,171280,207696,,234855,,,,0,1,0,1,0,0,0
2721,"Tamilnadu College of Engineering, Palanisame Ravi Nagar, Karumathampatti Post, Coimbatore-641659.",COIMBATORE,SELF FINANCING COLLEGES TIER 3,CE,CIVIL  ENGINEERING,187807,212862,,220122,203442,,,0,1,0,1,0,0,0
2721,"Tamilnadu College of Engineering, Palanisame Ravi Nagar, Karumathampatti Post, Coimbatore-641659.",COIMBATORE,SELF FINANCING COLLEGES TIER 3,CS,COMPUTER SCIENCE AND ENGINEERING,112701,177251,223027,180732,239297,231865,,0,0,0,0,1,0,0
2721,"Tamilnadu College of Engineering, Palanisame Ravi Nagar, Karumathampatti Post, Coimbatore-641659.",COIMBATORE,SELF FINANCING COLLEGES TIER 3,EC,ELECTRONICS AND COMMUNICATION ENGINEERING,144806,209595,,215488,215680,,,0,0,0,0,1,0,0
2721,"Tamilnadu College of Engineering, Palanisame Ravi Nagar, Karumathampatti Post, Coimbatore-641659.",COIMBATORE,SELF FINANCING COLLEGES TIER 3,EE,ELECTRICAL AND ELECTRONICS ENGINEERING,170665,236561,,234071,,,,0,0,0,1,0,0,0
2721,"Tamilnadu College of Engineering, Palanisame Ravi Nagar, Karumathampatti Post, Coimbatore-641659.",COIMBATORE,SELF FINANCING COLLEGES TIER 3,IC,INSTRUMENTATION AND CONTROL ENGINEERING,209647,230514,,,230628,,,0,1,0,0,1,0,0
2721,"Tamilnadu College of Engineering, Palanisame Ravi Nagar, Karumathampatti Post, Coimbatore-641659.",COIMBATORE,SELF FINANCING COLLEGES TIER 3,IT,INFORMATION TECHNOLOGY,137698,183154,,189956,207989,,,0,0,0,0,1,0,0
2721,"Tamilnadu College of Engineering, Palanisame Ravi Nagar, Karumathampatti Post, Coimbatore-641659.",COIMBATORE,SELF FINANCING COLLEGES TIER 3,ME,MECHANICAL ENGINEERING,205836,238674,,,222683,,,0,0,0,0,1,0,0
2723,"Velalar College of Engineering and Technology (Autonomous), Perundurai Road Thindal Post, Erode-638012.",ERODE,SELF FINANCING COLLEGES TIER 3,AD,Artificial Intelligence and Data Science,66263,91228,125429,110060,227624,238504,,0,0,0,0,1,0,0
2723,"Velalar College of Engineering and Technology (Autonomous), Perundurai Road Thindal Post, Erode-638012.",ERODE,SELF FINANCING COLLEGES TIER 3,AM,COMPUTER SCIENCE AND ENGINEERING (AI AND MACHINE LEARNING),78994,93222,126440,120110,127669,174318,,0,0,0,0,1,0,0
2723,"Velalar College of Engineering and Technology (Autonomous), Perundurai Road Thindal Post, Erode-638012.",ERODE,SELF FINANCING COLLEGES TIER 3,BM,BIO MEDICAL ENGINEERING,115651,146270,211899,157721,209814,149542,,0,0,0,0,0,0,0
2723,"Velalar College of Engineering and Technology (Autonomous), Perundurai Road Thindal Post, Erode-638012.",ERODE,SELF FINANCING COLLEGES TIER 3,CE,CIVIL  ENGINEERING,115712,146995,,148467,229121,227973,,0,0,0,0,0,0,0
2723,"Velalar College of Engineering and Technology (Autonomous), Perundurai Road Thindal Post, Erode-638012.",ERODE,SELF FINANCING COLLEGES TIER 3,CS,COMPUTER SCIENCE AND ENGINEERING,50068,78204,70187,101327,217108,189456,130933,0,0,0,0,1,0,1
2723,"Velalar College of Engineering and Technology (Autonomous), Perundurai Road Thindal Post, Erode-638012.",ERODE,SELF FINANCING COLLEGES TIER 3,EC,ELECTRONICS AND COMMUNICATION ENGINEERING,72593,94139,111971,119849,234180,121395,95326,0,0,0,0,1,0,0
2723,"Velalar College of Engineering and Technology (Autonomous), Perundurai Road Thindal Post, Erode-638012.",ERODE,SELF FINANCING COLLEGES TIER 3,EE,ELECTRICAL AND ELECTRONICS ENGINEERING,102085,114761,139636,134255,222089,167909,,0,0,0,0,1,0,0
2723,"Velalar College of Engineering and Technology (Autonomous), Perundurai Road Thindal Post, Erode-638012.",ERODE,SELF FINANCING COLLEGES TIER 3,IT,INFORMATION TECHNOLOGY,73203,90516,115597,119832,211484,204147,,0,0,0,0,1,1,0
2723,"Velalar College of Engineering and Technology (Autonomous), Perundurai Road Thindal Post, Erode-638012.",ERODE,SELF FINANCING COLLEGES TIER 3,MD,MEDICAL ELECTRONICS ENGINEERING,127409,144888,180664,188639,194266,139434,,0,0,1,0,0,0,0
2723,"Velalar College of Engineering and Technology (Autonomous), Perundurai Road Thindal Post, Erode-638012.",ERODE,SELF FINANCING COLLEGES TIER 3,ME,MECHANICAL ENGINEERING,119766,154867,212435,185410,236085,215856,,0,0,0,0,1,0,0
2725,"Sri Ramakrishna Institute of Technology (Autonomous), Pachapalayam, Perur Chettipalayam, Coimbatore-641010.",COIMBATORE,SELF FINANCING COLLEGES TIER 2,AD,Artificial Intelligence and Data Science,43444,58934,48793,73978,153131,147226,,0,0,0,0,0,0,0
2725,"Sri Ramakrishna Institute of Technology (Autonomous), Pachapalayam, Perur Chettipalayam, Coimbatore-641010.",COIMBATORE,SELF FINANCING COLLEGES TIER 2,CS,COMPUTER SCIENCE AND ENGINEERING,44748,56812,58239,69803,173796,185124,138709,0,0,0,0,0,0,0
2725,"Sri Ramakrishna Institute of Technology (Autonomous), Pachapalayam, Perur Chettipalayam, Coimbatore-641010.",COIMBATORE,SELF FINANCING COLLEGES TIER 2,EC,ELECTRONICS AND COMMUNICATION ENGINEERING,47456,53320,74018,65753,184941,154001,,0,0,0,0,0,0,0
2725,"Sri Ramakrishna Institute of Technology (Autonomous), Pachapalayam, Perur Chettipalayam, Coimbatore-641010.",COIMBATORE,SELF FINANCING COLLEGES TIER 2,EE,ELECTRICAL AND ELECTRONICS ENGINEERING,55104,60073,62879,82068,156267,222116,,0,0,0,0,0,0,0
2725,"Sri Ramakrishna Institute of Technology (Autonomous), Pachapalayam, Perur Chettipalayam, Coimbatore-641010.",COIMBATORE,SELF FINANCING COLLEGES TIER 2,IT,INFORMATION TECHNOLOGY,47505,58948,52845,72936,163934,192461,,0,0,0,0,0,0,0
2725,"Sri Ramakrishna Institute of Technology (Autonomous), Pachapalayam, Perur Chettipalayam, Coimbatore-641010.",COIMBATORE,SELF FINANCING COLLEGES TIER 2,ME,MECHANICAL ENGINEERING,77953,102045,169291,98959,219793,,228767,0,0,0,0,0,0,0
2726,"SNS College of Technology (Autonomous), Sathy Main Road, Vazhiyampalayam, Saravanampatti Post, Coimbatore-641035.",COIMBATORE,SELF FINANCING COLLEGES TIER 3,AD,Artificial Intelligence and Data Science,50757,65143,85773,73504,176301,185284,,0,0,0,0,0,0,0
2726,"SNS College of Technology (Autonomous), Sathy Main Road, Vazhiyampalayam, Saravanampatti Post, Coimbatore-641035.",COIMBATORE,SELF FINANCING COLLEGES TIER 3,AG,AGRICULTURAL ENGINEERING,189052,238548,201651,217112,229771,,,0,0,1,1,1,0,0
2726,"SNS College of Technology (Autonomous), Sathy Main Road, Vazhiyampalayam, Saravanampatti Post, Coimbatore-641035.",COIMBATORE,SELF FINANCING COLLEGES TIER 3,AL,Artificial Intelligence and Machine Learning,57043,71037,76225,82658,194986,197009,202331,0,0,0,0,0,0,0
2726,"SNS College of Technology (Autonomous), Sathy Main Road, Vazhiyampalayam, Saravanampatti Post, Coimbatore-641035.",COIMBATORE,SELF FINANCING COLLEGES TIER 3,AO,AEROSPACE ENGINEERING,28201,41555,86240,108870,157207,,,0,0,0,0,0,0,0
2726,"SNS College of Technology (Autonomous), Sathy Main Road, Vazhiyampalayam, Saravanampatti Post, Coimbatore-641035.",COIMBATORE,SELF FINANCING COLLEGES TIER 3,AU,AUTOMOBILE ENGINEERING,144768,171541,177415,167851,214949,,,0,0,0,0,1,0,0
2726,"SNS College of Technology (Autonomous), Sathy Main Road, Vazhiyampalayam, Saravanampatti Post, Coimbatore-641035.",COIMBATORE,SELF FINANCING COLLEGES TIER 3,BM,BIO MEDICAL ENGINEERING,97049,119504,104429,145448,200716,191650,,0,0,0,0,0,0,0
2726,"SNS College of Technology (Autonomous), Sathy Main Road, Vazhiyampalayam, Saravanampatti Post, Coimbatore-641035.",COIMBATORE,SELF FINANCING COLLEGES TIER 3,CD,COMPUTER SCIENCE AND DESIGN,60900,78328,75733,87513,207784,,,0,0,0,0,0,0,0
2726,"SNS College of Technology (Autonomous), Sathy Main Road, Vazhiyampalayam, Saravanampatti Post, Coimbatore-641035.",COIMBATORE,SELF FINANCING COLLEGES TIER 3,CE,CIVIL  ENGINEERING,112872,176583,157005,178324,196491,196796,170255,0,0,0,0,0,0,0
2726,"SNS College of Technology (Autonomous), Sathy Main Road, Vazhiyampalayam, Saravanampatti Post, Coimbatore-641035.",COIMBATORE,SELF FINANCING COLLEGES TIER 3,CS,COMPUTER SCIENCE AND ENGINEERING,41940,53154,77302,75399,176915,176223,206340,0,0,0,0,0,0,1
2726,"SNS College of Technology (Autonomous), Sathy Main Road, Vazhiyampalayam, Saravanampatti Post, Coimbatore-641035.",COIMBATORE,SELF FINANCING COLLEGES TIER 3,EC,ELECTRONICS AND COMMUNICATION ENGINEERING,50785,68656,103030,78122,202019,208689,,0,0,0,0,0,0,0
2726,"SNS College of Technology (Autonomous), Sathy Main Road, Vazhiyampalayam, Saravanampatti Post, Coimbatore-641035.",COIMBATORE,SELF FINANCING COLLEGES TIER 3,EE,ELECTRICAL AND ELECTRONICS ENGINEERING,66213,82917,109831,93482,224021,222857,,0,0,0,0,0,1,0
2726,"SNS College of Technology (Autonomous), Sathy Main Road, Vazhiyampalayam, Saravanampatti Post, Coimbatore-641035.",COIMBATORE,SELF FINANCING COLLEGES TIER 3,FD,FOOD TECHNOLOGY,87059,154794,143525,199465,145535,,,0,0,0,0,1,0,0
2726,"SNS College of Technology (Autonomous), Sathy Main Road, Vazhiyampalayam, Saravanampatti Post, Coimbatore-641035.",COIMBATORE,SELF FINANCING COLLEGES TIER 3,IT,INFORMATION TECHNOLOGY,52419,65286,89282,75959,162882,149629,,0,0,0,0,0,0,0
2726,"SNS College of Technology (Autonomous), Sathy Main Road, Vazhiyampalayam, Saravanampatti Post, Coimbatore-641035.",COIMBATORE,SELF FINANCING COLLEGES TIER 3,ME,MECHANICAL ENGINEERING,96144,132485,128220,141153,232337,,,0,0,0,0,0,0,0
2726,"SNS College of Technology (Autonomous), Sathy Main Road, Vazhiyampalayam, Saravanampatti Post, Coimbatore-641035.",COIMBATORE,SELF FINANCING COLLEGES TIER 3,MO,Mechanical and Mechatronics Engineering (Additive Manufacturing),114920,136709,117782,128599,218299,,,0,0,0,0,1,0,0
2726,"SNS College of Technology (Autonomous), Sathy Main Road, Vazhiyampalayam, Saravanampatti Post, Coimbatore-641035.",COIMBATORE,SELF FINANCING COLLEGES TIER 3,MZ,Mechatronics Engineering,57559,101935,105069,121728,217787,209948,,0,0,0,0,0,1,0
2726,"SNS College of Technology (Autonomous), Sathy Main Road, Vazhiyampalayam, Saravanampatti Post, Coimbatore-641035.",COIMBATORE,SELF FINANCING COLLEGES TIER 3,SB,Computer Science and Engineering (Internet of Things and Cyber Security including Block Chain Technology),44270,64668,68876,68983,144901,174745,,0,0,0,0,0,0,0
2726,"SNS College of Technology (Autonomous), Sathy Main Road, Vazhiyampalayam, Saravanampatti Post, Coimbatore-641035.",COIMBATORE,SELF FINANCING COLLEGES TIER 3,TS,Computer Science and Technology,54865,70832,110026,82938,201345,182378,,0,0,0,0,0,0,0
2727,"Sri Shakthi Institute of Engineering and Technology (Autonomous), Sri Shakthi Nagar, L & T By-pass Road, Chinniyampalayam Post, Coimbatore-641062.",COIMBATORE,SELF FINANCING COLLEGES TIER 3,AD,Artificial Intelligence and Data Science,63665,84592,106158,102716,237183,228407,191588,0,0,0,0,1,0,1
2727,"Sri Shakthi Institute of Engineering and Technology (Autonomous), Sri Shakthi Nagar, L & T By-pass Road, Chinniyampalayam Post, Coimbatore-641062.",COIMBATORE,SELF FINANCING COLLEGES TIER 3,AG,AGRICULTURAL ENGINEERING,122955,233352,,186420,207203,200630,,0,1,0,1,1,1,0
2727,"Sri Shakthi Institute of Engineering and Technology (Autonomous), Sri Shakthi Nagar, L & T By-pass Road, Chinniyampalayam Post, Coimbatore-641062.",COIMBATORE,SELF FINANCING COLLEGES TIER 3,AL,Artificial Intelligence and Machine Learning,69068,85091,109063,102849,236496,202279,,0,0,0,0,1,0,0
2727,"Sri Shakthi Institute of Engineering and Technology (Autonomous), Sri Shakthi Nagar, L & T By-pass Road, Chinniyampalayam Post, Coimbatore-641062.",COIMBATORE,SELF FINANCING COLLEGES TIER 3,BM,BIO MEDICAL ENGINEERING,123994,217047,154518,227280,226147,177231,,0,0,1,1,1,1,0
2727,"Sri Shakthi Institute of Engineering and Technology (Autonomous), Sri Shakthi Nagar, L & T By-pass Road, Chinniyampalayam Post, Coimbatore-641062.",COIMBATORE,SELF FINANCING COLLEGES TIER 3,BT,BIO TECHNOLOGY,92593,161795,202007,137207,222835,198784,219094,0,0,0,0,0,1,0
2727,"Sri Shakthi Institute of Engineering and Technology (Autonomous), Sri Shakthi Nagar, L & T By-pass Road, Chinniyampalayam Post, Coimbatore-641062.",COIMBATORE,SELF FINANCING COLLEGES TIER 3,CE,CIVIL  ENGINEERING,134989,197380,,227232,207882,,175895,0,0,0,0,1,0,0
2727,"Sri Shakthi Institute of Engineering and Technology (Autonomous), Sri Shakthi Nagar, L & T By-pass Road, Chinniyampalayam Post, Coimbatore-641062.",COIMBATORE,SELF FINANCING COLLEGES TIER 3,CS,COMPUTER SCIENCE AND ENGINEERING,46733,62916,77120,87152,207814,181071,181838,0,0,0,0,0,0,1
2727,"Sri Shakthi Institute of Engineering and Technology (Autonomous), Sri Shakthi Nagar, L & T By-pass Road, Chinniyampalayam Post, Coimbatore-641062.",COIMBATORE,SELF FINANCING COLLEGES TIER 3,EC,ELECTRONICS AND COMMUNICATION ENGINEERING,58886,76336,84627,84863,231713,222010,,0,0,0,0,1,1,0
2727,"Sri Shakthi Institute of Engineering and Technology (Autonomous), Sri Shakthi Nagar, L & T By-pass Road, Chinniyampalayam Post, Coimbatore-641062.",COIMBATORE,SELF FINANCING COLLEGES TIER 3,EE,ELECTRICAL AND ELECTRONICS ENGINEERING,87263,97983,104101,111127,212413,,,0,0,0,0,1,0,0
2727,"Sri Shakthi Institute of Engineering and Technology (Autonomous), Sri Shakthi Nagar, L & T By-pass Road, Chinniyampalayam Post, Coimbatore-641062.",COIMBATORE,SELF FINANCING COLLEGES TIER 3,EV,Electronics Engineering (VLSI Design and Technology),80252,97920,105645,115407,225610,,,0,0,0,0,1,0,0
2727,"Sri Shakthi Institute of Engineering and Technology (Autonomous), Sri Shakthi Nagar, L & T By-pass Road, Chinniyampalayam Post, Coimbatore-641062.",COIMBATORE,SELF FINANCING COLLEGES TIER 3,FD,FOOD TECHNOLOGY,126460,172668,140254,213040,196271,,,0,0,1,1,1,0,0
2727,"Sri Shakthi Institute of Engineering and Technology (Autonomous), Sri Shakthi Nagar, L & T By-pass Road, Chinniyampalayam Post, Coimbatore-641062.",COIMBATORE,SELF FINANCING COLLEGES TIER 3,IT,INFORMATION TECHNOLOGY,64898,82200,105141,100201,234392,183169,,0,0,0,0,1,1,0
2727,"Sri Shakthi Institute of Engineering and Technology (Autonomous), Sri Shakthi Nagar, L & T By-pass Road, Chinniyampalayam Post, Coimbatore-641062.",COIMBATORE,SELF FINANCING COLLEGES TIER 3,ME,MECHANICAL ENGINEERING,96965,118589,182295,155762,209429,,,0,0,0,0,1,0,0
2727,"Sri Shakthi Institute of Engineering and Technology (Autonomous), Sri Shakthi Nagar, L & T By-pass Road, Chinniyampalayam Post, Coimbatore-641062.",COIMBATORE,SELF FINANCING COLLEGES TIER 3,SC,Computer Science and Engineering (Cyber Security),70072,86769,102992,107348,236141,206814,,0,0,0,0,1,0,0
2729,"Nehru Institute of Engineering and Technology (Autonomous), Nehru Gardens, Thirumalayampalayam (Post), Coimbatore-641105.",COIMBATORE,SELF FINANCING COLLEGES TIER 3,AD,Artificial Intelligence and Data Science,55780,78981,65439,95276,141133,156288,,0,0,0,0,0,0,0
2729,"Nehru Institute of Engineering and Technology (Autonomous), Nehru Gardens, Thirumalayampalayam (Post), Coimbatore-641105.",COIMBATORE,SELF FINANCING COLLEGES TIER 3,AE,AERONAUTICAL ENGINEERING,60084,102603,75656,119226,172301,181034,215256,0,0,0,0,0,0,0
2729,"Nehru Institute of Engineering and Technology (Autonomous), Nehru Gardens, Thirumalayampalayam (Post), Coimbatore-641105.",COIMBATORE,SELF FINANCING COLLEGES TIER 3,CB,COMPUTER SCIENCE AND BUSSINESS SYSTEM,84155,91132,91115,105415,158440,127582,,0,0,0,0,0,0,0
2729,"Nehru Institute of Engineering and Technology (Autonomous), Nehru Gardens, Thirumalayampalayam (Post), Coimbatore-641105.",COIMBATORE,SELF FINANCING COLLEGES TIER 3,CS,COMPUTER SCIENCE AND ENGINEERING,51575,74450,76832,88912,137424,153217,,0,0,0,0,0,0,0
2729,"Nehru Institute of Engineering and Technology (Autonomous), Nehru Gardens, Thirumalayampalayam (Post), Coimbatore-641105.",COIMBATORE,SELF FINANCING COLLEGES TIER 3,EC,ELECTRONICS AND COMMUNICATION ENGINEERING,65149,83270,89580,94743,154347,176004,197952,0,0,0,0,0,0,0
2729,"Nehru Institute of Engineering and Technology (Autonomous), Nehru Gardens, Thirumalayampalayam (Post), Coimbatore-641105.",COIMBATORE,SELF FINANCING COLLEGES TIER 3,EE,ELECTRICAL AND ELECTRONICS ENGINEERING,89560,107729,117036,125128,221021,,,0,0,0,0,0,0,0
2729,"Nehru Institute of Engineering and Technology (Autonomous), Nehru Gardens, Thirumalayampalayam (Post), Coimbatore-641105.",COIMBATORE,SELF FINANCING COLLEGES TIER 3,IT,INFORMATION TECHNOLOGY,57239,83895,68364,91778,106473,101488,,0,0,0,0,0,0,0
2729,"Nehru Institute of Engineering and Technology (Autonomous), Nehru Gardens, Thirumalayampalayam (Post), Coimbatore-641105.",COIMBATORE,SELF FINANCING COLLEGES TIER 3,ME,MECHANICAL ENGINEERING,106910,141211,117416,147244,228216,,,0,0,0,0,1,0,0
2729,"Nehru Institute of Engineering and Technology (Autonomous), Nehru Gardens, Thirumalayampalayam (Post), Coimbatore-641105.",COIMBATORE,SELF FINANCING COLLEGES TIER 3,MZ,Mechatronics Engineering,96006,142973,120517,131501,198474,221410,133373,0,0,0,0,1,0,0
2731,"RVS College of Engineering and Technology (Autonomous), Kumaran Kottam Campus, Kannampalayam Post, Coimbatore-641402.",COIMBATORE,SELF FINANCING COLLEGES TIER 3,AD,Artificial Intelligence and Data Science,80141,118613,125647,126100,214629,190331,,0,0,0,0,1,0,0
2731,"RVS College of Engineering and Technology (Autonomous), Kumaran Kottam Campus, Kannampalayam Post, Coimbatore-641402.",COIMBATORE,SELF FINANCING COLLEGES TIER 3,BM,BIO MEDICAL ENGINEERING,142353,228933,220119,216841,233753,,,0,1,0,0,1,0,0
2731,"RVS College of Engineering and Technology (Autonomous), Kumaran Kottam Campus, Kannampalayam Post, Coimbatore-641402.",COIMBATORE,SELF FINANCING COLLEGES TIER 3,CS,COMPUTER SCIENCE AND ENGINEERING,78787,109192,121790,128711,212409,148284,,0,0,0,0,0,0,0
2731,"RVS College of Engineering and Technology (Autonomous), Kumaran Kottam Campus, Kannampalayam Post, Coimbatore-641402.",COIMBATORE,SELF FINANCING COLLEGES TIER 3,EC,ELECTRONICS AND COMMUNICATION ENGINEERING,78835,107647,83018,123924,211994,117617,,0,0,0,0,0,0,0
2731,"RVS College of Engineering and Technology (Autonomous), Kumaran Kottam Campus, Kannampalayam Post, Coimbatore-641402.",COIMBATORE,SELF FINANCING COLLEGES TIER 3,EE,ELECTRICAL AND ELECTRONICS ENGINEERING,115668,162586,143477,164971,238535,210528,,0,0,0,0,0,0,0
2731,"RVS College of Engineering and Technology (Autonomous), Kumaran Kottam Campus, Kannampalayam Post, Coimbatore-641402.",COIMBATORE,SELF FINANCING COLLEGES TIER 3,IT,INFORMATION TECHNOLOGY,88205,117848,90897,128906,226215,200039,,0,0,0,0,0,0,0
2731,"RVS College of Engineering and Technology (Autonomous), Kumaran Kottam Campus, Kannampalayam Post, Coimbatore-641402.",COIMBATORE,SELF FINANCING COLLEGES TIER 3,ME,MECHANICAL ENGINEERING,148211,189225,,193768,184160,,,0,0,0,0,1,0,0
2731,"RVS College of Engineering and Technology (Autonomous), Kumaran Kottam Campus, Kannampalayam Post, Coimbatore-641402.",COIMBATORE,SELF FINANCING COLLEGES TIER 3,PC,PETRO CHEMICAL TECHNOLOGY,168390,213387,207573,237515,230875,216850,,0,1,0,1,1,0,0
2732,"Info Institute of Engineering, S F No.194-200, N.H.209, Sathy Road, Sarakarsamakulam, Kovilpalayam, Coimbatore-641107.",COIMBATORE,SELF FINANCING COLLEGES TIER 3,AD,Artificial Intelligence and Data Science,133124,189743,170508,206827,203639,156765,,0,0,1,0,0,0,0
2732,"Info Institute of Engineering, S F No.194-200, N.H.209, Sathy Road, Sarakarsamakulam, Kovilpalayam, Coimbatore-641107.",COIMBATORE,SELF FINANCING COLLEGES TIER 3,CS,COMPUTER SCIENCE AND ENGINEERING,150181,211876,191432,199538,235840,231514,,0,0,0,0,1,0,0
2732,"Info Institute of Engineering, S F No.194-200, N.H.209, Sathy Road, Sarakarsamakulam, Kovilpalayam, Coimbatore-641107.",COIMBATORE,SELF FINANCING COLLEGES TIER 3,EC,ELECTRONICS AND COMMUNICATION ENGINEERING,146255,219624,,190601,223288,,,0,0,0,0,0,0,0
2732,"Info Institute of Engineering, S F No.194-200, N.H.209, Sathy Road, Sarakarsamakulam, Kovilpalayam, Coimbatore-641107.",COIMBATORE,SELF FINANCING COLLEGES TIER 3,EE,ELECTRICAL AND ELECTRONICS ENGINEERING,170458,221098,210377,214999,171966,,,0,0,0,0,1,0,0
2732,"Info Institute of Engineering, S F No.194-200, N.H.209, Sathy Road, Sarakarsamakulam, Kovilpalayam, Coimbatore-641107.",COIMBATORE,SELF FINANCING COLLEGES TIER 3,IT,INFORMATION TECHNOLOGY,157867,209416,219029,181636,236282,226382,,0,0,1,0,1,0,0
2732,"Info Institute of Engineering, S F No.194-200, N.H.209, Sathy Road, Sarakarsamakulam, Kovilpalayam, Coimbatore-641107.",COIMBATORE,SELF FINANCING COLLEGES TIER 3,ME,MECHANICAL ENGINEERING,224628,229445,235596,238392,228045,,,0,1,0,1,1,0,0
2733,"Angel College of Engineering and Technology, PK Palayam PO,Dharapuram Main Road, Ugayanur village, Tiruppur-641665.",TIRUPPUR,SELF FINANCING COLLEGES TIER 3,CE,CIVIL  ENGINEERING,,,,,,,,0,0,0,0,0,0,0
2733,"Angel College of Engineering and Technology, PK Palayam PO,Dharapuram Main Road, Ugayanur village, Tiruppur-641665.",TIRUPPUR,SELF FINANCING COLLEGES TIER 3,CS,COMPUTER SCIENCE AND ENGINEERING,236014,,,,,,,1,0,0,0,0,0,0
2733,"Angel College of Engineering and Technology, PK Palayam PO,Dharapuram Main Road, Ugayanur village, Tiruppur-641665.",TIRUPPUR,SELF FINANCING COLLEGES TIER 3,EC,ELECTRONICS AND COMMUNICATION ENGINEERING,223292,,,,,,,1,0,0,0,0,0,0
2733,"Angel College of Engineering and Technology, PK Palayam PO,Dharapuram Main Road, Ugayanur village, Tiruppur-641665.",TIRUPPUR,SELF FINANCING COLLEGES TIER 3,EE,ELECTRICAL AND ELECTRONICS ENGINEERING,,,,,,,,0,0,0,0,0,0,0
2733,"Angel College of Engineering and Technology, PK Palayam PO,Dharapuram Main Road, Ugayanur village, Tiruppur-641665.",TIRUPPUR,SELF FINANCING COLLEGES TIER 3,FT,FASHION TECHNOLOGY,216981,,,,,,,1,0,0,0,0,0,0
2733,"Angel College of Engineering and Technology, PK Palayam PO,Dharapuram Main Road, Ugayanur village, Tiruppur-641665.",TIRUPPUR,SELF FINANCING COLLEGES TIER 3,ME,MECHANICAL ENGINEERING,197292,,,,,,,1,0,0,0,0,0,0
2735,"Karpagam Institute of Technology (Autonomous), S.F. NO. 247,248, L&T Bypass Road, Seerapalayam Village, Bodipalayam Post, Coimbatore-641105.",COIMBATORE,SELF FINANCING COLLEGES TIER 2,AD,Artificial Intelligence and Data Science,18934,26847,24940,32089,97544,,155627,0,0,0,0,0,0,0
2735,"Karpagam Institute of Technology (Autonomous), S.F. NO. 247,248, L&T Bypass Road, Seerapalayam Village, Bodipalayam Post, Coimbatore-641105.",COIMBATORE,SELF FINANCING COLLEGES TIER 2,CS,COMPUTER SCIENCE AND ENGINEERING,22661,27742,24014,37287,99650,131594,,0,0,0,0,0,0,0
2735,"Karpagam Institute of Technology (Autonomous), S.F. NO. 247,248, L&T Bypass Road, Seerapalayam Village, Bodipalayam Post, Coimbatore-641105.",COIMBATORE,SELF FINANCING COLLEGES TIER 2,EC,ELECTRONICS AND COMMUNICATION ENGINEERING,27007,33683,46457,41196,125464,134854,209115,0,0,0,0,0,0,0
2735,"Karpagam Institute of Technology (Autonomous), S.F. NO. 247,248, L&T Bypass Road, Seerapalayam Village, Bodipalayam Post, Coimbatore-641105.",COIMBATORE,SELF FINANCING COLLEGES TIER 2,EE,ELECTRICAL AND ELECTRONICS ENGINEERING,35132,48370,47134,45298,141051,132184,,0,0,0,0,0,0,0
2735,"Karpagam Institute of Technology (Autonomous), S.F. NO. 247,248, L&T Bypass Road, Seerapalayam Village, Bodipalayam Post, Coimbatore-641105.",COIMBATORE,SELF FINANCING COLLEGES TIER 2,IT,INFORMATION TECHNOLOGY,24730,30709,35062,35309,108769,110019,,0,0,0,0,0,0,0
2735,"Karpagam Institute of Technology (Autonomous), S.F. NO. 247,248, L&T Bypass Road, Seerapalayam Village, Bodipalayam Post, Coimbatore-641105.",COIMBATORE,SELF FINANCING COLLEGES TIER 2,ME,MECHANICAL ENGINEERING,55275,67313,66069,76742,113924,158412,,0,0,0,0,0,0,0
2736,"Dr N.G.P. Institute of Technology (Autonomous), Dr. N.G.P. Nagar, Kalapatti Road, Coimbatore-641048.",COIMBATORE,SELF FINANCING COLLEGES TIER 3,AD,Artificial Intelligence and Data Science,31318,39906,41656,49516,149234,176136,235385,0,0,0,0,0,0,0
2736,"Dr N.G.P. Institute of Technology (Autonomous), Dr. N.G.P. Nagar, Kalapatti Road, Coimbatore-641048.",COIMBATORE,SELF FINANCING COLLEGES TIER 3,BM,BIO MEDICAL ENGINEERING,49121,78942,68422,76877,216411,135441,,0,0,0,0,0,0,0
2736,"Dr N.G.P. Institute of Technology (Autonomous), Dr. N.G.P. Nagar, Kalapatti Road, Coimbatore-641048.",COIMBATORE,SELF FINANCING COLLEGES TIER 3,CB,COMPUTER SCIENCE AND BUSSINESS SYSTEM,39460,43066,59089,60046,189314,157655,,0,0,0,0,0,0,0
2736,"Dr N.G.P. Institute of Technology (Autonomous), Dr. N.G.P. Nagar, Kalapatti Road, Coimbatore-641048.",COIMBATORE,SELF FINANCING COLLEGES TIER 3,CE,CIVIL  ENGINEERING,63248,93279,,108952,180449,,,0,0,0,0,0,0,0
2736,"Dr N.G.P. Institute of Technology (Autonomous), Dr. N.G.P. Nagar, Kalapatti Road, Coimbatore-641048.",COIMBATORE,SELF FINANCING COLLEGES TIER 3,CS,COMPUTER SCIENCE AND ENGINEERING,28363,38004,65947,50292,165980,116557,177957,0,0,0,0,0,0,1
2736,"Dr N.G.P. Institute of Technology (Autonomous), Dr. N.G.P. Nagar, Kalapatti Road, Coimbatore-641048.",COIMBATORE,SELF FINANCING COLLEGES TIER 3,EC,ELECTRONICS AND COMMUNICATION ENGINEERING,30691,38305,54595,52840,174748,154253,,0,0,0,0,0,0,0
2736,"Dr N.G.P. Institute of Technology (Autonomous), Dr. N.G.P. Nagar, Kalapatti Road, Coimbatore-641048.",COIMBATORE,SELF FINANCING COLLEGES TIER 3,EE,ELECTRICAL AND ELECTRONICS ENGINEERING,42974,48735,87478,66771,185890,173525,,0,0,0,0,0,0,0
2736,"Dr N.G.P. Institute of Technology (Autonomous), Dr. N.G.P. Nagar, Kalapatti Road, Coimbatore-641048.",COIMBATORE,SELF FINANCING COLLEGES TIER 3,IT,INFORMATION TECHNOLOGY,33906,40204,67119,53909,174686,134306,180906,0,0,0,0,0,0,0
2736,"Dr N.G.P. Institute of Technology (Autonomous), Dr. N.G.P. Nagar, Kalapatti Road, Coimbatore-641048.",COIMBATORE,SELF FINANCING COLLEGES TIER 3,ME,MECHANICAL ENGINEERING,64265,85626,89467,105608,230929,186582,,0,0,0,0,1,0,0
2736,"Dr N.G.P. Institute of Technology (Autonomous), Dr. N.G.P. Nagar, Kalapatti Road, Coimbatore-641048.",COIMBATORE,SELF FINANCING COLLEGES TIER 3,SC,Computer Science and Engineering (Cyber Security),34295,39378,56208,48316,168417,49731,,0,0,0,0,0,0,0
2737,"Sri Sai Ranganathan Engineering College (Autonomous) , Viraliyur Post, Thondamuthur(via), Coimbatore-641109.",COIMBATORE,SELF FINANCING COLLEGES TIER 3,AD,Artificial Intelligence and Data Science,103857,180958,228235,188121,192266,,,0,0,1,0,1,0,0
2737,"Sri Sai Ranganathan Engineering College (Autonomous) , Viraliyur Post, Thondamuthur(via), Coimbatore-641109.",COIMBATORE,SELF FINANCING COLLEGES TIER 3,AM,COMPUTER SCIENCE AND ENGINEERING (AI AND MACHINE LEARNING),130199,202740,,166976,,,,0,0,0,0,0,0,0
2737,"Sri Sai Ranganathan Engineering College (Autonomous) , Viraliyur Post, Thondamuthur(via), Coimbatore-641109.",COIMBATORE,SELF FINANCING COLLEGES TIER 3,CE,CIVIL  ENGINEERING,225797,,,238608,,,,0,0,0,1,0,0,0
2737,"Sri Sai Ranganathan Engineering College (Autonomous) , Viraliyur Post, Thondamuthur(via), Coimbatore-641109.",COIMBATORE,SELF FINANCING COLLEGES TIER 3,CS,COMPUTER SCIENCE AND ENGINEERING,62252,179056,,188247,209923,236605,,0,0,0,0,1,0,0
2737,"Sri Sai Ranganathan Engineering College (Autonomous) , Viraliyur Post, Thondamuthur(via), Coimbatore-641109.",COIMBATORE,SELF FINANCING COLLEGES TIER 3,EC,ELECTRONICS AND COMMUNICATION ENGINEERING,108189,185246,,200002,225143,,,0,0,0,0,1,0,0
2737,"Sri Sai Ranganathan Engineering College (Autonomous) , Viraliyur Post, Thondamuthur(via), Coimbatore-641109.",COIMBATORE,SELF FINANCING COLLEGES TIER 3,EE,ELECTRICAL AND ELECTRONICS ENGINEERING,172656,226913,,227597,207594,,,0,0,0,0,1,0,0
2737,"Sri Sai Ranganathan Engineering College (Autonomous) , Viraliyur Post, Thondamuthur(via), Coimbatore-641109.",COIMBATORE,SELF FINANCING COLLEGES TIER 3,IT,INFORMATION TECHNOLOGY,115583,172388,225768,218184,187320,200908,,0,0,0,0,1,1,0
2737,"Sri Sai Ranganathan Engineering College (Autonomous) , Viraliyur Post, Thondamuthur(via), Coimbatore-641109.",COIMBATORE,SELF FINANCING COLLEGES TIER 3,ME,MECHANICAL ENGINEERING,213683,236310,,222443,,,,0,1,0,1,0,0,0
2737,"Sri Sai Ranganathan Engineering College (Autonomous) , Viraliyur Post, Thondamuthur(via), Coimbatore-641109.",COIMBATORE,SELF FINANCING COLLEGES TIER 3,SC,Computer Science and Engineering (Cyber Security),131468,182615,,168277,185671,,,0,0,0,0,1,0,0
2739,"Sri Eshwar College of Engineering (Autonomous), Kondampatti Post, Vadasithur Via, Coimbatore-641202.",COIMBATORE,SELF FINANCING COLLEGES TIER 3,AD,Artificial Intelligence and Data Science,13424,16721,25772,25008,81358,108329,102794,0,0,0,0,0,0,0
2739,"Sri Eshwar College of Engineering (Autonomous), Kondampatti Post, Vadasithur Via, Coimbatore-641202.",COIMBATORE,SELF FINANCING COLLEGES TIER 3,AM,COMPUTER SCIENCE AND ENGINEERING (AI AND MACHINE LEARNING),13101,17199,25849,28496,90534,87491,119119,0,0,0,0,0,0,0
2739,"Sri Eshwar College of Engineering (Autonomous), Kondampatti Post, Vadasithur Via, Coimbatore-641202.",COIMBATORE,SELF FINANCING COLLEGES TIER 3,CB,COMPUTER SCIENCE AND BUSSINESS SYSTEM,18559,19583,30522,29883,82640,142787,,0,0,0,0,0,0,0
2739,"Sri Eshwar College of Engineering (Autonomous), Kondampatti Post, Vadasithur Via, Coimbatore-641202.",COIMBATORE,SELF FINANCING COLLEGES TIER 3,CO,COMPUTER AND  COMMUNICATION ENGINEERING,15294,18295,26167,26610,109825,101677,,0,0,0,0,0,0,0
2739,"Sri Eshwar College of Engineering (Autonomous), Kondampatti Post, Vadasithur Via, Coimbatore-641202.",COIMBATORE,SELF FINANCING COLLEGES TIER 3,CS,COMPUTER SCIENCE AND ENGINEERING,7509,9922,18196,14763,49243,55290,11661,0,0,0,0,0,0,0
2739,"Sri Eshwar College of Engineering (Autonomous), Kondampatti Post, Vadasithur Via, Coimbatore-641202.",COIMBATORE,SELF FINANCING COLLEGES TIER 3,EC,ELECTRONICS AND COMMUNICATION ENGINEERING,10240,13208,23010,18303,89457,53801,111121,0,0,0,0,0,0,0
2739,"Sri Eshwar College of Engineering (Autonomous), Kondampatti Post, Vadasithur Via, Coimbatore-641202.",COIMBATORE,SELF FINANCING COLLEGES TIER 3,EE,ELECTRICAL AND ELECTRONICS ENGINEERING,19300,23097,25207,35297,112146,131624,,0,0,0,0,0,0,0
2739,"Sri Eshwar College of Engineering (Autonomous), Kondampatti Post, Vadasithur Via, Coimbatore-641202.",COIMBATORE,SELF FINANCING COLLEGES TIER 3,IT,INFORMATION TECHNOLOGY,9311,12186,19735,19733,52143,91683,,0,0,0,0,0,0,0
2739,"Sri Eshwar College of Engineering (Autonomous), Kondampatti Post, Vadasithur Via, Coimbatore-641202.",COIMBATORE,SELF FINANCING COLLEGES TIER 3,ME,MECHANICAL ENGINEERING,26215,31600,,47660,127201,,,0,0,0,0,0,0,0
2739,"Sri Eshwar College of Engineering (Autonomous), Kondampatti Post, Vadasithur Via, Coimbatore-641202.",COIMBATORE,SELF FINANCING COLLEGES TIER 3,SC,Computer Science and Engineering (Cyber Security),12083,15377,21919,24151,93640,117352,,0,0,0,0,0,0,0
2740,"Hindusthan Institute of Technology (Autonomous), Othakkalmandapam Post, Coimbatore-641032.",COIMBATORE,SELF FINANCING COLLEGES TIER 3,AD,Artificial Intelligence and Data Science,38578,70314,60369,86602,176576,171425,110263,0,0,0,0,0,0,0
2740,"Hindusthan Institute of Technology (Autonomous), Othakkalmandapam Post, Coimbatore-641032.",COIMBATORE,SELF FINANCING COLLEGES TIER 3,AE,AERONAUTICAL ENGINEERING,87925,117069,152224,133312,174328,,,0,0,0,0,0,0,0
2740,"Hindusthan Institute of Technology (Autonomous), Othakkalmandapam Post, Coimbatore-641032.",COIMBATORE,SELF FINANCING COLLEGES TIER 3,CS,COMPUTER SCIENCE AND ENGINEERING,49960,77446,97984,81177,182634,182537,193442,0,0,0,0,0,0,0
2740,"Hindusthan Institute of Technology (Autonomous), Othakkalmandapam Post, Coimbatore-641032.",COIMBATORE,SELF FINANCING COLLEGES TIER 3,EC,ELECTRONICS AND COMMUNICATION ENGINEERING,59635,84783,76562,90300,186022,188053,221075,0,0,0,0,0,0,0
2740,"Hindusthan Institute of Technology (Autonomous), Othakkalmandapam Post, Coimbatore-641032.",COIMBATORE,SELF FINANCING COLLEGES TIER 3,IT,INFORMATION TECHNOLOGY,57336,81670,80484,84987,190587,193757,,0,0,0,0,0,0,0
2740,"Hindusthan Institute of Technology (Autonomous), Othakkalmandapam Post, Coimbatore-641032.",COIMBATORE,SELF FINANCING COLLEGES TIER 3,ME,MECHANICAL ENGINEERING,117915,155998,,143936,186990,,,0,0,0,0,0,0,0
2741,"P A College of Engineering and Technology (Autonomous), Palladam Road, Pollachi, Coimbatore Dt.-642002.",COIMBATORE,SELF FINANCING COLLEGES TIER 3,AD,Artificial Intelligence and Data Science,83230,126939,115635,157742,154604,89106,112416,0,0,0,0,0,0,0
2741,"P A College of Engineering and Technology (Autonomous), Palladam Road, Pollachi, Coimbatore Dt.-642002.",COIMBATORE,SELF FINANCING COLLEGES TIER 3,CS,COMPUTER SCIENCE AND ENGINEERING,71549,117441,131028,154761,172797,106288,,0,0,0,0,0,0,0
2741,"P A College of Engineering and Technology (Autonomous), Palladam Road, Pollachi, Coimbatore Dt.-642002.",COIMBATORE,SELF FINANCING COLLEGES TIER 3,EC,ELECTRONICS AND COMMUNICATION ENGINEERING,101770,131045,175045,162816,157110,135730,,0,0,0,0,0,0,0
2741,"P A College of Engineering and Technology (Autonomous), Palladam Road, Pollachi, Coimbatore Dt.-642002.",COIMBATORE,SELF FINANCING COLLEGES TIER 3,EE,ELECTRICAL AND ELECTRONICS ENGINEERING,133790,169725,,192729,190057,,,0,0,0,0,0,0,0
2741,"P A College of Engineering and Technology (Autonomous), Palladam Road, Pollachi, Coimbatore Dt.-642002.",COIMBATORE,SELF FINANCING COLLEGES TIER 3,IT,INFORMATION TECHNOLOGY,106848,132123,133833,163901,172609,143355,,0,0,0,0,0,0,0
2741,"P A College of Engineering and Technology (Autonomous), Palladam Road, Pollachi, Coimbatore Dt.-642002.",COIMBATORE,SELF FINANCING COLLEGES TIER 3,ME,MECHANICAL ENGINEERING,156517,223185,170821,226540,190908,177701,,0,0,0,0,0,0,0
2743,"Dhanalakshmi Srinivasan College of Engineering (CBE) (Autonomous), NH-47, Palakkad Main Road, Navakkarai Post, Coimbatore-641105.",COIMBATORE,SELF FINANCING COLLEGES TIER 3,AD,Artificial Intelligence and Data Science,70684,95798,105558,104896,164237,161249,147166,0,0,0,0,0,0,0
2743,"Dhanalakshmi Srinivasan College of Engineering (CBE) (Autonomous), NH-47, Palakkad Main Road, Navakkarai Post, Coimbatore-641105.",COIMBATORE,SELF FINANCING COLLEGES TIER 3,AG,AGRICULTURAL ENGINEERING,106216,141389,199988,182305,127541,,,0,0,0,0,0,0,0
2743,"Dhanalakshmi Srinivasan College of Engineering (CBE) (Autonomous), NH-47, Palakkad Main Road, Navakkarai Post, Coimbatore-641105.",COIMBATORE,SELF FINANCING COLLEGES TIER 3,BM,BIO MEDICAL ENGINEERING,120236,157934,165846,186978,187504,217184,,0,0,0,0,0,0,0
2743,"Dhanalakshmi Srinivasan College of Engineering (CBE) (Autonomous), NH-47, Palakkad Main Road, Navakkarai Post, Coimbatore-641105.",COIMBATORE,SELF FINANCING COLLEGES TIER 3,CE,CIVIL  ENGINEERING,139386,161867,,153167,233634,,,0,0,0,0,0,0,0
2743,"Dhanalakshmi Srinivasan College of Engineering (CBE) (Autonomous), NH-47, Palakkad Main Road, Navakkarai Post, Coimbatore-641105.",COIMBATORE,SELF FINANCING COLLEGES TIER 3,CS,COMPUTER SCIENCE AND ENGINEERING,66214,93443,96835,98861,171646,163163,180659,0,0,0,0,0,0,0
2743,"Dhanalakshmi Srinivasan College of Engineering (CBE) (Autonomous), NH-47, Palakkad Main Road, Navakkarai Post, Coimbatore-641105.",COIMBATORE,SELF FINANCING COLLEGES TIER 3,EC,ELECTRONICS AND COMMUNICATION ENGINEERING,77819,101819,114580,108684,174031,221315,,0,0,0,0,0,0,0
2743,"Dhanalakshmi Srinivasan College of Engineering (CBE) (Autonomous), NH-47, Palakkad Main Road, Navakkarai Post, Coimbatore-641105.",COIMBATORE,SELF FINANCING COLLEGES TIER 3,EE,ELECTRICAL AND ELECTRONICS ENGINEERING,106841,124919,137568,132361,159194,219536,,0,0,0,0,0,0,0
2743,"Dhanalakshmi Srinivasan College of Engineering (CBE) (Autonomous), NH-47, Palakkad Main Road, Navakkarai Post, Coimbatore-641105.",COIMBATORE,SELF FINANCING COLLEGES TIER 3,FD,FOOD TECHNOLOGY,119716,154780,177368,161554,142747,168003,,0,0,0,0,0,0,0
2743,"Dhanalakshmi Srinivasan College of Engineering (CBE) (Autonomous), NH-47, Palakkad Main Road, Navakkarai Post, Coimbatore-641105.",COIMBATORE,SELF FINANCING COLLEGES TIER 3,ME,MECHANICAL ENGINEERING,121730,171549,146056,171560,225381,223245,,0,0,0,0,0,0,0
2743,"Dhanalakshmi Srinivasan College of Engineering (CBE) (Autonomous), NH-47, Palakkad Main Road, Navakkarai Post, Coimbatore-641105.",COIMBATORE,SELF FINANCING COLLEGES TIER 3,SC,Computer Science and Engineering (Cyber Security),71504,96265,124277,90845,172479,111196,,0,0,0,0,0,0,0
2744,"Adithya Institute of Technology (Autonomous), S.F.No. 348/1,349/1, Kurumbapalayam, SS Kulam(PO), Coimbatore-641107.",COIMBATORE,SELF FINANCING COLLEGES TIER 3,AD,Artificial Intelligence and Data Science,76595,103671,,103122,210754,211786,,0,0,0,0,1,0,0
2744,"Adithya Institute of Technology (Autonomous), S.F.No. 348/1,349/1, Kurumbapalayam, SS Kulam(PO), Coimbatore-641107.",COIMBATORE,SELF FINANCING COLLEGES TIER 3,CE,CIVIL  ENGINEERING,146677,208755,,209565,237465,,,0,0,0,0,1,0,0
2744,"Adithya Institute of Technology (Autonomous), S.F.No. 348/1,349/1, Kurumbapalayam, SS Kulam(PO), Coimbatore-641107.",COIMBATORE,SELF FINANCING COLLEGES TIER 3,CS,COMPUTER SCIENCE AND ENGINEERING,79602,111035,117577,111875,220668,200135,,0,0,0,0,1,1,0
2744,"Adithya Institute of Technology (Autonomous), S.F.No. 348/1,349/1, Kurumbapalayam, SS Kulam(PO), Coimbatore-641107.",COIMBATORE,SELF FINANCING COLLEGES TIER 3,EC,ELECTRONICS AND COMMUNICATION ENGINEERING,83555,109217,203874,96946,,,,0,0,0,0,0,0,0
2744,"Adithya Institute of Technology (Autonomous), S.F.No. 348/1,349/1, Kurumbapalayam, SS Kulam(PO), Coimbatore-641107.",COIMBATORE,SELF FINANCING COLLEGES TIER 3,EE,ELECTRICAL AND ELECTRONICS ENGINEERING,128655,145001,187478,144300,130906,218094,,0,0,0,0,1,0,0
2744,"Adithya Institute of Technology (Autonomous), S.F.No. 348/1,349/1, Kurumbapalayam, SS Kulam(PO), Coimbatore-641107.",COIMBATORE,SELF FINANCING COLLEGES TIER 3,IT,INFORMATION TECHNOLOGY,82363,113099,88776,103825,219854,,,0,0,0,0,1,0,0
2744,"Adithya Institute of Technology (Autonomous), S.F.No. 348/1,349/1, Kurumbapalayam, SS Kulam(PO), Coimbatore-641107.",COIMBATORE,SELF FINANCING COLLEGES TIER 3,ME,MECHANICAL ENGINEERING,167896,216105,185828,217214,200141,,,0,0,1,0,1,0,0
2745,"Kathir College of Engineering (Autonomous), WISDOM TREE, Avinashi Road, Neelambur, Coimbatore-641062.",COIMBATORE,SELF FINANCING COLLEGES TIER 3,AD,Artificial Intelligence and Data Science,107306,132830,124298,142636,193913,163874,191954,0,0,0,0,0,0,0
2745,"Kathir College of Engineering (Autonomous), WISDOM TREE, Avinashi Road, Neelambur, Coimbatore-641062.",COIMBATORE,SELF FINANCING COLLEGES TIER 3,AM,COMPUTER SCIENCE AND ENGINEERING (AI AND MACHINE LEARNING),104330,135611,132021,134793,189199,203918,,0,0,0,0,0,0,0
2745,"Kathir College of Engineering (Autonomous), WISDOM TREE, Avinashi Road, Neelambur, Coimbatore-641062.",COIMBATORE,SELF FINANCING COLLEGES TIER 3,CO,COMPUTER AND  COMMUNICATION ENGINEERING,136616,139769,155645,146201,190848,187070,,0,0,0,0,0,0,0
2745,"Kathir College of Engineering (Autonomous), WISDOM TREE, Avinashi Road, Neelambur, Coimbatore-641062.",COIMBATORE,SELF FINANCING COLLEGES TIER 3,CS,COMPUTER SCIENCE AND ENGINEERING,72330,114693,112228,124489,181373,86427,,0,0,0,0,0,0,0
2745,"Kathir College of Engineering (Autonomous), WISDOM TREE, Avinashi Road, Neelambur, Coimbatore-641062.",COIMBATORE,SELF FINANCING COLLEGES TIER 3,EC,ELECTRONICS AND COMMUNICATION ENGINEERING,107134,142731,123287,147517,200746,197095,207729,0,0,0,0,0,0,0
2745,"Kathir College of Engineering (Autonomous), WISDOM TREE, Avinashi Road, Neelambur, Coimbatore-641062.",COIMBATORE,SELF FINANCING COLLEGES TIER 3,EE,ELECTRICAL AND ELECTRONICS ENGINEERING,124036,152731,137645,180859,212148,169581,,0,0,0,0,0,0,0
2745,"Kathir College of Engineering (Autonomous), WISDOM TREE, Avinashi Road, Neelambur, Coimbatore-641062.",COIMBATORE,SELF FINANCING COLLEGES TIER 3,ME,MECHANICAL ENGINEERING,151558,169816,172487,184780,205817,,214739,0,0,0,0,0,0,0
2747,"Shree Venkateshwara Hi-Tech Engineering College (Autonomous), Erode-Sathy Main Road,Sri Kalaivani Nagar, Othakuthirai,K, Mettupalayam (Po), Gobichettipalayam (Tk), Erode (Dt)-638455.",ERODE,SELF FINANCING COLLEGES TIER 3,AD,Artificial Intelligence and Data Science,134313,209140,165167,195014,219486,,,0,0,0,0,1,0,0
2747,"Shree Venkateshwara Hi-Tech Engineering College (Autonomous), Erode-Sathy Main Road,Sri Kalaivani Nagar, Othakuthirai,K, Mettupalayam (Po), Gobichettipalayam (Tk), Erode (Dt)-638455.",ERODE,SELF FINANCING COLLEGES TIER 3,AM,COMPUTER SCIENCE AND ENGINEERING (AI AND MACHINE LEARNING),125691,222882,176291,225016,235535,169546,,0,0,1,0,1,0,0
2747,"Shree Venkateshwara Hi-Tech Engineering College (Autonomous), Erode-Sathy Main Road,Sri Kalaivani Nagar, Othakuthirai,K, Mettupalayam (Po), Gobichettipalayam (Tk), Erode (Dt)-638455.",ERODE,SELF FINANCING COLLEGES TIER 3,BM,BIO MEDICAL ENGINEERING,182642,237847,226198,232416,208990,197325,,0,1,1,1,0,0,0
2747,"Shree Venkateshwara Hi-Tech Engineering College (Autonomous), Erode-Sathy Main Road,Sri Kalaivani Nagar, Othakuthirai,K, Mettupalayam (Po), Gobichettipalayam (Tk), Erode (Dt)-638455.",ERODE,SELF FINANCING COLLEGES TIER 3,BT,BIO TECHNOLOGY,157458,237798,,234436,232921,209462,,0,1,0,1,1,0,0
2747,"Shree Venkateshwara Hi-Tech Engineering College (Autonomous), Erode-Sathy Main Road,Sri Kalaivani Nagar, Othakuthirai,K, Mettupalayam (Po), Gobichettipalayam (Tk), Erode (Dt)-638455.",ERODE,SELF FINANCING COLLEGES TIER 3,CE,CIVIL  ENGINEERING,211338,232880,,226699,231004,,,0,1,0,0,0,0,0
2747,"Shree Venkateshwara Hi-Tech Engineering College (Autonomous), Erode-Sathy Main Road,Sri Kalaivani Nagar, Othakuthirai,K, Mettupalayam (Po), Gobichettipalayam (Tk), Erode (Dt)-638455.",ERODE,SELF FINANCING COLLEGES TIER 3,CS,COMPUTER SCIENCE AND ENGINEERING,165083,227965,208489,216160,238159,204139,,0,0,0,0,1,1,0
2747,"Shree Venkateshwara Hi-Tech Engineering College (Autonomous), Erode-Sathy Main Road,Sri Kalaivani Nagar, Othakuthirai,K, Mettupalayam (Po), Gobichettipalayam (Tk), Erode (Dt)-638455.",ERODE,SELF FINANCING COLLEGES TIER 3,EC,ELECTRONICS AND COMMUNICATION ENGINEERING,137719,185396,223265,216883,227397,201491,,0,0,0,0,1,0,0
2747,"Shree Venkateshwara Hi-Tech Engineering College (Autonomous), Erode-Sathy Main Road,Sri Kalaivani Nagar, Othakuthirai,K, Mettupalayam (Po), Gobichettipalayam (Tk), Erode (Dt)-638455.",ERODE,SELF FINANCING COLLEGES TIER 3,EE,ELECTRICAL AND ELECTRONICS ENGINEERING,187057,237023,,223106,237995,236288,,0,1,0,0,1,0,0
2747,"Shree Venkateshwara Hi-Tech Engineering College (Autonomous), Erode-Sathy Main Road,Sri Kalaivani Nagar, Othakuthirai,K, Mettupalayam (Po), Gobichettipalayam (Tk), Erode (Dt)-638455.",ERODE,SELF FINANCING COLLEGES TIER 3,IT,INFORMATION TECHNOLOGY,158743,211949,179980,203973,223761,215706,,0,0,0,0,1,0,0
2747,"Shree Venkateshwara Hi-Tech Engineering College (Autonomous), Erode-Sathy Main Road,Sri Kalaivani Nagar, Othakuthirai,K, Mettupalayam (Po), Gobichettipalayam (Tk), Erode (Dt)-638455.",ERODE,SELF FINANCING COLLEGES TIER 3,ME,MECHANICAL ENGINEERING,214931,238561,,237485,234275,238476,,0,1,0,1,1,1,0
2747,"Shree Venkateshwara Hi-Tech Engineering College (Autonomous), Erode-Sathy Main Road,Sri Kalaivani Nagar, Othakuthirai,K, Mettupalayam (Po), Gobichettipalayam (Tk), Erode (Dt)-638455.",ERODE,SELF FINANCING COLLEGES TIER 3,PH,PHARMACEUTICAL TECHNOLOGY,206992,235862,,237147,230457,210866,,0,1,0,1,0,0,0
2747,"Shree Venkateshwara Hi-Tech Engineering College (Autonomous), Erode-Sathy Main Road,Sri Kalaivani Nagar, Othakuthirai,K, Mettupalayam (Po), Gobichettipalayam (Tk), Erode (Dt)-638455.",ERODE,SELF FINANCING COLLEGES TIER 3,SC,Computer Science and Engineering (Cyber Security),138165,213076,,231596,223193,145052,,0,0,0,1,1,0,0
2748,"Surya Engineering College, Perundurai Road,Manalmedu, Mettukadai,Kathirampatti Post, Erode-638107.",ERODE,SELF FINANCING COLLEGES TIER 3,AD,Artificial Intelligence and Data Science,197334,233084,,235164,236639,210419,,0,1,0,1,1,1,0
2748,"Surya Engineering College, Perundurai Road,Manalmedu, Mettukadai,Kathirampatti Post, Erode-638107.",ERODE,SELF FINANCING COLLEGES TIER 3,AM,COMPUTER SCIENCE AND ENGINEERING (AI AND MACHINE LEARNING),237378,,,,,,,1,0,0,0,0,0,0
2748,"Surya Engineering College, Perundurai Road,Manalmedu, Mettukadai,Kathirampatti Post, Erode-638107.",ERODE,SELF FINANCING COLLEGES TIER 3,BM,BIO MEDICAL ENGINEERING,224632,237099,,238170,231377,231507,,0,1,0,1,1,1,0
2748,"Surya Engineering College, Perundurai Road,Manalmedu, Mettukadai,Kathirampatti Post, Erode-638107.",ERODE,SELF FINANCING COLLEGES TIER 3,CS,COMPUTER SCIENCE AND ENGINEERING,197155,229350,206017,232011,237214,,,0,1,1,1,1,0,0
2748,"Surya Engineering College, Perundurai Road,Manalmedu, Mettukadai,Kathirampatti Post, Erode-638107.",ERODE,SELF FINANCING COLLEGES TIER 3,EC,ELECTRONICS AND COMMUNICATION ENGINEERING,187159,198596,,234264,239077,187626,,0,1,0,1,1,0,0
2748,"Surya Engineering College, Perundurai Road,Manalmedu, Mettukadai,Kathirampatti Post, Erode-638107.",ERODE,SELF FINANCING COLLEGES TIER 3,IT,INFORMATION TECHNOLOGY,229856,237270,,236739,234994,237732,,0,1,0,1,1,1,0
2748,"Surya Engineering College, Perundurai Road,Manalmedu, Mettukadai,Kathirampatti Post, Erode-638107.",ERODE,SELF FINANCING COLLEGES TIER 3,ME,MECHANICAL ENGINEERING,230053,,,,,,,1,0,0,0,0,0,0
2748,"Surya Engineering College, Perundurai Road,Manalmedu, Mettukadai,Kathirampatti Post, Erode-638107.",ERODE,SELF FINANCING COLLEGES TIER 3,SC,Computer Science and Engineering (Cyber Security),166580,196046,,230329,230296,,,0,1,0,0,1,0,0
2749,"Easa College of Engineering and Technology (Autonomous), NH-47, Palakkad main Road, Navakkarai Post, Coimbatore-641105.",COIMBATORE,SELF FINANCING COLLEGES TIER 3,AD,Artificial Intelligence and Data Science,115296,176746,199862,172112,237934,214450,,0,0,0,0,1,0,0
2749,"Easa College of Engineering and Technology (Autonomous), NH-47, Palakkad main Road, Navakkarai Post, Coimbatore-641105.",COIMBATORE,SELF FINANCING COLLEGES TIER 3,AG,AGRICULTURAL ENGINEERING,227264,237959,,237923,238967,,,0,1,0,0,1,0,0
2749,"Easa College of Engineering and Technology (Autonomous), NH-47, Palakkad main Road, Navakkarai Post, Coimbatore-641105.",COIMBATORE,SELF FINANCING COLLEGES TIER 3,AM,COMPUTER SCIENCE AND ENGINEERING (AI AND MACHINE LEARNING),134691,204566,201727,190998,234352,,204655,0,0,0,0,0,0,0
2749,"Easa College of Engineering and Technology (Autonomous), NH-47, Palakkad main Road, Navakkarai Post, Coimbatore-641105.",COIMBATORE,SELF FINANCING COLLEGES TIER 3,BM,BIO MEDICAL ENGINEERING,198770,234765,222281,219716,237654,206808,,0,0,0,0,1,0,0
2749,"Easa College of Engineering and Technology (Autonomous), NH-47, Palakkad main Road, Navakkarai Post, Coimbatore-641105.",COIMBATORE,SELF FINANCING COLLEGES TIER 3,CS,COMPUTER SCIENCE AND ENGINEERING,119990,183347,124479,188259,230349,235110,,0,0,0,0,0,0,0
2749,"Easa College of Engineering and Technology (Autonomous), NH-47, Palakkad main Road, Navakkarai Post, Coimbatore-641105.",COIMBATORE,SELF FINANCING COLLEGES TIER 3,EC,ELECTRONICS AND COMMUNICATION ENGINEERING,115194,192053,227792,172259,231984,214124,,0,0,1,0,0,0,0
2749,"Easa College of Engineering and Technology (Autonomous), NH-47, Palakkad main Road, Navakkarai Post, Coimbatore-641105.",COIMBATORE,SELF FINANCING COLLEGES TIER 3,EE,ELECTRICAL AND ELECTRONICS ENGINEERING,153768,221287,172700,207927,235714,,,0,0,0,0,1,0,0
2749,"Easa College of Engineering and Technology (Autonomous), NH-47, Palakkad main Road, Navakkarai Post, Coimbatore-641105.",COIMBATORE,SELF FINANCING COLLEGES TIER 3,IT,INFORMATION TECHNOLOGY,138081,186113,193277,200249,209215,198621,198410,0,0,0,0,0,0,0
2749,"Easa College of Engineering and Technology (Autonomous), NH-47, Palakkad main Road, Navakkarai Post, Coimbatore-641105.",COIMBATORE,SELF FINANCING COLLEGES TIER 3,ME,MECHANICAL ENGINEERING,169719,223834,,214050,209471,227313,,0,0,0,0,1,0,0
2749,"Easa College of Engineering and Technology (Autonomous), NH-47, Palakkad main Road, Navakkarai Post, Coimbatore-641105.",COIMBATORE,SELF FINANCING COLLEGES TIER 3,SC,Computer Science and Engineering (Cyber Security),137112,206757,164270,195266,221099,226901,176493,0,0,0,0,0,0,0
2750,"KIT - Kalaignarkarunanidhi Institute of Technology (Autonomous), S.F.No. 282,S.F.No. 283 Kannampalayam Post, Coimbatore-641402.",COIMBATORE,SELF FINANCING COLLEGES TIER 1,AD,Artificial Intelligence and Data Science,32834,44104,45342,49559,121471,105688,,0,0,0,0,0,0,0
2750,"KIT - Kalaignarkarunanidhi Institute of Technology (Autonomous), S.F.No. 282,S.F.No. 283 Kannampalayam Post, Coimbatore-641402.",COIMBATORE,SELF FINANCING COLLEGES TIER 1,AE,AERONAUTICAL ENGINEERING,60724,88687,81276,115554,150679,158150,201020,0,0,0,0,0,0,0
2750,"KIT - Kalaignarkarunanidhi Institute of Technology (Autonomous), S.F.No. 282,S.F.No. 283 Kannampalayam Post, Coimbatore-641402.",COIMBATORE,SELF FINANCING COLLEGES TIER 1,AM,COMPUTER SCIENCE AND ENGINEERING (AI AND MACHINE LEARNING),28825,38022,44575,43719,126916,105858,197775,0,0,0,0,0,0,0
2750,"KIT - Kalaignarkarunanidhi Institute of Technology (Autonomous), S.F.No. 282,S.F.No. 283 Kannampalayam Post, Coimbatore-641402.",COIMBATORE,SELF FINANCING COLLEGES TIER 1,BM,BIO MEDICAL ENGINEERING,64137,91873,66404,128736,143517,118557,208412,0,0,0,0,0,0,0
2750,"KIT - Kalaignarkarunanidhi Institute of Technology (Autonomous), S.F.No. 282,S.F.No. 283 Kannampalayam Post, Coimbatore-641402.",COIMBATORE,SELF FINANCING COLLEGES TIER 1,BT,BIO TECHNOLOGY,55996,72044,89134,95689,134535,53128,,0,0,0,0,0,0,0
2750,"KIT - Kalaignarkarunanidhi Institute of Technology (Autonomous), S.F.No. 282,S.F.No. 283 Kannampalayam Post, Coimbatore-641402.",COIMBATORE,SELF FINANCING COLLEGES TIER 1,CB,COMPUTER SCIENCE AND BUSSINESS SYSTEM,32131,44451,38181,49630,125762,101105,,0,0,0,0,0,0,0
2750,"KIT - Kalaignarkarunanidhi Institute of Technology (Autonomous), S.F.No. 282,S.F.No. 283 Kannampalayam Post, Coimbatore-641402.",COIMBATORE,SELF FINANCING COLLEGES TIER 1,CS,COMPUTER SCIENCE AND ENGINEERING,23385,36263,43845,41197,121810,61098,130952,0,0,0,0,0,0,0
2750,"KIT - Kalaignarkarunanidhi Institute of Technology (Autonomous), S.F.No. 282,S.F.No. 283 Kannampalayam Post, Coimbatore-641402.",COIMBATORE,SELF FINANCING COLLEGES TIER 1,EC,ELECTRONICS AND COMMUNICATION ENGINEERING,31084,40862,43959,51315,121674,130640,61910,0,0,0,0,0,0,0
2750,"KIT - Kalaignarkarunanidhi Institute of Technology (Autonomous), S.F.No. 282,S.F.No. 283 Kannampalayam Post, Coimbatore-641402.",COIMBATORE,SELF FINANCING COLLEGES TIER 1,EE,ELECTRICAL AND ELECTRONICS ENGINEERING,48304,55732,49916,67001,144677,119467,,0,0,0,0,0,0,0
2750,"KIT - Kalaignarkarunanidhi Institute of Technology (Autonomous), S.F.No. 282,S.F.No. 283 Kannampalayam Post, Coimbatore-641402.",COIMBATORE,SELF FINANCING COLLEGES TIER 1,EV,Electronics Engineering (VLSI Design and Technology),43132,51153,,57278,131931,122584,,0,0,0,0,0,0,0
2750,"KIT - Kalaignarkarunanidhi Institute of Technology (Autonomous), S.F.No. 282,S.F.No. 283 Kannampalayam Post, Coimbatore-641402.",COIMBATORE,SELF FINANCING COLLEGES TIER 1,ME,MECHANICAL ENGINEERING,69407,96188,128257,112778,145199,140515,,0,0,0,0,0,0,0
2750,"KIT - Kalaignarkarunanidhi Institute of Technology (Autonomous), S.F.No. 282,S.F.No. 283 Kannampalayam Post, Coimbatore-641402.",COIMBATORE,SELF FINANCING COLLEGES TIER 1,SC,Computer Science and Engineering (Cyber Security),37092,42620,47488,53346,120256,109941,,0,0,0,0,0,0,0
2751,"KGISL Institute of Technology (Autonomous), 365, KGISL Campus, Thudiyalur Road, Saravanampatti, Coimbatore-641035.",COIMBATORE,SELF FINANCING COLLEGES TIER 3,AD,Artificial Intelligence and Data Science,27421,42355,55565,57383,161653,140680,93771,0,0,0,0,0,0,0
2751,"KGISL Institute of Technology (Autonomous), 365, KGISL Campus, Thudiyalur Road, Saravanampatti, Coimbatore-641035.",COIMBATORE,SELF FINANCING COLLEGES TIER 3,AM,COMPUTER SCIENCE AND ENGINEERING (AI AND MACHINE LEARNING),34389,43812,69808,61253,163891,170275,,0,0,0,0,0,0,0
2751,"KGISL Institute of Technology (Autonomous), 365, KGISL Campus, Thudiyalur Road, Saravanampatti, Coimbatore-641035.",COIMBATORE,SELF FINANCING COLLEGES TIER 3,CB,COMPUTER SCIENCE AND BUSSINESS SYSTEM,33404,45968,65047,70950,184216,163546,,0,0,0,0,0,0,0
2751,"KGISL Institute of Technology (Autonomous), 365, KGISL Campus, Thudiyalur Road, Saravanampatti, Coimbatore-641035.",COIMBATORE,SELF FINANCING COLLEGES TIER 3,CS,COMPUTER SCIENCE AND ENGINEERING,29843,42529,57705,52773,123280,158132,93734,0,0,0,0,0,0,0
2751,"KGISL Institute of Technology (Autonomous), 365, KGISL Campus, Thudiyalur Road, Saravanampatti, Coimbatore-641035.",COIMBATORE,SELF FINANCING COLLEGES TIER 3,EC,ELECTRONICS AND COMMUNICATION ENGINEERING,36529,46898,77334,58159,172226,134414,186354,0,0,0,0,0,0,0
2751,"KGISL Institute of Technology (Autonomous), 365, KGISL Campus, Thudiyalur Road, Saravanampatti, Coimbatore-641035.",COIMBATORE,SELF FINANCING COLLEGES TIER 3,IT,INFORMATION TECHNOLOGY,35603,43747,69409,58450,157946,135385,,0,0,0,0,0,0,0
2751,"KGISL Institute of Technology (Autonomous), 365, KGISL Campus, Thudiyalur Road, Saravanampatti, Coimbatore-641035.",COIMBATORE,SELF FINANCING COLLEGES TIER 3,ME,MECHANICAL ENGINEERING,63574,87123,67908,117313,189706,235706,,0,0,0,0,0,0,0
2751,"KGISL Institute of Technology (Autonomous), 365, KGISL Campus, Thudiyalur Road, Saravanampatti, Coimbatore-641035.",COIMBATORE,SELF FINANCING COLLEGES TIER 3,RM,ROBOTICS AND AUTOMATION,49302,62144,74301,73613,193825,180413,,0,0,0,0,0,0,0
2751,"KGISL Institute of Technology (Autonomous), 365, KGISL Campus, Thudiyalur Road, Saravanampatti, Coimbatore-641035.",COIMBATORE,SELF FINANCING COLLEGES TIER 3,SC,Computer Science and Engineering (Cyber Security),34726,45019,66169,51663,135136,160707,,0,0,0,0,0,0,0
2752,"Nandha College of Technology, 235, Chennimalaipalayam Road, Pitchandampalayam Post, Veppampalayam Village, Erode-638052.",ERODE,SELF FINANCING COLLEGES TIER 3,AD,Artificial Intelligence and Data Science,95362,148440,178150,153371,208583,161955,,0,0,0,0,0,0,0
2752,"Nandha College of Technology, 235, Chennimalaipalayam Road, Pitchandampalayam Post, Veppampalayam Village, Erode-638052.",ERODE,SELF FINANCING COLLEGES TIER 3,CS,COMPUTER SCIENCE AND ENGINEERING,100080,149881,180200,157322,229520,202575,,0,0,0,0,1,0,0
2752,"Nandha College of Technology, 235, Chennimalaipalayam Road, Pitchandampalayam Post, Veppampalayam Village, Erode-638052.",ERODE,SELF FINANCING COLLEGES TIER 3,EC,ELECTRONICS AND COMMUNICATION ENGINEERING,110962,151279,181476,135488,182789,170719,,0,0,0,0,1,0,0
2752,"Nandha College of Technology, 235, Chennimalaipalayam Road, Pitchandampalayam Post, Veppampalayam Village, Erode-638052.",ERODE,SELF FINANCING COLLEGES TIER 3,EE,ELECTRICAL AND ELECTRONICS ENGINEERING,157497,188282,195328,181508,230522,238940,,0,0,0,0,1,0,0
2752,"Nandha College of Technology, 235, Chennimalaipalayam Road, Pitchandampalayam Post, Veppampalayam Village, Erode-638052.",ERODE,SELF FINANCING COLLEGES TIER 3,IT,INFORMATION TECHNOLOGY,116477,155653,172381,158156,237460,169485,,0,0,0,0,0,0,0
2753,"PPG Institute of Technology, Rathnagiri Road, Saravanampatti, Coimbatore-641035.",COIMBATORE,SELF FINANCING COLLEGES TIER 3,AD,Artificial Intelligence and Data Science,87580,143671,153430,131214,195201,177379,225706,0,0,0,0,0,0,0
2753,"PPG Institute of Technology, Rathnagiri Road, Saravanampatti, Coimbatore-641035.",COIMBATORE,SELF FINANCING COLLEGES TIER 3,AG,AGRICULTURAL ENGINEERING,224507,224942,237753,,,,,0,1,0,0,0,0,0
2753,"PPG Institute of Technology, Rathnagiri Road, Saravanampatti, Coimbatore-641035.",COIMBATORE,SELF FINANCING COLLEGES TIER 3,AM,COMPUTER SCIENCE AND ENGINEERING (AI AND MACHINE LEARNING),121702,176296,,144991,195659,234928,,0,0,0,0,0,0,0
2753,"PPG Institute of Technology, Rathnagiri Road, Saravanampatti, Coimbatore-641035.",COIMBATORE,SELF FINANCING COLLEGES TIER 3,BM,BIO MEDICAL ENGINEERING,181518,218313,210442,232963,226141,,,0,1,1,1,1,0,0
2753,"PPG Institute of Technology, Rathnagiri Road, Saravanampatti, Coimbatore-641035.",COIMBATORE,SELF FINANCING COLLEGES TIER 3,CS,COMPUTER SCIENCE AND ENGINEERING,119831,175433,208760,162844,225297,220887,,0,0,0,0,1,0,0
2753,"PPG Institute of Technology, Rathnagiri Road, Saravanampatti, Coimbatore-641035.",COIMBATORE,SELF FINANCING COLLEGES TIER 3,EC,ELECTRONICS AND COMMUNICATION ENGINEERING,132551,178702,232200,162905,236111,197210,,0,0,1,0,1,0,0
2753,"PPG Institute of Technology, Rathnagiri Road, Saravanampatti, Coimbatore-641035.",COIMBATORE,SELF FINANCING COLLEGES TIER 3,IT,INFORMATION TECHNOLOGY,134019,190648,145341,171616,224469,165852,,0,0,0,0,1,0,0
2753,"PPG Institute of Technology, Rathnagiri Road, Saravanampatti, Coimbatore-641035.",COIMBATORE,SELF FINANCING COLLEGES TIER 3,ME,MECHANICAL ENGINEERING,183333,237760,,211815,,,,0,0,0,1,0,0,0
2755,"Nehru Institute of Technology (Autonomous), Jawahar Gardens, Kaliapuram, Thirumalayampalayam, Coimbatore-641105.",COIMBATORE,SELF FINANCING COLLEGES TIER 3,AE,AERONAUTICAL ENGINEERING,94130,133565,104321,143645,137376,234647,,0,0,0,0,0,0,0
2755,"Nehru Institute of Technology (Autonomous), Jawahar Gardens, Kaliapuram, Thirumalayampalayam, Coimbatore-641105.",COIMBATORE,SELF FINANCING COLLEGES TIER 3,AG,AGRICULTURAL ENGINEERING,156337,207575,,214183,221995,,,0,0,0,0,0,0,0
2755,"Nehru Institute of Technology (Autonomous), Jawahar Gardens, Kaliapuram, Thirumalayampalayam, Coimbatore-641105.",COIMBATORE,SELF FINANCING COLLEGES TIER 3,AM,COMPUTER SCIENCE AND ENGINEERING (AI AND MACHINE LEARNING),75433,98912,96669,116230,172610,163578,,0,0,0,0,0,0,0
2755,"Nehru Institute of Technology (Autonomous), Jawahar Gardens, Kaliapuram, Thirumalayampalayam, Coimbatore-641105.",COIMBATORE,SELF FINANCING COLLEGES TIER 3,CE,CIVIL  ENGINEERING,110240,163559,219810,148822,208849,,,0,0,0,0,0,0,0
2755,"Nehru Institute of Technology (Autonomous), Jawahar Gardens, Kaliapuram, Thirumalayampalayam, Coimbatore-641105.",COIMBATORE,SELF FINANCING COLLEGES TIER 3,CO,COMPUTER AND  COMMUNICATION ENGINEERING,93368,108875,118433,125633,213295,172394,,0,0,0,0,0,0,0
2755,"Nehru Institute of Technology (Autonomous), Jawahar Gardens, Kaliapuram, Thirumalayampalayam, Coimbatore-641105.",COIMBATORE,SELF FINANCING COLLEGES TIER 3,CS,COMPUTER SCIENCE AND ENGINEERING,73839,96605,104809,111607,181437,188977,,0,0,0,0,0,0,0
2755,"Nehru Institute of Technology (Autonomous), Jawahar Gardens, Kaliapuram, Thirumalayampalayam, Coimbatore-641105.",COIMBATORE,SELF FINANCING COLLEGES TIER 3,FD,FOOD TECHNOLOGY,134204,193436,203100,234335,227841,229482,,0,0,0,0,1,0,0
2755,"Nehru Institute of Technology (Autonomous), Jawahar Gardens, Kaliapuram, Thirumalayampalayam, Coimbatore-641105.",COIMBATORE,SELF FINANCING COLLEGES TIER 3,IT,INFORMATION TECHNOLOGY,80251,102056,105954,113639,159771,139691,,0,0,0,0,0,0,0
2755,"Nehru Institute of Technology (Autonomous), Jawahar Gardens, Kaliapuram, Thirumalayampalayam, Coimbatore-641105.",COIMBATORE,SELF FINANCING COLLEGES TIER 3,SC,Computer Science and Engineering (Cyber Security),70030,95827,117456,116066,178510,,,0,0,0,0,0,0,0
2758,"JKK Munirajah College of Technology (Autonomous), 377/1A, Punjai Thurayampalayam, Thookkanickenpalayam (Post), Thookkanickenpalayam, Gobi (Tk), Erode-638506.",ERODE,SELF FINANCING COLLEGES TIER 3,AD,Artificial Intelligence and Data Science,194506,,,233251,,235157,,0,0,0,1,0,0,0
2758,"JKK Munirajah College of Technology (Autonomous), 377/1A, Punjai Thurayampalayam, Thookkanickenpalayam (Post), Thookkanickenpalayam, Gobi (Tk), Erode-638506.",ERODE,SELF FINANCING COLLEGES TIER 3,AU,AUTOMOBILE ENGINEERING,220811,,,,,,,1,0,0,0,0,0,0
2758,"JKK Munirajah College of Technology (Autonomous), 377/1A, Punjai Thurayampalayam, Thookkanickenpalayam (Post), Thookkanickenpalayam, Gobi (Tk), Erode-638506.",ERODE,SELF FINANCING COLLEGES TIER 3,CE,CIVIL  ENGINEERING,218069,,,,,,,1,0,0,0,0,0,0
2758,"JKK Munirajah College of Technology (Autonomous), 377/1A, Punjai Thurayampalayam, Thookkanickenpalayam (Post), Thookkanickenpalayam, Gobi (Tk), Erode-638506.",ERODE,SELF FINANCING COLLEGES TIER 3,CS,COMPUTER SCIENCE AND ENGINEERING,187777,234124,,235195,193297,,,0,1,0,1,1,0,0
2758,"JKK Munirajah College of Technology (Autonomous), 377/1A, Punjai Thurayampalayam, Thookkanickenpalayam (Post), Thookkanickenpalayam, Gobi (Tk), Erode-638506.",ERODE,SELF FINANCING COLLEGES TIER 3,EC,ELECTRONICS AND COMMUNICATION ENGINEERING,196272,220537,,224865,,,,0,1,0,0,0,0,0
2758,"JKK Munirajah College of Technology (Autonomous), 377/1A, Punjai Thurayampalayam, Thookkanickenpalayam (Post), Thookkanickenpalayam, Gobi (Tk), Erode-638506.",ERODE,SELF FINANCING COLLEGES TIER 3,EE,ELECTRICAL AND ELECTRONICS ENGINEERING,236178,236551,,,,,,0,1,0,0,0,0,0
2758,"JKK Munirajah College of Technology (Autonomous), 377/1A, Punjai Thurayampalayam, Thookkanickenpalayam (Post), Thookkanickenpalayam, Gobi (Tk), Erode-638506.",ERODE,SELF FINANCING COLLEGES TIER 3,IT,INFORMATION TECHNOLOGY,209959,236208,,236654,211053,,,0,1,0,1,1,0,0
2758,"JKK Munirajah College of Technology (Autonomous), 377/1A, Punjai Thurayampalayam, Thookkanickenpalayam (Post), Thookkanickenpalayam, Gobi (Tk), Erode-638506.",ERODE,SELF FINANCING COLLEGES TIER 3,ME,MECHANICAL ENGINEERING,235039,,,,,,,1,0,0,0,0,0,0
2758,"JKK Munirajah College of Technology (Autonomous), 377/1A, Punjai Thurayampalayam, Thookkanickenpalayam (Post), Thookkanickenpalayam, Gobi (Tk), Erode-638506.",ERODE,SELF FINANCING COLLEGES TIER 3,SC,Computer Science and Engineering (Cyber Security),229219,236901,,238550,,,,0,1,0,1,0,0,0
2761,"United Institute of Technology (Autonomous), G.Koundampalayam, Periyanaickenpalayam, Coimbatore-641020.",COIMBATORE,SELF FINANCING COLLEGES TIER 3,AD,Artificial Intelligence and Data Science,124889,165350,144836,184226,229664,147585,,0,0,1,0,0,0,0
2761,"United Institute of Technology (Autonomous), G.Koundampalayam, Periyanaickenpalayam, Coimbatore-641020.",COIMBATORE,SELF FINANCING COLLEGES TIER 3,CS,COMPUTER SCIENCE AND ENGINEERING,108445,153016,214349,167190,227061,190219,,0,0,0,0,0,0,0
2761,"United Institute of Technology (Autonomous), G.Koundampalayam, Periyanaickenpalayam, Coimbatore-641020.",COIMBATORE,SELF FINANCING COLLEGES TIER 3,EC,ELECTRONICS AND COMMUNICATION ENGINEERING,118465,157481,194552,152028,231670,220410,,0,0,0,0,0,0,0
2761,"United Institute of Technology (Autonomous), G.Koundampalayam, Periyanaickenpalayam, Coimbatore-641020.",COIMBATORE,SELF FINANCING COLLEGES TIER 3,IT,INFORMATION TECHNOLOGY,124990,167668,155509,146535,185067,236645,,0,0,1,0,0,0,0
2761,"United Institute of Technology (Autonomous), G.Koundampalayam, Periyanaickenpalayam, Coimbatore-641020.",COIMBATORE,SELF FINANCING COLLEGES TIER 3,RM,ROBOTICS AND AUTOMATION,148849,176146,,194409,202776,,,0,0,0,0,0,0,0
2761,"United Institute of Technology (Autonomous), G.Koundampalayam, Periyanaickenpalayam, Coimbatore-641020.",COIMBATORE,SELF FINANCING COLLEGES TIER 3,SC,Computer Science and Engineering (Cyber Security),132360,156986,127792,153116,229812,221387,,0,0,0,0,0,0,0
2762,"Jansons Institute of Technology (Autonomous), SF.NO.443/1,2, 442/1A & 442/1B Karumathampatty, Coimbatore-641659.",COIMBATORE,SELF FINANCING COLLEGES TIER 3,AD,Artificial Intelligence and Data Science,89143,121263,181037,147064,223912,219440,,0,0,0,0,1,1,0
2762,"Jansons Institute of Technology (Autonomous), SF.NO.443/1,2, 442/1A & 442/1B Karumathampatty, Coimbatore-641659.",COIMBATORE,SELF FINANCING COLLEGES TIER 3,CB,COMPUTER SCIENCE AND BUSSINESS SYSTEM,121573,135357,180619,151712,237526,238723,,0,0,0,0,1,0,0
2762,"Jansons Institute of Technology (Autonomous), SF.NO.443/1,2, 442/1A & 442/1B Karumathampatty, Coimbatore-641659.",COIMBATORE,SELF FINANCING COLLEGES TIER 3,CE,CIVIL  ENGINEERING,167526,229733,,193164,194430,,,0,0,0,0,1,0,0
2762,"Jansons Institute of Technology (Autonomous), SF.NO.443/1,2, 442/1A & 442/1B Karumathampatty, Coimbatore-641659.",COIMBATORE,SELF FINANCING COLLEGES TIER 3,CS,COMPUTER SCIENCE AND ENGINEERING,70865,111580,153188,144574,209142,216574,,0,0,0,0,1,1,0
2762,"Jansons Institute of Technology (Autonomous), SF.NO.443/1,2, 442/1A & 442/1B Karumathampatty, Coimbatore-641659.",COIMBATORE,SELF FINANCING COLLEGES TIER 3,EC,ELECTRONICS AND COMMUNICATION ENGINEERING,115585,147619,229204,144554,228981,228854,,0,0,0,0,1,1,0
2762,"Jansons Institute of Technology (Autonomous), SF.NO.443/1,2, 442/1A & 442/1B Karumathampatty, Coimbatore-641659.",COIMBATORE,SELF FINANCING COLLEGES TIER 3,ME,MECHANICAL ENGINEERING,154713,217934,,183866,238256,,,0,0,0,0,1,0,0
2763,"Akshaya College of Engineering and Technology, SF No.112/1CPT,114/1,115/1,116/2C, Bagavathipalayam Road,Kinathukadavu, Coimbatore-642109.",COIMBATORE,SELF FINANCING COLLEGES TIER 3,AD,Artificial Intelligence and Data Science,106191,134487,150307,168698,216293,170287,,0,0,0,0,0,0,0
2763,"Akshaya College of Engineering and Technology, SF No.112/1CPT,114/1,115/1,116/2C, Bagavathipalayam Road,Kinathukadavu, Coimbatore-642109.",COIMBATORE,SELF FINANCING COLLEGES TIER 3,CB,COMPUTER SCIENCE AND BUSSINESS SYSTEM,120656,168114,,169976,207127,,,0,0,0,0,0,0,0
2763,"Akshaya College of Engineering and Technology, SF No.112/1CPT,114/1,115/1,116/2C, Bagavathipalayam Road,Kinathukadavu, Coimbatore-642109.",COIMBATORE,SELF FINANCING COLLEGES TIER 3,CE,CIVIL  ENGINEERING,192070,233499,194787,216956,209207,,,0,1,0,0,1,0,0
2763,"Akshaya College of Engineering and Technology, SF No.112/1CPT,114/1,115/1,116/2C, Bagavathipalayam Road,Kinathukadavu, Coimbatore-642109.",COIMBATORE,SELF FINANCING COLLEGES TIER 3,CS,COMPUTER SCIENCE AND ENGINEERING,117070,158221,142007,164824,234970,178039,,0,0,0,0,0,0,0
2763,"Akshaya College of Engineering and Technology, SF No.112/1CPT,114/1,115/1,116/2C, Bagavathipalayam Road,Kinathukadavu, Coimbatore-642109.",COIMBATORE,SELF FINANCING COLLEGES TIER 3,EC,ELECTRONICS AND COMMUNICATION ENGINEERING,105198,138850,107213,147331,235098,117852,,0,0,0,0,0,0,0
2763,"Akshaya College of Engineering and Technology, SF No.112/1CPT,114/1,115/1,116/2C, Bagavathipalayam Road,Kinathukadavu, Coimbatore-642109.",COIMBATORE,SELF FINANCING COLLEGES TIER 3,EE,ELECTRICAL AND ELECTRONICS ENGINEERING,153223,194685,167169,190060,239093,,,0,0,0,0,0,0,0
2763,"Akshaya College of Engineering and Technology, SF No.112/1CPT,114/1,115/1,116/2C, Bagavathipalayam Road,Kinathukadavu, Coimbatore-642109.",COIMBATORE,SELF FINANCING COLLEGES TIER 3,ME,MECHANICAL ENGINEERING,154448,184535,213005,197196,209640,189349,,0,0,0,0,1,0,0
2763,"Akshaya College of Engineering and Technology, SF No.112/1CPT,114/1,115/1,116/2C, Bagavathipalayam Road,Kinathukadavu, Coimbatore-642109.",COIMBATORE,SELF FINANCING COLLEGES TIER 3,MZ,Mechatronics Engineering,158503,208168,,216056,238384,,,0,0,0,0,1,0,0
2764,"KPR Institute of Engineering and Technology (Autonomous), SF:204/2 & 204/4, Kollupalayam Village, Arasur Panchayat, Coimbatore-641407.",COIMBATORE,SELF FINANCING COLLEGES TIER 3,AD,Artificial Intelligence and Data Science,14731,21042,22948,27198,80652,56515,94713,0,0,0,0,0,0,0
2764,"KPR Institute of Engineering and Technology (Autonomous), SF:204/2 & 204/4, Kollupalayam Village, Arasur Panchayat, Coimbatore-641407.",COIMBATORE,SELF FINANCING COLLEGES TIER 3,AM,COMPUTER SCIENCE AND ENGINEERING (AI AND MACHINE LEARNING),15150,19741,25360,25977,92732,88346,107566,0,0,0,0,0,0,0
2764,"KPR Institute of Engineering and Technology (Autonomous), SF:204/2 & 204/4, Kollupalayam Village, Arasur Panchayat, Coimbatore-641407.",COIMBATORE,SELF FINANCING COLLEGES TIER 3,BM,BIO MEDICAL ENGINEERING,35972,40964,73618,56164,99481,185571,,0,0,0,0,0,0,0
2764,"KPR Institute of Engineering and Technology (Autonomous), SF:204/2 & 204/4, Kollupalayam Village, Arasur Panchayat, Coimbatore-641407.",COIMBATORE,SELF FINANCING COLLEGES TIER 3,CB,COMPUTER SCIENCE AND BUSSINESS SYSTEM,18182,22053,33921,32159,111386,91842,,0,0,0,0,0,0,0
2764,"KPR Institute of Engineering and Technology (Autonomous), SF:204/2 & 204/4, Kollupalayam Village, Arasur Panchayat, Coimbatore-641407.",COIMBATORE,SELF FINANCING COLLEGES TIER 3,CE,CIVIL  ENGINEERING,41207,55143,,52819,116424,134835,,0,0,0,0,0,0,0
2764,"KPR Institute of Engineering and Technology (Autonomous), SF:204/2 & 204/4, Kollupalayam Village, Arasur Panchayat, Coimbatore-641407.",COIMBATORE,SELF FINANCING COLLEGES TIER 3,CH,CHEMICAL  ENGINEERING,31499,43286,43420,44145,147294,95168,127711,0,0,0,0,0,0,0
2764,"KPR Institute of Engineering and Technology (Autonomous), SF:204/2 & 204/4, Kollupalayam Village, Arasur Panchayat, Coimbatore-641407.",COIMBATORE,SELF FINANCING COLLEGES TIER 3,CS,COMPUTER SCIENCE AND ENGINEERING,9797,13499,20875,18293,74278,97625,83184,0,0,0,0,0,0,0
2764,"KPR Institute of Engineering and Technology (Autonomous), SF:204/2 & 204/4, Kollupalayam Village, Arasur Panchayat, Coimbatore-641407.",COIMBATORE,SELF FINANCING COLLEGES TIER 3,EC,ELECTRONICS AND COMMUNICATION ENGINEERING,11071,16205,22007,27716,80807,81949,125977,0,0,0,0,0,0,0
2764,"KPR Institute of Engineering and Technology (Autonomous), SF:204/2 & 204/4, Kollupalayam Village, Arasur Panchayat, Coimbatore-641407.",COIMBATORE,SELF FINANCING COLLEGES TIER 3,EE,ELECTRICAL AND ELECTRONICS ENGINEERING,19523,22370,29345,37759,107561,115936,,0,0,0,0,0,0,0
2764,"KPR Institute of Engineering and Technology (Autonomous), SF:204/2 & 204/4, Kollupalayam Village, Arasur Panchayat, Coimbatore-641407.",COIMBATORE,SELF FINANCING COLLEGES TIER 3,IT,INFORMATION TECHNOLOGY,15769,20712,23676,29461,105524,89997,,0,0,0,0,0,0,0
2764,"KPR Institute of Engineering and Technology (Autonomous), SF:204/2 & 204/4, Kollupalayam Village, Arasur Panchayat, Coimbatore-641407.",COIMBATORE,SELF FINANCING COLLEGES TIER 3,ME,MECHANICAL ENGINEERING,34111,39882,49103,53374,109059,99878,,0,0,0,0,0,0,0
2764,"KPR Institute of Engineering and Technology (Autonomous), SF:204/2 & 204/4, Kollupalayam Village, Arasur Panchayat, Coimbatore-641407.",COIMBATORE,SELF FINANCING COLLEGES TIER 3,MZ,Mechatronics Engineering,24099,35310,32507,53063,121341,135356,,0,0,0,0,0,0,0
2764,"KPR Institute of Engineering and Technology (Autonomous), SF:204/2 & 204/4, Kollupalayam Village, Arasur Panchayat, Coimbatore-641407.",COIMBATORE,SELF FINANCING COLLEGES TIER 3,SC,Computer Science and Engineering (Cyber Security),15647,21212,27476,23457,96174,106054,,0,0,0,0,0,0,0
2767,"SRG Engineering College, SH-95,Mohanur Road, Aniyapuram, Namakkal-637017.",NAMAKKAL,SELF FINANCING COLLEGES TIER 3,AD,Artificial Intelligence and Data Science,222434,230484,,,,,,0,1,0,0,0,0,0
2767,"SRG Engineering College, SH-95,Mohanur Road, Aniyapuram, Namakkal-637017.",NAMAKKAL,SELF FINANCING COLLEGES TIER 3,BM,BIO MEDICAL ENGINEERING,227377,,,,,,,1,0,0,0,0,0,0
2767,"SRG Engineering College, SH-95,Mohanur Road, Aniyapuram, Namakkal-637017.",NAMAKKAL,SELF FINANCING COLLEGES TIER 3,CE,CIVIL  ENGINEERING,,,,,,,,0,0,0,0,0,0,0
2767,"SRG Engineering College, SH-95,Mohanur Road, Aniyapuram, Namakkal-637017.",NAMAKKAL,SELF FINANCING COLLEGES TIER 3,CS,COMPUTER SCIENCE AND ENGINEERING,233242,,,236797,233539,,,0,0,0,1,1,0,0
2767,"SRG Engineering College, SH-95,Mohanur Road, Aniyapuram, Namakkal-637017.",NAMAKKAL,SELF FINANCING COLLEGES TIER 3,EE,ELECTRICAL AND ELECTRONICS ENGINEERING,237143,,,,,,,1,0,0,0,0,0,0
2767,"SRG Engineering College, SH-95,Mohanur Road, Aniyapuram, Namakkal-637017.",NAMAKKAL,SELF FINANCING COLLEGES TIER 3,IT,INFORMATION TECHNOLOGY,238285,,,,,,,1,0,0,0,0,0,0
2767,"SRG Engineering College, SH-95,Mohanur Road, Aniyapuram, Namakkal-637017.",NAMAKKAL,SELF FINANCING COLLEGES TIER 3,ME,MECHANICAL ENGINEERING,214781,,,,,,,1,0,0,0,0,0,0
2767,"SRG Engineering College, SH-95,Mohanur Road, Aniyapuram, Namakkal-637017.",NAMAKKAL,SELF FINANCING COLLEGES TIER 3,SC,Computer Science and Engineering (Cyber Security),234837,,,,238139,,,0,0,0,0,1,0,0
2768,"Park College of Technology, Prema Ravi Nagar, Karumathampatty, Coimbatore-641659.",COIMBATORE,SELF FINANCING COLLEGES TIER 3,AD,Artificial Intelligence and Data Science,132847,186441,239181,194775,138827,,169837,0,0,0,0,1,0,0
2768,"Park College of Technology, Prema Ravi Nagar, Karumathampatty, Coimbatore-641659.",COIMBATORE,SELF FINANCING COLLEGES TIER 3,AM,COMPUTER SCIENCE AND ENGINEERING (AI AND MACHINE LEARNING),191765,230219,,219989,,,,0,0,0,0,0,0,0
2768,"Park College of Technology, Prema Ravi Nagar, Karumathampatty, Coimbatore-641659.",COIMBATORE,SELF FINANCING COLLEGES TIER 3,AO,AEROSPACE ENGINEERING,141444,216064,,226056,171205,,,0,1,0,0,1,0,0
2768,"Park College of Technology, Prema Ravi Nagar, Karumathampatty, Coimbatore-641659.",COIMBATORE,SELF FINANCING COLLEGES TIER 3,CE,CIVIL  ENGINEERING,225963,,,,,,,1,0,0,0,0,0,0
2768,"Park College of Technology, Prema Ravi Nagar, Karumathampatty, Coimbatore-641659.",COIMBATORE,SELF FINANCING COLLEGES TIER 3,CS,COMPUTER SCIENCE AND ENGINEERING,166057,212902,179424,218172,237484,,,0,0,0,0,1,0,0
2768,"Park College of Technology, Prema Ravi Nagar, Karumathampatty, Coimbatore-641659.",COIMBATORE,SELF FINANCING COLLEGES TIER 3,EC,ELECTRONICS AND COMMUNICATION ENGINEERING,170939,215257,230204,225559,,,,0,0,0,0,0,0,0
2768,"Park College of Technology, Prema Ravi Nagar, Karumathampatty, Coimbatore-641659.",COIMBATORE,SELF FINANCING COLLEGES TIER 3,EN,ENVIRONMENTAL ENGINEERING,190585,237411,,217260,220830,,,0,1,0,1,1,0,0
2768,"Park College of Technology, Prema Ravi Nagar, Karumathampatty, Coimbatore-641659.",COIMBATORE,SELF FINANCING COLLEGES TIER 3,ME,MECHANICAL ENGINEERING,216275,,,236378,225214,,,0,0,0,1,1,0,0
2769,"JCT College of Engineering and Technology (Autonomous), Pichanur, Coimbatore South Taluk, Coimbatore-641105.",COIMBATORE,SELF FINANCING COLLEGES TIER 3,AD,Artificial Intelligence and Data Science,92971,127890,115956,138535,231798,206632,,0,0,0,0,0,1,0
2769,"JCT College of Engineering and Technology (Autonomous), Pichanur, Coimbatore South Taluk, Coimbatore-641105.",COIMBATORE,SELF FINANCING COLLEGES TIER 3,BC,Bio Technology and Bio Chemical Engineering,105192,165694,127668,229424,206162,130000,,0,0,0,0,0,0,0
2769,"JCT College of Engineering and Technology (Autonomous), Pichanur, Coimbatore South Taluk, Coimbatore-641105.",COIMBATORE,SELF FINANCING COLLEGES TIER 3,CB,COMPUTER SCIENCE AND BUSSINESS SYSTEM,114074,149666,125588,163511,214632,,,0,0,0,0,1,0,0
2769,"JCT College of Engineering and Technology (Autonomous), Pichanur, Coimbatore South Taluk, Coimbatore-641105.",COIMBATORE,SELF FINANCING COLLEGES TIER 3,CE,CIVIL  ENGINEERING,102946,134571,,147300,207323,,,0,0,0,0,0,0,0
2769,"JCT College of Engineering and Technology (Autonomous), Pichanur, Coimbatore South Taluk, Coimbatore-641105.",COIMBATORE,SELF FINANCING COLLEGES TIER 3,CS,COMPUTER SCIENCE AND ENGINEERING,79310,113434,110502,136603,235627,219127,,0,0,0,0,0,0,0
2769,"JCT College of Engineering and Technology (Autonomous), Pichanur, Coimbatore South Taluk, Coimbatore-641105.",COIMBATORE,SELF FINANCING COLLEGES TIER 3,EC,ELECTRONICS AND COMMUNICATION ENGINEERING,91365,125249,129591,145556,236416,233421,,0,0,0,0,1,1,0
2769,"JCT College of Engineering and Technology (Autonomous), Pichanur, Coimbatore South Taluk, Coimbatore-641105.",COIMBATORE,SELF FINANCING COLLEGES TIER 3,EE,ELECTRICAL AND ELECTRONICS ENGINEERING,126660,147100,,171528,147370,230456,,0,0,0,0,1,0,0
2769,"JCT College of Engineering and Technology (Autonomous), Pichanur, Coimbatore South Taluk, Coimbatore-641105.",COIMBATORE,SELF FINANCING COLLEGES TIER 3,FD,FOOD TECHNOLOGY,98337,209587,216997,188093,216236,,,0,0,0,0,0,0,0
2769,"JCT College of Engineering and Technology (Autonomous), Pichanur, Coimbatore South Taluk, Coimbatore-641105.",COIMBATORE,SELF FINANCING COLLEGES TIER 3,ME,MECHANICAL ENGINEERING,114159,157272,,173754,219111,,,0,0,0,0,1,0,0
2769,"JCT College of Engineering and Technology (Autonomous), Pichanur, Coimbatore South Taluk, Coimbatore-641105.",COIMBATORE,SELF FINANCING COLLEGES TIER 3,PC,PETRO CHEMICAL TECHNOLOGY,91350,134417,115884,212726,152345,120153,,0,0,0,1,0,0,0
2769,"JCT College of Engineering and Technology (Autonomous), Pichanur, Coimbatore South Taluk, Coimbatore-641105.",COIMBATORE,SELF FINANCING COLLEGES TIER 3,PE,PETROLEUM ENGINEERING,105868,198030,140740,221643,225448,,,0,0,0,1,0,0,0
2770,"Studyworld College of Engineering, Alagu Nachiamman Koil Road, Palathurai Post, Coimbatore-641105.",COIMBATORE,SELF FINANCING COLLEGES TIER 3,AD,Artificial Intelligence and Data Science,135956,197978,143117,201883,220363,170400,186406,0,0,0,0,0,0,0
2770,"Studyworld College of Engineering, Alagu Nachiamman Koil Road, Palathurai Post, Coimbatore-641105.",COIMBATORE,SELF FINANCING COLLEGES TIER 3,AM,COMPUTER SCIENCE AND ENGINEERING (AI AND MACHINE LEARNING),175663,208123,,204764,215207,184307,,0,0,0,0,0,0,0
2770,"Studyworld College of Engineering, Alagu Nachiamman Koil Road, Palathurai Post, Coimbatore-641105.",COIMBATORE,SELF FINANCING COLLEGES TIER 3,CS,COMPUTER SCIENCE AND ENGINEERING,141948,207219,179508,195994,226178,223035,,0,0,0,0,0,0,0
2770,"Studyworld College of Engineering, Alagu Nachiamman Koil Road, Palathurai Post, Coimbatore-641105.",COIMBATORE,SELF FINANCING COLLEGES TIER 3,EC,ELECTRONICS AND COMMUNICATION ENGINEERING,144321,192005,176040,192286,215784,172268,153568,0,0,0,0,0,0,0
2770,"Studyworld College of Engineering, Alagu Nachiamman Koil Road, Palathurai Post, Coimbatore-641105.",COIMBATORE,SELF FINANCING COLLEGES TIER 3,EE,ELECTRICAL AND ELECTRONICS ENGINEERING,163715,232666,238968,214766,227748,,,0,0,0,0,0,0,0
2770,"Studyworld College of Engineering, Alagu Nachiamman Koil Road, Palathurai Post, Coimbatore-641105.",COIMBATORE,SELF FINANCING COLLEGES TIER 3,IT,INFORMATION TECHNOLOGY,126402,179291,144573,152885,184053,,,0,0,0,0,0,0,0
2770,"Studyworld College of Engineering, Alagu Nachiamman Koil Road, Palathurai Post, Coimbatore-641105.",COIMBATORE,SELF FINANCING COLLEGES TIER 3,ME,MECHANICAL ENGINEERING,195299,226089,231026,217877,231759,,,0,1,0,0,0,0,0
2770,"Studyworld College of Engineering, Alagu Nachiamman Koil Road, Palathurai Post, Coimbatore-641105.",COIMBATORE,SELF FINANCING COLLEGES TIER 3,SC,Computer Science and Engineering (Cyber Security),116785,139076,182777,169312,228002,158910,,0,0,0,0,0,0,0
2772,"C M S College of Engineering and Technology, Appachigoundapathy, Kumittipathy Post, Coimbatore-641032.",COIMBATORE,SELF FINANCING COLLEGES TIER 3,AD,Artificial Intelligence and Data Science,200381,232965,238316,237149,,,,0,1,0,1,0,0,0
2772,"C M S College of Engineering and Technology, Appachigoundapathy, Kumittipathy Post, Coimbatore-641032.",COIMBATORE,SELF FINANCING COLLEGES TIER 3,AM,COMPUTER SCIENCE AND ENGINEERING (AI AND MACHINE LEARNING),196233,236659,,217152,208385,,,0,1,0,1,1,0,0
2772,"C M S College of Engineering and Technology, Appachigoundapathy, Kumittipathy Post, Coimbatore-641032.",COIMBATORE,SELF FINANCING COLLEGES TIER 3,CS,COMPUTER SCIENCE AND ENGINEERING,192735,235635,224404,236774,226534,214077,,0,0,0,1,1,0,0
2772,"C M S College of Engineering and Technology, Appachigoundapathy, Kumittipathy Post, Coimbatore-641032.",COIMBATORE,SELF FINANCING COLLEGES TIER 3,EC,ELECTRONICS AND COMMUNICATION ENGINEERING,200412,237889,222800,238253,238433,,,0,1,1,1,1,0,0
2772,"C M S College of Engineering and Technology, Appachigoundapathy, Kumittipathy Post, Coimbatore-641032.",COIMBATORE,SELF FINANCING COLLEGES TIER 3,IT,INFORMATION TECHNOLOGY,164481,222310,210817,228692,,183769,,0,0,0,0,0,0,0
2772,"C M S College of Engineering and Technology, Appachigoundapathy, Kumittipathy Post, Coimbatore-641032.",COIMBATORE,SELF FINANCING COLLEGES TIER 3,ME,MECHANICAL ENGINEERING,217282,231365,238780,221973,224476,,,0,1,0,1,1,0,0
2772,"C M S College of Engineering and Technology, Appachigoundapathy, Kumittipathy Post, Coimbatore-641032.",COIMBATORE,SELF FINANCING COLLEGES TIER 3,SC,Computer Science and Engineering (Cyber Security),158105,203758,,217328,206698,,,0,0,0,0,1,0,0
2776,"R V S Technical Campus Coimbatore (Autonomous), Kumaran Kottam Campus, Kannampalayam, Sulur, Coimbatore-641402.",COIMBATORE,SELF FINANCING COLLEGES TIER 3,AD,Artificial Intelligence and Data Science,107685,161736,124273,155295,206520,199473,,0,0,0,0,1,1,0
2776,"R V S Technical Campus Coimbatore (Autonomous), Kumaran Kottam Campus, Kannampalayam, Sulur, Coimbatore-641402.",COIMBATORE,SELF FINANCING COLLEGES TIER 3,AG,AGRICULTURAL ENGINEERING,231525,237826,,238952,238939,,,0,1,0,1,1,0,0
2776,"R V S Technical Campus Coimbatore (Autonomous), Kumaran Kottam Campus, Kannampalayam, Sulur, Coimbatore-641402.",COIMBATORE,SELF FINANCING COLLEGES TIER 3,AM,COMPUTER SCIENCE AND ENGINEERING (AI AND MACHINE LEARNING),136588,157794,139153,157885,214900,,,0,0,0,0,0,0,0
2776,"R V S Technical Campus Coimbatore (Autonomous), Kumaran Kottam Campus, Kannampalayam, Sulur, Coimbatore-641402.",COIMBATORE,SELF FINANCING COLLEGES TIER 3,AU,AUTOMOBILE ENGINEERING,176008,225496,226858,231557,,,,0,1,0,1,0,0,0
2776,"R V S Technical Campus Coimbatore (Autonomous), Kumaran Kottam Campus, Kannampalayam, Sulur, Coimbatore-641402.",COIMBATORE,SELF FINANCING COLLEGES TIER 3,CE,CIVIL  ENGINEERING,192742,213130,,219325,223728,237137,,0,1,0,0,1,0,0
2776,"R V S Technical Campus Coimbatore (Autonomous), Kumaran Kottam Campus, Kannampalayam, Sulur, Coimbatore-641402.",COIMBATORE,SELF FINANCING COLLEGES TIER 3,CS,COMPUTER SCIENCE AND ENGINEERING,98663,124510,101040,137505,237239,213835,228082,0,0,0,0,1,0,0
2776,"R V S Technical Campus Coimbatore (Autonomous), Kumaran Kottam Campus, Kannampalayam, Sulur, Coimbatore-641402.",COIMBATORE,SELF FINANCING COLLEGES TIER 3,EC,ELECTRONICS AND COMMUNICATION ENGINEERING,110389,141813,109907,152536,215682,204747,,0,0,0,0,1,0,0
2776,"R V S Technical Campus Coimbatore (Autonomous), Kumaran Kottam Campus, Kannampalayam, Sulur, Coimbatore-641402.",COIMBATORE,SELF FINANCING COLLEGES TIER 3,ME,MECHANICAL ENGINEERING,163269,231110,,230589,213968,,,0,1,0,0,1,0,0
2776,"R V S Technical Campus Coimbatore (Autonomous), Kumaran Kottam Campus, Kannampalayam, Sulur, Coimbatore-641402.",COIMBATORE,SELF FINANCING COLLEGES TIER 3,MZ,Mechatronics Engineering,153639,196057,166050,205493,229143,,,0,0,0,0,1,0,0
2776,"R V S Technical Campus Coimbatore (Autonomous), Kumaran Kottam Campus, Kannampalayam, Sulur, Coimbatore-641402.",COIMBATORE,SELF FINANCING COLLEGES TIER 3,SC,Computer Science and Engineering (Cyber Security),73420,131631,129084,153501,217474,,,0,0,0,0,0,0,0
2777,"HINDUSTHAN COLLEGE OF ENGINEERING, CHENNIMALAI ROAD, INGUR, PERUNDURAI, ERODE - 638052",ERODE,SELF FINANCING COLLEGES TIER 3,AD,Artificial Intelligence and Data Science,158206,238194,,206280,231577,183361,,0,0,0,0,1,0,0
2777,"HINDUSTHAN COLLEGE OF ENGINEERING, CHENNIMALAI ROAD, INGUR, PERUNDURAI, ERODE - 638052",ERODE,SELF FINANCING COLLEGES TIER 3,CS,COMPUTER SCIENCE AND ENGINEERING,133380,201252,176122,197060,219241,179368,,0,0,1,0,1,0,0
2777,"HINDUSTHAN COLLEGE OF ENGINEERING, CHENNIMALAI ROAD, INGUR, PERUNDURAI, ERODE - 638052",ERODE,SELF FINANCING COLLEGES TIER 3,EC,ELECTRONICS AND COMMUNICATION ENGINEERING,169788,239067,194625,231605,,,,0,1,1,0,0,0,0
2777,"HINDUSTHAN COLLEGE OF ENGINEERING, CHENNIMALAI ROAD, INGUR, PERUNDURAI, ERODE - 638052",ERODE,SELF FINANCING COLLEGES TIER 3,IT,INFORMATION TECHNOLOGY,152634,230027,183080,215588,238222,218474,,0,1,0,0,1,0,0
3410,"Krishnasamy College of Engineering and Technology, Nellikuppam Main Road, S.Kumarapuram, Cuddalore-607109.",CUDDALORE,SELF FINANCING COLLEGES TIER 3,AD,Artificial Intelligence and Data Science,116161,235247,,143845,189310,129670,,0,1,0,0,0,1,0
3410,"Krishnasamy College of Engineering and Technology, Nellikuppam Main Road, S.Kumarapuram, Cuddalore-607109.",CUDDALORE,SELF FINANCING COLLEGES TIER 3,CE,CIVIL  ENGINEERING,210473,,,225888,216791,,,0,0,0,0,0,0,0
3410,"Krishnasamy College of Engineering and Technology, Nellikuppam Main Road, S.Kumarapuram, Cuddalore-607109.",CUDDALORE,SELF FINANCING COLLEGES TIER 3,CS,COMPUTER SCIENCE AND ENGINEERING,100207,203261,100271,155047,174739,181961,141709,0,0,0,0,0,0,0
3410,"Krishnasamy College of Engineering and Technology, Nellikuppam Main Road, S.Kumarapuram, Cuddalore-607109.",CUDDALORE,SELF FINANCING COLLEGES TIER 3,EC,ELECTRONICS AND COMMUNICATION ENGINEERING,127258,229513,189290,156236,193245,149903,,0,1,0,0,0,0,0
3410,"Krishnasamy College of Engineering and Technology, Nellikuppam Main Road, S.Kumarapuram, Cuddalore-607109.",CUDDALORE,SELF FINANCING COLLEGES TIER 3,EE,ELECTRICAL AND ELECTRONICS ENGINEERING,176974,208474,181524,196654,200115,,,0,1,1,0,0,0,0
3410,"Krishnasamy College of Engineering and Technology, Nellikuppam Main Road, S.Kumarapuram, Cuddalore-607109.",CUDDALORE,SELF FINANCING COLLEGES TIER 3,IT,INFORMATION TECHNOLOGY,127991,225811,151128,144289,182937,,,0,1,0,0,0,0,0
3410,"Krishnasamy College of Engineering and Technology, Nellikuppam Main Road, S.Kumarapuram, Cuddalore-607109.",CUDDALORE,SELF FINANCING COLLEGES TIER 3,ME,MECHANICAL ENGINEERING,180799,234146,224252,223267,213083,,,0,1,0,0,0,0,0
3425,"C.K. College of Engineering & Technology, Jayaram Nagar, Chellangkuppam, Cuddalore-607003.",CUDDALORE,SELF FINANCING COLLEGES TIER 3,AD,Artificial Intelligence and Data Science,57388,145711,69917,106745,136337,137086,,0,0,0,0,0,1,0
3425,"C.K. College of Engineering & Technology, Jayaram Nagar, Chellangkuppam, Cuddalore-607003.",CUDDALORE,SELF FINANCING COLLEGES TIER 3,BM,BIO MEDICAL ENGINEERING,112055,229673,160387,162897,152856,,,0,0,0,0,0,0,0
3425,"C.K. College of Engineering & Technology, Jayaram Nagar, Chellangkuppam, Cuddalore-607003.",CUDDALORE,SELF FINANCING COLLEGES TIER 3,CE,CIVIL  ENGINEERING,163850,179303,,189388,198189,,,0,1,0,0,0,0,0
3425,"C.K. College of Engineering & Technology, Jayaram Nagar, Chellangkuppam, Cuddalore-607003.",CUDDALORE,SELF FINANCING COLLEGES TIER 3,CS,COMPUTER SCIENCE AND ENGINEERING,48361,144270,60493,94803,101846,169582,,0,0,0,0,0,0,0
3425,"C.K. College of Engineering & Technology, Jayaram Nagar, Chellangkuppam, Cuddalore-607003.",CUDDALORE,SELF FINANCING COLLEGES TIER 3,EC,ELECTRONICS AND COMMUNICATION ENGINEERING,55148,165698,79254,108651,134944,120508,157550,0,0,0,0,0,0,0
3425,"C.K. College of Engineering & Technology, Jayaram Nagar, Chellangkuppam, Cuddalore-607003.",CUDDALORE,SELF FINANCING COLLEGES TIER 3,EE,ELECTRICAL AND ELECTRONICS ENGINEERING,140210,224974,,166181,184267,,,0,1,0,0,0,0,0
3425,"C.K. College of Engineering & Technology, Jayaram Nagar, Chellangkuppam, Cuddalore-607003.",CUDDALORE,SELF FINANCING COLLEGES TIER 3,IT,INFORMATION TECHNOLOGY,49172,170028,,100173,115185,,,0,0,0,0,0,0,0
3425,"C.K. College of Engineering & Technology, Jayaram Nagar, Chellangkuppam, Cuddalore-607003.",CUDDALORE,SELF FINANCING COLLEGES TIER 3,ME,MECHANICAL ENGINEERING,160473,236460,220785,175823,194778,,,0,1,0,0,0,0,0
3425,"C.K. College of Engineering & Technology, Jayaram Nagar, Chellangkuppam, Cuddalore-607003.",CUDDALORE,SELF FINANCING COLLEGES TIER 3,RM,ROBOTICS AND AUTOMATION,129578,211550,161836,154582,179406,,,0,1,0,0,0,0,0
3454,"Sri Ramakrishna College of Engineering, Sri Saradha Nagar, NH - 45, Perambalur-621113.",PERAMBALUR,SELF FINANCING COLLEGES TIER 3,AD,Artificial Intelligence and Data Science,113882,169189,230588,156648,190972,179459,,0,0,0,0,0,0,0
3454,"Sri Ramakrishna College of Engineering, Sri Saradha Nagar, NH - 45, Perambalur-621113.",PERAMBALUR,SELF FINANCING COLLEGES TIER 3,AG,AGRICULTURAL ENGINEERING,202678,228373,,231331,227577,,,0,1,0,1,1,0,0
3454,"Sri Ramakrishna College of Engineering, Sri Saradha Nagar, NH - 45, Perambalur-621113.",PERAMBALUR,SELF FINANCING COLLEGES TIER 3,BM,BIO MEDICAL ENGINEERING,140522,163940,183751,202381,209978,186013,,0,1,0,0,1,0,0
3454,"Sri Ramakrishna College of Engineering, Sri Saradha Nagar, NH - 45, Perambalur-621113.",PERAMBALUR,SELF FINANCING COLLEGES TIER 3,CS,COMPUTER SCIENCE AND ENGINEERING,92187,184430,126981,171545,193220,151202,,0,0,1,0,0,1,0
3454,"Sri Ramakrishna College of Engineering, Sri Saradha Nagar, NH - 45, Perambalur-621113.",PERAMBALUR,SELF FINANCING COLLEGES TIER 3,EC,ELECTRONICS AND COMMUNICATION ENGINEERING,154500,230007,,208200,225145,,,0,0,0,0,0,0,0
3454,"Sri Ramakrishna College of Engineering, Sri Saradha Nagar, NH - 45, Perambalur-621113.",PERAMBALUR,SELF FINANCING COLLEGES TIER 3,ME,MECHANICAL ENGINEERING,170074,235764,,230639,,,,0,1,0,1,0,0,0
3454,"Sri Ramakrishna College of Engineering, Sri Saradha Nagar, NH - 45, Perambalur-621113.",PERAMBALUR,SELF FINANCING COLLEGES TIER 3,SC,Computer Science and Engineering (Cyber Security),141430,177753,,185163,194403,,,0,0,0,0,0,0,0
3456,"KSK College of Engineering and Technology, Thanjavur Main Road, Ammapet (Village), Dharasuram Post, Kumbakonam Taluk, Thanjavur District-612702.",THANJAVUR,SELF FINANCING COLLEGES TIER 3,AD,Artificial Intelligence and Data Science,183043,232859,239009,233373,227380,,,0,1,0,1,0,0,0
3456,"KSK College of Engineering and Technology, Thanjavur Main Road, Ammapet (Village), Dharasuram Post, Kumbakonam Taluk, Thanjavur District-612702.",THANJAVUR,SELF FINANCING COLLEGES TIER 3,AG,AGRICULTURAL ENGINEERING,,,,,,,,0,0,0,0,0,0,0
3456,"KSK College of Engineering and Technology, Thanjavur Main Road, Ammapet (Village), Dharasuram Post, Kumbakonam Taluk, Thanjavur District-612702.",THANJAVUR,SELF FINANCING COLLEGES TIER 3,AM,COMPUTER SCIENCE AND ENGINEERING (AI AND MACHINE LEARNING),237689,,,,,,,1,0,0,0,0,0,0
3456,"KSK College of Engineering and Technology, Thanjavur Main Road, Ammapet (Village), Dharasuram Post, Kumbakonam Taluk, Thanjavur District-612702.",THANJAVUR,SELF FINANCING COLLEGES TIER 3,BM,BIO MEDICAL ENGINEERING,211847,,,,237442,,,0,0,0,0,1,0,0
3456,"KSK College of Engineering and Technology, Thanjavur Main Road, Ammapet (Village), Dharasuram Post, Kumbakonam Taluk, Thanjavur District-612702.",THANJAVUR,SELF FINANCING COLLEGES TIER 3,CS,COMPUTER SCIENCE AND ENGINEERING,180747,239296,216957,214633,,,,0,1,0,1,0,0,0
3456,"KSK College of Engineering and Technology, Thanjavur Main Road, Ammapet (Village), Dharasuram Post, Kumbakonam Taluk, Thanjavur District-612702.",THANJAVUR,SELF FINANCING COLLEGES TIER 3,EC,ELECTRONICS AND COMMUNICATION ENGINEERING,197500,235543,229469,234947,218332,,,0,1,0,1,0,0,0
3456,"KSK College of Engineering and Technology, Thanjavur Main Road, Ammapet (Village), Dharasuram Post, Kumbakonam Taluk, Thanjavur District-612702.",THANJAVUR,SELF FINANCING COLLEGES TIER 3,EE,ELECTRICAL AND ELECTRONICS ENGINEERING,,,,,,,,0,0,0,0,0,0,0
3456,"KSK College of Engineering and Technology, Thanjavur Main Road, Ammapet (Village), Dharasuram Post, Kumbakonam Taluk, Thanjavur District-612702.",THANJAVUR,SELF FINANCING COLLEGES TIER 3,ME,MECHANICAL ENGINEERING,231150,,,,,,,1,0,0,0,0,0,0
3461,"Arifa Institute of Technology, Esanoor, Keelaiyur Post, Tirukkuvalai Taluk, Nagapattinam District-611103.",NAGAPATTINAM,SELF FINANCING COLLEGES TIER 3,AD,Artificial Intelligence and Data Science,209044,209278,,227052,239250,,,0,1,0,1,1,0,0
3461,"Arifa Institute of Technology, Esanoor, Keelaiyur Post, Tirukkuvalai Taluk, Nagapattinam District-611103.",NAGAPATTINAM,SELF FINANCING COLLEGES TIER 3,CS,COMPUTER SCIENCE AND ENGINEERING,195588,229645,204017,237564,217320,,,0,1,0,1,1,0,0
3461,"Arifa Institute of Technology, Esanoor, Keelaiyur Post, Tirukkuvalai Taluk, Nagapattinam District-611103.",NAGAPATTINAM,SELF FINANCING COLLEGES TIER 3,EC,ELECTRONICS AND COMMUNICATION ENGINEERING,220450,,221512,228609,,,,0,0,0,1,0,0,0
3461,"Arifa Institute of Technology, Esanoor, Keelaiyur Post, Tirukkuvalai Taluk, Nagapattinam District-611103.",NAGAPATTINAM,SELF FINANCING COLLEGES TIER 3,EE,ELECTRICAL AND ELECTRONICS ENGINEERING,234178,,,,,,,1,0,0,0,0,0,0
3461,"Arifa Institute of Technology, Esanoor, Keelaiyur Post, Tirukkuvalai Taluk, Nagapattinam District-611103.",NAGAPATTINAM,SELF FINANCING COLLEGES TIER 3,IT,INFORMATION TECHNOLOGY,187815,197285,223142,220307,229197,,,0,1,0,1,1,0,0
3461,"Arifa Institute of Technology, Esanoor, Keelaiyur Post, Tirukkuvalai Taluk, Nagapattinam District-611103.",NAGAPATTINAM,SELF FINANCING COLLEGES TIER 3,ME,MECHANICAL ENGINEERING,234948,,,,,,,1,0,0,0,0,0,0
3461,"Arifa Institute of Technology, Esanoor, Keelaiyur Post, Tirukkuvalai Taluk, Nagapattinam District-611103.",NAGAPATTINAM,SELF FINANCING COLLEGES TIER 3,SC,Computer Science and Engineering (Cyber Security),214039,236537,215727,236302,227756,,,0,1,0,1,1,0,0
3466,"Nelliandavar Institute of Technology, Nerunjikorai Village, Pudhupalayam, Ariyalur Taluk & District-621704.",ARIYALUR,SELF FINANCING COLLEGES TIER 3,AD,Artificial Intelligence and Data Science,226046,,,226516,,,,0,0,0,1,0,0,0
3466,"Nelliandavar Institute of Technology, Nerunjikorai Village, Pudhupalayam, Ariyalur Taluk & District-621704.",ARIYALUR,SELF FINANCING COLLEGES TIER 3,BM,BIO MEDICAL ENGINEERING,149109,,,,,,,1,0,0,0,0,0,0
3466,"Nelliandavar Institute of Technology, Nerunjikorai Village, Pudhupalayam, Ariyalur Taluk & District-621704.",ARIYALUR,SELF FINANCING COLLEGES TIER 3,CS,COMPUTER SCIENCE AND ENGINEERING,224367,237822,,239075,234450,,,0,1,0,1,1,0,0
3466,"Nelliandavar Institute of Technology, Nerunjikorai Village, Pudhupalayam, Ariyalur Taluk & District-621704.",ARIYALUR,SELF FINANCING COLLEGES TIER 3,EC,ELECTRONICS AND COMMUNICATION ENGINEERING,236733,,,,,,,1,0,0,0,0,0,0
3466,"Nelliandavar Institute of Technology, Nerunjikorai Village, Pudhupalayam, Ariyalur Taluk & District-621704.",ARIYALUR,SELF FINANCING COLLEGES TIER 3,EE,ELECTRICAL AND ELECTRONICS ENGINEERING,233392,,,,,,,1,0,0,0,0,0,0
3466,"Nelliandavar Institute of Technology, Nerunjikorai Village, Pudhupalayam, Ariyalur Taluk & District-621704.",ARIYALUR,SELF FINANCING COLLEGES TIER 3,ME,MECHANICAL ENGINEERING,152020,,,,,,,1,0,0,0,0,0,0
3477,"SRI VIGNESH COLLEGE OF ENGINEERING AND TECHNOLOGY, TRICHY - CHENNAI TRUNK ROAD, KOOTHUR - POST, KOOTHUR, TIRUCHIRAPPALLI, TAMIL NADU, 621216",TRICHIRAPPALLI,SELF FINANCING COLLEGES TIER 3,AD,Artificial Intelligence and Data Science,199343,218658,,231029,230095,,,0,1,0,1,1,0,0
3477,"SRI VIGNESH COLLEGE OF ENGINEERING AND TECHNOLOGY, TRICHY - CHENNAI TRUNK ROAD, KOOTHUR - POST, KOOTHUR, TIRUCHIRAPPALLI, TAMIL NADU, 621216",TRICHIRAPPALLI,SELF FINANCING COLLEGES TIER 3,CE,CIVIL  ENGINEERING,237513,,,,,,,1,0,0,0,0,0,0
3477,"SRI VIGNESH COLLEGE OF ENGINEERING AND TECHNOLOGY, TRICHY - CHENNAI TRUNK ROAD, KOOTHUR - POST, KOOTHUR, TIRUCHIRAPPALLI, TAMIL NADU, 621216",TRICHIRAPPALLI,SELF FINANCING COLLEGES TIER 3,EC,ELECTRONICS AND COMMUNICATION ENGINEERING,220147,,,,,,,1,0,0,0,0,0,0
3477,"SRI VIGNESH COLLEGE OF ENGINEERING AND TECHNOLOGY, TRICHY - CHENNAI TRUNK ROAD, KOOTHUR - POST, KOOTHUR, TIRUCHIRAPPALLI, TAMIL NADU, 621216",TRICHIRAPPALLI,SELF FINANCING COLLEGES TIER 3,EE,ELECTRICAL AND ELECTRONICS ENGINEERING,212761,,,,,,,1,0,0,0,0,0,0
3477,"SRI VIGNESH COLLEGE OF ENGINEERING AND TECHNOLOGY, TRICHY - CHENNAI TRUNK ROAD, KOOTHUR - POST, KOOTHUR, TIRUCHIRAPPALLI, TAMIL NADU, 621216",TRICHIRAPPALLI,SELF FINANCING COLLEGES TIER 3,ME,MECHANICAL ENGINEERING,160065,,,,,,,1,0,0,0,0,0,0
3701,"K Ramakrishnan College of Technology (Autonomous), Kariyamanickam Road, Mannachanallur Taluk, Tiruchirappalli-621112.",TIRUCHIRAPALLI,SELF FINANCING COLLEGES TIER 3,AD,Artificial Intelligence and Data Science,68794,90565,78577,122147,225553,,,0,0,0,0,0,0,0
3701,"K Ramakrishnan College of Technology (Autonomous), Kariyamanickam Road, Mannachanallur Taluk, Tiruchirappalli-621112.",TIRUCHIRAPALLI,SELF FINANCING COLLEGES TIER 3,AM,COMPUTER SCIENCE AND ENGINEERING (AI AND MACHINE LEARNING),66928,85358,93154,122130,213412,,,0,0,0,0,0,0,0
3701,"K Ramakrishnan College of Technology (Autonomous), Kariyamanickam Road, Mannachanallur Taluk, Tiruchirappalli-621112.",TIRUCHIRAPALLI,SELF FINANCING COLLEGES TIER 3,CE,CIVIL  ENGINEERING,125125,170048,195742,186533,181740,,,0,0,0,0,0,0,0
3701,"K Ramakrishnan College of Technology (Autonomous), Kariyamanickam Road, Mannachanallur Taluk, Tiruchirappalli-621112.",TIRUCHIRAPALLI,SELF FINANCING COLLEGES TIER 3,CS,COMPUTER SCIENCE AND ENGINEERING,59234,80861,76159,107757,160586,229953,,0,0,0,0,0,1,0
3701,"K Ramakrishnan College of Technology (Autonomous), Kariyamanickam Road, Mannachanallur Taluk, Tiruchirappalli-621112.",TIRUCHIRAPALLI,SELF FINANCING COLLEGES TIER 3,EC,ELECTRONICS AND COMMUNICATION ENGINEERING,74346,94600,84816,129158,206392,171850,,0,0,0,0,0,0,0
3701,"K Ramakrishnan College of Technology (Autonomous), Kariyamanickam Road, Mannachanallur Taluk, Tiruchirappalli-621112.",TIRUCHIRAPALLI,SELF FINANCING COLLEGES TIER 3,EE,ELECTRICAL AND ELECTRONICS ENGINEERING,101979,114739,117315,140410,196730,,,0,0,0,0,1,0,0
3701,"K Ramakrishnan College of Technology (Autonomous), Kariyamanickam Road, Mannachanallur Taluk, Tiruchirappalli-621112.",TIRUCHIRAPALLI,SELF FINANCING COLLEGES TIER 3,IT,INFORMATION TECHNOLOGY,69347,88246,80726,115484,219798,151638,,0,0,0,0,0,0,0
3701,"K Ramakrishnan College of Technology (Autonomous), Kariyamanickam Road, Mannachanallur Taluk, Tiruchirappalli-621112.",TIRUCHIRAPALLI,SELF FINANCING COLLEGES TIER 3,ME,MECHANICAL ENGINEERING,118745,143760,118888,183754,226837,,,0,0,0,0,0,0,0
3760,"Sir Issac Newton College of Engineering and Technology, Andhanapeetai Post, Pappakoil, Nagapattinam-611102.",NAGAPATTINAM,SELF FINANCING COLLEGES TIER 3,AD,Artificial Intelligence and Data Science,143575,229988,148974,196098,201703,190218,,0,0,0,0,0,0,0
3760,"Sir Issac Newton College of Engineering and Technology, Andhanapeetai Post, Pappakoil, Nagapattinam-611102.",NAGAPATTINAM,SELF FINANCING COLLEGES TIER 3,AM,COMPUTER SCIENCE AND ENGINEERING (AI AND MACHINE LEARNING),204480,237702,220357,238770,225308,,,0,1,1,1,0,0,0
3760,"Sir Issac Newton College of Engineering and Technology, Andhanapeetai Post, Pappakoil, Nagapattinam-611102.",NAGAPATTINAM,SELF FINANCING COLLEGES TIER 3,CS,COMPUTER SCIENCE AND ENGINEERING,176023,233436,235250,232183,232324,,,0,1,0,0,0,0,0
3760,"Sir Issac Newton College of Engineering and Technology, Andhanapeetai Post, Pappakoil, Nagapattinam-611102.",NAGAPATTINAM,SELF FINANCING COLLEGES TIER 3,EC,ELECTRONICS AND COMMUNICATION ENGINEERING,179888,225937,,235751,218786,,,0,1,0,1,0,0,0
3760,"Sir Issac Newton College of Engineering and Technology, Andhanapeetai Post, Pappakoil, Nagapattinam-611102.",NAGAPATTINAM,SELF FINANCING COLLEGES TIER 3,IT,INFORMATION TECHNOLOGY,170431,223352,204001,213574,201477,,,0,0,0,0,0,0,0
3760,"Sir Issac Newton College of Engineering and Technology, Andhanapeetai Post, Pappakoil, Nagapattinam-611102.",NAGAPATTINAM,SELF FINANCING COLLEGES TIER 3,ME,MECHANICAL ENGINEERING,206402,236324,,237989,228505,,,0,1,0,1,0,0,0
3766,"Star Lion College of Engineering and Technology, Main Road, Manankorai, Thanjavur-614206.",THANJAVUR,SELF FINANCING COLLEGES TIER 3,AD,Artificial Intelligence and Data Science,196064,,,,,,,1,0,0,0,0,0,0
3766,"Star Lion College of Engineering and Technology, Main Road, Manankorai, Thanjavur-614206.",THANJAVUR,SELF FINANCING COLLEGES TIER 3,CS,COMPUTER SCIENCE AND ENGINEERING,232000,,,,,,,1,0,0,0,0,0,0
3766,"Star Lion College of Engineering and Technology, Main Road, Manankorai, Thanjavur-614206.",THANJAVUR,SELF FINANCING COLLEGES TIER 3,EC,ELECTRONICS AND COMMUNICATION ENGINEERING,,,,,,,,0,0,0,0,0,0,0
3766,"Star Lion College of Engineering and Technology, Main Road, Manankorai, Thanjavur-614206.",THANJAVUR,SELF FINANCING COLLEGES TIER 3,IT,INFORMATION TECHNOLOGY,,,,,,,,0,0,0,0,0,0,0
3766,"Star Lion College of Engineering and Technology, Main Road, Manankorai, Thanjavur-614206.",THANJAVUR,SELF FINANCING COLLEGES TIER 3,ME,MECHANICAL ENGINEERING,,,,,,,,0,0,0,0,0,0,0
3782,"OASYS Institute of Technology, Tiruchirappalli-Thuraiyur Mani Road, Pulivalam P.O Musiri Taluk, Tiruchirappalli-621006.",TIRUCHIRAPALLI,SELF FINANCING COLLEGES TIER 3,AD,Artificial Intelligence and Data Science,124646,198598,131602,158934,182563,143852,,0,1,1,0,0,0,0
3782,"OASYS Institute of Technology, Tiruchirappalli-Thuraiyur Mani Road, Pulivalam P.O Musiri Taluk, Tiruchirappalli-621006.",TIRUCHIRAPALLI,SELF FINANCING COLLEGES TIER 3,AM,COMPUTER SCIENCE AND ENGINEERING (AI AND MACHINE LEARNING),182966,228481,200726,213852,205871,237592,,0,1,0,0,0,0,0
3782,"OASYS Institute of Technology, Tiruchirappalli-Thuraiyur Mani Road, Pulivalam P.O Musiri Taluk, Tiruchirappalli-621006.",TIRUCHIRAPALLI,SELF FINANCING COLLEGES TIER 3,CB,COMPUTER SCIENCE AND BUSSINESS SYSTEM,195935,236308,,217277,206355,235458,,0,1,0,0,0,0,0
3782,"OASYS Institute of Technology, Tiruchirappalli-Thuraiyur Mani Road, Pulivalam P.O Musiri Taluk, Tiruchirappalli-621006.",TIRUCHIRAPALLI,SELF FINANCING COLLEGES TIER 3,CS,COMPUTER SCIENCE AND ENGINEERING,140379,202062,239063,205687,179335,148137,,0,1,0,0,0,0,0
3782,"OASYS Institute of Technology, Tiruchirappalli-Thuraiyur Mani Road, Pulivalam P.O Musiri Taluk, Tiruchirappalli-621006.",TIRUCHIRAPALLI,SELF FINANCING COLLEGES TIER 3,EC,ELECTRONICS AND COMMUNICATION ENGINEERING,132351,211565,,208850,204613,210884,,0,1,0,0,0,0,0
3782,"OASYS Institute of Technology, Tiruchirappalli-Thuraiyur Mani Road, Pulivalam P.O Musiri Taluk, Tiruchirappalli-621006.",TIRUCHIRAPALLI,SELF FINANCING COLLEGES TIER 3,EE,ELECTRICAL AND ELECTRONICS ENGINEERING,186784,220795,,222200,206744,,,0,1,0,0,0,0,0
3782,"OASYS Institute of Technology, Tiruchirappalli-Thuraiyur Mani Road, Pulivalam P.O Musiri Taluk, Tiruchirappalli-621006.",TIRUCHIRAPALLI,SELF FINANCING COLLEGES TIER 3,IT,INFORMATION TECHNOLOGY,136347,211261,,206249,153827,199856,,0,1,0,0,0,0,0
3786,"M.A.M. School of Engineering (Autonomous), Trichy-Chennai Trunk Road, Siruganur, Tiruchirappalli-621105.",TIRUCHIRAPALLI,SELF FINANCING COLLEGES TIER 3,AD,Artificial Intelligence and Data Science,172390,236813,229058,231198,223404,217864,,0,1,0,0,1,1,0
3786,"M.A.M. School of Engineering (Autonomous), Trichy-Chennai Trunk Road, Siruganur, Tiruchirappalli-621105.",TIRUCHIRAPALLI,SELF FINANCING COLLEGES TIER 3,AE,AERONAUTICAL ENGINEERING,219148,235069,,,237596,,,0,1,0,0,1,0,0
3786,"M.A.M. School of Engineering (Autonomous), Trichy-Chennai Trunk Road, Siruganur, Tiruchirappalli-621105.",TIRUCHIRAPALLI,SELF FINANCING COLLEGES TIER 3,BM,BIO MEDICAL ENGINEERING,236018,,,,,,,1,0,0,0,0,0,0
3786,"M.A.M. School of Engineering (Autonomous), Trichy-Chennai Trunk Road, Siruganur, Tiruchirappalli-621105.",TIRUCHIRAPALLI,SELF FINANCING COLLEGES TIER 3,CS,COMPUTER SCIENCE AND ENGINEERING,146815,205198,193983,214617,234278,192918,,0,1,0,1,1,1,0
3786,"M.A.M. School of Engineering (Autonomous), Trichy-Chennai Trunk Road, Siruganur, Tiruchirappalli-621105.",TIRUCHIRAPALLI,SELF FINANCING COLLEGES TIER 3,EC,ELECTRONICS AND COMMUNICATION ENGINEERING,176344,233566,192248,218516,224408,,,0,1,0,1,1,0,0
3786,"M.A.M. School of Engineering (Autonomous), Trichy-Chennai Trunk Road, Siruganur, Tiruchirappalli-621105.",TIRUCHIRAPALLI,SELF FINANCING COLLEGES TIER 3,EE,ELECTRICAL AND ELECTRONICS ENGINEERING,215622,,232868,215881,,,,0,0,0,1,0,0,0
3786,"M.A.M. School of Engineering (Autonomous), Trichy-Chennai Trunk Road, Siruganur, Tiruchirappalli-621105.",TIRUCHIRAPALLI,SELF FINANCING COLLEGES TIER 3,IT,INFORMATION TECHNOLOGY,179468,226528,232876,213014,213495,,,0,1,0,1,1,0,0
3786,"M.A.M. School of Engineering (Autonomous), Trichy-Chennai Trunk Road, Siruganur, Tiruchirappalli-621105.",TIRUCHIRAPALLI,SELF FINANCING COLLEGES TIER 3,ME,MECHANICAL ENGINEERING,225945,227585,,,,,,0,1,0,0,0,0,0
3786,"M.A.M. School of Engineering (Autonomous), Trichy-Chennai Trunk Road, Siruganur, Tiruchirappalli-621105.",TIRUCHIRAPALLI,SELF FINANCING COLLEGES TIER 3,MZ,Mechatronics Engineering,237222,,,,,,,1,0,0,0,0,0,0
3795,SRM TRP Engineering College  Irungalur  Manachanallur Taluk  Tiruchirappalli District 621105,TIRUCHIRAPALLI,SELF FINANCING COLLEGES TIER 2,AD,Artificial Intelligence and Data Science,64633,91221,70101,120752,184547,185184,,0,0,0,0,0,1,0
3795,SRM TRP Engineering College  Irungalur  Manachanallur Taluk  Tiruchirappalli District 621105,TIRUCHIRAPALLI,SELF FINANCING COLLEGES TIER 2,AM,COMPUTER SCIENCE AND ENGINEERING (AI AND MACHINE LEARNING),44830,88861,54932,96387,180071,88090,,0,0,0,0,0,0,0
3795,SRM TRP Engineering College  Irungalur  Manachanallur Taluk  Tiruchirappalli District 621105,TIRUCHIRAPALLI,SELF FINANCING COLLEGES TIER 2,CE,CIVIL  ENGINEERING,147175,204849,162964,217497,184860,,,0,0,0,0,0,0,0
3795,SRM TRP Engineering College  Irungalur  Manachanallur Taluk  Tiruchirappalli District 621105,TIRUCHIRAPALLI,SELF FINANCING COLLEGES TIER 2,CS,COMPUTER SCIENCE AND ENGINEERING,46076,79641,51742,107386,179035,164762,238319,0,0,0,0,0,0,0
3795,SRM TRP Engineering College  Irungalur  Manachanallur Taluk  Tiruchirappalli District 621105,TIRUCHIRAPALLI,SELF FINANCING COLLEGES TIER 2,EC,ELECTRONICS AND COMMUNICATION ENGINEERING,69866,90621,80659,108260,170539,,,0,0,0,0,0,0,0
3795,SRM TRP Engineering College  Irungalur  Manachanallur Taluk  Tiruchirappalli District 621105,TIRUCHIRAPALLI,SELF FINANCING COLLEGES TIER 2,EE,ELECTRICAL AND ELECTRONICS ENGINEERING,96052,126416,107369,159303,222042,,,0,0,0,0,1,0,0
3795,SRM TRP Engineering College  Irungalur  Manachanallur Taluk  Tiruchirappalli District 621105,TIRUCHIRAPALLI,SELF FINANCING COLLEGES TIER 2,IT,INFORMATION TECHNOLOGY,69311,89175,73296,109777,192840,,,0,0,0,0,0,0,0
3795,SRM TRP Engineering College  Irungalur  Manachanallur Taluk  Tiruchirappalli District 621105,TIRUCHIRAPALLI,SELF FINANCING COLLEGES TIER 2,ME,MECHANICAL ENGINEERING,133875,195886,155909,205812,234087,,,0,0,0,0,1,0,0
3801,"A.V.C. College of Engineering, Mannampandal, Mayiladuthurai, Nagapattinam-609305.",MAYILADUTHURAI,SELF FINANCING COLLEGES TIER 3,AD,Artificial Intelligence and Data Science,50506,119517,95247,117516,167589,150544,,0,0,0,0,0,1,0
3801,"A.V.C. College of Engineering, Mannampandal, Mayiladuthurai, Nagapattinam-609305.",MAYILADUTHURAI,SELF FINANCING COLLEGES TIER 3,CE,CIVIL  ENGINEERING,137539,225292,186159,195525,182720,,,0,1,0,0,1,0,0
3801,"A.V.C. College of Engineering, Mannampandal, Mayiladuthurai, Nagapattinam-609305.",MAYILADUTHURAI,SELF FINANCING COLLEGES TIER 3,CS,COMPUTER SCIENCE AND ENGINEERING,64646,133537,82066,104745,176246,,,0,0,0,0,0,0,0
3801,"A.V.C. College of Engineering, Mannampandal, Mayiladuthurai, Nagapattinam-609305.",MAYILADUTHURAI,SELF FINANCING COLLEGES TIER 3,EC,ELECTRONICS AND COMMUNICATION ENGINEERING,88990,133530,166267,105302,231639,,,0,0,0,0,0,0,0
3801,"A.V.C. College of Engineering, Mannampandal, Mayiladuthurai, Nagapattinam-609305.",MAYILADUTHURAI,SELF FINANCING COLLEGES TIER 3,EE,ELECTRICAL AND ELECTRONICS ENGINEERING,145610,228457,146612,189185,217521,,,0,1,0,0,1,0,0
3801,"A.V.C. College of Engineering, Mannampandal, Mayiladuthurai, Nagapattinam-609305.",MAYILADUTHURAI,SELF FINANCING COLLEGES TIER 3,IC,INSTRUMENTATION AND CONTROL ENGINEERING,142672,213400,181731,189329,236436,,,0,1,0,0,0,0,0
3801,"A.V.C. College of Engineering, Mannampandal, Mayiladuthurai, Nagapattinam-609305.",MAYILADUTHURAI,SELF FINANCING COLLEGES TIER 3,IT,INFORMATION TECHNOLOGY,78711,145452,110918,111069,175386,,,0,0,0,0,1,0,0
3801,"A.V.C. College of Engineering, Mannampandal, Mayiladuthurai, Nagapattinam-609305.",MAYILADUTHURAI,SELF FINANCING COLLEGES TIER 3,ME,MECHANICAL ENGINEERING,139954,226743,,203412,173617,,,0,1,0,0,1,0,0
3803,"Anjalai Ammal Mahalingam Engineering College, Kovilvenni, Thiruvarur-614403.",THIRUVARUR,SELF FINANCING COLLEGES TIER 3,AD,Artificial Intelligence and Data Science,75777,106235,,144110,147180,188039,,0,0,0,0,0,1,0
3803,"Anjalai Ammal Mahalingam Engineering College, Kovilvenni, Thiruvarur-614403.",THIRUVARUR,SELF FINANCING COLLEGES TIER 3,CE,CIVIL  ENGINEERING,136119,222708,,191259,141096,,,0,0,0,1,1,0,0
3803,"Anjalai Ammal Mahalingam Engineering College, Kovilvenni, Thiruvarur-614403.",THIRUVARUR,SELF FINANCING COLLEGES TIER 3,CH,CHEMICAL  ENGINEERING,163315,212302,175047,186884,239175,,,0,1,0,1,1,0,0
3803,"Anjalai Ammal Mahalingam Engineering College, Kovilvenni, Thiruvarur-614403.",THIRUVARUR,SELF FINANCING COLLEGES TIER 3,CS,COMPUTER SCIENCE AND ENGINEERING,40963,65341,76608,116114,160159,,,0,0,0,0,0,0,0
3803,"Anjalai Ammal Mahalingam Engineering College, Kovilvenni, Thiruvarur-614403.",THIRUVARUR,SELF FINANCING COLLEGES TIER 3,EC,ELECTRONICS AND COMMUNICATION ENGINEERING,76327,110033,102464,128286,179126,,,0,0,0,0,1,0,0
3803,"Anjalai Ammal Mahalingam Engineering College, Kovilvenni, Thiruvarur-614403.",THIRUVARUR,SELF FINANCING COLLEGES TIER 3,EE,ELECTRICAL AND ELECTRONICS ENGINEERING,115243,144115,119903,206888,213962,,,0,0,0,0,1,0,0
3803,"Anjalai Ammal Mahalingam Engineering College, Kovilvenni, Thiruvarur-614403.",THIRUVARUR,SELF FINANCING COLLEGES TIER 3,IT,INFORMATION TECHNOLOGY,78830,99102,82458,133023,187502,,,0,0,0,0,0,0,0
3803,"Anjalai Ammal Mahalingam Engineering College, Kovilvenni, Thiruvarur-614403.",THIRUVARUR,SELF FINANCING COLLEGES TIER 3,ME,MECHANICAL ENGINEERING,142426,209535,186053,227367,236856,,,0,0,0,1,1,0,0
3804,"Arasu Engineering College, Chennai Main Road, Thiruvisanallur - Village, Thiruvidaimaruthur - Taluk, Kumbakonam,Thanjavur-612501.",THANJAVUR,SELF FINANCING COLLEGES TIER 3,AD,Artificial Intelligence and Data Science,85276,179253,99139,153114,164651,,,0,0,0,0,0,0,0
3804,"Arasu Engineering College, Chennai Main Road, Thiruvisanallur - Village, Thiruvidaimaruthur - Taluk, Kumbakonam,Thanjavur-612501.",THANJAVUR,SELF FINANCING COLLEGES TIER 3,BM,BIO MEDICAL ENGINEERING,235545,,,,,,,0,0,0,0,0,0,0
3804,"Arasu Engineering College, Chennai Main Road, Thiruvisanallur - Village, Thiruvidaimaruthur - Taluk, Kumbakonam,Thanjavur-612501.",THANJAVUR,SELF FINANCING COLLEGES TIER 3,CS,COMPUTER SCIENCE AND ENGINEERING,121399,213903,188123,195452,217837,183313,,0,1,0,0,0,1,0
3804,"Arasu Engineering College, Chennai Main Road, Thiruvisanallur - Village, Thiruvidaimaruthur - Taluk, Kumbakonam,Thanjavur-612501.",THANJAVUR,SELF FINANCING COLLEGES TIER 3,EC,ELECTRONICS AND COMMUNICATION ENGINEERING,149904,213540,173982,214010,223187,,,0,0,0,0,1,0,0
3804,"Arasu Engineering College, Chennai Main Road, Thiruvisanallur - Village, Thiruvidaimaruthur - Taluk, Kumbakonam,Thanjavur-612501.",THANJAVUR,SELF FINANCING COLLEGES TIER 3,EE,ELECTRICAL AND ELECTRONICS ENGINEERING,206120,225514,,220865,239274,,,0,1,0,1,1,0,0
3804,"Arasu Engineering College, Chennai Main Road, Thiruvisanallur - Village, Thiruvidaimaruthur - Taluk, Kumbakonam,Thanjavur-612501.",THANJAVUR,SELF FINANCING COLLEGES TIER 3,IT,INFORMATION TECHNOLOGY,141705,224785,154807,193336,184343,,,0,1,0,0,0,0,0
3804,"Arasu Engineering College, Chennai Main Road, Thiruvisanallur - Village, Thiruvidaimaruthur - Taluk, Kumbakonam,Thanjavur-612501.",THANJAVUR,SELF FINANCING COLLEGES TIER 3,ME,MECHANICAL ENGINEERING,227281,,,236825,239279,,,0,0,0,1,1,0,0
3805,"Dhanalakshmi Srinivasan Engineering College (Autonomous), Thuraiyur Road, Perambalur-621212.",PERAMBALUR,SELF FINANCING COLLEGES TIER 1,AD,Artificial Intelligence and Data Science,105638,179344,133732,198725,238733,,,0,0,0,0,1,0,0
3805,"Dhanalakshmi Srinivasan Engineering College (Autonomous), Thuraiyur Road, Perambalur-621212.",PERAMBALUR,SELF FINANCING COLLEGES TIER 1,AE,AERONAUTICAL ENGINEERING,200418,235337,,225926,236390,,,0,1,0,1,1,0,0
3805,"Dhanalakshmi Srinivasan Engineering College (Autonomous), Thuraiyur Road, Perambalur-621212.",PERAMBALUR,SELF FINANCING COLLEGES TIER 1,BM,BIO MEDICAL ENGINEERING,208130,233318,,235293,236800,233117,,0,1,0,1,1,1,0
3805,"Dhanalakshmi Srinivasan Engineering College (Autonomous), Thuraiyur Road, Perambalur-621212.",PERAMBALUR,SELF FINANCING COLLEGES TIER 1,CE,CIVIL  ENGINEERING,185725,230636,224007,234585,226174,,,0,1,1,1,1,0,0
3805,"Dhanalakshmi Srinivasan Engineering College (Autonomous), Thuraiyur Road, Perambalur-621212.",PERAMBALUR,SELF FINANCING COLLEGES TIER 1,CS,COMPUTER SCIENCE AND ENGINEERING,100321,137546,158071,196332,236653,206836,,0,0,0,0,1,1,0
3805,"Dhanalakshmi Srinivasan Engineering College (Autonomous), Thuraiyur Road, Perambalur-621212.",PERAMBALUR,SELF FINANCING COLLEGES TIER 1,EC,ELECTRONICS AND COMMUNICATION ENGINEERING,122919,213097,173504,214358,228989,,,0,0,0,0,1,0,0
3805,"Dhanalakshmi Srinivasan Engineering College (Autonomous), Thuraiyur Road, Perambalur-621212.",PERAMBALUR,SELF FINANCING COLLEGES TIER 1,EE,ELECTRICAL AND ELECTRONICS ENGINEERING,187679,229651,219745,228311,219351,,,0,1,0,1,1,0,0
3805,"Dhanalakshmi Srinivasan Engineering College (Autonomous), Thuraiyur Road, Perambalur-621212.",PERAMBALUR,SELF FINANCING COLLEGES TIER 1,FD,FOOD TECHNOLOGY,200983,234751,215248,213445,211434,,,0,1,1,1,1,0,0
3805,"Dhanalakshmi Srinivasan Engineering College (Autonomous), Thuraiyur Road, Perambalur-621212.",PERAMBALUR,SELF FINANCING COLLEGES TIER 1,IT,INFORMATION TECHNOLOGY,120279,181225,165360,215542,236965,228849,,0,0,0,0,1,1,0
3805,"Dhanalakshmi Srinivasan Engineering College (Autonomous), Thuraiyur Road, Perambalur-621212.",PERAMBALUR,SELF FINANCING COLLEGES TIER 1,ME,MECHANICAL ENGINEERING,182038,234410,232407,236788,233089,,,0,0,0,1,1,0,0
3805,"Dhanalakshmi Srinivasan Engineering College (Autonomous), Thuraiyur Road, Perambalur-621212.",PERAMBALUR,SELF FINANCING COLLEGES TIER 1,SC,Computer Science and Engineering (Cyber Security),115663,200863,136873,187598,212200,,,0,0,0,0,1,0,0
3806,"E.G.S. Pillay Engineering College (Autonomous), Old Nagore Road, Nagore Post, Nagapattinam District-611002.",NAGAPATTINAM,SELF FINANCING COLLEGES TIER 3,AD,Artificial Intelligence and Data Science,97195,159574,115242,163338,166790,,,0,0,0,0,0,0,0
3806,"E.G.S. Pillay Engineering College (Autonomous), Old Nagore Road, Nagore Post, Nagapattinam District-611002.",NAGAPATTINAM,SELF FINANCING COLLEGES TIER 3,BM,BIO MEDICAL ENGINEERING,146899,235787,155709,201141,200478,,,0,0,0,0,0,0,0
3806,"E.G.S. Pillay Engineering College (Autonomous), Old Nagore Road, Nagore Post, Nagapattinam District-611002.",NAGAPATTINAM,SELF FINANCING COLLEGES TIER 3,CB,COMPUTER SCIENCE AND BUSSINESS SYSTEM,136735,171322,,164609,212859,,,0,0,0,0,0,0,0
3806,"E.G.S. Pillay Engineering College (Autonomous), Old Nagore Road, Nagore Post, Nagapattinam District-611002.",NAGAPATTINAM,SELF FINANCING COLLEGES TIER 3,CE,CIVIL  ENGINEERING,181717,236971,201498,229838,210562,,,0,1,0,0,1,0,0
3806,"E.G.S. Pillay Engineering College (Autonomous), Old Nagore Road, Nagore Post, Nagapattinam District-611002.",NAGAPATTINAM,SELF FINANCING COLLEGES TIER 3,CS,COMPUTER SCIENCE AND ENGINEERING,98352,161564,148315,143233,199328,,194930,0,0,0,0,0,0,0
3806,"E.G.S. Pillay Engineering College (Autonomous), Old Nagore Road, Nagore Post, Nagapattinam District-611002.",NAGAPATTINAM,SELF FINANCING COLLEGES TIER 3,EC,ELECTRONICS AND COMMUNICATION ENGINEERING,122513,169273,151871,168049,218852,208278,,0,0,0,0,0,1,0
3806,"E.G.S. Pillay Engineering College (Autonomous), Old Nagore Road, Nagore Post, Nagapattinam District-611002.",NAGAPATTINAM,SELF FINANCING COLLEGES TIER 3,EE,ELECTRICAL AND ELECTRONICS ENGINEERING,173145,209633,185802,209538,226458,176177,,0,0,0,0,0,1,0
3806,"E.G.S. Pillay Engineering College (Autonomous), Old Nagore Road, Nagore Post, Nagapattinam District-611002.",NAGAPATTINAM,SELF FINANCING COLLEGES TIER 3,IT,INFORMATION TECHNOLOGY,90135,165467,110128,148635,176807,,164972,0,0,0,0,0,0,0
3806,"E.G.S. Pillay Engineering College (Autonomous), Old Nagore Road, Nagore Post, Nagapattinam District-611002.",NAGAPATTINAM,SELF FINANCING COLLEGES TIER 3,ME,MECHANICAL ENGINEERING,180360,231437,211220,223752,238447,226768,,0,1,0,0,1,1,0
3807,"J.J. College of Engineering and Technology, Ammapettai, Poolankulathupatti Post, Tiruchirappalli-620009.",TIRUCHIRAPALLI,SELF FINANCING COLLEGES TIER 3,AD,Artificial Intelligence and Data Science,104777,137416,127173,154994,203231,238514,,0,0,0,0,0,0,0
3807,"J.J. College of Engineering and Technology, Ammapettai, Poolankulathupatti Post, Tiruchirappalli-620009.",TIRUCHIRAPALLI,SELF FINANCING COLLEGES TIER 3,AE,AERONAUTICAL ENGINEERING,146356,200641,163270,157148,232431,,,0,0,0,0,0,0,0
3807,"J.J. College of Engineering and Technology, Ammapettai, Poolankulathupatti Post, Tiruchirappalli-620009.",TIRUCHIRAPALLI,SELF FINANCING COLLEGES TIER 3,CE,CIVIL  ENGINEERING,171300,199647,192611,188904,225687,,,0,0,0,0,0,0,0
3807,"J.J. College of Engineering and Technology, Ammapettai, Poolankulathupatti Post, Tiruchirappalli-620009.",TIRUCHIRAPALLI,SELF FINANCING COLLEGES TIER 3,CS,COMPUTER SCIENCE AND ENGINEERING,87646,129689,112544,149887,203463,200133,,0,0,0,0,0,1,0
3807,"J.J. College of Engineering and Technology, Ammapettai, Poolankulathupatti Post, Tiruchirappalli-620009.",TIRUCHIRAPALLI,SELF FINANCING COLLEGES TIER 3,EC,ELECTRONICS AND COMMUNICATION ENGINEERING,75372,132231,,152029,221014,136864,,0,0,0,0,0,0,0
3807,"J.J. College of Engineering and Technology, Ammapettai, Poolankulathupatti Post, Tiruchirappalli-620009.",TIRUCHIRAPALLI,SELF FINANCING COLLEGES TIER 3,EE,ELECTRICAL AND ELECTRONICS ENGINEERING,111231,160845,140132,175267,227700,,,0,0,0,0,0,0,0
3807,"J.J. College of Engineering and Technology, Ammapettai, Poolankulathupatti Post, Tiruchirappalli-620009.",TIRUCHIRAPALLI,SELF FINANCING COLLEGES TIER 3,IT,INFORMATION TECHNOLOGY,108368,133647,134994,154432,220951,201964,,0,0,0,0,0,1,0
3807,"J.J. College of Engineering and Technology, Ammapettai, Poolankulathupatti Post, Tiruchirappalli-620009.",TIRUCHIRAPALLI,SELF FINANCING COLLEGES TIER 3,ME,MECHANICAL ENGINEERING,144605,161289,,195741,192522,216536,,0,0,0,0,0,0,0
3807,"J.J. College of Engineering and Technology, Ammapettai, Poolankulathupatti Post, Tiruchirappalli-620009.",TIRUCHIRAPALLI,SELF FINANCING COLLEGES TIER 3,SC,Computer Science and Engineering (Cyber Security),90888,131555,125299,145407,203887,,,0,0,0,0,0,0,0
3808,"Jayaram College of Engineering and Technology, Karattampatty, Pagalavadi, Thuraiyur Taluk, Tiruchirappalli-621014.",TIRUCHIRAPALLI,SELF FINANCING COLLEGES TIER 3,CE,CIVIL  ENGINEERING,,,,,,,,0,0,0,0,0,0,0
3808,"Jayaram College of Engineering and Technology, Karattampatty, Pagalavadi, Thuraiyur Taluk, Tiruchirappalli-621014.",TIRUCHIRAPALLI,SELF FINANCING COLLEGES TIER 3,CS,COMPUTER SCIENCE AND ENGINEERING,159563,,,,,,,1,0,0,0,0,0,0
3808,"Jayaram College of Engineering and Technology, Karattampatty, Pagalavadi, Thuraiyur Taluk, Tiruchirappalli-621014.",TIRUCHIRAPALLI,SELF FINANCING COLLEGES TIER 3,EC,ELECTRONICS AND COMMUNICATION ENGINEERING,,,,,,,,0,0,0,0,0,0,0
3808,"Jayaram College of Engineering and Technology, Karattampatty, Pagalavadi, Thuraiyur Taluk, Tiruchirappalli-621014.",TIRUCHIRAPALLI,SELF FINANCING COLLEGES TIER 3,EE,ELECTRICAL AND ELECTRONICS ENGINEERING,,,,,,,,0,0,0,0,0,0,0
3808,"Jayaram College of Engineering and Technology, Karattampatty, Pagalavadi, Thuraiyur Taluk, Tiruchirappalli-621014.",TIRUCHIRAPALLI,SELF FINANCING COLLEGES TIER 3,IT,INFORMATION TECHNOLOGY,,,,,,,,0,0,0,0,0,0,0
3808,"Jayaram College of Engineering and Technology, Karattampatty, Pagalavadi, Thuraiyur Taluk, Tiruchirappalli-621014.",TIRUCHIRAPALLI,SELF FINANCING COLLEGES TIER 3,ME,MECHANICAL ENGINEERING,,,,,,,,0,0,0,0,0,0,0
3810,"MAM College of Engineering, Trichy-Chennai Trunk Road, Siruganur, Tiruchirappalli-621105.",TIRUCHIRAPALLI,SELF FINANCING COLLEGES TIER 3,AD,Artificial Intelligence and Data Science,126649,199955,200360,234170,227226,,,0,0,0,0,0,0,0
3810,"MAM College of Engineering, Trichy-Chennai Trunk Road, Siruganur, Tiruchirappalli-621105.",TIRUCHIRAPALLI,SELF FINANCING COLLEGES TIER 3,AG,AGRICULTURAL ENGINEERING,234658,,,238795,,,,0,0,0,1,0,0,0
3810,"MAM College of Engineering, Trichy-Chennai Trunk Road, Siruganur, Tiruchirappalli-621105.",TIRUCHIRAPALLI,SELF FINANCING COLLEGES TIER 3,AM,COMPUTER SCIENCE AND ENGINEERING (AI AND MACHINE LEARNING),190884,231484,191513,228111,233176,,,0,1,0,1,0,0,0
3810,"MAM College of Engineering, Trichy-Chennai Trunk Road, Siruganur, Tiruchirappalli-621105.",TIRUCHIRAPALLI,SELF FINANCING COLLEGES TIER 3,BM,BIO MEDICAL ENGINEERING,229526,235360,239166,237917,237725,,,0,1,1,1,1,0,0
3810,"MAM College of Engineering, Trichy-Chennai Trunk Road, Siruganur, Tiruchirappalli-621105.",TIRUCHIRAPALLI,SELF FINANCING COLLEGES TIER 3,BT,BIO TECHNOLOGY,178229,226695,220143,213098,231154,,,0,1,0,1,0,0,0
3810,"MAM College of Engineering, Trichy-Chennai Trunk Road, Siruganur, Tiruchirappalli-621105.",TIRUCHIRAPALLI,SELF FINANCING COLLEGES TIER 3,CE,CIVIL  ENGINEERING,151523,234653,,169619,194744,,,0,1,0,1,0,0,0
3810,"MAM College of Engineering, Trichy-Chennai Trunk Road, Siruganur, Tiruchirappalli-621105.",TIRUCHIRAPALLI,SELF FINANCING COLLEGES TIER 3,CS,COMPUTER SCIENCE AND ENGINEERING,137477,226853,184118,219726,225968,237067,175920,0,0,0,0,0,1,0
3810,"MAM College of Engineering, Trichy-Chennai Trunk Road, Siruganur, Tiruchirappalli-621105.",TIRUCHIRAPALLI,SELF FINANCING COLLEGES TIER 3,EC,ELECTRONICS AND COMMUNICATION ENGINEERING,146175,230792,155449,230564,228581,,,0,0,0,0,0,0,0
3810,"MAM College of Engineering, Trichy-Chennai Trunk Road, Siruganur, Tiruchirappalli-621105.",TIRUCHIRAPALLI,SELF FINANCING COLLEGES TIER 3,EE,ELECTRICAL AND ELECTRONICS ENGINEERING,206957,238497,234599,238180,235423,,,0,1,0,1,1,0,0
3810,"MAM College of Engineering, Trichy-Chennai Trunk Road, Siruganur, Tiruchirappalli-621105.",TIRUCHIRAPALLI,SELF FINANCING COLLEGES TIER 3,EI,ELECTRONICS AND INSTRUMENTATION ENGINEERING,214556,,226412,,237837,,,0,0,0,0,0,0,0
3810,"MAM College of Engineering, Trichy-Chennai Trunk Road, Siruganur, Tiruchirappalli-621105.",TIRUCHIRAPALLI,SELF FINANCING COLLEGES TIER 3,FD,FOOD TECHNOLOGY,171180,205715,192939,219242,232685,,,0,1,0,1,1,0,0
3810,"MAM College of Engineering, Trichy-Chennai Trunk Road, Siruganur, Tiruchirappalli-621105.",TIRUCHIRAPALLI,SELF FINANCING COLLEGES TIER 3,IT,INFORMATION TECHNOLOGY,131724,228014,193287,171409,177879,160571,,0,0,0,0,0,0,0
3810,"MAM College of Engineering, Trichy-Chennai Trunk Road, Siruganur, Tiruchirappalli-621105.",TIRUCHIRAPALLI,SELF FINANCING COLLEGES TIER 3,ME,MECHANICAL ENGINEERING,204779,226004,204877,229150,238509,,,0,1,0,1,1,0,0
3810,"MAM College of Engineering, Trichy-Chennai Trunk Road, Siruganur, Tiruchirappalli-621105.",TIRUCHIRAPALLI,SELF FINANCING COLLEGES TIER 3,SC,Computer Science and Engineering (Cyber Security),157752,239099,206835,238926,233143,,,0,1,0,1,0,0,0
3811,"M.I.E.T. Engineering College (Autonomous), Trichy - Pudukkottai Road, Gundur, Tiruchirappalli-620007.",TIRUCHIRAPALLI,SELF FINANCING COLLEGES TIER 3,AD,Artificial Intelligence and Data Science,138246,232121,152791,219637,188526,,,0,0,0,1,1,0,0
3811,"M.I.E.T. Engineering College (Autonomous), Trichy - Pudukkottai Road, Gundur, Tiruchirappalli-620007.",TIRUCHIRAPALLI,SELF FINANCING COLLEGES TIER 3,BM,BIO MEDICAL ENGINEERING,179309,224747,201171,235656,,,,0,1,0,1,0,0,0
3811,"M.I.E.T. Engineering College (Autonomous), Trichy - Pudukkottai Road, Gundur, Tiruchirappalli-620007.",TIRUCHIRAPALLI,SELF FINANCING COLLEGES TIER 3,CE,CIVIL  ENGINEERING,220674,236301,,230082,,,,0,1,0,1,0,0,0
3811,"M.I.E.T. Engineering College (Autonomous), Trichy - Pudukkottai Road, Gundur, Tiruchirappalli-620007.",TIRUCHIRAPALLI,SELF FINANCING COLLEGES TIER 3,CS,COMPUTER SCIENCE AND ENGINEERING,152650,227150,183072,235513,234227,192060,,0,1,0,1,1,1,0
3811,"M.I.E.T. Engineering College (Autonomous), Trichy - Pudukkottai Road, Gundur, Tiruchirappalli-620007.",TIRUCHIRAPALLI,SELF FINANCING COLLEGES TIER 3,EC,ELECTRONICS AND COMMUNICATION ENGINEERING,138183,219380,150249,234341,229560,,,0,1,0,0,1,0,0
3811,"M.I.E.T. Engineering College (Autonomous), Trichy - Pudukkottai Road, Gundur, Tiruchirappalli-620007.",TIRUCHIRAPALLI,SELF FINANCING COLLEGES TIER 3,EE,ELECTRICAL AND ELECTRONICS ENGINEERING,222930,236799,223229,236850,,,,0,1,0,1,0,0,0
3811,"M.I.E.T. Engineering College (Autonomous), Trichy - Pudukkottai Road, Gundur, Tiruchirappalli-620007.",TIRUCHIRAPALLI,SELF FINANCING COLLEGES TIER 3,IT,INFORMATION TECHNOLOGY,190617,236687,201825,229087,224445,228768,212220,0,1,0,1,1,1,0
3811,"M.I.E.T. Engineering College (Autonomous), Trichy - Pudukkottai Road, Gundur, Tiruchirappalli-620007.",TIRUCHIRAPALLI,SELF FINANCING COLLEGES TIER 3,ME,MECHANICAL ENGINEERING,221560,235111,221828,238293,,,,0,1,0,1,0,0,0
3812,"Mookambigai College of Engineering, Srinivasa Nagar, Kalamavur (PO), Keeranur, Pudukkottai-622502.",PUDUKKOTTAI,SELF FINANCING COLLEGES TIER 3,AD,Artificial Intelligence and Data Science,164511,239108,214063,226911,239172,,,0,1,0,1,1,0,0
3812,"Mookambigai College of Engineering, Srinivasa Nagar, Kalamavur (PO), Keeranur, Pudukkottai-622502.",PUDUKKOTTAI,SELF FINANCING COLLEGES TIER 3,AM,COMPUTER SCIENCE AND ENGINEERING (AI AND MACHINE LEARNING),217265,,,,,,,1,0,0,0,0,0,0
3812,"Mookambigai College of Engineering, Srinivasa Nagar, Kalamavur (PO), Keeranur, Pudukkottai-622502.",PUDUKKOTTAI,SELF FINANCING COLLEGES TIER 3,CE,CIVIL  ENGINEERING,215144,,,,,,,1,0,0,0,0,0,0
3812,"Mookambigai College of Engineering, Srinivasa Nagar, Kalamavur (PO), Keeranur, Pudukkottai-622502.",PUDUKKOTTAI,SELF FINANCING COLLEGES TIER 3,CS,COMPUTER SCIENCE AND ENGINEERING,164986,216071,189285,237126,233047,233717,,0,1,1,1,1,1,0
3812,"Mookambigai College of Engineering, Srinivasa Nagar, Kalamavur (PO), Keeranur, Pudukkottai-622502.",PUDUKKOTTAI,SELF FINANCING COLLEGES TIER 3,EC,ELECTRONICS AND COMMUNICATION ENGINEERING,169806,212398,,232313,178579,,,0,1,0,1,1,0,0
3812,"Mookambigai College of Engineering, Srinivasa Nagar, Kalamavur (PO), Keeranur, Pudukkottai-622502.",PUDUKKOTTAI,SELF FINANCING COLLEGES TIER 3,EE,ELECTRICAL AND ELECTRONICS ENGINEERING,223180,233012,,225639,,,,0,1,0,1,0,0,0
3812,"Mookambigai College of Engineering, Srinivasa Nagar, Kalamavur (PO), Keeranur, Pudukkottai-622502.",PUDUKKOTTAI,SELF FINANCING COLLEGES TIER 3,EI,ELECTRONICS AND INSTRUMENTATION ENGINEERING,225442,,,,,,,1,0,0,0,0,0,0
3812,"Mookambigai College of Engineering, Srinivasa Nagar, Kalamavur (PO), Keeranur, Pudukkottai-622502.",PUDUKKOTTAI,SELF FINANCING COLLEGES TIER 3,IT,INFORMATION TECHNOLOGY,192096,236889,233920,235595,238572,,,0,1,1,1,1,0,0
3812,"Mookambigai College of Engineering, Srinivasa Nagar, Kalamavur (PO), Keeranur, Pudukkottai-622502.",PUDUKKOTTAI,SELF FINANCING COLLEGES TIER 3,ME,MECHANICAL ENGINEERING,219264,234314,,237263,234515,,,0,1,0,1,1,0,0
3813,"Oxford Engineering College, Pirattiyur, Tiruchirappalli-620009.",TIRUCHIRAPALLI,SELF FINANCING COLLEGES TIER 3,CE,CIVIL  ENGINEERING,,,,,,,,0,0,0,0,0,0,0
3813,"Oxford Engineering College, Pirattiyur, Tiruchirappalli-620009.",TIRUCHIRAPALLI,SELF FINANCING COLLEGES TIER 3,CS,COMPUTER SCIENCE AND ENGINEERING,223081,,238744,228454,,,,0,0,1,1,0,0,0
3813,"Oxford Engineering College, Pirattiyur, Tiruchirappalli-620009.",TIRUCHIRAPALLI,SELF FINANCING COLLEGES TIER 3,EC,ELECTRONICS AND COMMUNICATION ENGINEERING,233704,,,,,,,1,0,0,0,0,0,0
3813,"Oxford Engineering College, Pirattiyur, Tiruchirappalli-620009.",TIRUCHIRAPALLI,SELF FINANCING COLLEGES TIER 3,EE,ELECTRICAL AND ELECTRONICS ENGINEERING,154062,,,,,,,1,0,0,0,0,0,0
3813,"Oxford Engineering College, Pirattiyur, Tiruchirappalli-620009.",TIRUCHIRAPALLI,SELF FINANCING COLLEGES TIER 3,IT,INFORMATION TECHNOLOGY,233865,,,,,,,1,0,0,0,0,0,0
3813,"Oxford Engineering College, Pirattiyur, Tiruchirappalli-620009.",TIRUCHIRAPALLI,SELF FINANCING COLLEGES TIER 3,ME,MECHANICAL ENGINEERING,215875,,,,,,,1,0,0,0,0,0,0
3815,"Pavendar Bharathidasan College of Engineering and Technology, Thanjai Natarajan Nagar, Opp. to Bharathidasan University, Pudukkottai Main Raod, Mathur, Kulathur, Pudukkottai-622515.",TIRUCHIRAPALLI,SELF FINANCING COLLEGES TIER 3,AD,Artificial Intelligence and Data Science,176367,223045,,201904,231987,,,0,1,0,1,0,0,0
3815,"Pavendar Bharathidasan College of Engineering and Technology, Thanjai Natarajan Nagar, Opp. to Bharathidasan University, Pudukkottai Main Raod, Mathur, Kulathur, Pudukkottai-622515.",TIRUCHIRAPALLI,SELF FINANCING COLLEGES TIER 3,BM,BIO MEDICAL ENGINEERING,189522,,,,216984,,,0,0,0,0,0,0,0
3815,"Pavendar Bharathidasan College of Engineering and Technology, Thanjai Natarajan Nagar, Opp. to Bharathidasan University, Pudukkottai Main Raod, Mathur, Kulathur, Pudukkottai-622515.",TIRUCHIRAPALLI,SELF FINANCING COLLEGES TIER 3,BT,BIO TECHNOLOGY,234712,,,,,,,1,0,0,0,0,0,0
3815,"Pavendar Bharathidasan College of Engineering and Technology, Thanjai Natarajan Nagar, Opp. to Bharathidasan University, Pudukkottai Main Raod, Mathur, Kulathur, Pudukkottai-622515.",TIRUCHIRAPALLI,SELF FINANCING COLLEGES TIER 3,CS,COMPUTER SCIENCE AND ENGINEERING,148097,233425,235215,219199,230166,,,0,1,0,1,0,0,0
3815,"Pavendar Bharathidasan College of Engineering and Technology, Thanjai Natarajan Nagar, Opp. to Bharathidasan University, Pudukkottai Main Raod, Mathur, Kulathur, Pudukkottai-622515.",TIRUCHIRAPALLI,SELF FINANCING COLLEGES TIER 3,EC,ELECTRONICS AND COMMUNICATION ENGINEERING,198311,217685,,228431,235442,,,0,1,0,1,1,0,0
3815,"Pavendar Bharathidasan College of Engineering and Technology, Thanjai Natarajan Nagar, Opp. to Bharathidasan University, Pudukkottai Main Raod, Mathur, Kulathur, Pudukkottai-622515.",TIRUCHIRAPALLI,SELF FINANCING COLLEGES TIER 3,EE,ELECTRICAL AND ELECTRONICS ENGINEERING,211556,,,,,,,1,0,0,0,0,0,0
3815,"Pavendar Bharathidasan College of Engineering and Technology, Thanjai Natarajan Nagar, Opp. to Bharathidasan University, Pudukkottai Main Raod, Mathur, Kulathur, Pudukkottai-622515.",TIRUCHIRAPALLI,SELF FINANCING COLLEGES TIER 3,IT,INFORMATION TECHNOLOGY,181573,217069,,199505,231290,,,0,1,0,1,0,0,0
3815,"Pavendar Bharathidasan College of Engineering and Technology, Thanjai Natarajan Nagar, Opp. to Bharathidasan University, Pudukkottai Main Raod, Mathur, Kulathur, Pudukkottai-622515.",TIRUCHIRAPALLI,SELF FINANCING COLLEGES TIER 3,ME,MECHANICAL ENGINEERING,132673,,,,,,,1,0,0,0,0,0,0
3815,"Pavendar Bharathidasan College of Engineering and Technology, Thanjai Natarajan Nagar, Opp. to Bharathidasan University, Pudukkottai Main Raod, Mathur, Kulathur, Pudukkottai-622515.",TIRUCHIRAPALLI,SELF FINANCING COLLEGES TIER 3,TX,TEXTILE TECHNOLOGY,202729,,,,,,,1,0,0,0,0,0,0
3817,"Roever Engineering College, Elambalur (Post), Perambalur-621212.",PERAMBALUR,SELF FINANCING COLLEGES TIER 3,AD,Artificial Intelligence and Data Science,113558,216724,141470,213603,173676,201865,,0,1,1,0,0,0,0
3817,"Roever Engineering College, Elambalur (Post), Perambalur-621212.",PERAMBALUR,SELF FINANCING COLLEGES TIER 3,BT,BIO TECHNOLOGY,168376,234844,,223042,239197,,,0,1,0,1,0,0,0
3817,"Roever Engineering College, Elambalur (Post), Perambalur-621212.",PERAMBALUR,SELF FINANCING COLLEGES TIER 3,CE,CIVIL  ENGINEERING,237423,,,,,,,1,0,0,0,0,0,0
3817,"Roever Engineering College, Elambalur (Post), Perambalur-621212.",PERAMBALUR,SELF FINANCING COLLEGES TIER 3,CS,COMPUTER SCIENCE AND ENGINEERING,132049,213711,152907,197995,203583,222716,,0,1,0,0,0,0,0
3817,"Roever Engineering College, Elambalur (Post), Perambalur-621212.",PERAMBALUR,SELF FINANCING COLLEGES TIER 3,EC,ELECTRONICS AND COMMUNICATION ENGINEERING,161821,232123,,207803,185561,194693,,0,0,0,0,0,0,0
3817,"Roever Engineering College, Elambalur (Post), Perambalur-621212.",PERAMBALUR,SELF FINANCING COLLEGES TIER 3,EE,ELECTRICAL AND ELECTRONICS ENGINEERING,168602,238165,169434,225343,215043,234716,,0,1,0,0,0,0,0
3817,"Roever Engineering College, Elambalur (Post), Perambalur-621212.",PERAMBALUR,SELF FINANCING COLLEGES TIER 3,ME,MECHANICAL ENGINEERING,188683,237354,,239210,236982,,,0,1,0,1,1,0,0
3819,"Saranathan College of Engineering (Autonomous), Venkateswara Nagar, Edamalaipattipudur Post, Panjappur Village, Srirangam Taluk, Tiruchirappalli-620012.",TIRUCHIRAPALLI,SELF FINANCING COLLEGES TIER 3,AD,Artificial Intelligence and Data Science,44001,61984,52851,74564,126111,169378,,0,0,0,0,0,0,0
3819,"Saranathan College of Engineering (Autonomous), Venkateswara Nagar, Edamalaipattipudur Post, Panjappur Village, Srirangam Taluk, Tiruchirappalli-620012.",TIRUCHIRAPALLI,SELF FINANCING COLLEGES TIER 3,AM,COMPUTER SCIENCE AND ENGINEERING (AI AND MACHINE LEARNING),40835,60736,64118,79834,139390,131025,,0,0,0,0,0,0,0
3819,"Saranathan College of Engineering (Autonomous), Venkateswara Nagar, Edamalaipattipudur Post, Panjappur Village, Srirangam Taluk, Tiruchirappalli-620012.",TIRUCHIRAPALLI,SELF FINANCING COLLEGES TIER 3,CB,COMPUTER SCIENCE AND BUSSINESS SYSTEM,57040,78771,85838,100096,151173,202480,,0,0,0,0,0,0,0
3819,"Saranathan College of Engineering (Autonomous), Venkateswara Nagar, Edamalaipattipudur Post, Panjappur Village, Srirangam Taluk, Tiruchirappalli-620012.",TIRUCHIRAPALLI,SELF FINANCING COLLEGES TIER 3,CE,CIVIL  ENGINEERING,81787,117761,138037,151110,131666,,,0,0,0,0,0,0,0
3819,"Saranathan College of Engineering (Autonomous), Venkateswara Nagar, Edamalaipattipudur Post, Panjappur Village, Srirangam Taluk, Tiruchirappalli-620012.",TIRUCHIRAPALLI,SELF FINANCING COLLEGES TIER 3,CS,COMPUTER SCIENCE AND ENGINEERING,28160,40192,28399,66457,62294,185686,,0,0,0,0,0,0,0
3819,"Saranathan College of Engineering (Autonomous), Venkateswara Nagar, Edamalaipattipudur Post, Panjappur Village, Srirangam Taluk, Tiruchirappalli-620012.",TIRUCHIRAPALLI,SELF FINANCING COLLEGES TIER 3,EC,ELECTRONICS AND COMMUNICATION ENGINEERING,41842,52587,61538,74904,128179,145632,,0,0,0,0,0,0,0
3819,"Saranathan College of Engineering (Autonomous), Venkateswara Nagar, Edamalaipattipudur Post, Panjappur Village, Srirangam Taluk, Tiruchirappalli-620012.",TIRUCHIRAPALLI,SELF FINANCING COLLEGES TIER 3,EE,ELECTRICAL AND ELECTRONICS ENGINEERING,61693,85821,70844,117154,149194,194227,,0,0,0,0,0,0,0
3819,"Saranathan College of Engineering (Autonomous), Venkateswara Nagar, Edamalaipattipudur Post, Panjappur Village, Srirangam Taluk, Tiruchirappalli-620012.",TIRUCHIRAPALLI,SELF FINANCING COLLEGES TIER 3,IC,INSTRUMENTATION AND CONTROL ENGINEERING,70635,91715,,113883,190701,,,0,0,0,0,0,0,0
3819,"Saranathan College of Engineering (Autonomous), Venkateswara Nagar, Edamalaipattipudur Post, Panjappur Village, Srirangam Taluk, Tiruchirappalli-620012.",TIRUCHIRAPALLI,SELF FINANCING COLLEGES TIER 3,IT,INFORMATION TECHNOLOGY,45453,56375,50044,68793,104767,165850,,0,0,0,0,0,0,0
3819,"Saranathan College of Engineering (Autonomous), Venkateswara Nagar, Edamalaipattipudur Post, Panjappur Village, Srirangam Taluk, Tiruchirappalli-620012.",TIRUCHIRAPALLI,SELF FINANCING COLLEGES TIER 3,ME,MECHANICAL ENGINEERING,83602,117321,89182,132802,166019,,,0,0,0,0,0,0,0
3820,"Trichy Engineering College, somu Nagr,Konalai, Tiruchirappalli-621132.",TIRUCHIRAPALLI,SELF FINANCING COLLEGES TIER 3,AD,Artificial Intelligence and Data Science,226303,231776,,,,,,0,1,0,0,0,0,0
3820,"Trichy Engineering College, somu Nagr,Konalai, Tiruchirappalli-621132.",TIRUCHIRAPALLI,SELF FINANCING COLLEGES TIER 3,AM,COMPUTER SCIENCE AND ENGINEERING (AI AND MACHINE LEARNING),212270,,,,,,,1,0,0,0,0,0,0
3820,"Trichy Engineering College, somu Nagr,Konalai, Tiruchirappalli-621132.",TIRUCHIRAPALLI,SELF FINANCING COLLEGES TIER 3,CE,CIVIL  ENGINEERING,227289,,,,,,,1,0,0,0,0,0,0
3820,"Trichy Engineering College, somu Nagr,Konalai, Tiruchirappalli-621132.",TIRUCHIRAPALLI,SELF FINANCING COLLEGES TIER 3,CS,COMPUTER SCIENCE AND ENGINEERING,233928,,,,,,,1,0,0,0,0,0,0
3820,"Trichy Engineering College, somu Nagr,Konalai, Tiruchirappalli-621132.",TIRUCHIRAPALLI,SELF FINANCING COLLEGES TIER 3,EC,ELECTRONICS AND COMMUNICATION ENGINEERING,218528,232648,,,228168,,,0,1,0,0,1,0,0
3820,"Trichy Engineering College, somu Nagr,Konalai, Tiruchirappalli-621132.",TIRUCHIRAPALLI,SELF FINANCING COLLEGES TIER 3,EE,ELECTRICAL AND ELECTRONICS ENGINEERING,218788,,,,,,,1,0,0,0,0,0,0
3820,"Trichy Engineering College, somu Nagr,Konalai, Tiruchirappalli-621132.",TIRUCHIRAPALLI,SELF FINANCING COLLEGES TIER 3,ME,MECHANICAL ENGINEERING,206146,,,,,,,1,0,0,0,0,0,0
3820,"Trichy Engineering College, somu Nagr,Konalai, Tiruchirappalli-621132.",TIRUCHIRAPALLI,SELF FINANCING COLLEGES TIER 3,MZ,Mechatronics Engineering,,,,,,,,0,0,0,0,0,0,0
3821,"A.R.J College of Engineering and Technology, Thirumakkottai Main Road, Edayarnatham Village, Sundarakkottai (PO), Mannargudi Taluk, Thiruvarur-614001.",THIRUVARUR,SELF FINANCING COLLEGES TIER 3,AD,Artificial Intelligence and Data Science,203123,225961,,232773,235456,,,0,1,0,1,1,0,0
3821,"A.R.J College of Engineering and Technology, Thirumakkottai Main Road, Edayarnatham Village, Sundarakkottai (PO), Mannargudi Taluk, Thiruvarur-614001.",THIRUVARUR,SELF FINANCING COLLEGES TIER 3,AG,AGRICULTURAL ENGINEERING,143800,,,,,,,1,0,0,0,0,0,0
3821,"A.R.J College of Engineering and Technology, Thirumakkottai Main Road, Edayarnatham Village, Sundarakkottai (PO), Mannargudi Taluk, Thiruvarur-614001.",THIRUVARUR,SELF FINANCING COLLEGES TIER 3,BM,BIO MEDICAL ENGINEERING,196308,208279,,,236000,202050,,0,1,0,0,1,0,0
3821,"A.R.J College of Engineering and Technology, Thirumakkottai Main Road, Edayarnatham Village, Sundarakkottai (PO), Mannargudi Taluk, Thiruvarur-614001.",THIRUVARUR,SELF FINANCING COLLEGES TIER 3,CE,CIVIL  ENGINEERING,230768,,,,,,,1,0,0,0,0,0,0
3821,"A.R.J College of Engineering and Technology, Thirumakkottai Main Road, Edayarnatham Village, Sundarakkottai (PO), Mannargudi Taluk, Thiruvarur-614001.",THIRUVARUR,SELF FINANCING COLLEGES TIER 3,CS,COMPUTER SCIENCE AND ENGINEERING,199716,231068,237643,238291,236719,,,0,1,1,1,1,0,0
3821,"A.R.J College of Engineering and Technology, Thirumakkottai Main Road, Edayarnatham Village, Sundarakkottai (PO), Mannargudi Taluk, Thiruvarur-614001.",THIRUVARUR,SELF FINANCING COLLEGES TIER 3,EC,ELECTRONICS AND COMMUNICATION ENGINEERING,202871,236603,,234991,237745,,,0,1,0,1,1,0,0
3821,"A.R.J College of Engineering and Technology, Thirumakkottai Main Road, Edayarnatham Village, Sundarakkottai (PO), Mannargudi Taluk, Thiruvarur-614001.",THIRUVARUR,SELF FINANCING COLLEGES TIER 3,EE,ELECTRICAL AND ELECTRONICS ENGINEERING,233670,,,,,,,0,0,0,0,0,0,0
3821,"A.R.J College of Engineering and Technology, Thirumakkottai Main Road, Edayarnatham Village, Sundarakkottai (PO), Mannargudi Taluk, Thiruvarur-614001.",THIRUVARUR,SELF FINANCING COLLEGES TIER 3,ME,MECHANICAL ENGINEERING,231415,234036,,238359,237974,,,0,1,0,1,0,0,0
3822,"Tittagudi Sengunthar Engineering College (Formerly Dr.Navalar Nedunchezhiyan College of Engineering), Raja Nagar, Vaithiyanathapuram, Tholudur, Cuddalore-606303.",CUDDALORE,SELF FINANCING COLLEGES TIER 3,AD,Artificial Intelligence and Data Science,197537,,,,223925,,,0,0,0,0,1,0,0
3822,"Tittagudi Sengunthar Engineering College (Formerly Dr.Navalar Nedunchezhiyan College of Engineering), Raja Nagar, Vaithiyanathapuram, Tholudur, Cuddalore-606303.",CUDDALORE,SELF FINANCING COLLEGES TIER 3,BM,BIO MEDICAL ENGINEERING,175761,,228277,,227009,,,0,0,0,0,1,0,0
3822,"Tittagudi Sengunthar Engineering College (Formerly Dr.Navalar Nedunchezhiyan College of Engineering), Raja Nagar, Vaithiyanathapuram, Tholudur, Cuddalore-606303.",CUDDALORE,SELF FINANCING COLLEGES TIER 3,CE,CIVIL  ENGINEERING,,,,,,,,0,0,0,0,0,0,0
3822,"Tittagudi Sengunthar Engineering College (Formerly Dr.Navalar Nedunchezhiyan College of Engineering), Raja Nagar, Vaithiyanathapuram, Tholudur, Cuddalore-606303.",CUDDALORE,SELF FINANCING COLLEGES TIER 3,CS,COMPUTER SCIENCE AND ENGINEERING,195930,,,,,,,1,0,0,0,0,0,0
3822,"Tittagudi Sengunthar Engineering College (Formerly Dr.Navalar Nedunchezhiyan College of Engineering), Raja Nagar, Vaithiyanathapuram, Tholudur, Cuddalore-606303.",CUDDALORE,SELF FINANCING COLLEGES TIER 3,EC,ELECTRONICS AND COMMUNICATION ENGINEERING,234786,,,,,,,1,0,0,0,0,0,0
3822,"Tittagudi Sengunthar Engineering College (Formerly Dr.Navalar Nedunchezhiyan College of Engineering), Raja Nagar, Vaithiyanathapuram, Tholudur, Cuddalore-606303.",CUDDALORE,SELF FINANCING COLLEGES TIER 3,EE,ELECTRICAL AND ELECTRONICS ENGINEERING,60146,,,,,,,1,0,0,0,0,0,0
3822,"Tittagudi Sengunthar Engineering College (Formerly Dr.Navalar Nedunchezhiyan College of Engineering), Raja Nagar, Vaithiyanathapuram, Tholudur, Cuddalore-606303.",CUDDALORE,SELF FINANCING COLLEGES TIER 3,IT,INFORMATION TECHNOLOGY,213429,,,,,,,1,0,0,0,0,0,0
3822,"Tittagudi Sengunthar Engineering College (Formerly Dr.Navalar Nedunchezhiyan College of Engineering), Raja Nagar, Vaithiyanathapuram, Tholudur, Cuddalore-606303.",CUDDALORE,SELF FINANCING COLLEGES TIER 3,ME,MECHANICAL ENGINEERING,200179,,,,,,,1,0,0,0,0,0,0
3825,"St. Joseph's College of Engineering and Technology, A.S.Nagar, Ellupatti, Rawasapatti Post, Inathukanpatti Village, Thanjavur-613403.",THANJAVUR,SELF FINANCING COLLEGES TIER 3,AD,Artificial Intelligence and Data Science,135535,192528,141207,197295,217488,208865,165172,0,0,0,0,0,1,0
3825,"St. Joseph's College of Engineering and Technology, A.S.Nagar, Ellupatti, Rawasapatti Post, Inathukanpatti Village, Thanjavur-613403.",THANJAVUR,SELF FINANCING COLLEGES TIER 3,CS,COMPUTER SCIENCE AND ENGINEERING,124209,174597,178511,230734,225096,,,0,0,0,0,0,0,0
3825,"St. Joseph's College of Engineering and Technology, A.S.Nagar, Ellupatti, Rawasapatti Post, Inathukanpatti Village, Thanjavur-613403.",THANJAVUR,SELF FINANCING COLLEGES TIER 3,EC,ELECTRONICS AND COMMUNICATION ENGINEERING,155847,187388,167359,237399,231019,,,0,0,0,1,0,0,0
3825,"St. Joseph's College of Engineering and Technology, A.S.Nagar, Ellupatti, Rawasapatti Post, Inathukanpatti Village, Thanjavur-613403.",THANJAVUR,SELF FINANCING COLLEGES TIER 3,EE,ELECTRICAL AND ELECTRONICS ENGINEERING,195927,218741,202833,231368,230307,,,0,0,0,0,0,0,0
3825,"St. Joseph's College of Engineering and Technology, A.S.Nagar, Ellupatti, Rawasapatti Post, Inathukanpatti Village, Thanjavur-613403.",THANJAVUR,SELF FINANCING COLLEGES TIER 3,IT,INFORMATION TECHNOLOGY,164268,194175,185324,227483,223210,,,0,0,0,0,0,0,0
3825,"St. Joseph's College of Engineering and Technology, A.S.Nagar, Ellupatti, Rawasapatti Post, Inathukanpatti Village, Thanjavur-613403.",THANJAVUR,SELF FINANCING COLLEGES TIER 3,ME,MECHANICAL ENGINEERING,214695,230877,218347,234727,232271,,,0,0,0,1,0,0,0
3826,"Kongunadu College of Engineering and Technology (Autonomous), Tholurpatti, Thottiam, Tiruchirappalli-621215.",TIRUCHIRAPALLI,SELF FINANCING COLLEGES TIER 3,AD,Artificial Intelligence and Data Science,75566,109896,144229,111371,181258,178208,215782,0,0,0,0,0,0,0
3826,"Kongunadu College of Engineering and Technology (Autonomous), Tholurpatti, Thottiam, Tiruchirappalli-621215.",TIRUCHIRAPALLI,SELF FINANCING COLLEGES TIER 3,AG,AGRICULTURAL ENGINEERING,140085,204431,,178018,199242,214765,,0,0,0,0,0,0,0
3826,"Kongunadu College of Engineering and Technology (Autonomous), Tholurpatti, Thottiam, Tiruchirappalli-621215.",TIRUCHIRAPALLI,SELF FINANCING COLLEGES TIER 3,BM,BIO MEDICAL ENGINEERING,116952,136353,152704,143629,203803,218484,,0,0,0,0,0,0,0
3826,"Kongunadu College of Engineering and Technology (Autonomous), Tholurpatti, Thottiam, Tiruchirappalli-621215.",TIRUCHIRAPALLI,SELF FINANCING COLLEGES TIER 3,CE,CIVIL  ENGINEERING,133661,187794,196269,169455,192754,168903,,0,0,0,0,0,0,0
3826,"Kongunadu College of Engineering and Technology (Autonomous), Tholurpatti, Thottiam, Tiruchirappalli-621215.",TIRUCHIRAPALLI,SELF FINANCING COLLEGES TIER 3,CS,COMPUTER SCIENCE AND ENGINEERING,67397,101392,126908,100498,181242,129429,130001,0,0,0,0,0,0,0
3826,"Kongunadu College of Engineering and Technology (Autonomous), Tholurpatti, Thottiam, Tiruchirappalli-621215.",TIRUCHIRAPALLI,SELF FINANCING COLLEGES TIER 3,EC,ELECTRONICS AND COMMUNICATION ENGINEERING,88560,123087,134420,134608,186335,188265,88313,0,0,0,0,0,0,0
3826,"Kongunadu College of Engineering and Technology (Autonomous), Tholurpatti, Thottiam, Tiruchirappalli-621215.",TIRUCHIRAPALLI,SELF FINANCING COLLEGES TIER 3,EE,ELECTRICAL AND ELECTRONICS ENGINEERING,109040,132893,161419,140460,204499,221674,,0,0,0,0,0,0,0
3826,"Kongunadu College of Engineering and Technology (Autonomous), Tholurpatti, Thottiam, Tiruchirappalli-621215.",TIRUCHIRAPALLI,SELF FINANCING COLLEGES TIER 3,IT,INFORMATION TECHNOLOGY,82900,111185,117692,126586,185760,162338,214691,0,0,0,0,0,0,0
3826,"Kongunadu College of Engineering and Technology (Autonomous), Tholurpatti, Thottiam, Tiruchirappalli-621215.",TIRUCHIRAPALLI,SELF FINANCING COLLEGES TIER 3,ME,MECHANICAL ENGINEERING,138045,162373,180258,175212,205973,186428,209297,0,0,0,0,0,0,0
3829,"M.A.M. College of Engineering and Technology, Trichy-Chennai Trunk Road, Siruganur, Manachanallur Taluk, Tiruchirappalli-621105.",TIRUCHIRAPALLI,SELF FINANCING COLLEGES TIER 3,AD,Artificial Intelligence and Data Science,127965,186997,208335,189892,223491,,,0,0,0,0,0,0,0
3829,"M.A.M. College of Engineering and Technology, Trichy-Chennai Trunk Road, Siruganur, Manachanallur Taluk, Tiruchirappalli-621105.",TIRUCHIRAPALLI,SELF FINANCING COLLEGES TIER 3,CE,CIVIL  ENGINEERING,152562,236383,,173044,180914,,,0,0,0,1,0,0,0
3829,"M.A.M. College of Engineering and Technology, Trichy-Chennai Trunk Road, Siruganur, Manachanallur Taluk, Tiruchirappalli-621105.",TIRUCHIRAPALLI,SELF FINANCING COLLEGES TIER 3,CS,COMPUTER SCIENCE AND ENGINEERING,138439,235785,179096,227223,237154,210514,,0,1,0,1,0,0,0
3829,"M.A.M. College of Engineering and Technology, Trichy-Chennai Trunk Road, Siruganur, Manachanallur Taluk, Tiruchirappalli-621105.",TIRUCHIRAPALLI,SELF FINANCING COLLEGES TIER 3,EC,ELECTRONICS AND COMMUNICATION ENGINEERING,136425,217581,207098,227183,236344,,,0,0,0,0,0,0,0
3829,"M.A.M. College of Engineering and Technology, Trichy-Chennai Trunk Road, Siruganur, Manachanallur Taluk, Tiruchirappalli-621105.",TIRUCHIRAPALLI,SELF FINANCING COLLEGES TIER 3,EE,ELECTRICAL AND ELECTRONICS ENGINEERING,126273,227405,211857,231521,237861,,,0,0,0,0,0,0,0
3829,"M.A.M. College of Engineering and Technology, Trichy-Chennai Trunk Road, Siruganur, Manachanallur Taluk, Tiruchirappalli-621105.",TIRUCHIRAPALLI,SELF FINANCING COLLEGES TIER 3,IT,INFORMATION TECHNOLOGY,156489,216170,183826,233521,225917,186807,,0,1,0,1,1,0,0
3829,"M.A.M. College of Engineering and Technology, Trichy-Chennai Trunk Road, Siruganur, Manachanallur Taluk, Tiruchirappalli-621105.",TIRUCHIRAPALLI,SELF FINANCING COLLEGES TIER 3,ME,MECHANICAL ENGINEERING,142156,190458,,193506,225278,,,0,0,0,1,0,0,0
3830,"K. Ramakrishnan College of Engineering (Autonomous), Kariyamanickam Road, Samayapuram, Tiruchirappalli-621112.",TIRUCHIRAPALLI,SELF FINANCING COLLEGES TIER 3,AD,Artificial Intelligence and Data Science,54929,76511,67403,109017,195815,,,0,0,0,0,0,0,0
3830,"K. Ramakrishnan College of Engineering (Autonomous), Kariyamanickam Road, Samayapuram, Tiruchirappalli-621112.",TIRUCHIRAPALLI,SELF FINANCING COLLEGES TIER 3,AM,COMPUTER SCIENCE AND ENGINEERING (AI AND MACHINE LEARNING),54417,70495,63654,108239,190336,,,0,0,0,0,0,0,0
3830,"K. Ramakrishnan College of Engineering (Autonomous), Kariyamanickam Road, Samayapuram, Tiruchirappalli-621112.",TIRUCHIRAPALLI,SELF FINANCING COLLEGES TIER 3,CB,COMPUTER SCIENCE AND BUSSINESS SYSTEM,69058,84061,97338,118044,198977,92655,,0,0,0,0,0,0,0
3830,"K. Ramakrishnan College of Engineering (Autonomous), Kariyamanickam Road, Samayapuram, Tiruchirappalli-621112.",TIRUCHIRAPALLI,SELF FINANCING COLLEGES TIER 3,CS,COMPUTER SCIENCE AND ENGINEERING,39114,55527,63403,72057,163445,215699,210080,0,0,0,0,0,1,0
3830,"K. Ramakrishnan College of Engineering (Autonomous), Kariyamanickam Road, Samayapuram, Tiruchirappalli-621112.",TIRUCHIRAPALLI,SELF FINANCING COLLEGES TIER 3,EC,ELECTRONICS AND COMMUNICATION ENGINEERING,54015,80763,69111,106937,182992,131234,,0,0,0,0,0,0,0
3830,"K. Ramakrishnan College of Engineering (Autonomous), Kariyamanickam Road, Samayapuram, Tiruchirappalli-621112.",TIRUCHIRAPALLI,SELF FINANCING COLLEGES TIER 3,EE,ELECTRICAL AND ELECTRONICS ENGINEERING,87505,108170,116166,127802,227014,,,0,0,0,0,1,0,0
3830,"K. Ramakrishnan College of Engineering (Autonomous), Kariyamanickam Road, Samayapuram, Tiruchirappalli-621112.",TIRUCHIRAPALLI,SELF FINANCING COLLEGES TIER 3,IT,INFORMATION TECHNOLOGY,54450,74019,67290,98257,197772,74362,,0,0,0,0,0,1,0
3830,"K. Ramakrishnan College of Engineering (Autonomous), Kariyamanickam Road, Samayapuram, Tiruchirappalli-621112.",TIRUCHIRAPALLI,SELF FINANCING COLLEGES TIER 3,ME,MECHANICAL ENGINEERING,100754,127575,108532,136481,196724,,,0,0,0,0,0,0,0
3831,"Indra Ganesan College of Engineering (Autonomous), Madurai Main Road, Manikandam, Tiruchirappalli-620012.",TIRUCHIRAPALLI,SELF FINANCING COLLEGES TIER 3,AD,Artificial Intelligence and Data Science,164611,222072,,202326,234902,,,0,1,0,1,1,0,0
3831,"Indra Ganesan College of Engineering (Autonomous), Madurai Main Road, Manikandam, Tiruchirappalli-620012.",TIRUCHIRAPALLI,SELF FINANCING COLLEGES TIER 3,AG,AGRICULTURAL ENGINEERING,183362,,,,,,,1,0,0,0,0,0,0
3831,"Indra Ganesan College of Engineering (Autonomous), Madurai Main Road, Manikandam, Tiruchirappalli-620012.",TIRUCHIRAPALLI,SELF FINANCING COLLEGES TIER 3,BM,BIO MEDICAL ENGINEERING,208150,230171,,237104,230999,,,0,1,0,1,1,0,0
3831,"Indra Ganesan College of Engineering (Autonomous), Madurai Main Road, Manikandam, Tiruchirappalli-620012.",TIRUCHIRAPALLI,SELF FINANCING COLLEGES TIER 3,CS,COMPUTER SCIENCE AND ENGINEERING,189998,218457,235241,235359,227198,237398,,0,1,0,1,1,1,0
3831,"Indra Ganesan College of Engineering (Autonomous), Madurai Main Road, Manikandam, Tiruchirappalli-620012.",TIRUCHIRAPALLI,SELF FINANCING COLLEGES TIER 3,EC,ELECTRONICS AND COMMUNICATION ENGINEERING,209943,225513,,236638,228314,,,0,1,0,1,1,0,0
3831,"Indra Ganesan College of Engineering (Autonomous), Madurai Main Road, Manikandam, Tiruchirappalli-620012.",TIRUCHIRAPALLI,SELF FINANCING COLLEGES TIER 3,EE,ELECTRICAL AND ELECTRONICS ENGINEERING,202719,,,,,,,1,0,0,0,0,0,0
3831,"Indra Ganesan College of Engineering (Autonomous), Madurai Main Road, Manikandam, Tiruchirappalli-620012.",TIRUCHIRAPALLI,SELF FINANCING COLLEGES TIER 3,IT,INFORMATION TECHNOLOGY,207141,238005,207936,236651,235485,,,0,1,1,1,1,0,0
3831,"Indra Ganesan College of Engineering (Autonomous), Madurai Main Road, Manikandam, Tiruchirappalli-620012.",TIRUCHIRAPALLI,SELF FINANCING COLLEGES TIER 3,ME,MECHANICAL ENGINEERING,204374,231302,,222370,236398,,,0,1,0,1,1,0,0
3833,"Parisutham Institute of Technology and Science (Autonomous), NH 67 Ring Road, Nanjikottai, Thanjavur-613006.",THANJAVUR,SELF FINANCING COLLEGES TIER 3,AE,AERONAUTICAL ENGINEERING,235988,,,,,,,0,0,0,0,0,0,0
3833,"Parisutham Institute of Technology and Science (Autonomous), NH 67 Ring Road, Nanjikottai, Thanjavur-613006.",THANJAVUR,SELF FINANCING COLLEGES TIER 3,CE,CIVIL  ENGINEERING,238691,,,,,,,1,0,0,0,0,0,0
3833,"Parisutham Institute of Technology and Science (Autonomous), NH 67 Ring Road, Nanjikottai, Thanjavur-613006.",THANJAVUR,SELF FINANCING COLLEGES TIER 3,CS,COMPUTER SCIENCE AND ENGINEERING,169817,235018,225101,239224,225124,,,0,1,1,1,1,0,0
3833,"Parisutham Institute of Technology and Science (Autonomous), NH 67 Ring Road, Nanjikottai, Thanjavur-613006.",THANJAVUR,SELF FINANCING COLLEGES TIER 3,EC,ELECTRONICS AND COMMUNICATION ENGINEERING,178148,226653,,,231869,,,0,1,0,0,1,0,0
3833,"Parisutham Institute of Technology and Science (Autonomous), NH 67 Ring Road, Nanjikottai, Thanjavur-613006.",THANJAVUR,SELF FINANCING COLLEGES TIER 3,EE,ELECTRICAL AND ELECTRONICS ENGINEERING,205387,,,,,,,1,0,0,0,0,0,0
3833,"Parisutham Institute of Technology and Science (Autonomous), NH 67 Ring Road, Nanjikottai, Thanjavur-613006.",THANJAVUR,SELF FINANCING COLLEGES TIER 3,IT,INFORMATION TECHNOLOGY,182551,235001,188585,234077,192262,,,0,0,1,1,1,0,0
3833,"Parisutham Institute of Technology and Science (Autonomous), NH 67 Ring Road, Nanjikottai, Thanjavur-613006.",THANJAVUR,SELF FINANCING COLLEGES TIER 3,ME,MECHANICAL ENGINEERING,231858,,,,,,,1,0,0,0,0,0,0
3841,"CARE College of Engineering (Autonomous), No.27, Thayanoor village, Kuttapatti, Tiruchirappalli-620009.",TIRUCHIRAPALLI,SELF FINANCING COLLEGES TIER 3,AD,Artificial Intelligence and Data Science,87848,126007,103457,158686,205850,,,0,0,0,0,0,0,0
3841,"CARE College of Engineering (Autonomous), No.27, Thayanoor village, Kuttapatti, Tiruchirappalli-620009.",TIRUCHIRAPALLI,SELF FINANCING COLLEGES TIER 3,CE,CIVIL  ENGINEERING,160737,200904,174410,211747,208685,,,0,0,0,0,0,0,0
3841,"CARE College of Engineering (Autonomous), No.27, Thayanoor village, Kuttapatti, Tiruchirappalli-620009.",TIRUCHIRAPALLI,SELF FINANCING COLLEGES TIER 3,CS,COMPUTER SCIENCE AND ENGINEERING,77794,119083,114379,161097,209197,197098,,0,0,0,0,0,1,0
3841,"CARE College of Engineering (Autonomous), No.27, Thayanoor village, Kuttapatti, Tiruchirappalli-620009.",TIRUCHIRAPALLI,SELF FINANCING COLLEGES TIER 3,DA,Bachelor of Design,178419,,,,232405,,,0,0,0,0,1,0,0
3841,"CARE College of Engineering (Autonomous), No.27, Thayanoor village, Kuttapatti, Tiruchirappalli-620009.",TIRUCHIRAPALLI,SELF FINANCING COLLEGES TIER 3,EC,ELECTRONICS AND COMMUNICATION ENGINEERING,78480,120827,118273,147008,204632,151233,,0,0,0,0,0,0,0
3841,"CARE College of Engineering (Autonomous), No.27, Thayanoor village, Kuttapatti, Tiruchirappalli-620009.",TIRUCHIRAPALLI,SELF FINANCING COLLEGES TIER 3,ME,MECHANICAL ENGINEERING,148920,180888,172852,216125,228894,,,0,0,0,0,1,0,0
3843,"MRK Institute of Technology, Nattarmangalam Post, Kattumannarkoil, Cuddalore-608301.",CUDDALORE,SELF FINANCING COLLEGES TIER 3,AD,Artificial Intelligence and Data Science,109627,214906,154117,147011,165520,,188779,0,0,0,0,0,0,0
3843,"MRK Institute of Technology, Nattarmangalam Post, Kattumannarkoil, Cuddalore-608301.",CUDDALORE,SELF FINANCING COLLEGES TIER 3,AM,COMPUTER SCIENCE AND ENGINEERING (AI AND MACHINE LEARNING),115375,188195,93067,164519,227600,,,0,1,0,0,0,0,0
3843,"MRK Institute of Technology, Nattarmangalam Post, Kattumannarkoil, Cuddalore-608301.",CUDDALORE,SELF FINANCING COLLEGES TIER 3,BM,BIO MEDICAL ENGINEERING,149446,196086,194461,210438,179656,,,0,1,0,0,0,0,0
3843,"MRK Institute of Technology, Nattarmangalam Post, Kattumannarkoil, Cuddalore-608301.",CUDDALORE,SELF FINANCING COLLEGES TIER 3,CE,CIVIL  ENGINEERING,184610,237240,,200612,227800,,,0,1,0,0,0,0,0
3843,"MRK Institute of Technology, Nattarmangalam Post, Kattumannarkoil, Cuddalore-608301.",CUDDALORE,SELF FINANCING COLLEGES TIER 3,CS,COMPUTER SCIENCE AND ENGINEERING,133415,239272,133523,170202,215212,,,0,1,0,0,0,0,0
3843,"MRK Institute of Technology, Nattarmangalam Post, Kattumannarkoil, Cuddalore-608301.",CUDDALORE,SELF FINANCING COLLEGES TIER 3,EC,ELECTRONICS AND COMMUNICATION ENGINEERING,144460,235258,194417,186052,239249,,,0,1,0,0,0,0,0
3843,"MRK Institute of Technology, Nattarmangalam Post, Kattumannarkoil, Cuddalore-608301.",CUDDALORE,SELF FINANCING COLLEGES TIER 3,EE,ELECTRICAL AND ELECTRONICS ENGINEERING,134130,237337,,196552,205150,,,0,1,0,0,0,0,0
3843,"MRK Institute of Technology, Nattarmangalam Post, Kattumannarkoil, Cuddalore-608301.",CUDDALORE,SELF FINANCING COLLEGES TIER 3,IT,INFORMATION TECHNOLOGY,133499,198695,172557,168158,222488,,190743,0,1,0,0,1,0,0
3843,"MRK Institute of Technology, Nattarmangalam Post, Kattumannarkoil, Cuddalore-608301.",CUDDALORE,SELF FINANCING COLLEGES TIER 3,ME,MECHANICAL ENGINEERING,168197,237266,,201421,236092,,,0,1,0,0,1,0,0
3844,"Shivani Engineering College, Poolangulathupatti (Post), Srirangam (Taluk), Tiruchirappalli-620009.",TIRUCHIRAPALLI,SELF FINANCING COLLEGES TIER 3,AD,Artificial Intelligence and Data Science,192816,220941,,201150,198614,,,0,1,0,1,1,0,0
3844,"Shivani Engineering College, Poolangulathupatti (Post), Srirangam (Taluk), Tiruchirappalli-620009.",TIRUCHIRAPALLI,SELF FINANCING COLLEGES TIER 3,BM,BIO MEDICAL ENGINEERING,239115,,,,,,,1,0,0,0,0,0,0
3844,"Shivani Engineering College, Poolangulathupatti (Post), Srirangam (Taluk), Tiruchirappalli-620009.",TIRUCHIRAPALLI,SELF FINANCING COLLEGES TIER 3,CS,COMPUTER SCIENCE AND ENGINEERING,170685,231825,218984,236255,223021,,,0,1,1,1,1,0,0
3844,"Shivani Engineering College, Poolangulathupatti (Post), Srirangam (Taluk), Tiruchirappalli-620009.",TIRUCHIRAPALLI,SELF FINANCING COLLEGES TIER 3,EC,ELECTRONICS AND COMMUNICATION ENGINEERING,178678,223134,,233002,228265,,,0,1,0,0,1,0,0
3844,"Shivani Engineering College, Poolangulathupatti (Post), Srirangam (Taluk), Tiruchirappalli-620009.",TIRUCHIRAPALLI,SELF FINANCING COLLEGES TIER 3,EE,ELECTRICAL AND ELECTRONICS ENGINEERING,230559,,,,,,,0,0,0,0,0,0,0
3844,"Shivani Engineering College, Poolangulathupatti (Post), Srirangam (Taluk), Tiruchirappalli-620009.",TIRUCHIRAPALLI,SELF FINANCING COLLEGES TIER 3,IT,INFORMATION TECHNOLOGY,218582,237472,234406,237664,238768,228912,,0,1,0,1,1,0,0
3844,"Shivani Engineering College, Poolangulathupatti (Post), Srirangam (Taluk), Tiruchirappalli-620009.",TIRUCHIRAPALLI,SELF FINANCING COLLEGES TIER 3,ME,MECHANICAL ENGINEERING,237803,,,,,,,1,0,0,0,0,0,0
3844,"Shivani Engineering College, Poolangulathupatti (Post), Srirangam (Taluk), Tiruchirappalli-620009.",TIRUCHIRAPALLI,SELF FINANCING COLLEGES TIER 3,SC,Computer Science and Engineering (Cyber Security),197397,206200,,207572,,,,0,1,0,0,0,0,0
3845,"Imayam College of Engineering, Kannanur Post, Thuraiyur Taluk, Tiruchirappalli-621206.",TIRUCHIRAPALLI,SELF FINANCING COLLEGES TIER 3,AD,Artificial Intelligence and Data Science,174778,225290,,219048,220151,207631,,0,1,0,1,0,0,0
3845,"Imayam College of Engineering, Kannanur Post, Thuraiyur Taluk, Tiruchirappalli-621206.",TIRUCHIRAPALLI,SELF FINANCING COLLEGES TIER 3,AM,COMPUTER SCIENCE AND ENGINEERING (AI AND MACHINE LEARNING),219189,232877,,222518,228350,238284,,0,1,0,1,0,0,0
3845,"Imayam College of Engineering, Kannanur Post, Thuraiyur Taluk, Tiruchirappalli-621206.",TIRUCHIRAPALLI,SELF FINANCING COLLEGES TIER 3,BM,BIO MEDICAL ENGINEERING,152661,184508,,225286,165169,,,0,0,0,0,0,0,0
3845,"Imayam College of Engineering, Kannanur Post, Thuraiyur Taluk, Tiruchirappalli-621206.",TIRUCHIRAPALLI,SELF FINANCING COLLEGES TIER 3,CS,COMPUTER SCIENCE AND ENGINEERING,130676,204251,,176978,219196,227969,,0,1,0,1,0,0,0
3845,"Imayam College of Engineering, Kannanur Post, Thuraiyur Taluk, Tiruchirappalli-621206.",TIRUCHIRAPALLI,SELF FINANCING COLLEGES TIER 3,EC,ELECTRONICS AND COMMUNICATION ENGINEERING,213655,234581,230106,231897,226522,,,0,1,1,1,0,0,0
3845,"Imayam College of Engineering, Kannanur Post, Thuraiyur Taluk, Tiruchirappalli-621206.",TIRUCHIRAPALLI,SELF FINANCING COLLEGES TIER 3,EE,ELECTRICAL AND ELECTRONICS ENGINEERING,185729,210371,228951,238416,231294,,,0,1,0,1,0,0,0
3845,"Imayam College of Engineering, Kannanur Post, Thuraiyur Taluk, Tiruchirappalli-621206.",TIRUCHIRAPALLI,SELF FINANCING COLLEGES TIER 3,IT,INFORMATION TECHNOLOGY,183632,235597,,212806,221817,186636,,0,1,0,1,0,0,0
3845,"Imayam College of Engineering, Kannanur Post, Thuraiyur Taluk, Tiruchirappalli-621206.",TIRUCHIRAPALLI,SELF FINANCING COLLEGES TIER 3,ME,MECHANICAL ENGINEERING,232695,,,,238657,,,0,0,0,0,1,0,0
3845,"Imayam College of Engineering, Kannanur Post, Thuraiyur Taluk, Tiruchirappalli-621206.",TIRUCHIRAPALLI,SELF FINANCING COLLEGES TIER 3,SC,Computer Science and Engineering (Cyber Security),193039,213402,225578,193722,224195,,,0,1,0,1,0,0,0
3846,"Mother Terasa College of Engineering and Technology, Mettusalai, Illuppur (Post & Taluk), Pudukkottai District-622102.",PUDUKKOTTAI,SELF FINANCING COLLEGES TIER 3,AD,Artificial Intelligence and Data Science,175247,236539,,237848,211723,194302,,0,1,0,1,1,0,0
3846,"Mother Terasa College of Engineering and Technology, Mettusalai, Illuppur (Post & Taluk), Pudukkottai District-622102.",PUDUKKOTTAI,SELF FINANCING COLLEGES TIER 3,CB,COMPUTER SCIENCE AND BUSSINESS SYSTEM,222079,230635,,,,,,0,1,0,0,0,0,0
3846,"Mother Terasa College of Engineering and Technology, Mettusalai, Illuppur (Post & Taluk), Pudukkottai District-622102.",PUDUKKOTTAI,SELF FINANCING COLLEGES TIER 3,CE,CIVIL  ENGINEERING,235861,,,,,,,1,0,0,0,0,0,0
3846,"Mother Terasa College of Engineering and Technology, Mettusalai, Illuppur (Post & Taluk), Pudukkottai District-622102.",PUDUKKOTTAI,SELF FINANCING COLLEGES TIER 3,CS,COMPUTER SCIENCE AND ENGINEERING,160960,223078,206170,235146,224803,,,0,1,0,1,1,0,0
3846,"Mother Terasa College of Engineering and Technology, Mettusalai, Illuppur (Post & Taluk), Pudukkottai District-622102.",PUDUKKOTTAI,SELF FINANCING COLLEGES TIER 3,EC,ELECTRONICS AND COMMUNICATION ENGINEERING,190230,226615,236808,235267,238243,,,0,1,0,1,1,0,0
3846,"Mother Terasa College of Engineering and Technology, Mettusalai, Illuppur (Post & Taluk), Pudukkottai District-622102.",PUDUKKOTTAI,SELF FINANCING COLLEGES TIER 3,EE,ELECTRICAL AND ELECTRONICS ENGINEERING,237828,,,,,,,1,0,0,0,0,0,0
3846,"Mother Terasa College of Engineering and Technology, Mettusalai, Illuppur (Post & Taluk), Pudukkottai District-622102.",PUDUKKOTTAI,SELF FINANCING COLLEGES TIER 3,ME,MECHANICAL ENGINEERING,237006,,,,,,,1,0,0,0,0,0,0
3846,"Mother Terasa College of Engineering and Technology, Mettusalai, Illuppur (Post & Taluk), Pudukkottai District-622102.",PUDUKKOTTAI,SELF FINANCING COLLEGES TIER 3,RM,ROBOTICS AND AUTOMATION,229747,,,,,,,1,0,0,0,0,0,0
3848,"Vandayar Engineering College, Pulavarnatham (Post), Mariammankovil (via), Nagai Main Road, Thanjavur-613501.",THANJAVUR,SELF FINANCING COLLEGES TIER 3,AD,Artificial Intelligence and Data Science,225032,,,,,,,1,0,0,0,0,0,0
3848,"Vandayar Engineering College, Pulavarnatham (Post), Mariammankovil (via), Nagai Main Road, Thanjavur-613501.",THANJAVUR,SELF FINANCING COLLEGES TIER 3,CE,CIVIL  ENGINEERING,,,,,,,,0,0,0,0,0,0,0
3848,"Vandayar Engineering College, Pulavarnatham (Post), Mariammankovil (via), Nagai Main Road, Thanjavur-613501.",THANJAVUR,SELF FINANCING COLLEGES TIER 3,CS,COMPUTER SCIENCE AND ENGINEERING,189385,,,224023,210441,,,0,0,0,1,1,0,0
3848,"Vandayar Engineering College, Pulavarnatham (Post), Mariammankovil (via), Nagai Main Road, Thanjavur-613501.",THANJAVUR,SELF FINANCING COLLEGES TIER 3,EC,ELECTRONICS AND COMMUNICATION ENGINEERING,230318,,,,,,,1,0,0,0,0,0,0
3848,"Vandayar Engineering College, Pulavarnatham (Post), Mariammankovil (via), Nagai Main Road, Thanjavur-613501.",THANJAVUR,SELF FINANCING COLLEGES TIER 3,EE,ELECTRICAL AND ELECTRONICS ENGINEERING,,,,,,,,0,0,0,0,0,0,0
3848,"Vandayar Engineering College, Pulavarnatham (Post), Mariammankovil (via), Nagai Main Road, Thanjavur-613501.",THANJAVUR,SELF FINANCING COLLEGES TIER 3,IT,INFORMATION TECHNOLOGY,238329,,,,,,,1,0,0,0,0,0,0
3848,"Vandayar Engineering College, Pulavarnatham (Post), Mariammankovil (via), Nagai Main Road, Thanjavur-613501.",THANJAVUR,SELF FINANCING COLLEGES TIER 3,ME,MECHANICAL ENGINEERING,238289,,,,,,,1,0,0,0,0,0,0
3849,"Annai College of Engineering and Technology, Anakudi Road, Kovilacheri, Kumbakonam, Thanjavur District-612503.",THANJAVUR,SELF FINANCING COLLEGES TIER 3,AD,Artificial Intelligence and Data Science,222082,,,227389,233807,,,0,0,0,1,1,0,0
3849,"Annai College of Engineering and Technology, Anakudi Road, Kovilacheri, Kumbakonam, Thanjavur District-612503.",THANJAVUR,SELF FINANCING COLLEGES TIER 3,CE,CIVIL  ENGINEERING,224169,,,,,,,1,0,0,0,0,0,0
3849,"Annai College of Engineering and Technology, Anakudi Road, Kovilacheri, Kumbakonam, Thanjavur District-612503.",THANJAVUR,SELF FINANCING COLLEGES TIER 3,CS,COMPUTER SCIENCE AND ENGINEERING,231266,231669,231882,,,,,0,1,1,0,0,0,0
3849,"Annai College of Engineering and Technology, Anakudi Road, Kovilacheri, Kumbakonam, Thanjavur District-612503.",THANJAVUR,SELF FINANCING COLLEGES TIER 3,EC,ELECTRONICS AND COMMUNICATION ENGINEERING,219281,231781,225956,229572,234568,,,0,1,0,1,1,0,0
3849,"Annai College of Engineering and Technology, Anakudi Road, Kovilacheri, Kumbakonam, Thanjavur District-612503.",THANJAVUR,SELF FINANCING COLLEGES TIER 3,EE,ELECTRICAL AND ELECTRONICS ENGINEERING,237665,,,,,,,1,0,0,0,0,0,0
3849,"Annai College of Engineering and Technology, Anakudi Road, Kovilacheri, Kumbakonam, Thanjavur District-612503.",THANJAVUR,SELF FINANCING COLLEGES TIER 3,IT,INFORMATION TECHNOLOGY,234444,,,,,,,1,0,0,0,0,0,0
3849,"Annai College of Engineering and Technology, Anakudi Road, Kovilacheri, Kumbakonam, Thanjavur District-612503.",THANJAVUR,SELF FINANCING COLLEGES TIER 3,ME,MECHANICAL ENGINEERING,198082,,,,,,,1,0,0,0,0,0,0
3849,"Annai College of Engineering and Technology, Anakudi Road, Kovilacheri, Kumbakonam, Thanjavur District-612503.",THANJAVUR,SELF FINANCING COLLEGES TIER 3,SC,Computer Science and Engineering (Cyber Security),238446,,,,,,,1,0,0,0,0,0,0
3852,"Sri Bharathi Engineering College for Women, Aranthangi Road, Kaikurichi, Alangudi Taluk, Pudukkottai-622303.",PUDUKKOTTAI,SELF FINANCING COLLEGES TIER 3,AD,Artificial Intelligence and Data Science,183779,229466,229384,225114,,,,0,1,0,1,0,0,0
3852,"Sri Bharathi Engineering College for Women, Aranthangi Road, Kaikurichi, Alangudi Taluk, Pudukkottai-622303.",PUDUKKOTTAI,SELF FINANCING COLLEGES TIER 3,CE,CIVIL  ENGINEERING,176434,,,,,,,1,0,0,0,0,0,0
3852,"Sri Bharathi Engineering College for Women, Aranthangi Road, Kaikurichi, Alangudi Taluk, Pudukkottai-622303.",PUDUKKOTTAI,SELF FINANCING COLLEGES TIER 3,CS,COMPUTER SCIENCE AND ENGINEERING,125321,237224,206649,219270,235566,,,0,1,0,1,1,0,0
3852,"Sri Bharathi Engineering College for Women, Aranthangi Road, Kaikurichi, Alangudi Taluk, Pudukkottai-622303.",PUDUKKOTTAI,SELF FINANCING COLLEGES TIER 3,EC,ELECTRONICS AND COMMUNICATION ENGINEERING,214758,,,,,,,1,0,0,0,0,0,0
3852,"Sri Bharathi Engineering College for Women, Aranthangi Road, Kaikurichi, Alangudi Taluk, Pudukkottai-622303.",PUDUKKOTTAI,SELF FINANCING COLLEGES TIER 3,EE,ELECTRICAL AND ELECTRONICS ENGINEERING,150167,,,,,,,1,0,0,0,0,0,0
3852,"Sri Bharathi Engineering College for Women, Aranthangi Road, Kaikurichi, Alangudi Taluk, Pudukkottai-622303.",PUDUKKOTTAI,SELF FINANCING COLLEGES TIER 3,IT,INFORMATION TECHNOLOGY,181611,229267,233087,237757,231239,,,0,1,0,1,1,0,0
3854,"Mahath Amma Institute of Engineering and Technology, Ariyur, Mathiyanaloor-Post, Annavasal Road, Illupur Taluk, Pudukkottai-622101.",PUDUKKOTTAI,SELF FINANCING COLLEGES TIER 3,AD,Artificial Intelligence and Data Science,237604,,,,237921,,,0,0,0,0,1,0,0
3854,"Mahath Amma Institute of Engineering and Technology, Ariyur, Mathiyanaloor-Post, Annavasal Road, Illupur Taluk, Pudukkottai-622101.",PUDUKKOTTAI,SELF FINANCING COLLEGES TIER 3,AG,AGRICULTURAL ENGINEERING,,,,,,,,0,0,0,0,0,0,0
3854,"Mahath Amma Institute of Engineering and Technology, Ariyur, Mathiyanaloor-Post, Annavasal Road, Illupur Taluk, Pudukkottai-622101.",PUDUKKOTTAI,SELF FINANCING COLLEGES TIER 3,CE,CIVIL  ENGINEERING,,,,,,,,0,0,0,0,0,0,0
3854,"Mahath Amma Institute of Engineering and Technology, Ariyur, Mathiyanaloor-Post, Annavasal Road, Illupur Taluk, Pudukkottai-622101.",PUDUKKOTTAI,SELF FINANCING COLLEGES TIER 3,CS,COMPUTER SCIENCE AND ENGINEERING,,,,,,,,0,0,0,0,0,0,0
3854,"Mahath Amma Institute of Engineering and Technology, Ariyur, Mathiyanaloor-Post, Annavasal Road, Illupur Taluk, Pudukkottai-622101.",PUDUKKOTTAI,SELF FINANCING COLLEGES TIER 3,EE,ELECTRICAL AND ELECTRONICS ENGINEERING,,,,,,,,0,0,0,0,0,0,0
3854,"Mahath Amma Institute of Engineering and Technology, Ariyur, Mathiyanaloor-Post, Annavasal Road, Illupur Taluk, Pudukkottai-622101.",PUDUKKOTTAI,SELF FINANCING COLLEGES TIER 3,IT,INFORMATION TECHNOLOGY,229908,,,,,,,1,0,0,0,0,0,0
3854,"Mahath Amma Institute of Engineering and Technology, Ariyur, Mathiyanaloor-Post, Annavasal Road, Illupur Taluk, Pudukkottai-622101.",PUDUKKOTTAI,SELF FINANCING COLLEGES TIER 3,ME,MECHANICAL ENGINEERING,239192,,,,,,,1,0,0,0,0,0,0
3854,"Mahath Amma Institute of Engineering and Technology, Ariyur, Mathiyanaloor-Post, Annavasal Road, Illupur Taluk, Pudukkottai-622101.",PUDUKKOTTAI,SELF FINANCING COLLEGES TIER 3,SC,Computer Science and Engineering (Cyber Security),237272,,,,,,,1,0,0,0,0,0,0
3855,"As-Salam College of Engineering and Technology, Thirumangalakudi-Aduthurai, Thiruvidaimaruthur, Thanjavur-612102.",THANJAVUR,SELF FINANCING COLLEGES TIER 3,AD,Artificial Intelligence and Data Science,208510,,,,,,,1,0,0,0,0,0,0
3855,"As-Salam College of Engineering and Technology, Thirumangalakudi-Aduthurai, Thiruvidaimaruthur, Thanjavur-612102.",THANJAVUR,SELF FINANCING COLLEGES TIER 3,CE,CIVIL  ENGINEERING,,,,,,,,0,0,0,0,0,0,0
3855,"As-Salam College of Engineering and Technology, Thirumangalakudi-Aduthurai, Thiruvidaimaruthur, Thanjavur-612102.",THANJAVUR,SELF FINANCING COLLEGES TIER 3,CS,COMPUTER SCIENCE AND ENGINEERING,233565,,,,,,,1,0,0,0,0,0,0
3855,"As-Salam College of Engineering and Technology, Thirumangalakudi-Aduthurai, Thiruvidaimaruthur, Thanjavur-612102.",THANJAVUR,SELF FINANCING COLLEGES TIER 3,EC,ELECTRONICS AND COMMUNICATION ENGINEERING,236655,,,,,,,1,0,0,0,0,0,0
3855,"As-Salam College of Engineering and Technology, Thirumangalakudi-Aduthurai, Thiruvidaimaruthur, Thanjavur-612102.",THANJAVUR,SELF FINANCING COLLEGES TIER 3,EE,ELECTRICAL AND ELECTRONICS ENGINEERING,,,,,,,,0,0,0,0,0,0,0
3855,"As-Salam College of Engineering and Technology, Thirumangalakudi-Aduthurai, Thiruvidaimaruthur, Thanjavur-612102.",THANJAVUR,SELF FINANCING COLLEGES TIER 3,IT,INFORMATION TECHNOLOGY,154564,,,,,,,1,0,0,0,0,0,0
3855,"As-Salam College of Engineering and Technology, Thirumangalakudi-Aduthurai, Thiruvidaimaruthur, Thanjavur-612102.",THANJAVUR,SELF FINANCING COLLEGES TIER 3,ME,MECHANICAL ENGINEERING,,,,,,,,0,0,0,0,0,0,0
3855,"As-Salam College of Engineering and Technology, Thirumangalakudi-Aduthurai, Thiruvidaimaruthur, Thanjavur-612102.",THANJAVUR,SELF FINANCING COLLEGES TIER 3,SC,Computer Science and Engineering (Cyber Security),,,,,,,,0,0,0,0,0,0,0
3857,"Meenakshi Ramaswamy Engineering College, M.R.Kalvi Nagar, Thathanur Post, Udayarpalayam Taluk, Ariyalur District-621804.",ARIYALUR,SELF FINANCING COLLEGES TIER 3,AG,AGRICULTURAL ENGINEERING,134762,,,,,,,1,0,0,0,0,0,0
3857,"Meenakshi Ramaswamy Engineering College, M.R.Kalvi Nagar, Thathanur Post, Udayarpalayam Taluk, Ariyalur District-621804.",ARIYALUR,SELF FINANCING COLLEGES TIER 3,AM,COMPUTER SCIENCE AND ENGINEERING (AI AND MACHINE LEARNING),237094,,,,,,,1,0,0,0,0,0,0
3857,"Meenakshi Ramaswamy Engineering College, M.R.Kalvi Nagar, Thathanur Post, Udayarpalayam Taluk, Ariyalur District-621804.",ARIYALUR,SELF FINANCING COLLEGES TIER 3,BM,BIO MEDICAL ENGINEERING,225716,,,,,,,1,0,0,0,0,0,0
3857,"Meenakshi Ramaswamy Engineering College, M.R.Kalvi Nagar, Thathanur Post, Udayarpalayam Taluk, Ariyalur District-621804.",ARIYALUR,SELF FINANCING COLLEGES TIER 3,CE,CIVIL  ENGINEERING,197716,,,,,,,1,0,0,0,0,0,0
3857,"Meenakshi Ramaswamy Engineering College, M.R.Kalvi Nagar, Thathanur Post, Udayarpalayam Taluk, Ariyalur District-621804.",ARIYALUR,SELF FINANCING COLLEGES TIER 3,CS,COMPUTER SCIENCE AND ENGINEERING,207050,236175,,230894,233629,208449,,0,1,0,1,1,1,0
3857,"Meenakshi Ramaswamy Engineering College, M.R.Kalvi Nagar, Thathanur Post, Udayarpalayam Taluk, Ariyalur District-621804.",ARIYALUR,SELF FINANCING COLLEGES TIER 3,EC,ELECTRONICS AND COMMUNICATION ENGINEERING,227163,,,,,,,1,0,0,0,0,0,0
3857,"Meenakshi Ramaswamy Engineering College, M.R.Kalvi Nagar, Thathanur Post, Udayarpalayam Taluk, Ariyalur District-621804.",ARIYALUR,SELF FINANCING COLLEGES TIER 3,EE,ELECTRICAL AND ELECTRONICS ENGINEERING,235496,,,,,,,1,0,0,0,0,0,0
3857,"Meenakshi Ramaswamy Engineering College, M.R.Kalvi Nagar, Thathanur Post, Udayarpalayam Taluk, Ariyalur District-621804.",ARIYALUR,SELF FINANCING COLLEGES TIER 3,ME,MECHANICAL ENGINEERING,233040,,,,,,,1,0,0,0,0,0,0
3860,"St.Anne's College of Engineering and Technology, Anguchettypalayam, Siruvathur Post, Panruti Taluk, Cuddalore District-607110.",CUDDALORE,SELF FINANCING COLLEGES TIER 3,AM,COMPUTER SCIENCE AND ENGINEERING (AI AND MACHINE LEARNING),178986,224542,225305,220101,225690,,205669,0,1,1,1,1,0,0
3860,"St.Anne's College of Engineering and Technology, Anguchettypalayam, Siruvathur Post, Panruti Taluk, Cuddalore District-607110.",CUDDALORE,SELF FINANCING COLLEGES TIER 3,CS,COMPUTER SCIENCE AND ENGINEERING,182625,,,225744,223510,,,0,0,0,1,1,0,0
3860,"St.Anne's College of Engineering and Technology, Anguchettypalayam, Siruvathur Post, Panruti Taluk, Cuddalore District-607110.",CUDDALORE,SELF FINANCING COLLEGES TIER 3,EC,ELECTRONICS AND COMMUNICATION ENGINEERING,234244,,,,,,,1,0,0,0,0,0,0
3860,"St.Anne's College of Engineering and Technology, Anguchettypalayam, Siruvathur Post, Panruti Taluk, Cuddalore District-607110.",CUDDALORE,SELF FINANCING COLLEGES TIER 3,EE,ELECTRICAL AND ELECTRONICS ENGINEERING,229678,,,,232388,,,0,0,0,0,1,0,0
3860,"St.Anne's College of Engineering and Technology, Anguchettypalayam, Siruvathur Post, Panruti Taluk, Cuddalore District-607110.",CUDDALORE,SELF FINANCING COLLEGES TIER 3,ME,MECHANICAL ENGINEERING,234153,,,,,,,1,0,0,0,0,0,0
3905,"Kings College of Engineering (Autonomous), Punalkulam Village, Gandarvakkottai Taluk, Pudukkottai District-613303.",PUDUKKOTTAI,SELF FINANCING COLLEGES TIER 3,AD,Artificial Intelligence and Data Science,136813,156819,157723,203683,216088,,,0,0,0,0,1,0,0
3905,"Kings College of Engineering (Autonomous), Punalkulam Village, Gandarvakkottai Taluk, Pudukkottai District-613303.",PUDUKKOTTAI,SELF FINANCING COLLEGES TIER 3,CE,CIVIL  ENGINEERING,185710,237940,,,229298,,,0,1,0,0,1,0,0
3905,"Kings College of Engineering (Autonomous), Punalkulam Village, Gandarvakkottai Taluk, Pudukkottai District-613303.",PUDUKKOTTAI,SELF FINANCING COLLEGES TIER 3,CS,COMPUTER SCIENCE AND ENGINEERING,95869,133807,124758,236036,207366,,,0,0,0,1,0,0,0
3905,"Kings College of Engineering (Autonomous), Punalkulam Village, Gandarvakkottai Taluk, Pudukkottai District-613303.",PUDUKKOTTAI,SELF FINANCING COLLEGES TIER 3,EC,ELECTRONICS AND COMMUNICATION ENGINEERING,160986,215749,,230200,238494,,,0,0,0,1,1,0,0
3905,"Kings College of Engineering (Autonomous), Punalkulam Village, Gandarvakkottai Taluk, Pudukkottai District-613303.",PUDUKKOTTAI,SELF FINANCING COLLEGES TIER 3,EE,ELECTRICAL AND ELECTRONICS ENGINEERING,234544,,,,,,,1,0,0,0,0,0,0
3905,"Kings College of Engineering (Autonomous), Punalkulam Village, Gandarvakkottai Taluk, Pudukkottai District-613303.",PUDUKKOTTAI,SELF FINANCING COLLEGES TIER 3,IT,INFORMATION TECHNOLOGY,126505,162329,136275,200897,209881,,,0,0,0,0,1,0,0
3905,"Kings College of Engineering (Autonomous), Punalkulam Village, Gandarvakkottai Taluk, Pudukkottai District-613303.",PUDUKKOTTAI,SELF FINANCING COLLEGES TIER 3,ME,MECHANICAL ENGINEERING,222417,237196,,233459,236204,,,0,1,0,1,1,0,0
3908,"Mount Zion College of Engineering and Technology, Lena vilakku, Pilivalam Post,  Pudukkottai-622507.",PUDUKKOTTAI,SELF FINANCING COLLEGES TIER 3,AD,Artificial Intelligence and Data Science,94254,154489,93369,184250,226569,203650,,0,0,0,0,0,0,0
3908,"Mount Zion College of Engineering and Technology, Lena vilakku, Pilivalam Post,  Pudukkottai-622507.",PUDUKKOTTAI,SELF FINANCING COLLEGES TIER 3,CE,CIVIL  ENGINEERING,183624,236290,,237317,215930,,,0,1,0,0,1,0,0
3908,"Mount Zion College of Engineering and Technology, Lena vilakku, Pilivalam Post,  Pudukkottai-622507.",PUDUKKOTTAI,SELF FINANCING COLLEGES TIER 3,CS,COMPUTER SCIENCE AND ENGINEERING,90461,121906,115762,132579,230058,,,0,0,0,0,0,0,0
3908,"Mount Zion College of Engineering and Technology, Lena vilakku, Pilivalam Post,  Pudukkottai-622507.",PUDUKKOTTAI,SELF FINANCING COLLEGES TIER 3,EC,ELECTRONICS AND COMMUNICATION ENGINEERING,131714,162271,136427,200752,198920,,,0,0,0,1,1,0,0
3908,"Mount Zion College of Engineering and Technology, Lena vilakku, Pilivalam Post,  Pudukkottai-622507.",PUDUKKOTTAI,SELF FINANCING COLLEGES TIER 3,EE,ELECTRICAL AND ELECTRONICS ENGINEERING,238362,,,,,,,0,0,0,0,0,0,0
3908,"Mount Zion College of Engineering and Technology, Lena vilakku, Pilivalam Post,  Pudukkottai-622507.",PUDUKKOTTAI,SELF FINANCING COLLEGES TIER 3,IT,INFORMATION TECHNOLOGY,109322,129254,126324,203866,201817,,,0,0,0,1,0,0,0
3908,"Mount Zion College of Engineering and Technology, Lena vilakku, Pilivalam Post,  Pudukkottai-622507.",PUDUKKOTTAI,SELF FINANCING COLLEGES TIER 3,ME,MECHANICAL ENGINEERING,199111,217065,203263,235006,221148,,,0,1,0,1,1,0,0
3918,"Shanmuganathan Engineering College, Arasampatti, Pilivalam Post, Thirumayam Taluk, Pudukkottai District-622507.",PUDUKKOTTAI,SELF FINANCING COLLEGES TIER 3,AD,Artificial Intelligence and Data Science,149139,197672,,203682,194760,,,0,1,0,0,0,0,0
3918,"Shanmuganathan Engineering College, Arasampatti, Pilivalam Post, Thirumayam Taluk, Pudukkottai District-622507.",PUDUKKOTTAI,SELF FINANCING COLLEGES TIER 3,AM,COMPUTER SCIENCE AND ENGINEERING (AI AND MACHINE LEARNING),180791,214874,180827,229187,237841,,,0,1,0,1,0,0,0
3918,"Shanmuganathan Engineering College, Arasampatti, Pilivalam Post, Thirumayam Taluk, Pudukkottai District-622507.",PUDUKKOTTAI,SELF FINANCING COLLEGES TIER 3,CE,CIVIL  ENGINEERING,230375,231465,,,,,,0,1,0,0,0,0,0
3918,"Shanmuganathan Engineering College, Arasampatti, Pilivalam Post, Thirumayam Taluk, Pudukkottai District-622507.",PUDUKKOTTAI,SELF FINANCING COLLEGES TIER 3,CS,COMPUTER SCIENCE AND ENGINEERING,129427,229234,168455,194815,208605,,,0,1,0,1,1,0,0
3918,"Shanmuganathan Engineering College, Arasampatti, Pilivalam Post, Thirumayam Taluk, Pudukkottai District-622507.",PUDUKKOTTAI,SELF FINANCING COLLEGES TIER 3,EC,ELECTRONICS AND COMMUNICATION ENGINEERING,168484,216851,188310,220279,225064,189214,,0,1,0,1,1,0,0
3918,"Shanmuganathan Engineering College, Arasampatti, Pilivalam Post, Thirumayam Taluk, Pudukkottai District-622507.",PUDUKKOTTAI,SELF FINANCING COLLEGES TIER 3,EE,ELECTRICAL AND ELECTRONICS ENGINEERING,233771,235736,,,,,,0,1,0,0,0,0,0
3918,"Shanmuganathan Engineering College, Arasampatti, Pilivalam Post, Thirumayam Taluk, Pudukkottai District-622507.",PUDUKKOTTAI,SELF FINANCING COLLEGES TIER 3,IT,INFORMATION TECHNOLOGY,122815,170844,,222204,230449,,,0,1,0,0,0,0,0
3918,"Shanmuganathan Engineering College, Arasampatti, Pilivalam Post, Thirumayam Taluk, Pudukkottai District-622507.",PUDUKKOTTAI,SELF FINANCING COLLEGES TIER 3,ME,MECHANICAL ENGINEERING,234171,235742,,238871,235356,,,0,1,0,1,1,0,0
3918,"Shanmuganathan Engineering College, Arasampatti, Pilivalam Post, Thirumayam Taluk, Pudukkottai District-622507.",PUDUKKOTTAI,SELF FINANCING COLLEGES TIER 3,SC,Computer Science and Engineering (Cyber Security),173547,224460,,208463,238240,,,0,0,0,1,1,0,0
3920,"Sudharsan Engineering College, Sathiyamangalam, Kulathur Taluk, Pudukkottai District-622501.",PUDUKKOTTAI,SELF FINANCING COLLEGES TIER 3,AD,Artificial Intelligence and Data Science,201899,236001,238855,236226,237459,,,0,1,1,1,1,0,0
3920,"Sudharsan Engineering College, Sathiyamangalam, Kulathur Taluk, Pudukkottai District-622501.",PUDUKKOTTAI,SELF FINANCING COLLEGES TIER 3,AM,COMPUTER SCIENCE AND ENGINEERING (AI AND MACHINE LEARNING),218200,,,,,,,1,0,0,0,0,0,0
3920,"Sudharsan Engineering College, Sathiyamangalam, Kulathur Taluk, Pudukkottai District-622501.",PUDUKKOTTAI,SELF FINANCING COLLEGES TIER 3,CE,CIVIL  ENGINEERING,226357,230132,,,230830,,,0,1,0,0,1,0,0
3920,"Sudharsan Engineering College, Sathiyamangalam, Kulathur Taluk, Pudukkottai District-622501.",PUDUKKOTTAI,SELF FINANCING COLLEGES TIER 3,CS,COMPUTER SCIENCE AND ENGINEERING,166608,234891,231677,237121,237366,216075,,0,1,0,1,1,1,0
3920,"Sudharsan Engineering College, Sathiyamangalam, Kulathur Taluk, Pudukkottai District-622501.",PUDUKKOTTAI,SELF FINANCING COLLEGES TIER 3,EC,ELECTRONICS AND COMMUNICATION ENGINEERING,171639,223316,,216862,227861,,,0,1,0,1,1,0,0
3920,"Sudharsan Engineering College, Sathiyamangalam, Kulathur Taluk, Pudukkottai District-622501.",PUDUKKOTTAI,SELF FINANCING COLLEGES TIER 3,EE,ELECTRICAL AND ELECTRONICS ENGINEERING,218185,,,,,,,1,0,0,0,0,0,0
3920,"Sudharsan Engineering College, Sathiyamangalam, Kulathur Taluk, Pudukkottai District-622501.",PUDUKKOTTAI,SELF FINANCING COLLEGES TIER 3,IT,INFORMATION TECHNOLOGY,186425,228351,233701,214724,233375,,,0,1,1,1,1,0,0
3920,"Sudharsan Engineering College, Sathiyamangalam, Kulathur Taluk, Pudukkottai District-622501.",PUDUKKOTTAI,SELF FINANCING COLLEGES TIER 3,ME,MECHANICAL ENGINEERING,235441,,,,,,,1,0,0,0,0,0,0
3920,"Sudharsan Engineering College, Sathiyamangalam, Kulathur Taluk, Pudukkottai District-622501.",PUDUKKOTTAI,SELF FINANCING COLLEGES TIER 3,SC,Computer Science and Engineering (Cyber Security),238101,,,,,,,1,0,0,0,0,0,0
3923,"MNSK College of Engineering, Dhakshinapuram Village, Vallathirakottai (Post), Alangudi Taluk, Pudukkottai-622305.",PUDUKKOTTAI,SELF FINANCING COLLEGES TIER 3,AD,Artificial Intelligence and Data Science,,,,,,,,0,0,0,0,0,0,0
3923,"MNSK College of Engineering, Dhakshinapuram Village, Vallathirakottai (Post), Alangudi Taluk, Pudukkottai-622305.",PUDUKKOTTAI,SELF FINANCING COLLEGES TIER 3,CS,COMPUTER SCIENCE AND ENGINEERING,,,,,,,,0,0,0,0,0,0,0
3923,"MNSK College of Engineering, Dhakshinapuram Village, Vallathirakottai (Post), Alangudi Taluk, Pudukkottai-622305.",PUDUKKOTTAI,SELF FINANCING COLLEGES TIER 3,EC,ELECTRONICS AND COMMUNICATION ENGINEERING,220316,,,,,,,1,0,0,0,0,0,0
3923,"MNSK College of Engineering, Dhakshinapuram Village, Vallathirakottai (Post), Alangudi Taluk, Pudukkottai-622305.",PUDUKKOTTAI,SELF FINANCING COLLEGES TIER 3,ME,MECHANICAL ENGINEERING,,,,,,,,0,0,0,0,0,0,0
3926,"Chendhuran College of Engineering and Technology, Madurai Main Road, Lena Vilakku, Pilivalam Post, Thirumayam Taluk, Pudukkottai District-622507.",PUDUKKOTTAI,SELF FINANCING COLLEGES TIER 3,AD,Artificial Intelligence and Data Science,218033,231115,226962,229650,229794,237766,,0,1,0,1,1,1,0
3926,"Chendhuran College of Engineering and Technology, Madurai Main Road, Lena Vilakku, Pilivalam Post, Thirumayam Taluk, Pudukkottai District-622507.",PUDUKKOTTAI,SELF FINANCING COLLEGES TIER 3,CE,CIVIL  ENGINEERING,203730,231541,236522,220624,239285,,,0,1,0,1,1,0,0
3926,"Chendhuran College of Engineering and Technology, Madurai Main Road, Lena Vilakku, Pilivalam Post, Thirumayam Taluk, Pudukkottai District-622507.",PUDUKKOTTAI,SELF FINANCING COLLEGES TIER 3,CS,COMPUTER SCIENCE AND ENGINEERING,199956,223814,226113,232589,235474,,,0,1,0,1,1,0,0
3926,"Chendhuran College of Engineering and Technology, Madurai Main Road, Lena Vilakku, Pilivalam Post, Thirumayam Taluk, Pudukkottai District-622507.",PUDUKKOTTAI,SELF FINANCING COLLEGES TIER 3,EC,ELECTRONICS AND COMMUNICATION ENGINEERING,239177,239223,,,,,,0,1,0,0,0,0,0
3926,"Chendhuran College of Engineering and Technology, Madurai Main Road, Lena Vilakku, Pilivalam Post, Thirumayam Taluk, Pudukkottai District-622507.",PUDUKKOTTAI,SELF FINANCING COLLEGES TIER 3,EE,ELECTRICAL AND ELECTRONICS ENGINEERING,236966,,,,,,,1,0,0,0,0,0,0
3926,"Chendhuran College of Engineering and Technology, Madurai Main Road, Lena Vilakku, Pilivalam Post, Thirumayam Taluk, Pudukkottai District-622507.",PUDUKKOTTAI,SELF FINANCING COLLEGES TIER 3,IT,INFORMATION TECHNOLOGY,227480,229583,,232723,239036,,,0,1,0,1,1,0,0
3926,"Chendhuran College of Engineering and Technology, Madurai Main Road, Lena Vilakku, Pilivalam Post, Thirumayam Taluk, Pudukkottai District-622507.",PUDUKKOTTAI,SELF FINANCING COLLEGES TIER 3,ME,MECHANICAL ENGINEERING,228856,,234379,238549,236707,,,0,0,1,1,1,0,0
4669,"Thamirabharani Engineering College (Autonomous), Ward - 1, Thatchanallur, Chattiram Puthukullam Village, Vepakullam - Chidhabra Nagar Road, Tirunelveli-627358.",TIRUNELVELI,SELF FINANCING COLLEGES TIER 3,AD,Artificial Intelligence and Data Science,203042,227120,,224088,,,,0,1,0,1,0,0,0
4669,"Thamirabharani Engineering College (Autonomous), Ward - 1, Thatchanallur, Chattiram Puthukullam Village, Vepakullam - Chidhabra Nagar Road, Tirunelveli-627358.",TIRUNELVELI,SELF FINANCING COLLEGES TIER 3,CE,CIVIL  ENGINEERING,233477,,,,,,,1,0,0,0,0,0,0
4669,"Thamirabharani Engineering College (Autonomous), Ward - 1, Thatchanallur, Chattiram Puthukullam Village, Vepakullam - Chidhabra Nagar Road, Tirunelveli-627358.",TIRUNELVELI,SELF FINANCING COLLEGES TIER 3,CS,COMPUTER SCIENCE AND ENGINEERING,176511,216770,238157,223217,205121,,,0,0,1,1,1,0,0
4669,"Thamirabharani Engineering College (Autonomous), Ward - 1, Thatchanallur, Chattiram Puthukullam Village, Vepakullam - Chidhabra Nagar Road, Tirunelveli-627358.",TIRUNELVELI,SELF FINANCING COLLEGES TIER 3,EC,ELECTRONICS AND COMMUNICATION ENGINEERING,196993,234720,,234428,,,,0,1,0,1,0,0,0
4669,"Thamirabharani Engineering College (Autonomous), Ward - 1, Thatchanallur, Chattiram Puthukullam Village, Vepakullam - Chidhabra Nagar Road, Tirunelveli-627358.",TIRUNELVELI,SELF FINANCING COLLEGES TIER 3,EE,ELECTRICAL AND ELECTRONICS ENGINEERING,238533,,,,,,,1,0,0,0,0,0,0
4669,"Thamirabharani Engineering College (Autonomous), Ward - 1, Thatchanallur, Chattiram Puthukullam Village, Vepakullam - Chidhabra Nagar Road, Tirunelveli-627358.",TIRUNELVELI,SELF FINANCING COLLEGES TIER 3,IT,INFORMATION TECHNOLOGY,235504,,,,,,,1,0,0,0,0,0,0
4669,"Thamirabharani Engineering College (Autonomous), Ward - 1, Thatchanallur, Chattiram Puthukullam Village, Vepakullam - Chidhabra Nagar Road, Tirunelveli-627358.",TIRUNELVELI,SELF FINANCING COLLEGES TIER 3,ME,MECHANICAL ENGINEERING,237036,,,,,,,1,0,0,0,0,0,0
4669,"Thamirabharani Engineering College (Autonomous), Ward - 1, Thatchanallur, Chattiram Puthukullam Village, Vepakullam - Chidhabra Nagar Road, Tirunelveli-627358.",TIRUNELVELI,SELF FINANCING COLLEGES TIER 3,SC,Computer Science and Engineering (Cyber Security),227181,233709,,,,,,0,1,0,0,0,0,0
4670,"Rohini College of Engineering and Technology (Autonomous), Palkumlam, Variyoor Post, Kanyakumari-629401.",KANYAKUMARI,SELF FINANCING COLLEGES TIER 3,AD,Artificial Intelligence and Data Science,93124,126218,135155,215893,,,,0,0,0,1,0,0,0
4670,"Rohini College of Engineering and Technology (Autonomous), Palkumlam, Variyoor Post, Kanyakumari-629401.",KANYAKUMARI,SELF FINANCING COLLEGES TIER 3,AG,AGRICULTURAL ENGINEERING,176467,222989,,,,,,0,0,0,0,0,0,0
4670,"Rohini College of Engineering and Technology (Autonomous), Palkumlam, Variyoor Post, Kanyakumari-629401.",KANYAKUMARI,SELF FINANCING COLLEGES TIER 3,AM,COMPUTER SCIENCE AND ENGINEERING (AI AND MACHINE LEARNING),96617,116986,,,,,,0,0,0,0,0,0,0
4670,"Rohini College of Engineering and Technology (Autonomous), Palkumlam, Variyoor Post, Kanyakumari-629401.",KANYAKUMARI,SELF FINANCING COLLEGES TIER 3,BM,BIO MEDICAL ENGINEERING,133770,155417,158703,203383,,,,0,0,0,1,0,0,0
4670,"Rohini College of Engineering and Technology (Autonomous), Palkumlam, Variyoor Post, Kanyakumari-629401.",KANYAKUMARI,SELF FINANCING COLLEGES TIER 3,CE,CIVIL  ENGINEERING,150905,184477,223213,230927,,187678,,0,0,0,1,0,1,0
4670,"Rohini College of Engineering and Technology (Autonomous), Palkumlam, Variyoor Post, Kanyakumari-629401.",KANYAKUMARI,SELF FINANCING COLLEGES TIER 3,CS,COMPUTER SCIENCE AND ENGINEERING,77834,116427,91895,191995,178285,205794,,0,0,0,0,1,1,0
4670,"Rohini College of Engineering and Technology (Autonomous), Palkumlam, Variyoor Post, Kanyakumari-629401.",KANYAKUMARI,SELF FINANCING COLLEGES TIER 3,EC,ELECTRONICS AND COMMUNICATION ENGINEERING,77765,100390,78134,171737,220968,,,0,0,0,1,1,0,0
4670,"Rohini College of Engineering and Technology (Autonomous), Palkumlam, Variyoor Post, Kanyakumari-629401.",KANYAKUMARI,SELF FINANCING COLLEGES TIER 3,EE,ELECTRICAL AND ELECTRONICS ENGINEERING,122775,137030,129874,197003,175919,,,0,0,0,1,1,0,0
4670,"Rohini College of Engineering and Technology (Autonomous), Palkumlam, Variyoor Post, Kanyakumari-629401.",KANYAKUMARI,SELF FINANCING COLLEGES TIER 3,ME,MECHANICAL ENGINEERING,142686,169366,184540,231449,,,,0,0,0,1,0,0,0
4672,"Stella Mary's College of Engineering (Autonomous), Arunthenkanvilai, Azhikal, Kanyakumari-629202.",KANYAKUMARI,SELF FINANCING COLLEGES TIER 3,AD,Artificial Intelligence and Data Science,156695,183385,235767,238281,225522,,,0,0,1,1,1,0,0
4672,"Stella Mary's College of Engineering (Autonomous), Arunthenkanvilai, Azhikal, Kanyakumari-629202.",KANYAKUMARI,SELF FINANCING COLLEGES TIER 3,CE,CIVIL  ENGINEERING,220281,238824,,236254,,,,0,1,0,1,0,0,0
4672,"Stella Mary's College of Engineering (Autonomous), Arunthenkanvilai, Azhikal, Kanyakumari-629202.",KANYAKUMARI,SELF FINANCING COLLEGES TIER 3,CS,COMPUTER SCIENCE AND ENGINEERING,128849,175427,215764,236038,231173,140135,,0,0,0,1,1,1,0
4672,"Stella Mary's College of Engineering (Autonomous), Arunthenkanvilai, Azhikal, Kanyakumari-629202.",KANYAKUMARI,SELF FINANCING COLLEGES TIER 3,EC,ELECTRONICS AND COMMUNICATION ENGINEERING,143533,185221,,230839,156345,,,0,0,0,0,1,0,0
4672,"Stella Mary's College of Engineering (Autonomous), Arunthenkanvilai, Azhikal, Kanyakumari-629202.",KANYAKUMARI,SELF FINANCING COLLEGES TIER 3,EE,ELECTRICAL AND ELECTRONICS ENGINEERING,190288,229123,234193,230975,233572,,,0,0,0,1,1,0,0
4672,"Stella Mary's College of Engineering (Autonomous), Arunthenkanvilai, Azhikal, Kanyakumari-629202.",KANYAKUMARI,SELF FINANCING COLLEGES TIER 3,ME,MECHANICAL ENGINEERING,180045,221514,214507,231094,224857,,,0,0,0,1,1,0,0
4675,"Universal College of Engineering and Technology, Anbagam Campus, Kadambankulam, Villakku, Radhapuram Road, Vallioor, Tirunelveli-627117.",TIRUNELVELI,SELF FINANCING COLLEGES TIER 3,AD,Artificial Intelligence and Data Science,155923,228604,170688,218373,,,,0,1,0,1,0,0,0
4675,"Universal College of Engineering and Technology, Anbagam Campus, Kadambankulam, Villakku, Radhapuram Road, Vallioor, Tirunelveli-627117.",TIRUNELVELI,SELF FINANCING COLLEGES TIER 3,CB,COMPUTER SCIENCE AND BUSSINESS SYSTEM,186214,,,,,,,1,0,0,0,0,0,0
4675,"Universal College of Engineering and Technology, Anbagam Campus, Kadambankulam, Villakku, Radhapuram Road, Vallioor, Tirunelveli-627117.",TIRUNELVELI,SELF FINANCING COLLEGES TIER 3,CE,CIVIL  ENGINEERING,,,,,,,,0,0,0,0,0,0,0
4675,"Universal College of Engineering and Technology, Anbagam Campus, Kadambankulam, Villakku, Radhapuram Road, Vallioor, Tirunelveli-627117.",TIRUNELVELI,SELF FINANCING COLLEGES TIER 3,CS,COMPUTER SCIENCE AND ENGINEERING,189443,232730,,237599,,,,0,1,0,1,0,0,0
4675,"Universal College of Engineering and Technology, Anbagam Campus, Kadambankulam, Villakku, Radhapuram Road, Vallioor, Tirunelveli-627117.",TIRUNELVELI,SELF FINANCING COLLEGES TIER 3,EC,ELECTRONICS AND COMMUNICATION ENGINEERING,236642,,,,,,,1,0,0,0,0,0,0
4675,"Universal College of Engineering and Technology, Anbagam Campus, Kadambankulam, Villakku, Radhapuram Road, Vallioor, Tirunelveli-627117.",TIRUNELVELI,SELF FINANCING COLLEGES TIER 3,EE,ELECTRICAL AND ELECTRONICS ENGINEERING,232527,,,,,,,1,0,0,0,0,0,0
4675,"Universal College of Engineering and Technology, Anbagam Campus, Kadambankulam, Villakku, Radhapuram Road, Vallioor, Tirunelveli-627117.",TIRUNELVELI,SELF FINANCING COLLEGES TIER 3,ME,MECHANICAL ENGINEERING,237276,,,,,,,1,0,0,0,0,0,0
4676,"Renganayagi Varatharaj College of Engineering, Salvarpatti Village & Post, Thayilpatti Via, Sivakasi Taluk, Virudhunagar-626128.",VIRUDHUNAGAR,SELF FINANCING COLLEGES TIER 3,AD,Artificial Intelligence and Data Science,109406,168856,129250,228378,207557,,,0,1,0,0,0,0,0
4676,"Renganayagi Varatharaj College of Engineering, Salvarpatti Village & Post, Thayilpatti Via, Sivakasi Taluk, Virudhunagar-626128.",VIRUDHUNAGAR,SELF FINANCING COLLEGES TIER 3,CS,COMPUTER SCIENCE AND ENGINEERING,130988,230439,,234724,230189,203199,,0,1,0,0,1,0,0
4676,"Renganayagi Varatharaj College of Engineering, Salvarpatti Village & Post, Thayilpatti Via, Sivakasi Taluk, Virudhunagar-626128.",VIRUDHUNAGAR,SELF FINANCING COLLEGES TIER 3,EC,ELECTRONICS AND COMMUNICATION ENGINEERING,135393,223847,,232979,181973,,,0,1,0,1,1,0,0
4676,"Renganayagi Varatharaj College of Engineering, Salvarpatti Village & Post, Thayilpatti Via, Sivakasi Taluk, Virudhunagar-626128.",VIRUDHUNAGAR,SELF FINANCING COLLEGES TIER 3,EE,ELECTRICAL AND ELECTRONICS ENGINEERING,193262,199113,,230535,208436,,,0,1,0,1,1,0,0
4676,"Renganayagi Varatharaj College of Engineering, Salvarpatti Village & Post, Thayilpatti Via, Sivakasi Taluk, Virudhunagar-626128.",VIRUDHUNAGAR,SELF FINANCING COLLEGES TIER 3,ME,MECHANICAL ENGINEERING,187158,209856,234465,229474,,,,0,1,0,1,0,0,0
4677,"Arunachala Hitech Engineering College (formerly Lourdes Mount College of Engineering and Technology), Marthandam-Karungal Road, Chundavilai Mullanganavilai, Nattalam Post, Nattalam, Kanyakumari -629195.",KANYAKUMARI,SELF FINANCING COLLEGES TIER 3,AD,Artificial Intelligence and Data Science,206315,238039,,222321,234643,,,0,1,0,1,1,0,0
4677,"Arunachala Hitech Engineering College (formerly Lourdes Mount College of Engineering and Technology), Marthandam-Karungal Road, Chundavilai Mullanganavilai, Nattalam Post, Nattalam, Kanyakumari -629195.",KANYAKUMARI,SELF FINANCING COLLEGES TIER 3,CS,COMPUTER SCIENCE AND ENGINEERING,147887,198591,174967,186403,224094,,,0,0,1,1,1,0,0
4677,"Arunachala Hitech Engineering College (formerly Lourdes Mount College of Engineering and Technology), Marthandam-Karungal Road, Chundavilai Mullanganavilai, Nattalam Post, Nattalam, Kanyakumari -629195.",KANYAKUMARI,SELF FINANCING COLLEGES TIER 3,EC,ELECTRONICS AND COMMUNICATION ENGINEERING,154528,202773,175184,,,,,0,0,1,0,0,0,0
4677,"Arunachala Hitech Engineering College (formerly Lourdes Mount College of Engineering and Technology), Marthandam-Karungal Road, Chundavilai Mullanganavilai, Nattalam Post, Nattalam, Kanyakumari -629195.",KANYAKUMARI,SELF FINANCING COLLEGES TIER 3,EE,ELECTRICAL AND ELECTRONICS ENGINEERING,218646,238402,,,,,,0,1,0,0,0,0,0
4677,"Arunachala Hitech Engineering College (formerly Lourdes Mount College of Engineering and Technology), Marthandam-Karungal Road, Chundavilai Mullanganavilai, Nattalam Post, Nattalam, Kanyakumari -629195.",KANYAKUMARI,SELF FINANCING COLLEGES TIER 3,IT,INFORMATION TECHNOLOGY,212083,235486,223905,,,,,0,1,1,0,0,0,0
4678,"RAMCO Institute of Technology, North Venganallur Village, Krishnapuram Panchayat, Rajapalayam, Virudhunagar-626117.",VIRUDHUNAGAR,SELF FINANCING COLLEGES TIER 3,AD,Artificial Intelligence and Data Science,70039,115434,193445,113227,199963,,,0,0,0,0,1,0,0
4678,"RAMCO Institute of Technology, North Venganallur Village, Krishnapuram Panchayat, Rajapalayam, Virudhunagar-626117.",VIRUDHUNAGAR,SELF FINANCING COLLEGES TIER 3,AM,COMPUTER SCIENCE AND ENGINEERING (AI AND MACHINE LEARNING),91141,115888,94996,123841,219629,,,0,0,0,0,1,0,0
4678,"RAMCO Institute of Technology, North Venganallur Village, Krishnapuram Panchayat, Rajapalayam, Virudhunagar-626117.",VIRUDHUNAGAR,SELF FINANCING COLLEGES TIER 3,CB,COMPUTER SCIENCE AND BUSSINESS SYSTEM,99050,126822,144415,137522,227598,,,0,0,0,0,1,0,0
4678,"RAMCO Institute of Technology, North Venganallur Village, Krishnapuram Panchayat, Rajapalayam, Virudhunagar-626117.",VIRUDHUNAGAR,SELF FINANCING COLLEGES TIER 3,CE,CIVIL  ENGINEERING,110667,161467,229013,168009,201007,,,0,0,0,0,0,0,0
4678,"RAMCO Institute of Technology, North Venganallur Village, Krishnapuram Panchayat, Rajapalayam, Virudhunagar-626117.",VIRUDHUNAGAR,SELF FINANCING COLLEGES TIER 3,CS,COMPUTER SCIENCE AND ENGINEERING,58024,90742,89278,107664,194977,,,0,0,0,0,1,0,0
4678,"RAMCO Institute of Technology, North Venganallur Village, Krishnapuram Panchayat, Rajapalayam, Virudhunagar-626117.",VIRUDHUNAGAR,SELF FINANCING COLLEGES TIER 3,EC,ELECTRONICS AND COMMUNICATION ENGINEERING,65410,100005,108693,107091,204948,211911,,0,0,0,0,1,0,0
4678,"RAMCO Institute of Technology, North Venganallur Village, Krishnapuram Panchayat, Rajapalayam, Virudhunagar-626117.",VIRUDHUNAGAR,SELF FINANCING COLLEGES TIER 3,EE,ELECTRICAL AND ELECTRONICS ENGINEERING,100087,131049,115128,136414,224360,,,0,0,0,0,1,0,0
4678,"RAMCO Institute of Technology, North Venganallur Village, Krishnapuram Panchayat, Rajapalayam, Virudhunagar-626117.",VIRUDHUNAGAR,SELF FINANCING COLLEGES TIER 3,IT,INFORMATION TECHNOLOGY,74741,104563,108927,99313,184333,,,0,0,0,0,1,0,0
4678,"RAMCO Institute of Technology, North Venganallur Village, Krishnapuram Panchayat, Rajapalayam, Virudhunagar-626117.",VIRUDHUNAGAR,SELF FINANCING COLLEGES TIER 3,ME,MECHANICAL ENGINEERING,114197,131697,201263,158962,,,,0,0,0,0,0,0,0
4680,"AAA College of Engineering and Technology, Amathur Village, Sivakasi, Virudhunagar-626123.",VIRUDHUNAGAR,SELF FINANCING COLLEGES TIER 3,AD,Artificial Intelligence and Data Science,92500,137402,138209,145373,228549,,,0,0,0,0,1,0,0
4680,"AAA College of Engineering and Technology, Amathur Village, Sivakasi, Virudhunagar-626123.",VIRUDHUNAGAR,SELF FINANCING COLLEGES TIER 3,CE,CIVIL  ENGINEERING,166102,210566,,218115,221785,,,0,0,0,0,1,0,0
4680,"AAA College of Engineering and Technology, Amathur Village, Sivakasi, Virudhunagar-626123.",VIRUDHUNAGAR,SELF FINANCING COLLEGES TIER 3,CS,COMPUTER SCIENCE AND ENGINEERING,95171,135971,185835,157275,224451,,,0,0,0,0,1,0,0
4680,"AAA College of Engineering and Technology, Amathur Village, Sivakasi, Virudhunagar-626123.",VIRUDHUNAGAR,SELF FINANCING COLLEGES TIER 3,EC,ELECTRONICS AND COMMUNICATION ENGINEERING,77286,135144,121391,136938,146183,138738,,0,0,0,0,1,0,0
4680,"AAA College of Engineering and Technology, Amathur Village, Sivakasi, Virudhunagar-626123.",VIRUDHUNAGAR,SELF FINANCING COLLEGES TIER 3,EE,ELECTRICAL AND ELECTRONICS ENGINEERING,142381,150275,146507,205132,228220,,,0,0,1,0,1,0,0
4680,"AAA College of Engineering and Technology, Amathur Village, Sivakasi, Virudhunagar-626123.",VIRUDHUNAGAR,SELF FINANCING COLLEGES TIER 3,IT,INFORMATION TECHNOLOGY,103014,143225,126319,158432,207059,,,0,0,0,0,1,0,0
4680,"AAA College of Engineering and Technology, Amathur Village, Sivakasi, Virudhunagar-626123.",VIRUDHUNAGAR,SELF FINANCING COLLEGES TIER 3,ME,MECHANICAL ENGINEERING,172104,207427,,201314,229479,209206,,0,0,0,0,1,1,0
4680,"AAA College of Engineering and Technology, Amathur Village, Sivakasi, Virudhunagar-626123.",VIRUDHUNAGAR,SELF FINANCING COLLEGES TIER 3,SC,Computer Science and Engineering (Cyber Security),95542,126364,139835,147422,227831,,,0,0,0,0,1,0,0
4686,"Good Shepherd College of Engineering and Technology, Maruthamparai, Kaliyal Village, Kaliyal, Kanyakumari-629151.",KANYAKUMARI,SELF FINANCING COLLEGES TIER 3,AD,Artificial Intelligence and Data Science,207767,234651,,208225,,,,0,1,0,1,0,0,0
4686,"Good Shepherd College of Engineering and Technology, Maruthamparai, Kaliyal Village, Kaliyal, Kanyakumari-629151.",KANYAKUMARI,SELF FINANCING COLLEGES TIER 3,CE,CIVIL  ENGINEERING,,,,,,,,0,0,0,0,0,0,0
4686,"Good Shepherd College of Engineering and Technology, Maruthamparai, Kaliyal Village, Kaliyal, Kanyakumari-629151.",KANYAKUMARI,SELF FINANCING COLLEGES TIER 3,CS,COMPUTER SCIENCE AND ENGINEERING,224197,231771,,228465,,,,0,1,0,1,0,0,0
4686,"Good Shepherd College of Engineering and Technology, Maruthamparai, Kaliyal Village, Kaliyal, Kanyakumari-629151.",KANYAKUMARI,SELF FINANCING COLLEGES TIER 3,EC,ELECTRONICS AND COMMUNICATION ENGINEERING,234361,,,,,,,1,0,0,0,0,0,0
4686,"Good Shepherd College of Engineering and Technology, Maruthamparai, Kaliyal Village, Kaliyal, Kanyakumari-629151.",KANYAKUMARI,SELF FINANCING COLLEGES TIER 3,IT,INFORMATION TECHNOLOGY,207861,,,,,,,1,0,0,0,0,0,0
4686,"Good Shepherd College of Engineering and Technology, Maruthamparai, Kaliyal Village, Kaliyal, Kanyakumari-629151.",KANYAKUMARI,SELF FINANCING COLLEGES TIER 3,ME,MECHANICAL ENGINEERING,,,,,,,,0,0,0,0,0,0,0
4864,"V V College of Engineering, V.V. Nagar, Arasur Village, Idaichivilai Post, Sathankulam Taluk, Tuticorin District, Tirunelveli-628656.",TUTICORIN,SELF FINANCING COLLEGES TIER 3,AD,Artificial Intelligence and Data Science,145943,185859,,237290,,,,0,0,0,1,0,0,0
4864,"V V College of Engineering, V.V. Nagar, Arasur Village, Idaichivilai Post, Sathankulam Taluk, Tuticorin District, Tirunelveli-628656.",TUTICORIN,SELF FINANCING COLLEGES TIER 3,CE,CIVIL  ENGINEERING,233071,237447,,,,,,0,1,0,0,0,0,0
4864,"V V College of Engineering, V.V. Nagar, Arasur Village, Idaichivilai Post, Sathankulam Taluk, Tuticorin District, Tirunelveli-628656.",TUTICORIN,SELF FINANCING COLLEGES TIER 3,CS,COMPUTER SCIENCE AND ENGINEERING,102996,184132,144850,233754,231199,215289,,0,0,1,1,1,1,0
4864,"V V College of Engineering, V.V. Nagar, Arasur Village, Idaichivilai Post, Sathankulam Taluk, Tuticorin District, Tirunelveli-628656.",TUTICORIN,SELF FINANCING COLLEGES TIER 3,EC,ELECTRONICS AND COMMUNICATION ENGINEERING,137770,194783,,235976,237640,,,0,0,0,1,1,0,0
4864,"V V College of Engineering, V.V. Nagar, Arasur Village, Idaichivilai Post, Sathankulam Taluk, Tuticorin District, Tirunelveli-628656.",TUTICORIN,SELF FINANCING COLLEGES TIER 3,EE,ELECTRICAL AND ELECTRONICS ENGINEERING,203086,225299,,220800,,,,0,0,0,1,0,0,0
4864,"V V College of Engineering, V.V. Nagar, Arasur Village, Idaichivilai Post, Sathankulam Taluk, Tuticorin District, Tirunelveli-628656.",TUTICORIN,SELF FINANCING COLLEGES TIER 3,ME,MECHANICAL ENGINEERING,239162,,,,,,,1,0,0,0,0,0,0
4917,"Sethu Institute of Technology (Autonomous), Pulloor, Kariapatti, Virudhunagar-626115.",VIRUDHUNAGAR,SELF FINANCING COLLEGES TIER 2,AD,Artificial Intelligence and Data Science,94729,119213,102942,163938,231581,187633,,0,0,0,0,1,1,0
4917,"Sethu Institute of Technology (Autonomous), Pulloor, Kariapatti, Virudhunagar-626115.",VIRUDHUNAGAR,SELF FINANCING COLLEGES TIER 2,AG,AGRICULTURAL ENGINEERING,143580,191121,150116,220773,215179,,,0,0,0,0,1,0,0
4917,"Sethu Institute of Technology (Autonomous), Pulloor, Kariapatti, Virudhunagar-626115.",VIRUDHUNAGAR,SELF FINANCING COLLEGES TIER 2,AM,COMPUTER SCIENCE AND ENGINEERING (AI AND MACHINE LEARNING),104574,133867,123889,167646,,215530,,0,0,0,0,0,1,0
4917,"Sethu Institute of Technology (Autonomous), Pulloor, Kariapatti, Virudhunagar-626115.",VIRUDHUNAGAR,SELF FINANCING COLLEGES TIER 2,BM,BIO MEDICAL ENGINEERING,121558,157883,,206002,217922,,,0,0,0,0,1,0,0
4917,"Sethu Institute of Technology (Autonomous), Pulloor, Kariapatti, Virudhunagar-626115.",VIRUDHUNAGAR,SELF FINANCING COLLEGES TIER 2,BT,BIO TECHNOLOGY,137101,154474,144753,204913,171313,,,0,0,0,0,1,0,0
4917,"Sethu Institute of Technology (Autonomous), Pulloor, Kariapatti, Virudhunagar-626115.",VIRUDHUNAGAR,SELF FINANCING COLLEGES TIER 2,CB,COMPUTER SCIENCE AND BUSSINESS SYSTEM,124956,144826,,182763,,,,0,0,0,0,0,0,0
4917,"Sethu Institute of Technology (Autonomous), Pulloor, Kariapatti, Virudhunagar-626115.",VIRUDHUNAGAR,SELF FINANCING COLLEGES TIER 2,CD,COMPUTER SCIENCE AND DESIGN,127108,144103,78503,185394,,,,0,0,0,0,0,0,0
4917,"Sethu Institute of Technology (Autonomous), Pulloor, Kariapatti, Virudhunagar-626115.",VIRUDHUNAGAR,SELF FINANCING COLLEGES TIER 2,CE,CIVIL  ENGINEERING,131837,162375,133022,183745,218004,,,0,0,0,0,1,0,0
4917,"Sethu Institute of Technology (Autonomous), Pulloor, Kariapatti, Virudhunagar-626115.",VIRUDHUNAGAR,SELF FINANCING COLLEGES TIER 2,CI,Computer Science and Engineering (Internet of Things),134595,145068,136716,173603,,,,0,0,0,0,0,0,0
4917,"Sethu Institute of Technology (Autonomous), Pulloor, Kariapatti, Virudhunagar-626115.",VIRUDHUNAGAR,SELF FINANCING COLLEGES TIER 2,CS,COMPUTER SCIENCE AND ENGINEERING,79332,117227,91897,136742,226671,,,0,0,0,0,1,0,0
4917,"Sethu Institute of Technology (Autonomous), Pulloor, Kariapatti, Virudhunagar-626115.",VIRUDHUNAGAR,SELF FINANCING COLLEGES TIER 2,EC,ELECTRONICS AND COMMUNICATION ENGINEERING,98241,129984,118564,168346,236420,224954,,0,0,0,0,1,1,0
4917,"Sethu Institute of Technology (Autonomous), Pulloor, Kariapatti, Virudhunagar-626115.",VIRUDHUNAGAR,SELF FINANCING COLLEGES TIER 2,EE,ELECTRICAL AND ELECTRONICS ENGINEERING,137282,153675,154637,204636,169778,,,0,0,0,0,1,0,0
4917,"Sethu Institute of Technology (Autonomous), Pulloor, Kariapatti, Virudhunagar-626115.",VIRUDHUNAGAR,SELF FINANCING COLLEGES TIER 2,IT,INFORMATION TECHNOLOGY,95612,118807,96390,152574,231515,,,0,0,0,0,1,0,0
4917,"Sethu Institute of Technology (Autonomous), Pulloor, Kariapatti, Virudhunagar-626115.",VIRUDHUNAGAR,SELF FINANCING COLLEGES TIER 2,ME,MECHANICAL ENGINEERING,145270,183081,160171,189037,208298,,,0,0,0,0,1,0,0
4917,"Sethu Institute of Technology (Autonomous), Pulloor, Kariapatti, Virudhunagar-626115.",VIRUDHUNAGAR,SELF FINANCING COLLEGES TIER 2,SC,Computer Science and Engineering (Cyber Security),99673,131246,113616,142805,230942,,,0,0,0,0,1,0,0
4925,"Sun College of Engineering and Technology, Udaya Nagar, Ammandivilai & Post, Kadiyapattanam, Kanyakumari-629204.",KANYAKUMARI,SELF FINANCING COLLEGES TIER 3,AD,Artificial Intelligence and Data Science,238615,,,,,,,1,0,0,0,0,0,0
4925,"Sun College of Engineering and Technology, Udaya Nagar, Ammandivilai & Post, Kadiyapattanam, Kanyakumari-629204.",KANYAKUMARI,SELF FINANCING COLLEGES TIER 3,AU,AUTOMOBILE ENGINEERING,196136,,,,,,,1,0,0,0,0,0,0
4925,"Sun College of Engineering and Technology, Udaya Nagar, Ammandivilai & Post, Kadiyapattanam, Kanyakumari-629204.",KANYAKUMARI,SELF FINANCING COLLEGES TIER 3,CH,CHEMICAL  ENGINEERING,76121,,,,,,,1,0,0,0,0,0,0
4925,"Sun College of Engineering and Technology, Udaya Nagar, Ammandivilai & Post, Kadiyapattanam, Kanyakumari-629204.",KANYAKUMARI,SELF FINANCING COLLEGES TIER 3,CS,COMPUTER SCIENCE AND ENGINEERING,230864,,,,,,,1,0,0,0,0,0,0
4925,"Sun College of Engineering and Technology, Udaya Nagar, Ammandivilai & Post, Kadiyapattanam, Kanyakumari-629204.",KANYAKUMARI,SELF FINANCING COLLEGES TIER 3,IT,INFORMATION TECHNOLOGY,209851,,,,,,,1,0,0,0,0,0,0
4925,"Sun College of Engineering and Technology, Udaya Nagar, Ammandivilai & Post, Kadiyapattanam, Kanyakumari-629204.",KANYAKUMARI,SELF FINANCING COLLEGES TIER 3,MD,MEDICAL ELECTRONICS ENGINEERING,230157,,,,,,,1,0,0,0,0,0,0
4925,"Sun College of Engineering and Technology, Udaya Nagar, Ammandivilai & Post, Kadiyapattanam, Kanyakumari-629204.",KANYAKUMARI,SELF FINANCING COLLEGES TIER 3,PC,PETRO CHEMICAL TECHNOLOGY,239030,,,,,,,1,0,0,0,0,0,0
4927,"Maria College of Engineering and Technology, Attoor Puliyamoodu Junction, Thiruvattar P.O, Attoor, Kanyakumari-629177.",KANYAKUMARI,SELF FINANCING COLLEGES TIER 3,AD,Artificial Intelligence and Data Science,208709,,,,,,,1,0,0,0,0,0,0
4927,"Maria College of Engineering and Technology, Attoor Puliyamoodu Junction, Thiruvattar P.O, Attoor, Kanyakumari-629177.",KANYAKUMARI,SELF FINANCING COLLEGES TIER 3,AM,COMPUTER SCIENCE AND ENGINEERING (AI AND MACHINE LEARNING),238929,,,,,,,1,0,0,0,0,0,0
4927,"Maria College of Engineering and Technology, Attoor Puliyamoodu Junction, Thiruvattar P.O, Attoor, Kanyakumari-629177.",KANYAKUMARI,SELF FINANCING COLLEGES TIER 3,AU,AUTOMOBILE ENGINEERING,,,,,,,,0,0,0,0,0,0,0
4927,"Maria College of Engineering and Technology, Attoor Puliyamoodu Junction, Thiruvattar P.O, Attoor, Kanyakumari-629177.",KANYAKUMARI,SELF FINANCING COLLEGES TIER 3,CE,CIVIL  ENGINEERING,,,,,,,,0,0,0,0,0,0,0
4927,"Maria College of Engineering and Technology, Attoor Puliyamoodu Junction, Thiruvattar P.O, Attoor, Kanyakumari-629177.",KANYAKUMARI,SELF FINANCING COLLEGES TIER 3,CS,COMPUTER SCIENCE AND ENGINEERING,227917,,,,,,,1,0,0,0,0,0,0
4927,"Maria College of Engineering and Technology, Attoor Puliyamoodu Junction, Thiruvattar P.O, Attoor, Kanyakumari-629177.",KANYAKUMARI,SELF FINANCING COLLEGES TIER 3,EC,ELECTRONICS AND COMMUNICATION ENGINEERING,237790,,,,,,,1,0,0,0,0,0,0
4927,"Maria College of Engineering and Technology, Attoor Puliyamoodu Junction, Thiruvattar P.O, Attoor, Kanyakumari-629177.",KANYAKUMARI,SELF FINANCING COLLEGES TIER 3,EE,ELECTRICAL AND ELECTRONICS ENGINEERING,214171,,,,,,,1,0,0,0,0,0,0
4927,"Maria College of Engineering and Technology, Attoor Puliyamoodu Junction, Thiruvattar P.O, Attoor, Kanyakumari-629177.",KANYAKUMARI,SELF FINANCING COLLEGES TIER 3,IT,INFORMATION TECHNOLOGY,162410,,,,,,,1,0,0,0,0,0,0
4927,"Maria College of Engineering and Technology, Attoor Puliyamoodu Junction, Thiruvattar P.O, Attoor, Kanyakumari-629177.",KANYAKUMARI,SELF FINANCING COLLEGES TIER 3,ME,MECHANICAL ENGINEERING,118862,,,,,,,1,0,0,0,0,0,0
4928,"Mar Ephraem College of Engineering and Technology, Malankara Hills, Elavuvillai, Kanyakumari-629171.",KANYAKUMARI,SELF FINANCING COLLEGES TIER 3,AD,Artificial Intelligence and Data Science,146509,180835,222755,222425,223507,,,0,0,1,1,1,0,0
4928,"Mar Ephraem College of Engineering and Technology, Malankara Hills, Elavuvillai, Kanyakumari-629171.",KANYAKUMARI,SELF FINANCING COLLEGES TIER 3,CE,CIVIL  ENGINEERING,237170,,,,,,,1,0,0,0,0,0,0
4928,"Mar Ephraem College of Engineering and Technology, Malankara Hills, Elavuvillai, Kanyakumari-629171.",KANYAKUMARI,SELF FINANCING COLLEGES TIER 3,CS,COMPUTER SCIENCE AND ENGINEERING,135772,169208,,234635,214977,,,0,0,0,1,1,0,0
4928,"Mar Ephraem College of Engineering and Technology, Malankara Hills, Elavuvillai, Kanyakumari-629171.",KANYAKUMARI,SELF FINANCING COLLEGES TIER 3,EC,ELECTRONICS AND COMMUNICATION ENGINEERING,140706,187753,,147041,,,,0,0,0,1,0,0,0
4928,"Mar Ephraem College of Engineering and Technology, Malankara Hills, Elavuvillai, Kanyakumari-629171.",KANYAKUMARI,SELF FINANCING COLLEGES TIER 3,EE,ELECTRICAL AND ELECTRONICS ENGINEERING,195491,229281,,,,,,0,0,0,0,0,0,0
4928,"Mar Ephraem College of Engineering and Technology, Malankara Hills, Elavuvillai, Kanyakumari-629171.",KANYAKUMARI,SELF FINANCING COLLEGES TIER 3,ME,MECHANICAL ENGINEERING,183317,203882,,229926,,,,0,0,0,1,0,0,0
4929,"M.E.T. Engineering College, No.13/142A9/9,Mogals Garden, Chenbagaramanputhur, Thovalai Taluk, Kanyakumari district, Nagercoil-629304.",KANYAKUMARI,SELF FINANCING COLLEGES TIER 3,AD,Artificial Intelligence and Data Science,210860,,,,,,,1,0,0,0,0,0,0
4929,"M.E.T. Engineering College, No.13/142A9/9,Mogals Garden, Chenbagaramanputhur, Thovalai Taluk, Kanyakumari district, Nagercoil-629304.",KANYAKUMARI,SELF FINANCING COLLEGES TIER 3,CE,CIVIL  ENGINEERING,229895,,,,,,,1,0,0,0,0,0,0
4929,"M.E.T. Engineering College, No.13/142A9/9,Mogals Garden, Chenbagaramanputhur, Thovalai Taluk, Kanyakumari district, Nagercoil-629304.",KANYAKUMARI,SELF FINANCING COLLEGES TIER 3,CS,COMPUTER SCIENCE AND ENGINEERING,229262,,,,,,,1,0,0,0,0,0,0
4929,"M.E.T. Engineering College, No.13/142A9/9,Mogals Garden, Chenbagaramanputhur, Thovalai Taluk, Kanyakumari district, Nagercoil-629304.",KANYAKUMARI,SELF FINANCING COLLEGES TIER 3,EC,ELECTRONICS AND COMMUNICATION ENGINEERING,,,,,,,,0,0,0,0,0,0,0
4929,"M.E.T. Engineering College, No.13/142A9/9,Mogals Garden, Chenbagaramanputhur, Thovalai Taluk, Kanyakumari district, Nagercoil-629304.",KANYAKUMARI,SELF FINANCING COLLEGES TIER 3,EE,ELECTRICAL AND ELECTRONICS ENGINEERING,,,,,,,,0,0,0,0,0,0,0
4929,"M.E.T. Engineering College, No.13/142A9/9,Mogals Garden, Chenbagaramanputhur, Thovalai Taluk, Kanyakumari district, Nagercoil-629304.",KANYAKUMARI,SELF FINANCING COLLEGES TIER 3,ME,MECHANICAL ENGINEERING,,,,,,,,0,0,0,0,0,0,0
4931,"Grace College of Engineering , Chandy Nagar, Mullakkadu, Thoothukudi -628005.",TUTICORIN,SELF FINANCING COLLEGES TIER 3,AD,Artificial Intelligence and Data Science,152168,234931,,236599,231513,,,0,0,0,1,0,0,0
4931,"Grace College of Engineering , Chandy Nagar, Mullakkadu, Thoothukudi -628005.",TUTICORIN,SELF FINANCING COLLEGES TIER 3,CE,CIVIL  ENGINEERING,227538,,,,,,,1,0,0,0,0,0,0
4931,"Grace College of Engineering , Chandy Nagar, Mullakkadu, Thoothukudi -628005.",TUTICORIN,SELF FINANCING COLLEGES TIER 3,CS,COMPUTER SCIENCE AND ENGINEERING,132659,238347,,222790,211546,,207364,0,0,0,1,0,0,0
4931,"Grace College of Engineering , Chandy Nagar, Mullakkadu, Thoothukudi -628005.",TUTICORIN,SELF FINANCING COLLEGES TIER 3,EC,ELECTRONICS AND COMMUNICATION ENGINEERING,160546,229161,,212067,212287,,,0,0,0,1,0,0,0
4931,"Grace College of Engineering , Chandy Nagar, Mullakkadu, Thoothukudi -628005.",TUTICORIN,SELF FINANCING COLLEGES TIER 3,EE,ELECTRICAL AND ELECTRONICS ENGINEERING,205451,231171,,229088,,,,0,0,0,1,0,0,0
4931,"Grace College of Engineering , Chandy Nagar, Mullakkadu, Thoothukudi -628005.",TUTICORIN,SELF FINANCING COLLEGES TIER 3,ME,MECHANICAL ENGINEERING,187227,222160,,222464,,,,0,1,0,1,0,0,0
4932,"Immanuel Arasar JJ College of Engineering, Edavilagam, Nattalam, Marthandam, Kanyakumari-629195.",KANYAKUMARI,SELF FINANCING COLLEGES TIER 3,AD,Artificial Intelligence and Data Science,168283,,,,,,,1,0,0,0,0,0,0
4932,"Immanuel Arasar JJ College of Engineering, Edavilagam, Nattalam, Marthandam, Kanyakumari-629195.",KANYAKUMARI,SELF FINANCING COLLEGES TIER 3,AE,AERONAUTICAL ENGINEERING,,,,,,,,0,0,0,0,0,0,0
4932,"Immanuel Arasar JJ College of Engineering, Edavilagam, Nattalam, Marthandam, Kanyakumari-629195.",KANYAKUMARI,SELF FINANCING COLLEGES TIER 3,BM,BIO MEDICAL ENGINEERING,232212,,,,,,,1,0,0,0,0,0,0
4932,"Immanuel Arasar JJ College of Engineering, Edavilagam, Nattalam, Marthandam, Kanyakumari-629195.",KANYAKUMARI,SELF FINANCING COLLEGES TIER 3,CS,COMPUTER SCIENCE AND ENGINEERING,156538,,,,,,,1,0,0,0,0,0,0
4932,"Immanuel Arasar JJ College of Engineering, Edavilagam, Nattalam, Marthandam, Kanyakumari-629195.",KANYAKUMARI,SELF FINANCING COLLEGES TIER 3,EC,ELECTRONICS AND COMMUNICATION ENGINEERING,194264,,,,,,,1,0,0,0,0,0,0
4932,"Immanuel Arasar JJ College of Engineering, Edavilagam, Nattalam, Marthandam, Kanyakumari-629195.",KANYAKUMARI,SELF FINANCING COLLEGES TIER 3,EE,ELECTRICAL AND ELECTRONICS ENGINEERING,,,,,,,,0,0,0,0,0,0,0
4932,"Immanuel Arasar JJ College of Engineering, Edavilagam, Nattalam, Marthandam, Kanyakumari-629195.",KANYAKUMARI,SELF FINANCING COLLEGES TIER 3,FD,FOOD TECHNOLOGY,,,,,,,,0,0,0,0,0,0,0
4932,"Immanuel Arasar JJ College of Engineering, Edavilagam, Nattalam, Marthandam, Kanyakumari-629195.",KANYAKUMARI,SELF FINANCING COLLEGES TIER 3,IT,INFORMATION TECHNOLOGY,80756,,,,,,,1,0,0,0,0,0,0
4932,"Immanuel Arasar JJ College of Engineering, Edavilagam, Nattalam, Marthandam, Kanyakumari-629195.",KANYAKUMARI,SELF FINANCING COLLEGES TIER 3,RM,ROBOTICS AND AUTOMATION,,,,,,,,0,0,0,0,0,0,0
4932,"Immanuel Arasar JJ College of Engineering, Edavilagam, Nattalam, Marthandam, Kanyakumari-629195.",KANYAKUMARI,SELF FINANCING COLLEGES TIER 3,SC,Computer Science and Engineering (Cyber Security),,,,,,,,0,0,0,0,0,0,0
4933,"St. Mother Theresa Engineering College, Vagaikulam, Mudivaithanendal Post, Tuticorin District-628102.",TUTICORIN,SELF FINANCING COLLEGES TIER 3,AD,Artificial Intelligence and Data Science,209062,238896,,212959,236428,228759,,0,1,0,1,1,1,0
4933,"St. Mother Theresa Engineering College, Vagaikulam, Mudivaithanendal Post, Tuticorin District-628102.",TUTICORIN,SELF FINANCING COLLEGES TIER 3,CS,COMPUTER SCIENCE AND ENGINEERING,210603,237771,238607,226544,231286,235128,,0,1,1,1,1,1,0
4933,"St. Mother Theresa Engineering College, Vagaikulam, Mudivaithanendal Post, Tuticorin District-628102.",TUTICORIN,SELF FINANCING COLLEGES TIER 3,EC,ELECTRONICS AND COMMUNICATION ENGINEERING,211459,235310,,,239070,,,0,1,0,0,1,0,0
4933,"St. Mother Theresa Engineering College, Vagaikulam, Mudivaithanendal Post, Tuticorin District-628102.",TUTICORIN,SELF FINANCING COLLEGES TIER 3,EE,ELECTRICAL AND ELECTRONICS ENGINEERING,190126,225939,,229795,207597,,,0,1,0,1,1,0,0
4933,"St. Mother Theresa Engineering College, Vagaikulam, Mudivaithanendal Post, Tuticorin District-628102.",TUTICORIN,SELF FINANCING COLLEGES TIER 3,ME,MECHANICAL ENGINEERING,238603,,,,,,,0,0,0,0,0,0,0
4934,"Holy Cross Engineering College, 7/131, Vagaikulam Srivaikuntam Express Road, Sri Mulakarai, Thannoothu Village, Srivaikuntam Taluk, Thoothukudi-628851.",TUTICORIN,SELF FINANCING COLLEGES TIER 3,AD,Artificial Intelligence and Data Science,156737,209095,,186282,231421,,,0,0,0,1,0,0,0
4934,"Holy Cross Engineering College, 7/131, Vagaikulam Srivaikuntam Express Road, Sri Mulakarai, Thannoothu Village, Srivaikuntam Taluk, Thoothukudi-628851.",TUTICORIN,SELF FINANCING COLLEGES TIER 3,BM,BIO MEDICAL ENGINEERING,196930,238754,220858,232767,235622,,,0,1,1,1,0,0,0
4934,"Holy Cross Engineering College, 7/131, Vagaikulam Srivaikuntam Express Road, Sri Mulakarai, Thannoothu Village, Srivaikuntam Taluk, Thoothukudi-628851.",TUTICORIN,SELF FINANCING COLLEGES TIER 3,CS,COMPUTER SCIENCE AND ENGINEERING,177472,218515,,192335,226910,199078,,0,0,0,1,1,0,0
4934,"Holy Cross Engineering College, 7/131, Vagaikulam Srivaikuntam Express Road, Sri Mulakarai, Thannoothu Village, Srivaikuntam Taluk, Thoothukudi-628851.",TUTICORIN,SELF FINANCING COLLEGES TIER 3,EC,ELECTRONICS AND COMMUNICATION ENGINEERING,209220,238357,,,238156,,,0,1,0,0,1,0,0
4934,"Holy Cross Engineering College, 7/131, Vagaikulam Srivaikuntam Express Road, Sri Mulakarai, Thannoothu Village, Srivaikuntam Taluk, Thoothukudi-628851.",TUTICORIN,SELF FINANCING COLLEGES TIER 3,EE,ELECTRICAL AND ELECTRONICS ENGINEERING,187660,237994,,237903,231127,,,0,1,0,0,1,0,0
4934,"Holy Cross Engineering College, 7/131, Vagaikulam Srivaikuntam Express Road, Sri Mulakarai, Thannoothu Village, Srivaikuntam Taluk, Thoothukudi-628851.",TUTICORIN,SELF FINANCING COLLEGES TIER 3,IT,INFORMATION TECHNOLOGY,130758,215369,,231296,153718,235707,,0,0,0,1,1,0,0
4934,"Holy Cross Engineering College, 7/131, Vagaikulam Srivaikuntam Express Road, Sri Mulakarai, Thannoothu Village, Srivaikuntam Taluk, Thoothukudi-628851.",TUTICORIN,SELF FINANCING COLLEGES TIER 3,ME,MECHANICAL ENGINEERING,234759,238563,,238246,237483,,,0,1,0,1,1,0,0
4938,"Sivaji College of Engineering and Technology, Manivilai Post, Kanyakumari -629171.",KANYAKUMARI,SELF FINANCING COLLEGES TIER 3,AD,Artificial Intelligence and Data Science,229064,,,,,,,1,0,0,0,0,0,0
4938,"Sivaji College of Engineering and Technology, Manivilai Post, Kanyakumari -629171.",KANYAKUMARI,SELF FINANCING COLLEGES TIER 3,AG,AGRICULTURAL ENGINEERING,214956,,,,,,,1,0,0,0,0,0,0
4938,"Sivaji College of Engineering and Technology, Manivilai Post, Kanyakumari -629171.",KANYAKUMARI,SELF FINANCING COLLEGES TIER 3,BM,BIO MEDICAL ENGINEERING,,,,,,,,0,0,0,0,0,0,0
4938,"Sivaji College of Engineering and Technology, Manivilai Post, Kanyakumari -629171.",KANYAKUMARI,SELF FINANCING COLLEGES TIER 3,CE,CIVIL  ENGINEERING,,,,,,,,0,0,0,0,0,0,0
4938,"Sivaji College of Engineering and Technology, Manivilai Post, Kanyakumari -629171.",KANYAKUMARI,SELF FINANCING COLLEGES TIER 3,CS,COMPUTER SCIENCE AND ENGINEERING,231353,,,,,,,1,0,0,0,0,0,0
4938,"Sivaji College of Engineering and Technology, Manivilai Post, Kanyakumari -629171.",KANYAKUMARI,SELF FINANCING COLLEGES TIER 3,EE,ELECTRICAL AND ELECTRONICS ENGINEERING,,,,,,,,0,0,0,0,0,0,0
4941,"Unnamalai Institute of Technology, Suba Nagar, Ayyaneri Post, Kovilpatti, Thoothukudi District-628502.",TUTICORIN,SELF FINANCING COLLEGES TIER 3,AD,Artificial Intelligence and Data Science,188020,237059,,210759,214914,202844,,0,1,0,1,1,1,0
4941,"Unnamalai Institute of Technology, Suba Nagar, Ayyaneri Post, Kovilpatti, Thoothukudi District-628502.",TUTICORIN,SELF FINANCING COLLEGES TIER 3,CS,COMPUTER SCIENCE AND ENGINEERING,155780,222746,,222005,190894,195141,,0,0,0,1,1,0,0
4941,"Unnamalai Institute of Technology, Suba Nagar, Ayyaneri Post, Kovilpatti, Thoothukudi District-628502.",TUTICORIN,SELF FINANCING COLLEGES TIER 3,EC,ELECTRONICS AND COMMUNICATION ENGINEERING,213580,238078,219594,238775,238943,230761,,0,1,1,1,1,1,0
4941,"Unnamalai Institute of Technology, Suba Nagar, Ayyaneri Post, Kovilpatti, Thoothukudi District-628502.",TUTICORIN,SELF FINANCING COLLEGES TIER 3,EE,ELECTRICAL AND ELECTRONICS ENGINEERING,239248,,,,,,,1,0,0,0,0,0,0
4941,"Unnamalai Institute of Technology, Suba Nagar, Ayyaneri Post, Kovilpatti, Thoothukudi District-628502.",TUTICORIN,SELF FINANCING COLLEGES TIER 3,SC,Computer Science and Engineering (Cyber Security),207910,236464,,232915,231083,229914,,0,1,0,1,1,0,0
4943,"Satyam College of Engineering and Technology, Satyam Nagar, Kannappannalur, Aralvoimozhi, Kanyakumari District-629301.",KANYAKUMARI,SELF FINANCING COLLEGES TIER 3,AE,AERONAUTICAL ENGINEERING,229537,,,,,,,1,0,0,0,0,0,0
4943,"Satyam College of Engineering and Technology, Satyam Nagar, Kannappannalur, Aralvoimozhi, Kanyakumari District-629301.",KANYAKUMARI,SELF FINANCING COLLEGES TIER 3,CE,CIVIL  ENGINEERING,223841,,,,,,,1,0,0,0,0,0,0
4943,"Satyam College of Engineering and Technology, Satyam Nagar, Kannappannalur, Aralvoimozhi, Kanyakumari District-629301.",KANYAKUMARI,SELF FINANCING COLLEGES TIER 3,CS,COMPUTER SCIENCE AND ENGINEERING,207782,235228,,238452,,,,0,1,0,1,0,0,0
4943,"Satyam College of Engineering and Technology, Satyam Nagar, Kannappannalur, Aralvoimozhi, Kanyakumari District-629301.",KANYAKUMARI,SELF FINANCING COLLEGES TIER 3,EC,ELECTRONICS AND COMMUNICATION ENGINEERING,238068,,,,,,,1,0,0,0,0,0,0
4943,"Satyam College of Engineering and Technology, Satyam Nagar, Kannappannalur, Aralvoimozhi, Kanyakumari District-629301.",KANYAKUMARI,SELF FINANCING COLLEGES TIER 3,EE,ELECTRICAL AND ELECTRONICS ENGINEERING,235552,,,,,,,1,0,0,0,0,0,0
4943,"Satyam College of Engineering and Technology, Satyam Nagar, Kannappannalur, Aralvoimozhi, Kanyakumari District-629301.",KANYAKUMARI,SELF FINANCING COLLEGES TIER 3,ME,MECHANICAL ENGINEERING,228340,,,,,,,1,0,0,0,0,0,0
4944,"Arunachala College of Engineering for Women, Thanka Gardens, Manavilai, Vellichanthai, Nagercoil, Kanyakumari District-629203.",KANYAKUMARI,SELF FINANCING COLLEGES TIER 3,AD,Artificial Intelligence and Data Science,134209,197174,217605,234306,237260,,,0,0,1,1,1,0,0
4944,"Arunachala College of Engineering for Women, Thanka Gardens, Manavilai, Vellichanthai, Nagercoil, Kanyakumari District-629203.",KANYAKUMARI,SELF FINANCING COLLEGES TIER 3,CS,COMPUTER SCIENCE AND ENGINEERING,103194,178423,142163,234080,234622,,,0,0,0,1,1,0,0
4944,"Arunachala College of Engineering for Women, Thanka Gardens, Manavilai, Vellichanthai, Nagercoil, Kanyakumari District-629203.",KANYAKUMARI,SELF FINANCING COLLEGES TIER 3,EC,ELECTRONICS AND COMMUNICATION ENGINEERING,119979,184263,226084,202560,179797,,,0,0,1,1,1,0,0
4944,"Arunachala College of Engineering for Women, Thanka Gardens, Manavilai, Vellichanthai, Nagercoil, Kanyakumari District-629203.",KANYAKUMARI,SELF FINANCING COLLEGES TIER 3,EE,ELECTRICAL AND ELECTRONICS ENGINEERING,215723,238641,,,,,,0,1,0,0,0,0,0
4944,"Arunachala College of Engineering for Women, Thanka Gardens, Manavilai, Vellichanthai, Nagercoil, Kanyakumari District-629203.",KANYAKUMARI,SELF FINANCING COLLEGES TIER 3,IT,INFORMATION TECHNOLOGY,173348,222644,195727,,238934,,,0,0,1,0,1,0,0
4946,"DMI Engineering College, Kumarapuram Road, Aralvaimozhi, Kanyakumari District-629301.",KANYAKUMARI,SELF FINANCING COLLEGES TIER 3,AD,Artificial Intelligence and Data Science,158081,233783,229174,214924,203171,,,0,1,1,1,1,0,0
4946,"DMI Engineering College, Kumarapuram Road, Aralvaimozhi, Kanyakumari District-629301.",KANYAKUMARI,SELF FINANCING COLLEGES TIER 3,CS,COMPUTER SCIENCE AND ENGINEERING,152191,215910,197784,238019,230823,,190073,0,1,1,1,1,0,0
4946,"DMI Engineering College, Kumarapuram Road, Aralvaimozhi, Kanyakumari District-629301.",KANYAKUMARI,SELF FINANCING COLLEGES TIER 3,EC,ELECTRONICS AND COMMUNICATION ENGINEERING,200659,237441,,214681,,,,0,1,0,1,0,0,0
4946,"DMI Engineering College, Kumarapuram Road, Aralvaimozhi, Kanyakumari District-629301.",KANYAKUMARI,SELF FINANCING COLLEGES TIER 3,EE,ELECTRICAL AND ELECTRONICS ENGINEERING,207611,232911,222376,236407,,,,0,1,0,1,0,0,0
4946,"DMI Engineering College, Kumarapuram Road, Aralvaimozhi, Kanyakumari District-629301.",KANYAKUMARI,SELF FINANCING COLLEGES TIER 3,IT,INFORMATION TECHNOLOGY,153845,225257,,224680,206737,,,0,1,0,1,1,0,0
4946,"DMI Engineering College, Kumarapuram Road, Aralvaimozhi, Kanyakumari District-629301.",KANYAKUMARI,SELF FINANCING COLLEGES TIER 3,ME,MECHANICAL ENGINEERING,181594,237083,201522,226036,235757,,,0,1,1,1,1,0,0
4949,"PSN Institute of Technology and Science, Melathediyoor, Palayamkottai Taluk, Tirunelveli-627152.",TIRUNELVELI,SELF FINANCING COLLEGES TIER 3,AD,Artificial Intelligence and Data Science,187646,225660,237597,232903,228595,211721,,0,1,0,1,0,0,0
4949,"PSN Institute of Technology and Science, Melathediyoor, Palayamkottai Taluk, Tirunelveli-627152.",TIRUNELVELI,SELF FINANCING COLLEGES TIER 3,CE,CIVIL  ENGINEERING,216877,239019,237430,,,,,0,1,0,0,0,0,0
4949,"PSN Institute of Technology and Science, Melathediyoor, Palayamkottai Taluk, Tirunelveli-627152.",TIRUNELVELI,SELF FINANCING COLLEGES TIER 3,CS,COMPUTER SCIENCE AND ENGINEERING,156557,225519,162348,238055,232871,231724,,0,1,1,1,0,0,0
4949,"PSN Institute of Technology and Science, Melathediyoor, Palayamkottai Taluk, Tirunelveli-627152.",TIRUNELVELI,SELF FINANCING COLLEGES TIER 3,EC,ELECTRONICS AND COMMUNICATION ENGINEERING,216207,236588,235243,238938,,,,0,1,0,1,0,0,0
4949,"PSN Institute of Technology and Science, Melathediyoor, Palayamkottai Taluk, Tirunelveli-627152.",TIRUNELVELI,SELF FINANCING COLLEGES TIER 3,EE,ELECTRICAL AND ELECTRONICS ENGINEERING,237302,,,,,,,1,0,0,0,0,0,0
4949,"PSN Institute of Technology and Science, Melathediyoor, Palayamkottai Taluk, Tirunelveli-627152.",TIRUNELVELI,SELF FINANCING COLLEGES TIER 3,IN,INDUSTRIAL ENGINEERING AND MANAGEMENT,196825,,,,,,,1,0,0,0,0,0,0
4949,"PSN Institute of Technology and Science, Melathediyoor, Palayamkottai Taluk, Tirunelveli-627152.",TIRUNELVELI,SELF FINANCING COLLEGES TIER 3,IT,INFORMATION TECHNOLOGY,173013,203387,,237454,235148,237830,,0,1,0,0,0,0,0
4949,"PSN Institute of Technology and Science, Melathediyoor, Palayamkottai Taluk, Tirunelveli-627152.",TIRUNELVELI,SELF FINANCING COLLEGES TIER 3,ME,MECHANICAL ENGINEERING,229586,238637,,233618,234257,,,0,1,0,1,1,0,0
4949,"PSN Institute of Technology and Science, Melathediyoor, Palayamkottai Taluk, Tirunelveli-627152.",TIRUNELVELI,SELF FINANCING COLLEGES TIER 3,MZ,Mechatronics Engineering,234182,,,,,,,1,0,0,0,0,0,0
4952,"C.S.I. Institute of Technology, Thovalai & PO, Kanyakumari District, Nagercoil-629302.",KANYAKUMARI,SELF FINANCING COLLEGES TIER 3,AD,Artificial Intelligence and Data Science,235777,,,,,,,1,0,0,0,0,0,0
4952,"C.S.I. Institute of Technology, Thovalai & PO, Kanyakumari District, Nagercoil-629302.",KANYAKUMARI,SELF FINANCING COLLEGES TIER 3,AM,COMPUTER SCIENCE AND ENGINEERING (AI AND MACHINE LEARNING),234707,,,,,,,1,0,0,0,0,0,0
4952,"C.S.I. Institute of Technology, Thovalai & PO, Kanyakumari District, Nagercoil-629302.",KANYAKUMARI,SELF FINANCING COLLEGES TIER 3,CE,CIVIL  ENGINEERING,145965,,,,,,,1,0,0,0,0,0,0
4952,"C.S.I. Institute of Technology, Thovalai & PO, Kanyakumari District, Nagercoil-629302.",KANYAKUMARI,SELF FINANCING COLLEGES TIER 3,CS,COMPUTER SCIENCE AND ENGINEERING,236716,,,,,,,1,0,0,0,0,0,0
4952,"C.S.I. Institute of Technology, Thovalai & PO, Kanyakumari District, Nagercoil-629302.",KANYAKUMARI,SELF FINANCING COLLEGES TIER 3,EC,ELECTRONICS AND COMMUNICATION ENGINEERING,231188,,,,,,,1,0,0,0,0,0,0
4952,"C.S.I. Institute of Technology, Thovalai & PO, Kanyakumari District, Nagercoil-629302.",KANYAKUMARI,SELF FINANCING COLLEGES TIER 3,EE,ELECTRICAL AND ELECTRONICS ENGINEERING,221192,,,,,,,1,0,0,0,0,0,0
4952,"C.S.I. Institute of Technology, Thovalai & PO, Kanyakumari District, Nagercoil-629302.",KANYAKUMARI,SELF FINANCING COLLEGES TIER 3,IT,INFORMATION TECHNOLOGY,237764,,,,,,,1,0,0,0,0,0,0
4952,"C.S.I. Institute of Technology, Thovalai & PO, Kanyakumari District, Nagercoil-629302.",KANYAKUMARI,SELF FINANCING COLLEGES TIER 3,ME,MECHANICAL ENGINEERING,,,,,,,,0,0,0,0,0,0,0
4953,"Cape Institute of Technology, Rajakrishnapuram Post, Radhapuram Taluk, Levengipuram, Tirunelvei-627114.",TIRUNELVELI,SELF FINANCING COLLEGES TIER 3,AM,COMPUTER SCIENCE AND ENGINEERING (AI AND MACHINE LEARNING),223766,230003,,,,,,0,1,0,0,0,0,0
4953,"Cape Institute of Technology, Rajakrishnapuram Post, Radhapuram Taluk, Levengipuram, Tirunelvei-627114.",TIRUNELVELI,SELF FINANCING COLLEGES TIER 3,CE,CIVIL  ENGINEERING,,,,,,,,0,0,0,0,0,0,0
4953,"Cape Institute of Technology, Rajakrishnapuram Post, Radhapuram Taluk, Levengipuram, Tirunelvei-627114.",TIRUNELVELI,SELF FINANCING COLLEGES TIER 3,CS,COMPUTER SCIENCE AND ENGINEERING,233859,239209,,,,,,0,1,0,0,0,0,0
4953,"Cape Institute of Technology, Rajakrishnapuram Post, Radhapuram Taluk, Levengipuram, Tirunelvei-627114.",TIRUNELVELI,SELF FINANCING COLLEGES TIER 3,EC,ELECTRONICS AND COMMUNICATION ENGINEERING,236662,,,,,,,1,0,0,0,0,0,0
4953,"Cape Institute of Technology, Rajakrishnapuram Post, Radhapuram Taluk, Levengipuram, Tirunelvei-627114.",TIRUNELVELI,SELF FINANCING COLLEGES TIER 3,EE,ELECTRICAL AND ELECTRONICS ENGINEERING,209001,,,,,,,1,0,0,0,0,0,0
4953,"Cape Institute of Technology, Rajakrishnapuram Post, Radhapuram Taluk, Levengipuram, Tirunelvei-627114.",TIRUNELVELI,SELF FINANCING COLLEGES TIER 3,IT,INFORMATION TECHNOLOGY,212337,,,,,,,1,0,0,0,0,0,0
4953,"Cape Institute of Technology, Rajakrishnapuram Post, Radhapuram Taluk, Levengipuram, Tirunelvei-627114.",TIRUNELVELI,SELF FINANCING COLLEGES TIER 3,ME,MECHANICAL ENGINEERING,231848,,,,,,,1,0,0,0,0,0,0
4954,"Dr Sivanthi Aditanar College of Engineering, Tirunelveli Road, Tiruchendur, Thoothukudi-628215.",TUTICORIN,SELF FINANCING COLLEGES TIER 3,AD,Artificial Intelligence and Data Science,70804,115773,71512,148569,231123,,,0,0,0,0,1,0,0
4954,"Dr Sivanthi Aditanar College of Engineering, Tirunelveli Road, Tiruchendur, Thoothukudi-628215.",TUTICORIN,SELF FINANCING COLLEGES TIER 3,CE,CIVIL  ENGINEERING,190962,221396,,,234667,,,0,1,0,0,1,0,0
4954,"Dr Sivanthi Aditanar College of Engineering, Tirunelveli Road, Tiruchendur, Thoothukudi-628215.",TUTICORIN,SELF FINANCING COLLEGES TIER 3,CS,COMPUTER SCIENCE AND ENGINEERING,61028,107082,66305,144950,200457,,,0,0,0,0,0,0,0
4954,"Dr Sivanthi Aditanar College of Engineering, Tirunelveli Road, Tiruchendur, Thoothukudi-628215.",TUTICORIN,SELF FINANCING COLLEGES TIER 3,EC,ELECTRONICS AND COMMUNICATION ENGINEERING,78908,111913,,114934,218155,,,0,0,0,0,0,0,0
4954,"Dr Sivanthi Aditanar College of Engineering, Tirunelveli Road, Tiruchendur, Thoothukudi-628215.",TUTICORIN,SELF FINANCING COLLEGES TIER 3,EE,ELECTRICAL AND ELECTRONICS ENGINEERING,119676,131050,121350,163832,,,,0,0,0,0,0,0,0
4954,"Dr Sivanthi Aditanar College of Engineering, Tirunelveli Road, Tiruchendur, Thoothukudi-628215.",TUTICORIN,SELF FINANCING COLLEGES TIER 3,IT,INFORMATION TECHNOLOGY,88746,118734,99916,175402,221237,,,0,0,0,0,1,0,0
4954,"Dr Sivanthi Aditanar College of Engineering, Tirunelveli Road, Tiruchendur, Thoothukudi-628215.",TUTICORIN,SELF FINANCING COLLEGES TIER 3,ME,MECHANICAL ENGINEERING,184244,229597,,232152,217167,219054,,0,1,0,0,1,0,0
4955,"Francis Xavier Engineering College (Autonomous), 103 G2, By Pass Road, Vannarpettai, Tirunelveli-627003.",TIRUNELVELI,SELF FINANCING COLLEGES TIER 3,AD,Artificial Intelligence and Data Science,81961,121647,96487,148028,206085,,217345,0,0,0,0,1,0,0
4955,"Francis Xavier Engineering College (Autonomous), 103 G2, By Pass Road, Vannarpettai, Tirunelveli-627003.",TIRUNELVELI,SELF FINANCING COLLEGES TIER 3,CS,COMPUTER SCIENCE AND ENGINEERING,51306,91471,64600,136093,230621,104099,232595,0,0,0,0,0,1,1
4955,"Francis Xavier Engineering College (Autonomous), 103 G2, By Pass Road, Vannarpettai, Tirunelveli-627003.",TIRUNELVELI,SELF FINANCING COLLEGES TIER 3,EC,ELECTRONICS AND COMMUNICATION ENGINEERING,78696,125390,86384,156266,177733,121293,,0,0,0,0,1,1,0
4955,"Francis Xavier Engineering College (Autonomous), 103 G2, By Pass Road, Vannarpettai, Tirunelveli-627003.",TIRUNELVELI,SELF FINANCING COLLEGES TIER 3,EE,ELECTRICAL AND ELECTRONICS ENGINEERING,101026,143404,106409,163437,226915,,,0,0,0,0,1,0,0
4955,"Francis Xavier Engineering College (Autonomous), 103 G2, By Pass Road, Vannarpettai, Tirunelveli-627003.",TIRUNELVELI,SELF FINANCING COLLEGES TIER 3,IT,INFORMATION TECHNOLOGY,84624,109694,93765,144239,212329,,,0,0,0,0,1,0,0
4955,"Francis Xavier Engineering College (Autonomous), 103 G2, By Pass Road, Vannarpettai, Tirunelveli-627003.",TIRUNELVELI,SELF FINANCING COLLEGES TIER 3,ME,MECHANICAL ENGINEERING,121235,207789,124643,183271,204453,,,0,0,0,0,1,0,0
4956,"Jayamatha Engineering College, Thirurajapuram Muppandal, Aralvaimozhi, Kanyakumari-629301.",KANYAKUMARI,SELF FINANCING COLLEGES TIER 3,CE,CIVIL  ENGINEERING,,,,,,,,0,0,0,0,0,0,0
4956,"Jayamatha Engineering College, Thirurajapuram Muppandal, Aralvaimozhi, Kanyakumari-629301.",KANYAKUMARI,SELF FINANCING COLLEGES TIER 3,CS,COMPUTER SCIENCE AND ENGINEERING,,,,,,,,0,0,0,0,0,0,0
4956,"Jayamatha Engineering College, Thirurajapuram Muppandal, Aralvaimozhi, Kanyakumari-629301.",KANYAKUMARI,SELF FINANCING COLLEGES TIER 3,EC,ELECTRONICS AND COMMUNICATION ENGINEERING,,,,,,,,0,0,0,0,0,0,0
4956,"Jayamatha Engineering College, Thirurajapuram Muppandal, Aralvaimozhi, Kanyakumari-629301.",KANYAKUMARI,SELF FINANCING COLLEGES TIER 3,EE,ELECTRICAL AND ELECTRONICS ENGINEERING,,,,,,,,0,0,0,0,0,0,0
4956,"Jayamatha Engineering College, Thirurajapuram Muppandal, Aralvaimozhi, Kanyakumari-629301.",KANYAKUMARI,SELF FINANCING COLLEGES TIER 3,IC,INSTRUMENTATION AND CONTROL ENGINEERING,235217,,,,,,,1,0,0,0,0,0,0
4956,"Jayamatha Engineering College, Thirurajapuram Muppandal, Aralvaimozhi, Kanyakumari-629301.",KANYAKUMARI,SELF FINANCING COLLEGES TIER 3,ME,MECHANICAL ENGINEERING,,,,,,,,0,0,0,0,0,0,0
4957,"Jayaraj Annapackiam CSI College of Engineering, Margoschis Nagar, Nazareth, Thoothukudi District-628617.",TUTICORIN,SELF FINANCING COLLEGES TIER 3,AD,Artificial Intelligence and Data Science,141397,189942,156482,226154,239114,,,0,0,0,1,1,0,0
4957,"Jayaraj Annapackiam CSI College of Engineering, Margoschis Nagar, Nazareth, Thoothukudi District-628617.",TUTICORIN,SELF FINANCING COLLEGES TIER 3,CS,COMPUTER SCIENCE AND ENGINEERING,140006,182079,212372,232525,227938,,,0,0,0,1,1,0,0
4957,"Jayaraj Annapackiam CSI College of Engineering, Margoschis Nagar, Nazareth, Thoothukudi District-628617.",TUTICORIN,SELF FINANCING COLLEGES TIER 3,EC,ELECTRONICS AND COMMUNICATION ENGINEERING,192540,206242,209719,232693,214333,,,0,0,0,1,1,0,0
4957,"Jayaraj Annapackiam CSI College of Engineering, Margoschis Nagar, Nazareth, Thoothukudi District-628617.",TUTICORIN,SELF FINANCING COLLEGES TIER 3,IT,INFORMATION TECHNOLOGY,170680,192606,215602,224012,235703,,,0,0,0,1,1,0,0
4957,"Jayaraj Annapackiam CSI College of Engineering, Margoschis Nagar, Nazareth, Thoothukudi District-628617.",TUTICORIN,SELF FINANCING COLLEGES TIER 3,ME,MECHANICAL ENGINEERING,214306,229036,,,238596,,,0,0,0,0,1,0,0
4959,"Kamaraj College of Engineering and Technology (Autonomous), S.P.G.C.Nagar Post Box12, K.Vellakulam, Virudhunagar-626001.",VIRUDHUNAGAR,SELF FINANCING COLLEGES TIER 3,AD,Artificial Intelligence and Data Science,68750,93459,96407,126501,232079,,,0,0,0,0,1,0,0
4959,"Kamaraj College of Engineering and Technology (Autonomous), S.P.G.C.Nagar Post Box12, K.Vellakulam, Virudhunagar-626001.",VIRUDHUNAGAR,SELF FINANCING COLLEGES TIER 3,BT,BIO TECHNOLOGY,107667,156160,,171993,235424,,,0,0,0,0,1,0,0
4959,"Kamaraj College of Engineering and Technology (Autonomous), S.P.G.C.Nagar Post Box12, K.Vellakulam, Virudhunagar-626001.",VIRUDHUNAGAR,SELF FINANCING COLLEGES TIER 3,CE,CIVIL  ENGINEERING,99537,125534,119654,213800,213526,,,0,0,0,0,0,0,0
4959,"Kamaraj College of Engineering and Technology (Autonomous), S.P.G.C.Nagar Post Box12, K.Vellakulam, Virudhunagar-626001.",VIRUDHUNAGAR,SELF FINANCING COLLEGES TIER 3,CS,COMPUTER SCIENCE AND ENGINEERING,53633,74944,92220,88654,219753,214720,230607,0,0,0,0,1,0,0
4959,"Kamaraj College of Engineering and Technology (Autonomous), S.P.G.C.Nagar Post Box12, K.Vellakulam, Virudhunagar-626001.",VIRUDHUNAGAR,SELF FINANCING COLLEGES TIER 3,EC,ELECTRONICS AND COMMUNICATION ENGINEERING,71020,96891,87189,106547,173406,,,0,0,0,0,1,0,0
4959,"Kamaraj College of Engineering and Technology (Autonomous), S.P.G.C.Nagar Post Box12, K.Vellakulam, Virudhunagar-626001.",VIRUDHUNAGAR,SELF FINANCING COLLEGES TIER 3,EE,ELECTRICAL AND ELECTRONICS ENGINEERING,105535,125180,111286,157508,,,,0,0,0,0,0,0,0
4959,"Kamaraj College of Engineering and Technology (Autonomous), S.P.G.C.Nagar Post Box12, K.Vellakulam, Virudhunagar-626001.",VIRUDHUNAGAR,SELF FINANCING COLLEGES TIER 3,IT,INFORMATION TECHNOLOGY,75518,87591,85861,124688,228991,219086,,0,0,0,0,1,1,0
4959,"Kamaraj College of Engineering and Technology (Autonomous), S.P.G.C.Nagar Post Box12, K.Vellakulam, Virudhunagar-626001.",VIRUDHUNAGAR,SELF FINANCING COLLEGES TIER 3,ME,MECHANICAL ENGINEERING,112877,134026,,162805,218085,,,0,0,0,0,0,0,0
4959,"Kamaraj College of Engineering and Technology (Autonomous), S.P.G.C.Nagar Post Box12, K.Vellakulam, Virudhunagar-626001.",VIRUDHUNAGAR,SELF FINANCING COLLEGES TIER 3,MZ,Mechatronics Engineering,103668,140421,,160712,221964,,,0,0,0,0,1,0,0
4960,"Mepco Schlenk Engineering College (Autonomous), Sivakasi,Mepco Engineering College Post,Virudhunagar District-626005.",VIRUDHUNAGAR,SELF FINANCING COLLEGES TIER 1,AD,Artificial Intelligence and Data Science,34456,46970,59252,57469,162976,222862,,0,0,0,0,0,1,0
4960,"Mepco Schlenk Engineering College (Autonomous), Sivakasi,Mepco Engineering College Post,Virudhunagar District-626005.",VIRUDHUNAGAR,SELF FINANCING COLLEGES TIER 1,BM,BIO MEDICAL ENGINEERING,91980,110542,225026,142855,224985,,,0,0,0,0,0,0,0
4960,"Mepco Schlenk Engineering College (Autonomous), Sivakasi,Mepco Engineering College Post,Virudhunagar District-626005.",VIRUDHUNAGAR,SELF FINANCING COLLEGES TIER 1,BT,BIO TECHNOLOGY,59419,84752,127324,120972,191454,,,0,0,0,0,0,0,0
4960,"Mepco Schlenk Engineering College (Autonomous), Sivakasi,Mepco Engineering College Post,Virudhunagar District-626005.",VIRUDHUNAGAR,SELF FINANCING COLLEGES TIER 1,CE,CIVIL  ENGINEERING,81527,116838,154525,149540,210314,,,0,0,0,0,0,0,0
4960,"Mepco Schlenk Engineering College (Autonomous), Sivakasi,Mepco Engineering College Post,Virudhunagar District-626005.",VIRUDHUNAGAR,SELF FINANCING COLLEGES TIER 1,CS,COMPUTER SCIENCE AND ENGINEERING,23439,36113,32450,50909,136286,143594,,0,0,0,0,0,0,0
4960,"Mepco Schlenk Engineering College (Autonomous), Sivakasi,Mepco Engineering College Post,Virudhunagar District-626005.",VIRUDHUNAGAR,SELF FINANCING COLLEGES TIER 1,EC,ELECTRONICS AND COMMUNICATION ENGINEERING,28253,45140,43194,51542,150997,177246,,0,0,0,0,0,0,0
4960,"Mepco Schlenk Engineering College (Autonomous), Sivakasi,Mepco Engineering College Post,Virudhunagar District-626005.",VIRUDHUNAGAR,SELF FINANCING COLLEGES TIER 1,EE,ELECTRICAL AND ELECTRONICS ENGINEERING,50912,66001,52649,97819,176288,,220787,0,0,0,0,0,0,0
4960,"Mepco Schlenk Engineering College (Autonomous), Sivakasi,Mepco Engineering College Post,Virudhunagar District-626005.",VIRUDHUNAGAR,SELF FINANCING COLLEGES TIER 1,IT,INFORMATION TECHNOLOGY,33814,47004,45242,62243,172949,75098,,0,0,0,0,0,1,0
4960,"Mepco Schlenk Engineering College (Autonomous), Sivakasi,Mepco Engineering College Post,Virudhunagar District-626005.",VIRUDHUNAGAR,SELF FINANCING COLLEGES TIER 1,ME,MECHANICAL ENGINEERING,71950,97115,93526,139462,207969,,,0,0,0,0,0,0,0
4961,"Nellai College of Engineering , Maruthakulam P.O, Nanguneri Taluk, Tirunelveli-627151.",TIRUNELVELI,SELF FINANCING COLLEGES TIER 3,AD,Artificial Intelligence and Data Science,141630,,,,,,,1,0,0,0,0,0,0
4961,"Nellai College of Engineering , Maruthakulam P.O, Nanguneri Taluk, Tirunelveli-627151.",TIRUNELVELI,SELF FINANCING COLLEGES TIER 3,CE,CIVIL  ENGINEERING,187674,,,,,,,1,0,0,0,0,0,0
4961,"Nellai College of Engineering , Maruthakulam P.O, Nanguneri Taluk, Tirunelveli-627151.",TIRUNELVELI,SELF FINANCING COLLEGES TIER 3,CS,COMPUTER SCIENCE AND ENGINEERING,216904,,,,,,,1,0,0,0,0,0,0
4961,"Nellai College of Engineering , Maruthakulam P.O, Nanguneri Taluk, Tirunelveli-627151.",TIRUNELVELI,SELF FINANCING COLLEGES TIER 3,EC,ELECTRONICS AND COMMUNICATION ENGINEERING,237294,,,,,,,1,0,0,0,0,0,0
4961,"Nellai College of Engineering , Maruthakulam P.O, Nanguneri Taluk, Tirunelveli-627151.",TIRUNELVELI,SELF FINANCING COLLEGES TIER 3,EE,ELECTRICAL AND ELECTRONICS ENGINEERING,237202,,,,,,,1,0,0,0,0,0,0
4961,"Nellai College of Engineering , Maruthakulam P.O, Nanguneri Taluk, Tirunelveli-627151.",TIRUNELVELI,SELF FINANCING COLLEGES TIER 3,ME,MECHANICAL ENGINEERING,237799,,,,,,,1,0,0,0,0,0,0
4961,"Nellai College of Engineering , Maruthakulam P.O, Nanguneri Taluk, Tirunelveli-627151.",TIRUNELVELI,SELF FINANCING COLLEGES TIER 3,SC,Computer Science and Engineering (Cyber Security),180152,,,,,,,1,0,0,0,0,0,0
4962,"National Engineering College (Autonomous), K.R. Nagar, Nalattinputhur, Kovilpatti, Tuticorin District-628503.",TUTICORIN,SELF FINANCING COLLEGES TIER 2,AD,Artificial Intelligence and Data Science,27040,36714,30838,47463,128752,116957,,0,0,0,0,0,0,0
4962,"National Engineering College (Autonomous), K.R. Nagar, Nalattinputhur, Kovilpatti, Tuticorin District-628503.",TUTICORIN,SELF FINANCING COLLEGES TIER 2,CE,CIVIL  ENGINEERING,65314,111688,94858,131245,206106,,,0,0,0,0,1,0,0
4962,"National Engineering College (Autonomous), K.R. Nagar, Nalattinputhur, Kovilpatti, Tuticorin District-628503.",TUTICORIN,SELF FINANCING COLLEGES TIER 2,CS,COMPUTER SCIENCE AND ENGINEERING,17036,32494,27259,34546,100151,83497,,0,0,0,0,0,1,0
4962,"National Engineering College (Autonomous), K.R. Nagar, Nalattinputhur, Kovilpatti, Tuticorin District-628503.",TUTICORIN,SELF FINANCING COLLEGES TIER 2,EC,ELECTRONICS AND COMMUNICATION ENGINEERING,24286,39014,25513,53820,134758,233555,179794,0,0,0,0,0,0,0
4962,"National Engineering College (Autonomous), K.R. Nagar, Nalattinputhur, Kovilpatti, Tuticorin District-628503.",TUTICORIN,SELF FINANCING COLLEGES TIER 2,EE,ELECTRICAL AND ELECTRONICS ENGINEERING,40370,47611,46967,67584,143143,,,0,0,0,0,0,0,0
4962,"National Engineering College (Autonomous), K.R. Nagar, Nalattinputhur, Kovilpatti, Tuticorin District-628503.",TUTICORIN,SELF FINANCING COLLEGES TIER 2,IT,INFORMATION TECHNOLOGY,25826,36316,28412,50164,120282,135445,,0,0,0,0,0,0,0
4962,"National Engineering College (Autonomous), K.R. Nagar, Nalattinputhur, Kovilpatti, Tuticorin District-628503.",TUTICORIN,SELF FINANCING COLLEGES TIER 2,ME,MECHANICAL ENGINEERING,56358,81580,,127679,224288,234868,,0,0,0,0,0,0,0
4964,PSN College of Engineering and  Technology (Autonomous) Melathediyoor  Tirunelveli-627 152,TIRUNELVELI,SELF FINANCING COLLEGES TIER 3,AD,Artificial Intelligence and Data Science,158773,196073,229902,209777,195257,,,0,0,0,0,0,0,0
4964,PSN College of Engineering and  Technology (Autonomous) Melathediyoor  Tirunelveli-627 152,TIRUNELVELI,SELF FINANCING COLLEGES TIER 3,AE,AERONAUTICAL ENGINEERING,225246,237416,,233408,238992,235211,,0,1,0,1,1,1,0
4964,PSN College of Engineering and  Technology (Autonomous) Melathediyoor  Tirunelveli-627 152,TIRUNELVELI,SELF FINANCING COLLEGES TIER 3,AM,COMPUTER SCIENCE AND ENGINEERING (AI AND MACHINE LEARNING),186738,208071,224614,238387,218618,,,0,0,0,0,0,0,0
4964,PSN College of Engineering and  Technology (Autonomous) Melathediyoor  Tirunelveli-627 152,TIRUNELVELI,SELF FINANCING COLLEGES TIER 3,BM,BIO MEDICAL ENGINEERING,228372,,,,,,,1,0,0,0,0,0,0
4964,PSN College of Engineering and  Technology (Autonomous) Melathediyoor  Tirunelveli-627 152,TIRUNELVELI,SELF FINANCING COLLEGES TIER 3,CE,CIVIL  ENGINEERING,233362,,,,,,,1,0,0,0,0,0,0
4964,PSN College of Engineering and  Technology (Autonomous) Melathediyoor  Tirunelveli-627 152,TIRUNELVELI,SELF FINANCING COLLEGES TIER 3,CS,COMPUTER SCIENCE AND ENGINEERING,131216,205548,212865,228269,207808,223150,,0,0,0,0,0,0,0
4964,PSN College of Engineering and  Technology (Autonomous) Melathediyoor  Tirunelveli-627 152,TIRUNELVELI,SELF FINANCING COLLEGES TIER 3,EC,ELECTRONICS AND COMMUNICATION ENGINEERING,188165,233522,237349,236469,225461,,,0,0,1,1,1,0,0
4964,PSN College of Engineering and  Technology (Autonomous) Melathediyoor  Tirunelveli-627 152,TIRUNELVELI,SELF FINANCING COLLEGES TIER 3,EE,ELECTRICAL AND ELECTRONICS ENGINEERING,217574,235794,,238801,,,,0,1,0,1,0,0,0
4964,PSN College of Engineering and  Technology (Autonomous) Melathediyoor  Tirunelveli-627 152,TIRUNELVELI,SELF FINANCING COLLEGES TIER 3,ME,MECHANICAL ENGINEERING,227500,238662,232982,239252,235284,,,0,1,1,1,1,0,0
4964,PSN College of Engineering and  Technology (Autonomous) Melathediyoor  Tirunelveli-627 152,TIRUNELVELI,SELF FINANCING COLLEGES TIER 3,MR,MARINE ENGINEERING,,,,,,,,0,0,0,0,0,0,0
4964,PSN College of Engineering and  Technology (Autonomous) Melathediyoor  Tirunelveli-627 152,TIRUNELVELI,SELF FINANCING COLLEGES TIER 3,MU,MECHANICAL AND AUTOMATION ENGINEERING,238323,,,,,,,1,0,0,0,0,0,0
4965,"P.S.R. Engineering College (Autonomous), Appayanaickenpatty, Sevalpatty, Sivakasi, Virudhunagar District -626140.",VIRUDHUNAGAR,SELF FINANCING COLLEGES TIER 3,AD,Artificial Intelligence and Data Science,96099,125224,104626,140727,236685,,,0,0,1,0,0,0,0
4965,"P.S.R. Engineering College (Autonomous), Appayanaickenpatty, Sevalpatty, Sivakasi, Virudhunagar District -626140.",VIRUDHUNAGAR,SELF FINANCING COLLEGES TIER 3,BM,BIO MEDICAL ENGINEERING,156766,217264,232916,204456,238579,,,0,0,0,0,1,0,0
4965,"P.S.R. Engineering College (Autonomous), Appayanaickenpatty, Sevalpatty, Sivakasi, Virudhunagar District -626140.",VIRUDHUNAGAR,SELF FINANCING COLLEGES TIER 3,BT,BIO TECHNOLOGY,135812,185753,182193,179421,233297,236481,,0,0,0,0,1,0,0
4965,"P.S.R. Engineering College (Autonomous), Appayanaickenpatty, Sevalpatty, Sivakasi, Virudhunagar District -626140.",VIRUDHUNAGAR,SELF FINANCING COLLEGES TIER 3,CE,CIVIL  ENGINEERING,152358,182643,,219789,236848,,,0,0,0,0,1,0,0
4965,"P.S.R. Engineering College (Autonomous), Appayanaickenpatty, Sevalpatty, Sivakasi, Virudhunagar District -626140.",VIRUDHUNAGAR,SELF FINANCING COLLEGES TIER 3,CS,COMPUTER SCIENCE AND ENGINEERING,76176,119759,109452,140441,233322,,,0,0,0,0,0,0,0
4965,"P.S.R. Engineering College (Autonomous), Appayanaickenpatty, Sevalpatty, Sivakasi, Virudhunagar District -626140.",VIRUDHUNAGAR,SELF FINANCING COLLEGES TIER 3,EC,ELECTRONICS AND COMMUNICATION ENGINEERING,100330,132869,158108,147768,236508,207265,,0,0,0,0,1,1,0
4965,"P.S.R. Engineering College (Autonomous), Appayanaickenpatty, Sevalpatty, Sivakasi, Virudhunagar District -626140.",VIRUDHUNAGAR,SELF FINANCING COLLEGES TIER 3,EE,ELECTRICAL AND ELECTRONICS ENGINEERING,142534,169080,225966,186901,207336,202391,,0,0,1,0,1,1,0
4965,"P.S.R. Engineering College (Autonomous), Appayanaickenpatty, Sevalpatty, Sivakasi, Virudhunagar District -626140.",VIRUDHUNAGAR,SELF FINANCING COLLEGES TIER 3,IT,INFORMATION TECHNOLOGY,102858,130581,124466,143407,222188,,,0,0,0,0,1,0,0
4965,"P.S.R. Engineering College (Autonomous), Appayanaickenpatty, Sevalpatty, Sivakasi, Virudhunagar District -626140.",VIRUDHUNAGAR,SELF FINANCING COLLEGES TIER 3,ME,MECHANICAL ENGINEERING,177667,224839,,219169,219990,,,0,0,0,0,1,0,0
4966,"PET Engineering College, Thiruchendur Road, Vallioor, Tirunelveli -627117.",TIRUNELVELI,SELF FINANCING COLLEGES TIER 3,AD,Artificial Intelligence and Data Science,123399,208702,143560,205285,239041,,,0,0,0,1,1,0,0
4966,"PET Engineering College, Thiruchendur Road, Vallioor, Tirunelveli -627117.",TIRUNELVELI,SELF FINANCING COLLEGES TIER 3,CE,CIVIL  ENGINEERING,236209,239185,,,,,,0,1,0,0,0,0,0
4966,"PET Engineering College, Thiruchendur Road, Vallioor, Tirunelveli -627117.",TIRUNELVELI,SELF FINANCING COLLEGES TIER 3,CS,COMPUTER SCIENCE AND ENGINEERING,148363,211065,161325,225659,239102,,,0,0,0,1,1,0,0
4966,"PET Engineering College, Thiruchendur Road, Vallioor, Tirunelveli -627117.",TIRUNELVELI,SELF FINANCING COLLEGES TIER 3,EC,ELECTRONICS AND COMMUNICATION ENGINEERING,136985,215599,201800,228341,218507,,,0,0,0,1,1,0,0
4966,"PET Engineering College, Thiruchendur Road, Vallioor, Tirunelveli -627117.",TIRUNELVELI,SELF FINANCING COLLEGES TIER 3,EE,ELECTRICAL AND ELECTRONICS ENGINEERING,186537,228042,196081,,,,,0,0,0,0,0,0,0
4966,"PET Engineering College, Thiruchendur Road, Vallioor, Tirunelveli -627117.",TIRUNELVELI,SELF FINANCING COLLEGES TIER 3,ME,MECHANICAL ENGINEERING,189944,228152,203127,238503,227193,,,0,0,0,1,1,0,0
4967,"S. Veerasamy Chettiar College of Engineering and Technology, S.V.Nagar, Puliangudi (Post), Sivagiri (Taluk), Tirunelveli District-627855.",TENKASI,SELF FINANCING COLLEGES TIER 3,AD,Artificial Intelligence and Data Science,,,,,,,,0,0,0,0,0,0,0
4967,"S. Veerasamy Chettiar College of Engineering and Technology, S.V.Nagar, Puliangudi (Post), Sivagiri (Taluk), Tirunelveli District-627855.",TENKASI,SELF FINANCING COLLEGES TIER 3,CE,CIVIL  ENGINEERING,,,,,,,,0,0,0,0,0,0,0
4967,"S. Veerasamy Chettiar College of Engineering and Technology, S.V.Nagar, Puliangudi (Post), Sivagiri (Taluk), Tirunelveli District-627855.",TENKASI,SELF FINANCING COLLEGES TIER 3,CS,COMPUTER SCIENCE AND ENGINEERING,235665,,,,,,,1,0,0,0,0,0,0
4967,"S. Veerasamy Chettiar College of Engineering and Technology, S.V.Nagar, Puliangudi (Post), Sivagiri (Taluk), Tirunelveli District-627855.",TENKASI,SELF FINANCING COLLEGES TIER 3,EC,ELECTRONICS AND COMMUNICATION ENGINEERING,198994,,,,,,,1,0,0,0,0,0,0
4967,"S. Veerasamy Chettiar College of Engineering and Technology, S.V.Nagar, Puliangudi (Post), Sivagiri (Taluk), Tirunelveli District-627855.",TENKASI,SELF FINANCING COLLEGES TIER 3,EE,ELECTRICAL AND ELECTRONICS ENGINEERING,221918,,,,,,,1,0,0,0,0,0,0
4967,"S. Veerasamy Chettiar College of Engineering and Technology, S.V.Nagar, Puliangudi (Post), Sivagiri (Taluk), Tirunelveli District-627855.",TENKASI,SELF FINANCING COLLEGES TIER 3,IT,INFORMATION TECHNOLOGY,,,,,,,,0,0,0,0,0,0,0
4967,"S. Veerasamy Chettiar College of Engineering and Technology, S.V.Nagar, Puliangudi (Post), Sivagiri (Taluk), Tirunelveli District-627855.",TENKASI,SELF FINANCING COLLEGES TIER 3,ME,MECHANICAL ENGINEERING,231087,,,,,,,1,0,0,0,0,0,0
4967,"S. Veerasamy Chettiar College of Engineering and Technology, S.V.Nagar, Puliangudi (Post), Sivagiri (Taluk), Tirunelveli District-627855.",TENKASI,SELF FINANCING COLLEGES TIER 3,SC,Computer Science and Engineering (Cyber Security),,,,,,,,0,0,0,0,0,0,0
4968,"Sardar Raja College of Engineering, Raja Nagar, Alangulam, Tirunelveli Distict-627808.",TENKASI,SELF FINANCING COLLEGES TIER 3,AD,Artificial Intelligence and Data Science,236957,237677,,,238290,,,0,1,0,0,1,0,0
4968,"Sardar Raja College of Engineering, Raja Nagar, Alangulam, Tirunelveli Distict-627808.",TENKASI,SELF FINANCING COLLEGES TIER 3,CE,CIVIL  ENGINEERING,,,,,,,,0,0,0,0,0,0,0
4968,"Sardar Raja College of Engineering, Raja Nagar, Alangulam, Tirunelveli Distict-627808.",TENKASI,SELF FINANCING COLLEGES TIER 3,CS,COMPUTER SCIENCE AND ENGINEERING,178152,235750,,203926,237181,,,0,1,0,1,1,0,0
4968,"Sardar Raja College of Engineering, Raja Nagar, Alangulam, Tirunelveli Distict-627808.",TENKASI,SELF FINANCING COLLEGES TIER 3,EC,ELECTRONICS AND COMMUNICATION ENGINEERING,208054,234256,,218112,237141,,,0,1,0,1,1,0,0
4968,"Sardar Raja College of Engineering, Raja Nagar, Alangulam, Tirunelveli Distict-627808.",TENKASI,SELF FINANCING COLLEGES TIER 3,EE,ELECTRICAL AND ELECTRONICS ENGINEERING,226316,237906,,,,,,0,1,0,0,0,0,0
4968,"Sardar Raja College of Engineering, Raja Nagar, Alangulam, Tirunelveli Distict-627808.",TENKASI,SELF FINANCING COLLEGES TIER 3,ME,MECHANICAL ENGINEERING,231047,,,,,,,1,0,0,0,0,0,0
4968,"Sardar Raja College of Engineering, Raja Nagar, Alangulam, Tirunelveli Distict-627808.",TENKASI,SELF FINANCING COLLEGES TIER 3,SC,Computer Science and Engineering (Cyber Security),239100,,,,,,,1,0,0,0,0,0,0
4969,"SCAD College of Engineering and Technology, Scad Nagar, Cheranmahadevi, Tirunelveli-627414.",TIRUNELVELI,SELF FINANCING COLLEGES TIER 3,AD,Artificial Intelligence and Data Science,190818,233624,222512,235993,,,,0,1,0,1,0,0,0
4969,"SCAD College of Engineering and Technology, Scad Nagar, Cheranmahadevi, Tirunelveli-627414.",TIRUNELVELI,SELF FINANCING COLLEGES TIER 3,CS,COMPUTER SCIENCE AND ENGINEERING,158209,235554,219162,234437,232165,203367,,0,1,0,1,1,1,0
4969,"SCAD College of Engineering and Technology, Scad Nagar, Cheranmahadevi, Tirunelveli-627414.",TIRUNELVELI,SELF FINANCING COLLEGES TIER 3,EC,ELECTRONICS AND COMMUNICATION ENGINEERING,152997,228743,174247,210085,198715,,,0,0,0,1,1,0,0
4969,"SCAD College of Engineering and Technology, Scad Nagar, Cheranmahadevi, Tirunelveli-627414.",TIRUNELVELI,SELF FINANCING COLLEGES TIER 3,EE,ELECTRICAL AND ELECTRONICS ENGINEERING,238799,,,,,,,1,0,0,0,0,0,0
4969,"SCAD College of Engineering and Technology, Scad Nagar, Cheranmahadevi, Tirunelveli-627414.",TIRUNELVELI,SELF FINANCING COLLEGES TIER 3,IT,INFORMATION TECHNOLOGY,183899,228092,202886,,,,,0,1,0,0,0,0,0
4969,"SCAD College of Engineering and Technology, Scad Nagar, Cheranmahadevi, Tirunelveli-627414.",TIRUNELVELI,SELF FINANCING COLLEGES TIER 3,ME,MECHANICAL ENGINEERING,235180,,,,,,,1,0,0,0,0,0,0
4970,"Sree Sowdambika College of Engineering, Chettikurichi, Aruppukottai, Virudhunagar-626134.",VIRUDHUNAGAR,SELF FINANCING COLLEGES TIER 3,AD,Artificial Intelligence and Data Science,201744,214863,238312,217483,,,,0,1,0,1,0,0,0
4970,"Sree Sowdambika College of Engineering, Chettikurichi, Aruppukottai, Virudhunagar-626134.",VIRUDHUNAGAR,SELF FINANCING COLLEGES TIER 3,CE,CIVIL  ENGINEERING,219517,237800,,236758,,,,0,1,0,1,0,0,0
4970,"Sree Sowdambika College of Engineering, Chettikurichi, Aruppukottai, Virudhunagar-626134.",VIRUDHUNAGAR,SELF FINANCING COLLEGES TIER 3,CS,COMPUTER SCIENCE AND ENGINEERING,128364,168852,178925,224351,219194,213346,,0,0,0,0,0,0,0
4970,"Sree Sowdambika College of Engineering, Chettikurichi, Aruppukottai, Virudhunagar-626134.",VIRUDHUNAGAR,SELF FINANCING COLLEGES TIER 3,EC,ELECTRONICS AND COMMUNICATION ENGINEERING,179695,236359,225605,232855,195543,,,0,1,1,1,1,0,0
4970,"Sree Sowdambika College of Engineering, Chettikurichi, Aruppukottai, Virudhunagar-626134.",VIRUDHUNAGAR,SELF FINANCING COLLEGES TIER 3,EE,ELECTRICAL AND ELECTRONICS ENGINEERING,236253,,,,,,,1,0,0,0,0,0,0
4970,"Sree Sowdambika College of Engineering, Chettikurichi, Aruppukottai, Virudhunagar-626134.",VIRUDHUNAGAR,SELF FINANCING COLLEGES TIER 3,ME,MECHANICAL ENGINEERING,236678,,,237909,,,,0,0,0,1,0,0,0
4971,"St. Xavier's Catholic College of Engineering (Autonomous), Chunkankadai, Kanyakumari District, Nagercoil-629003.",KANYAKUMARI,SELF FINANCING COLLEGES TIER 3,AD,Artificial Intelligence and Data Science,68723,122507,99374,219766,232840,,,0,0,0,0,1,0,0
4971,"St. Xavier's Catholic College of Engineering (Autonomous), Chunkankadai, Kanyakumari District, Nagercoil-629003.",KANYAKUMARI,SELF FINANCING COLLEGES TIER 3,CE,CIVIL  ENGINEERING,109984,141814,122707,,,,,0,0,0,0,0,0,0
4971,"St. Xavier's Catholic College of Engineering (Autonomous), Chunkankadai, Kanyakumari District, Nagercoil-629003.",KANYAKUMARI,SELF FINANCING COLLEGES TIER 3,CS,COMPUTER SCIENCE AND ENGINEERING,43431,57844,81829,151420,214786,,,0,0,0,0,1,0,0
4971,"St. Xavier's Catholic College of Engineering (Autonomous), Chunkankadai, Kanyakumari District, Nagercoil-629003.",KANYAKUMARI,SELF FINANCING COLLEGES TIER 3,EC,ELECTRONICS AND COMMUNICATION ENGINEERING,52465,81703,99663,178116,192897,,,0,0,0,1,1,0,0
4971,"St. Xavier's Catholic College of Engineering (Autonomous), Chunkankadai, Kanyakumari District, Nagercoil-629003.",KANYAKUMARI,SELF FINANCING COLLEGES TIER 3,EE,ELECTRICAL AND ELECTRONICS ENGINEERING,100880,143474,112203,156155,,,,0,0,0,0,0,0,0
4971,"St. Xavier's Catholic College of Engineering (Autonomous), Chunkankadai, Kanyakumari District, Nagercoil-629003.",KANYAKUMARI,SELF FINANCING COLLEGES TIER 3,IT,INFORMATION TECHNOLOGY,75687,89541,88596,216925,217719,,,0,0,0,0,1,0,0
4971,"St. Xavier's Catholic College of Engineering (Autonomous), Chunkankadai, Kanyakumari District, Nagercoil-629003.",KANYAKUMARI,SELF FINANCING COLLEGES TIER 3,ME,MECHANICAL ENGINEERING,164044,210694,177781,228758,222288,,,0,0,0,1,1,0,0
4971,"St. Xavier's Catholic College of Engineering (Autonomous), Chunkankadai, Kanyakumari District, Nagercoil-629003.",KANYAKUMARI,SELF FINANCING COLLEGES TIER 3,SC,Computer Science and Engineering (Cyber Security),65558,94446,85383,186618,153033,,188325,0,0,0,0,1,0,0
4975,"Dr G.U. Pope College of Engineering, Pope Nagar, Sawyerpuram, Thoothukudi-628251.",TUTICORIN,SELF FINANCING COLLEGES TIER 3,CE,CIVIL  ENGINEERING,238700,,,,,,,1,0,0,0,0,0,0
4975,"Dr G.U. Pope College of Engineering, Pope Nagar, Sawyerpuram, Thoothukudi-628251.",TUTICORIN,SELF FINANCING COLLEGES TIER 3,CS,COMPUTER SCIENCE AND ENGINEERING,165757,239180,207374,235259,232529,,,0,1,1,1,1,0,0
4975,"Dr G.U. Pope College of Engineering, Pope Nagar, Sawyerpuram, Thoothukudi-628251.",TUTICORIN,SELF FINANCING COLLEGES TIER 3,EC,ELECTRONICS AND COMMUNICATION ENGINEERING,160288,237352,,230922,238605,,,0,1,0,1,1,0,0
4975,"Dr G.U. Pope College of Engineering, Pope Nagar, Sawyerpuram, Thoothukudi-628251.",TUTICORIN,SELF FINANCING COLLEGES TIER 3,EE,ELECTRICAL AND ELECTRONICS ENGINEERING,235657,238786,,,,,,0,1,0,0,0,0,0
4975,"Dr G.U. Pope College of Engineering, Pope Nagar, Sawyerpuram, Thoothukudi-628251.",TUTICORIN,SELF FINANCING COLLEGES TIER 3,ME,MECHANICAL ENGINEERING,228783,236235,,,,,,0,1,0,0,0,0,0
4976,"Infant Jesus College of Engineering, Kamarajar Nagar, Tirunelveli-Thoothukudi Highway (NH-7A), Keelavallanadu Village, Ellanayakkan Patti Post, Srivaikundam Taluk, Thoothukudi District-628851.",TUTICORIN,SELF FINANCING COLLEGES TIER 3,AD,Artificial Intelligence and Data Science,227842,,,,,,,1,0,0,0,0,0,0
4976,"Infant Jesus College of Engineering, Kamarajar Nagar, Tirunelveli-Thoothukudi Highway (NH-7A), Keelavallanadu Village, Ellanayakkan Patti Post, Srivaikundam Taluk, Thoothukudi District-628851.",TUTICORIN,SELF FINANCING COLLEGES TIER 3,AE,AERONAUTICAL ENGINEERING,235312,,,,,,,0,0,0,0,0,0,0
4976,"Infant Jesus College of Engineering, Kamarajar Nagar, Tirunelveli-Thoothukudi Highway (NH-7A), Keelavallanadu Village, Ellanayakkan Patti Post, Srivaikundam Taluk, Thoothukudi District-628851.",TUTICORIN,SELF FINANCING COLLEGES TIER 3,AG,AGRICULTURAL ENGINEERING,234130,,,,,,,1,0,0,0,0,0,0
4976,"Infant Jesus College of Engineering, Kamarajar Nagar, Tirunelveli-Thoothukudi Highway (NH-7A), Keelavallanadu Village, Ellanayakkan Patti Post, Srivaikundam Taluk, Thoothukudi District-628851.",TUTICORIN,SELF FINANCING COLLEGES TIER 3,CS,COMPUTER SCIENCE AND ENGINEERING,212225,230933,,215063,234458,,,0,1,0,1,1,0,0
4976,"Infant Jesus College of Engineering, Kamarajar Nagar, Tirunelveli-Thoothukudi Highway (NH-7A), Keelavallanadu Village, Ellanayakkan Patti Post, Srivaikundam Taluk, Thoothukudi District-628851.",TUTICORIN,SELF FINANCING COLLEGES TIER 3,EC,ELECTRONICS AND COMMUNICATION ENGINEERING,225271,,,,,,,1,0,0,0,0,0,0
4976,"Infant Jesus College of Engineering, Kamarajar Nagar, Tirunelveli-Thoothukudi Highway (NH-7A), Keelavallanadu Village, Ellanayakkan Patti Post, Srivaikundam Taluk, Thoothukudi District-628851.",TUTICORIN,SELF FINANCING COLLEGES TIER 3,EE,ELECTRICAL AND ELECTRONICS ENGINEERING,230949,,,,233847,,,0,0,0,0,1,0,0
4976,"Infant Jesus College of Engineering, Kamarajar Nagar, Tirunelveli-Thoothukudi Highway (NH-7A), Keelavallanadu Village, Ellanayakkan Patti Post, Srivaikundam Taluk, Thoothukudi District-628851.",TUTICORIN,SELF FINANCING COLLEGES TIER 3,ME,MECHANICAL ENGINEERING,188352,,,,,,,1,0,0,0,0,0,0
4977,"Narayanaguru College of Engineering, Chittadavu, Manjalumoodu, Vilavancode Taluk, Kuzhithurai, Kanyakumari District-629151.",KANYAKUMARI,SELF FINANCING COLLEGES TIER 3,AD,Artificial Intelligence and Data Science,238185,,,,,,,1,0,0,0,0,0,0
4977,"Narayanaguru College of Engineering, Chittadavu, Manjalumoodu, Vilavancode Taluk, Kuzhithurai, Kanyakumari District-629151.",KANYAKUMARI,SELF FINANCING COLLEGES TIER 3,CE,CIVIL  ENGINEERING,237850,,,,,,,1,0,0,0,0,0,0
4977,"Narayanaguru College of Engineering, Chittadavu, Manjalumoodu, Vilavancode Taluk, Kuzhithurai, Kanyakumari District-629151.",KANYAKUMARI,SELF FINANCING COLLEGES TIER 3,CS,COMPUTER SCIENCE AND ENGINEERING,234357,,,,,,,1,0,0,0,0,0,0
4977,"Narayanaguru College of Engineering, Chittadavu, Manjalumoodu, Vilavancode Taluk, Kuzhithurai, Kanyakumari District-629151.",KANYAKUMARI,SELF FINANCING COLLEGES TIER 3,EC,ELECTRONICS AND COMMUNICATION ENGINEERING,229561,,,,,,,1,0,0,0,0,0,0
4977,"Narayanaguru College of Engineering, Chittadavu, Manjalumoodu, Vilavancode Taluk, Kuzhithurai, Kanyakumari District-629151.",KANYAKUMARI,SELF FINANCING COLLEGES TIER 3,EE,ELECTRICAL AND ELECTRONICS ENGINEERING,219612,,,,,,,1,0,0,0,0,0,0
4977,"Narayanaguru College of Engineering, Chittadavu, Manjalumoodu, Vilavancode Taluk, Kuzhithurai, Kanyakumari District-629151.",KANYAKUMARI,SELF FINANCING COLLEGES TIER 3,IT,INFORMATION TECHNOLOGY,233384,,,,,,,1,0,0,0,0,0,0
4977,"Narayanaguru College of Engineering, Chittadavu, Manjalumoodu, Vilavancode Taluk, Kuzhithurai, Kanyakumari District-629151.",KANYAKUMARI,SELF FINANCING COLLEGES TIER 3,ME,MECHANICAL ENGINEERING,221780,,,,,,,1,0,0,0,0,0,0
4978,"Udaya School of Engineering, Udaya Nagar, Vellamadi Junction,Ammandivilai Post, Kanyakumarai District, Nagercoil-629204.",KANYAKUMARI,SELF FINANCING COLLEGES TIER 3,AE,AERONAUTICAL ENGINEERING,234690,235059,,238315,,,,0,1,0,1,0,0,0
4978,"Udaya School of Engineering, Udaya Nagar, Vellamadi Junction,Ammandivilai Post, Kanyakumarai District, Nagercoil-629204.",KANYAKUMARI,SELF FINANCING COLLEGES TIER 3,AG,AGRICULTURAL ENGINEERING,232231,,,,,,,1,0,0,0,0,0,0
4978,"Udaya School of Engineering, Udaya Nagar, Vellamadi Junction,Ammandivilai Post, Kanyakumarai District, Nagercoil-629204.",KANYAKUMARI,SELF FINANCING COLLEGES TIER 3,AM,COMPUTER SCIENCE AND ENGINEERING (AI AND MACHINE LEARNING),212796,238740,,235152,,,,0,0,0,1,0,0,0
4978,"Udaya School of Engineering, Udaya Nagar, Vellamadi Junction,Ammandivilai Post, Kanyakumarai District, Nagercoil-629204.",KANYAKUMARI,SELF FINANCING COLLEGES TIER 3,BM,BIO MEDICAL ENGINEERING,238434,,,,,,,1,0,0,0,0,0,0
4978,"Udaya School of Engineering, Udaya Nagar, Vellamadi Junction,Ammandivilai Post, Kanyakumarai District, Nagercoil-629204.",KANYAKUMARI,SELF FINANCING COLLEGES TIER 3,BT,BIO TECHNOLOGY,239031,,,,,,,1,0,0,0,0,0,0
4978,"Udaya School of Engineering, Udaya Nagar, Vellamadi Junction,Ammandivilai Post, Kanyakumarai District, Nagercoil-629204.",KANYAKUMARI,SELF FINANCING COLLEGES TIER 3,CE,CIVIL  ENGINEERING,,,,,,,,0,0,0,0,0,0,0
4978,"Udaya School of Engineering, Udaya Nagar, Vellamadi Junction,Ammandivilai Post, Kanyakumarai District, Nagercoil-629204.",KANYAKUMARI,SELF FINANCING COLLEGES TIER 3,CS,COMPUTER SCIENCE AND ENGINEERING,197491,217021,,233900,208594,,,0,1,0,1,1,0,0
4978,"Udaya School of Engineering, Udaya Nagar, Vellamadi Junction,Ammandivilai Post, Kanyakumarai District, Nagercoil-629204.",KANYAKUMARI,SELF FINANCING COLLEGES TIER 3,EC,ELECTRONICS AND COMMUNICATION ENGINEERING,238681,,,,,,,1,0,0,0,0,0,0
4978,"Udaya School of Engineering, Udaya Nagar, Vellamadi Junction,Ammandivilai Post, Kanyakumarai District, Nagercoil-629204.",KANYAKUMARI,SELF FINANCING COLLEGES TIER 3,EE,ELECTRICAL AND ELECTRONICS ENGINEERING,238212,,,,,,,1,0,0,0,0,0,0
4978,"Udaya School of Engineering, Udaya Nagar, Vellamadi Junction,Ammandivilai Post, Kanyakumarai District, Nagercoil-629204.",KANYAKUMARI,SELF FINANCING COLLEGES TIER 3,ME,MECHANICAL ENGINEERING,238826,,,,,,,1,0,0,0,0,0,0
4978,"Udaya School of Engineering, Udaya Nagar, Vellamadi Junction,Ammandivilai Post, Kanyakumarai District, Nagercoil-629204.",KANYAKUMARI,SELF FINANCING COLLEGES TIER 3,RM,ROBOTICS AND AUTOMATION,,,,,,,,0,0,0,0,0,0,0
4978,"Udaya School of Engineering, Udaya Nagar, Vellamadi Junction,Ammandivilai Post, Kanyakumarai District, Nagercoil-629204.",KANYAKUMARI,SELF FINANCING COLLEGES TIER 3,SC,Computer Science and Engineering (Cyber Security),211059,236402,,225108,,,,0,1,0,1,0,0,0
4980,"Einstein College of Engineering, Sir.C.V.Raman Nagar, Seethaparpanallur, Tirunelveli-627012.",TIRUNELVELI,SELF FINANCING COLLEGES TIER 3,AD,Artificial Intelligence and Data Science,122305,160613,209208,178021,208202,,,0,0,0,1,1,0,0
4980,"Einstein College of Engineering, Sir.C.V.Raman Nagar, Seethaparpanallur, Tirunelveli-627012.",TIRUNELVELI,SELF FINANCING COLLEGES TIER 3,CE,CIVIL  ENGINEERING,181942,219074,,,,,,0,0,0,0,0,0,0
4980,"Einstein College of Engineering, Sir.C.V.Raman Nagar, Seethaparpanallur, Tirunelveli-627012.",TIRUNELVELI,SELF FINANCING COLLEGES TIER 3,CS,COMPUTER SCIENCE AND ENGINEERING,125238,174602,198183,236822,236712,,,0,0,0,1,1,0,0
4980,"Einstein College of Engineering, Sir.C.V.Raman Nagar, Seethaparpanallur, Tirunelveli-627012.",TIRUNELVELI,SELF FINANCING COLLEGES TIER 3,EC,ELECTRONICS AND COMMUNICATION ENGINEERING,133778,179162,182785,225046,,,,0,0,0,1,0,0,0
4980,"Einstein College of Engineering, Sir.C.V.Raman Nagar, Seethaparpanallur, Tirunelveli-627012.",TIRUNELVELI,SELF FINANCING COLLEGES TIER 3,EE,ELECTRICAL AND ELECTRONICS ENGINEERING,180524,215036,,197848,237659,,,0,0,0,1,1,0,0
4980,"Einstein College of Engineering, Sir.C.V.Raman Nagar, Seethaparpanallur, Tirunelveli-627012.",TIRUNELVELI,SELF FINANCING COLLEGES TIER 3,ME,MECHANICAL ENGINEERING,223179,238953,,,228865,,,0,0,0,0,1,0,0
4981,"Ponjesly College of Engineering, Near Parvathipuram, Alamparai, Veturnimadam Post, Nagercoil-629003.",KANYAKUMARI,SELF FINANCING COLLEGES TIER 3,AD,Artificial Intelligence and Data Science,125733,148528,137541,237849,148200,,,0,0,0,1,1,0,0
4981,"Ponjesly College of Engineering, Near Parvathipuram, Alamparai, Veturnimadam Post, Nagercoil-629003.",KANYAKUMARI,SELF FINANCING COLLEGES TIER 3,AM,COMPUTER SCIENCE AND ENGINEERING (AI AND MACHINE LEARNING),127994,154163,133061,224528,,,,0,0,0,1,0,0,0
4981,"Ponjesly College of Engineering, Near Parvathipuram, Alamparai, Veturnimadam Post, Nagercoil-629003.",KANYAKUMARI,SELF FINANCING COLLEGES TIER 3,CE,CIVIL  ENGINEERING,210714,235802,,,238388,,,0,1,0,0,1,0,0
4981,"Ponjesly College of Engineering, Near Parvathipuram, Alamparai, Veturnimadam Post, Nagercoil-629003.",KANYAKUMARI,SELF FINANCING COLLEGES TIER 3,CS,COMPUTER SCIENCE AND ENGINEERING,94597,147943,121726,202961,196539,,,0,0,0,1,1,0,0
4981,"Ponjesly College of Engineering, Near Parvathipuram, Alamparai, Veturnimadam Post, Nagercoil-629003.",KANYAKUMARI,SELF FINANCING COLLEGES TIER 3,EC,ELECTRONICS AND COMMUNICATION ENGINEERING,101702,147505,163030,224534,177744,,,0,0,0,1,1,0,0
4981,"Ponjesly College of Engineering, Near Parvathipuram, Alamparai, Veturnimadam Post, Nagercoil-629003.",KANYAKUMARI,SELF FINANCING COLLEGES TIER 3,EE,ELECTRICAL AND ELECTRONICS ENGINEERING,170395,217302,201407,215624,,,,0,0,0,1,0,0,0
4981,"Ponjesly College of Engineering, Near Parvathipuram, Alamparai, Veturnimadam Post, Nagercoil-629003.",KANYAKUMARI,SELF FINANCING COLLEGES TIER 3,IT,INFORMATION TECHNOLOGY,130052,153900,139914,192062,210800,,,0,0,0,1,1,0,0
4981,"Ponjesly College of Engineering, Near Parvathipuram, Alamparai, Veturnimadam Post, Nagercoil-629003.",KANYAKUMARI,SELF FINANCING COLLEGES TIER 3,ME,MECHANICAL ENGINEERING,181160,217493,183426,223421,,,,0,0,1,1,0,0,0
4982,"Vins Christian College of Engineering, Vins Nagar, Chunkankadai, Nagercoil, Kanyakumari-629807.",KANYAKUMARI,SELF FINANCING COLLEGES TIER 3,AD,Artificial Intelligence and Data Science,223273,,,,,,,1,0,0,0,0,0,0
4982,"Vins Christian College of Engineering, Vins Nagar, Chunkankadai, Nagercoil, Kanyakumari-629807.",KANYAKUMARI,SELF FINANCING COLLEGES TIER 3,AG,AGRICULTURAL ENGINEERING,,,,,,,,0,0,0,0,0,0,0
4982,"Vins Christian College of Engineering, Vins Nagar, Chunkankadai, Nagercoil, Kanyakumari-629807.",KANYAKUMARI,SELF FINANCING COLLEGES TIER 3,AM,COMPUTER SCIENCE AND ENGINEERING (AI AND MACHINE LEARNING),195866,,,,,,,1,0,0,0,0,0,0
4982,"Vins Christian College of Engineering, Vins Nagar, Chunkankadai, Nagercoil, Kanyakumari-629807.",KANYAKUMARI,SELF FINANCING COLLEGES TIER 3,CE,CIVIL  ENGINEERING,152701,,,,,,,1,0,0,0,0,0,0
4982,"Vins Christian College of Engineering, Vins Nagar, Chunkankadai, Nagercoil, Kanyakumari-629807.",KANYAKUMARI,SELF FINANCING COLLEGES TIER 3,CS,COMPUTER SCIENCE AND ENGINEERING,197123,218438,,,213162,,,0,1,0,0,1,0,0
4982,"Vins Christian College of Engineering, Vins Nagar, Chunkankadai, Nagercoil, Kanyakumari-629807.",KANYAKUMARI,SELF FINANCING COLLEGES TIER 3,EC,ELECTRONICS AND COMMUNICATION ENGINEERING,221778,,,,,,,1,0,0,0,0,0,0
4982,"Vins Christian College of Engineering, Vins Nagar, Chunkankadai, Nagercoil, Kanyakumari-629807.",KANYAKUMARI,SELF FINANCING COLLEGES TIER 3,EE,ELECTRICAL AND ELECTRONICS ENGINEERING,,,,,,,,0,0,0,0,0,0,0
4982,"Vins Christian College of Engineering, Vins Nagar, Chunkankadai, Nagercoil, Kanyakumari-629807.",KANYAKUMARI,SELF FINANCING COLLEGES TIER 3,IT,INFORMATION TECHNOLOGY,211757,,,,,,,1,0,0,0,0,0,0
4982,"Vins Christian College of Engineering, Vins Nagar, Chunkankadai, Nagercoil, Kanyakumari-629807.",KANYAKUMARI,SELF FINANCING COLLEGES TIER 3,ME,MECHANICAL ENGINEERING,227464,,,,,,,1,0,0,0,0,0,0
4982,"Vins Christian College of Engineering, Vins Nagar, Chunkankadai, Nagercoil, Kanyakumari-629807.",KANYAKUMARI,SELF FINANCING COLLEGES TIER 3,SC,Computer Science and Engineering (Cyber Security),,,,,,,,0,0,0,0,0,0,0
4983,"Lord Jegannath College of Engineering and Technology, PSN Nagar, Ramanathichanputhur, Marungoor, Kanyakumari District, Nagercoil-629402.",KANYAKUMARI,SELF FINANCING COLLEGES TIER 3,AE,AERONAUTICAL ENGINEERING,239286,,,,,,,1,0,0,0,0,0,0
4983,"Lord Jegannath College of Engineering and Technology, PSN Nagar, Ramanathichanputhur, Marungoor, Kanyakumari District, Nagercoil-629402.",KANYAKUMARI,SELF FINANCING COLLEGES TIER 3,AG,AGRICULTURAL ENGINEERING,234259,,,,,,,1,0,0,0,0,0,0
4983,"Lord Jegannath College of Engineering and Technology, PSN Nagar, Ramanathichanputhur, Marungoor, Kanyakumari District, Nagercoil-629402.",KANYAKUMARI,SELF FINANCING COLLEGES TIER 3,CE,CIVIL  ENGINEERING,,,,,,,,0,0,0,0,0,0,0
4983,"Lord Jegannath College of Engineering and Technology, PSN Nagar, Ramanathichanputhur, Marungoor, Kanyakumari District, Nagercoil-629402.",KANYAKUMARI,SELF FINANCING COLLEGES TIER 3,CS,COMPUTER SCIENCE AND ENGINEERING,237773,,,,,,,1,0,0,0,0,0,0
4983,"Lord Jegannath College of Engineering and Technology, PSN Nagar, Ramanathichanputhur, Marungoor, Kanyakumari District, Nagercoil-629402.",KANYAKUMARI,SELF FINANCING COLLEGES TIER 3,EC,ELECTRONICS AND COMMUNICATION ENGINEERING,233075,,,,,,,1,0,0,0,0,0,0
4983,"Lord Jegannath College of Engineering and Technology, PSN Nagar, Ramanathichanputhur, Marungoor, Kanyakumari District, Nagercoil-629402.",KANYAKUMARI,SELF FINANCING COLLEGES TIER 3,EE,ELECTRICAL AND ELECTRONICS ENGINEERING,,,,,,,,0,0,0,0,0,0,0
4983,"Lord Jegannath College of Engineering and Technology, PSN Nagar, Ramanathichanputhur, Marungoor, Kanyakumari District, Nagercoil-629402.",KANYAKUMARI,SELF FINANCING COLLEGES TIER 3,ME,MECHANICAL ENGINEERING,,,,,,,,0,0,0,0,0,0,0
4983,"Lord Jegannath College of Engineering and Technology, PSN Nagar, Ramanathichanputhur, Marungoor, Kanyakumari District, Nagercoil-629402.",KANYAKUMARI,SELF FINANCING COLLEGES TIER 3,RM,ROBOTICS AND AUTOMATION,201124,,,,,,,1,0,0,0,0,0,0
4984,"MARTHANDAM COLLEGE OF ENGINEERING AND TECHNOLOGY, P.M.VILLAGE ROAD, KUTTAKUZHI, VEEYANNOOR POST, MARTHANDAM, KANYAKUMARI DISTRICT - 629177",KANYAKUMARI,SELF FINANCING COLLEGES TIER 3,AD,Artificial Intelligence and Data Science,235053,,,,,,,1,0,0,0,0,0,0
4984,"MARTHANDAM COLLEGE OF ENGINEERING AND TECHNOLOGY, P.M.VILLAGE ROAD, KUTTAKUZHI, VEEYANNOOR POST, MARTHANDAM, KANYAKUMARI DISTRICT - 629177",KANYAKUMARI,SELF FINANCING COLLEGES TIER 3,CE,CIVIL  ENGINEERING,,,,,,,,0,0,0,0,0,0,0
4984,"MARTHANDAM COLLEGE OF ENGINEERING AND TECHNOLOGY, P.M.VILLAGE ROAD, KUTTAKUZHI, VEEYANNOOR POST, MARTHANDAM, KANYAKUMARI DISTRICT - 629177",KANYAKUMARI,SELF FINANCING COLLEGES TIER 3,CS,COMPUTER SCIENCE AND ENGINEERING,230478,,,,,,,1,0,0,0,0,0,0
4984,"MARTHANDAM COLLEGE OF ENGINEERING AND TECHNOLOGY, P.M.VILLAGE ROAD, KUTTAKUZHI, VEEYANNOOR POST, MARTHANDAM, KANYAKUMARI DISTRICT - 629177",KANYAKUMARI,SELF FINANCING COLLEGES TIER 3,EC,ELECTRONICS AND COMMUNICATION ENGINEERING,235770,,,,,,,1,0,0,0,0,0,0
4984,"MARTHANDAM COLLEGE OF ENGINEERING AND TECHNOLOGY, P.M.VILLAGE ROAD, KUTTAKUZHI, VEEYANNOOR POST, MARTHANDAM, KANYAKUMARI DISTRICT - 629177",KANYAKUMARI,SELF FINANCING COLLEGES TIER 3,EE,ELECTRICAL AND ELECTRONICS ENGINEERING,226239,,,,,,,1,0,0,0,0,0,0
4984,"MARTHANDAM COLLEGE OF ENGINEERING AND TECHNOLOGY, P.M.VILLAGE ROAD, KUTTAKUZHI, VEEYANNOOR POST, MARTHANDAM, KANYAKUMARI DISTRICT - 629177",KANYAKUMARI,SELF FINANCING COLLEGES TIER 3,IT,INFORMATION TECHNOLOGY,238121,,,,,,,1,0,0,0,0,0,0
4984,"MARTHANDAM COLLEGE OF ENGINEERING AND TECHNOLOGY, P.M.VILLAGE ROAD, KUTTAKUZHI, VEEYANNOOR POST, MARTHANDAM, KANYAKUMARI DISTRICT - 629177",KANYAKUMARI,SELF FINANCING COLLEGES TIER 3,ME,MECHANICAL ENGINEERING,236511,,,,,,,1,0,0,0,0,0,0
4986,"NOORUL ISLAM COLLEGE OF ENGINEERING AND TECHNOLOGY, PUNKARAI, THIRUVITHANCODE (PO), KANYAKUMARI-629174.",KANYAKUMARI,SELF FINANCING COLLEGES TIER 3,AD,Artificial Intelligence and Data Science,215799,,,,,,,1,0,0,0,0,0,0
4986,"NOORUL ISLAM COLLEGE OF ENGINEERING AND TECHNOLOGY, PUNKARAI, THIRUVITHANCODE (PO), KANYAKUMARI-629174.",KANYAKUMARI,SELF FINANCING COLLEGES TIER 3,CS,COMPUTER SCIENCE AND ENGINEERING,231397,237972,236124,,,,,0,1,1,0,0,0,0
4986,"NOORUL ISLAM COLLEGE OF ENGINEERING AND TECHNOLOGY, PUNKARAI, THIRUVITHANCODE (PO), KANYAKUMARI-629174.",KANYAKUMARI,SELF FINANCING COLLEGES TIER 3,EC,ELECTRONICS AND COMMUNICATION ENGINEERING,147724,,,,,,,1,0,0,0,0,0,0
4986,"NOORUL ISLAM COLLEGE OF ENGINEERING AND TECHNOLOGY, PUNKARAI, THIRUVITHANCODE (PO), KANYAKUMARI-629174.",KANYAKUMARI,SELF FINANCING COLLEGES TIER 3,EE,ELECTRICAL AND ELECTRONICS ENGINEERING,160395,,,,,,,1,0,0,0,0,0,0
4986,"NOORUL ISLAM COLLEGE OF ENGINEERING AND TECHNOLOGY, PUNKARAI, THIRUVITHANCODE (PO), KANYAKUMARI-629174.",KANYAKUMARI,SELF FINANCING COLLEGES TIER 3,IT,INFORMATION TECHNOLOGY,,,,,,,,0,0,0,0,0,0,0
4986,"NOORUL ISLAM COLLEGE OF ENGINEERING AND TECHNOLOGY, PUNKARAI, THIRUVITHANCODE (PO), KANYAKUMARI-629174.",KANYAKUMARI,SELF FINANCING COLLEGES TIER 3,ME,MECHANICAL ENGINEERING,229574,,,,,,,1,0,0,0,0,0,0
4989,"PSN Engineering College, Melathediyoor, Palayamkottai, Tirunelveli-627152.",TIRUNELVELI,SELF FINANCING COLLEGES TIER 3,AD,Artificial Intelligence and Data Science,138831,196792,174231,210680,237905,,,0,0,1,1,1,0,0
4989,"PSN Engineering College, Melathediyoor, Palayamkottai, Tirunelveli-627152.",TIRUNELVELI,SELF FINANCING COLLEGES TIER 3,AG,AGRICULTURAL ENGINEERING,228823,,,,,,,1,0,0,0,0,0,0
4989,"PSN Engineering College, Melathediyoor, Palayamkottai, Tirunelveli-627152.",TIRUNELVELI,SELF FINANCING COLLEGES TIER 3,AU,AUTOMOBILE ENGINEERING,236110,,,,,,,1,0,0,0,0,0,0
4989,"PSN Engineering College, Melathediyoor, Palayamkottai, Tirunelveli-627152.",TIRUNELVELI,SELF FINANCING COLLEGES TIER 3,BM,BIO MEDICAL ENGINEERING,226620,238502,,231990,,,,0,1,0,1,0,0,0
4989,"PSN Engineering College, Melathediyoor, Palayamkottai, Tirunelveli-627152.",TIRUNELVELI,SELF FINANCING COLLEGES TIER 3,CE,CIVIL  ENGINEERING,237871,,,,,,,1,0,0,0,0,0,0
4989,"PSN Engineering College, Melathediyoor, Palayamkottai, Tirunelveli-627152.",TIRUNELVELI,SELF FINANCING COLLEGES TIER 3,CS,COMPUTER SCIENCE AND ENGINEERING,169808,203756,203073,230921,236853,,,0,0,1,1,1,0,0
4989,"PSN Engineering College, Melathediyoor, Palayamkottai, Tirunelveli-627152.",TIRUNELVELI,SELF FINANCING COLLEGES TIER 3,EC,ELECTRONICS AND COMMUNICATION ENGINEERING,203116,237699,220970,239219,,203400,,0,0,1,1,0,1,0
4989,"PSN Engineering College, Melathediyoor, Palayamkottai, Tirunelveli-627152.",TIRUNELVELI,SELF FINANCING COLLEGES TIER 3,IT,INFORMATION TECHNOLOGY,198607,232318,238558,235379,228420,,,0,1,0,1,1,0,0
4989,"PSN Engineering College, Melathediyoor, Palayamkottai, Tirunelveli-627152.",TIRUNELVELI,SELF FINANCING COLLEGES TIER 3,ME,MECHANICAL ENGINEERING,238508,,,,,,,1,0,0,0,0,0,0
4992,"Bethlahem Institute of Engineering, Nadutheri, Karungal, Kanyakumari-629157.",KANYAKUMARI,SELF FINANCING COLLEGES TIER 3,AM,COMPUTER SCIENCE AND ENGINEERING (AI AND MACHINE LEARNING),186685,237559,233324,229616,228947,,,0,0,0,1,1,0,0
4992,"Bethlahem Institute of Engineering, Nadutheri, Karungal, Kanyakumari-629157.",KANYAKUMARI,SELF FINANCING COLLEGES TIER 3,BM,BIO MEDICAL ENGINEERING,232564,,,,,,,1,0,0,0,0,0,0
4992,"Bethlahem Institute of Engineering, Nadutheri, Karungal, Kanyakumari-629157.",KANYAKUMARI,SELF FINANCING COLLEGES TIER 3,CE,CIVIL  ENGINEERING,216861,231814,,,,,,0,1,0,0,0,0,0
4992,"Bethlahem Institute of Engineering, Nadutheri, Karungal, Kanyakumari-629157.",KANYAKUMARI,SELF FINANCING COLLEGES TIER 3,CS,COMPUTER SCIENCE AND ENGINEERING,185796,236937,213728,231098,234800,,,0,0,1,1,1,0,0
4992,"Bethlahem Institute of Engineering, Nadutheri, Karungal, Kanyakumari-629157.",KANYAKUMARI,SELF FINANCING COLLEGES TIER 3,EC,ELECTRONICS AND COMMUNICATION ENGINEERING,188254,238301,,,198046,,224283,0,1,0,0,1,0,0
4992,"Bethlahem Institute of Engineering, Nadutheri, Karungal, Kanyakumari-629157.",KANYAKUMARI,SELF FINANCING COLLEGES TIER 3,EE,ELECTRICAL AND ELECTRONICS ENGINEERING,209742,,,,,,,1,0,0,0,0,0,0
4992,"Bethlahem Institute of Engineering, Nadutheri, Karungal, Kanyakumari-629157.",KANYAKUMARI,SELF FINANCING COLLEGES TIER 3,IT,INFORMATION TECHNOLOGY,224848,233767,,,,,,0,1,0,0,0,0,0
4992,"Bethlahem Institute of Engineering, Nadutheri, Karungal, Kanyakumari-629157.",KANYAKUMARI,SELF FINANCING COLLEGES TIER 3,ME,MECHANICAL ENGINEERING,234425,237685,,,,,,0,1,0,0,0,0,0
4993,"Loyola Institute of Technology and Science, P.Bo. No.2, Thovalai - Rajavoor Road, Loyola Nagar, Theroor Village, Thovalai, Kanyakumari District-629302.",KANYAKUMARI,SELF FINANCING COLLEGES TIER 3,AD,Artificial Intelligence and Data Science,192469,234513,,213617,,,,0,0,0,1,0,0,0
4993,"Loyola Institute of Technology and Science, P.Bo. No.2, Thovalai - Rajavoor Road, Loyola Nagar, Theroor Village, Thovalai, Kanyakumari District-629302.",KANYAKUMARI,SELF FINANCING COLLEGES TIER 3,AG,AGRICULTURAL ENGINEERING,198565,,,,,,,1,0,0,0,0,0,0
4993,"Loyola Institute of Technology and Science, P.Bo. No.2, Thovalai - Rajavoor Road, Loyola Nagar, Theroor Village, Thovalai, Kanyakumari District-629302.",KANYAKUMARI,SELF FINANCING COLLEGES TIER 3,AM,COMPUTER SCIENCE AND ENGINEERING (AI AND MACHINE LEARNING),214611,235161,228174,230120,,,,0,1,0,1,0,0,0
4993,"Loyola Institute of Technology and Science, P.Bo. No.2, Thovalai - Rajavoor Road, Loyola Nagar, Theroor Village, Thovalai, Kanyakumari District-629302.",KANYAKUMARI,SELF FINANCING COLLEGES TIER 3,BM,BIO MEDICAL ENGINEERING,226065,,,,,,,0,0,0,0,0,0,0
4993,"Loyola Institute of Technology and Science, P.Bo. No.2, Thovalai - Rajavoor Road, Loyola Nagar, Theroor Village, Thovalai, Kanyakumari District-629302.",KANYAKUMARI,SELF FINANCING COLLEGES TIER 3,CS,COMPUTER SCIENCE AND ENGINEERING,189120,238366,234639,228456,,,,0,1,1,1,0,0,0
4993,"Loyola Institute of Technology and Science, P.Bo. No.2, Thovalai - Rajavoor Road, Loyola Nagar, Theroor Village, Thovalai, Kanyakumari District-629302.",KANYAKUMARI,SELF FINANCING COLLEGES TIER 3,EC,ELECTRONICS AND COMMUNICATION ENGINEERING,208555,232307,214922,237401,214297,,,0,1,1,1,1,0,0
4993,"Loyola Institute of Technology and Science, P.Bo. No.2, Thovalai - Rajavoor Road, Loyola Nagar, Theroor Village, Thovalai, Kanyakumari District-629302.",KANYAKUMARI,SELF FINANCING COLLEGES TIER 3,EE,ELECTRICAL AND ELECTRONICS ENGINEERING,236174,,,,,,,0,0,0,0,0,0,0
4993,"Loyola Institute of Technology and Science, P.Bo. No.2, Thovalai - Rajavoor Road, Loyola Nagar, Theroor Village, Thovalai, Kanyakumari District-629302.",KANYAKUMARI,SELF FINANCING COLLEGES TIER 3,IT,INFORMATION TECHNOLOGY,223936,237825,,232059,230337,,,0,1,0,1,1,0,0
4993,"Loyola Institute of Technology and Science, P.Bo. No.2, Thovalai - Rajavoor Road, Loyola Nagar, Theroor Village, Thovalai, Kanyakumari District-629302.",KANYAKUMARI,SELF FINANCING COLLEGES TIER 3,ME,MECHANICAL ENGINEERING,234718,238202,,,,,,0,1,0,0,0,0,0
4994,"J.P. College of Engineering, College Road, Ayikudy, Tenkasi Taluk, Tirunelveli District-627852.",TENKASI,SELF FINANCING COLLEGES TIER 3,AD,Artificial Intelligence and Data Science,155115,233261,179067,233356,236741,,,0,0,0,1,1,0,0
4994,"J.P. College of Engineering, College Road, Ayikudy, Tenkasi Taluk, Tirunelveli District-627852.",TENKASI,SELF FINANCING COLLEGES TIER 3,CE,CIVIL  ENGINEERING,209434,238631,220273,235874,237512,,,0,1,0,1,1,0,0
4994,"J.P. College of Engineering, College Road, Ayikudy, Tenkasi Taluk, Tirunelveli District-627852.",TENKASI,SELF FINANCING COLLEGES TIER 3,CS,COMPUTER SCIENCE AND ENGINEERING,148421,208430,201742,230336,232227,,,0,0,0,1,1,0,0
4994,"J.P. College of Engineering, College Road, Ayikudy, Tenkasi Taluk, Tirunelveli District-627852.",TENKASI,SELF FINANCING COLLEGES TIER 3,EC,ELECTRONICS AND COMMUNICATION ENGINEERING,181615,237296,196666,230135,234490,,,0,1,0,1,1,0,0
4994,"J.P. College of Engineering, College Road, Ayikudy, Tenkasi Taluk, Tirunelveli District-627852.",TENKASI,SELF FINANCING COLLEGES TIER 3,EE,ELECTRICAL AND ELECTRONICS ENGINEERING,213404,229106,,,,,,0,1,0,0,0,0,0
4994,"J.P. College of Engineering, College Road, Ayikudy, Tenkasi Taluk, Tirunelveli District-627852.",TENKASI,SELF FINANCING COLLEGES TIER 3,IT,INFORMATION TECHNOLOGY,152989,212968,204859,238742,223599,,,0,0,0,1,1,0,0
4994,"J.P. College of Engineering, College Road, Ayikudy, Tenkasi Taluk, Tirunelveli District-627852.",TENKASI,SELF FINANCING COLLEGES TIER 3,ME,MECHANICAL ENGINEERING,224796,,236377,236682,,,,0,0,0,1,0,0,0
4996,"Sri Vidya College of Engineering and Technology, Sivakasi Main Road, P.Kumaralingapuram, Virudhunagar-626005.",VIRUDHUNAGAR,SELF FINANCING COLLEGES TIER 3,AD,Artificial Intelligence and Data Science,231917,235853,,237368,,,,0,1,0,1,0,0,0
4996,"Sri Vidya College of Engineering and Technology, Sivakasi Main Road, P.Kumaralingapuram, Virudhunagar-626005.",VIRUDHUNAGAR,SELF FINANCING COLLEGES TIER 3,CB,COMPUTER SCIENCE AND BUSSINESS SYSTEM,,,,,,,,0,0,0,0,0,0,0
4996,"Sri Vidya College of Engineering and Technology, Sivakasi Main Road, P.Kumaralingapuram, Virudhunagar-626005.",VIRUDHUNAGAR,SELF FINANCING COLLEGES TIER 3,CE,CIVIL  ENGINEERING,202811,,,,,,,1,0,0,0,0,0,0
4996,"Sri Vidya College of Engineering and Technology, Sivakasi Main Road, P.Kumaralingapuram, Virudhunagar-626005.",VIRUDHUNAGAR,SELF FINANCING COLLEGES TIER 3,CS,COMPUTER SCIENCE AND ENGINEERING,223711,,,,,232614,,0,0,0,0,0,0,0
4996,"Sri Vidya College of Engineering and Technology, Sivakasi Main Road, P.Kumaralingapuram, Virudhunagar-626005.",VIRUDHUNAGAR,SELF FINANCING COLLEGES TIER 3,EC,ELECTRONICS AND COMMUNICATION ENGINEERING,227310,,,,,,,1,0,0,0,0,0,0
4996,"Sri Vidya College of Engineering and Technology, Sivakasi Main Road, P.Kumaralingapuram, Virudhunagar-626005.",VIRUDHUNAGAR,SELF FINANCING COLLEGES TIER 3,EE,ELECTRICAL AND ELECTRONICS ENGINEERING,177739,,,,,,,1,0,0,0,0,0,0
4996,"Sri Vidya College of Engineering and Technology, Sivakasi Main Road, P.Kumaralingapuram, Virudhunagar-626005.",VIRUDHUNAGAR,SELF FINANCING COLLEGES TIER 3,ME,MECHANICAL ENGINEERING,197748,,,,,,,1,0,0,0,0,0,0
4998,"Mahakavi Bharathiyar College of Engineering and Technology, Kovil Nagar, Vasudevanallur, Sivagiri Taluk, Tirunelveli District -627758.",TENKASI,SELF FINANCING COLLEGES TIER 3,CE,CIVIL  ENGINEERING,,,,,,,,0,0,0,0,0,0,0
4998,"Mahakavi Bharathiyar College of Engineering and Technology, Kovil Nagar, Vasudevanallur, Sivagiri Taluk, Tirunelveli District -627758.",TENKASI,SELF FINANCING COLLEGES TIER 3,CS,COMPUTER SCIENCE AND ENGINEERING,,,,,,,,0,0,0,0,0,0,0
4998,"Mahakavi Bharathiyar College of Engineering and Technology, Kovil Nagar, Vasudevanallur, Sivagiri Taluk, Tirunelveli District -627758.",TENKASI,SELF FINANCING COLLEGES TIER 3,EC,ELECTRONICS AND COMMUNICATION ENGINEERING,,,,,,,,0,0,0,0,0,0,0
4998,"Mahakavi Bharathiyar College of Engineering and Technology, Kovil Nagar, Vasudevanallur, Sivagiri Taluk, Tirunelveli District -627758.",TENKASI,SELF FINANCING COLLEGES TIER 3,EE,ELECTRICAL AND ELECTRONICS ENGINEERING,,,,,,,,0,0,0,0,0,0,0
4998,"Mahakavi Bharathiyar College of Engineering and Technology, Kovil Nagar, Vasudevanallur, Sivagiri Taluk, Tirunelveli District -627758.",TENKASI,SELF FINANCING COLLEGES TIER 3,ME,MECHANICAL ENGINEERING,,,,,,,,0,0,0,0,0,0,0
4999,"Annai Vailankanni College of Engineering, AVK Nagar, Pothaiyadisalai Pottalkulam, Azhagappapuram PO, Kanyakumari District, Nagercoil-629401.",KANYAKUMARI,SELF FINANCING COLLEGES TIER 3,AD,Artificial Intelligence and Data Science,173112,231959,,234927,237463,228193,,0,0,0,1,0,1,0
4999,"Annai Vailankanni College of Engineering, AVK Nagar, Pothaiyadisalai Pottalkulam, Azhagappapuram PO, Kanyakumari District, Nagercoil-629401.",KANYAKUMARI,SELF FINANCING COLLEGES TIER 3,BM,BIO MEDICAL ENGINEERING,224427,235138,,,,,,0,1,0,0,0,0,0
4999,"Annai Vailankanni College of Engineering, AVK Nagar, Pothaiyadisalai Pottalkulam, Azhagappapuram PO, Kanyakumari District, Nagercoil-629401.",KANYAKUMARI,SELF FINANCING COLLEGES TIER 3,CS,COMPUTER SCIENCE AND ENGINEERING,143471,225119,,233787,223241,229874,,0,0,0,1,1,1,0
4999,"Annai Vailankanni College of Engineering, AVK Nagar, Pothaiyadisalai Pottalkulam, Azhagappapuram PO, Kanyakumari District, Nagercoil-629401.",KANYAKUMARI,SELF FINANCING COLLEGES TIER 3,EC,ELECTRONICS AND COMMUNICATION ENGINEERING,179369,236450,,231279,239189,,,0,1,0,1,1,0,0
4999,"Annai Vailankanni College of Engineering, AVK Nagar, Pothaiyadisalai Pottalkulam, Azhagappapuram PO, Kanyakumari District, Nagercoil-629401.",KANYAKUMARI,SELF FINANCING COLLEGES TIER 3,ME,MECHANICAL ENGINEERING,233838,,,,,,,0,0,0,0,0,0,0
5502,"Sri Raajaraajan College of Engineering and Technology, No.146/4B1, Amaravathi Village, Amaravathypudhur(Post), Karaikudi Taluk, Sivagangai District-630301.",SIVAGANGAI,SELF FINANCING COLLEGES TIER 3,AD,Artificial Intelligence and Data Science,161261,216550,166319,237216,,,,0,1,0,1,0,0,0
5502,"Sri Raajaraajan College of Engineering and Technology, No.146/4B1, Amaravathi Village, Amaravathypudhur(Post), Karaikudi Taluk, Sivagangai District-630301.",SIVAGANGAI,SELF FINANCING COLLEGES TIER 3,AG,AGRICULTURAL ENGINEERING,211345,,,,,,,1,0,0,0,0,0,0
5502,"Sri Raajaraajan College of Engineering and Technology, No.146/4B1, Amaravathi Village, Amaravathypudhur(Post), Karaikudi Taluk, Sivagangai District-630301.",SIVAGANGAI,SELF FINANCING COLLEGES TIER 3,CE,CIVIL  ENGINEERING,197130,238468,238966,199731,,,,0,0,0,1,0,0,0
5502,"Sri Raajaraajan College of Engineering and Technology, No.146/4B1, Amaravathi Village, Amaravathypudhur(Post), Karaikudi Taluk, Sivagangai District-630301.",SIVAGANGAI,SELF FINANCING COLLEGES TIER 3,CS,COMPUTER SCIENCE AND ENGINEERING,168594,236275,237894,236759,232783,235380,,0,0,1,1,1,1,0
5502,"Sri Raajaraajan College of Engineering and Technology, No.146/4B1, Amaravathi Village, Amaravathypudhur(Post), Karaikudi Taluk, Sivagangai District-630301.",SIVAGANGAI,SELF FINANCING COLLEGES TIER 3,EC,ELECTRONICS AND COMMUNICATION ENGINEERING,216348,,236138,,,,,0,0,0,0,0,0,0
5502,"Sri Raajaraajan College of Engineering and Technology, No.146/4B1, Amaravathi Village, Amaravathypudhur(Post), Karaikudi Taluk, Sivagangai District-630301.",SIVAGANGAI,SELF FINANCING COLLEGES TIER 3,EE,ELECTRICAL AND ELECTRONICS ENGINEERING,216165,238919,,,,,,0,1,0,0,0,0,0
5502,"Sri Raajaraajan College of Engineering and Technology, No.146/4B1, Amaravathi Village, Amaravathypudhur(Post), Karaikudi Taluk, Sivagangai District-630301.",SIVAGANGAI,SELF FINANCING COLLEGES TIER 3,ME,MECHANICAL ENGINEERING,226183,235852,,,,,,0,1,0,0,0,0,0
5530,"SSM Institute of Engineering and Technology (Autonomous), Kuttathupatti Village, Begambur Post, Dindigul Taluk & District-624002.",DINDIGUL,SELF FINANCING COLLEGES TIER 3,AD,Artificial Intelligence and Data Science,81830,115905,90337,156597,189011,,,0,0,0,0,0,0,0
5530,"SSM Institute of Engineering and Technology (Autonomous), Kuttathupatti Village, Begambur Post, Dindigul Taluk & District-624002.",DINDIGUL,SELF FINANCING COLLEGES TIER 3,AM,COMPUTER SCIENCE AND ENGINEERING (AI AND MACHINE LEARNING),124712,139030,166856,179321,238327,217562,,0,0,0,0,1,0,0
5530,"SSM Institute of Engineering and Technology (Autonomous), Kuttathupatti Village, Begambur Post, Dindigul Taluk & District-624002.",DINDIGUL,SELF FINANCING COLLEGES TIER 3,CB,COMPUTER SCIENCE AND BUSSINESS SYSTEM,140721,155612,151143,214929,223452,,,0,0,0,0,1,0,0
5530,"SSM Institute of Engineering and Technology (Autonomous), Kuttathupatti Village, Begambur Post, Dindigul Taluk & District-624002.",DINDIGUL,SELF FINANCING COLLEGES TIER 3,CE,CIVIL  ENGINEERING,179116,213321,182655,236052,231413,,,0,0,0,1,0,0,0
5530,"SSM Institute of Engineering and Technology (Autonomous), Kuttathupatti Village, Begambur Post, Dindigul Taluk & District-624002.",DINDIGUL,SELF FINANCING COLLEGES TIER 3,CS,COMPUTER SCIENCE AND ENGINEERING,60913,74610,61500,151116,174460,216449,,0,0,0,0,0,0,0
5530,"SSM Institute of Engineering and Technology (Autonomous), Kuttathupatti Village, Begambur Post, Dindigul Taluk & District-624002.",DINDIGUL,SELF FINANCING COLLEGES TIER 3,EC,ELECTRONICS AND COMMUNICATION ENGINEERING,87827,119218,106743,134462,194919,174722,,0,0,0,0,0,0,0
5530,"SSM Institute of Engineering and Technology (Autonomous), Kuttathupatti Village, Begambur Post, Dindigul Taluk & District-624002.",DINDIGUL,SELF FINANCING COLLEGES TIER 3,EE,ELECTRICAL AND ELECTRONICS ENGINEERING,154512,198915,183984,207286,224659,,,0,0,0,0,1,0,0
5530,"SSM Institute of Engineering and Technology (Autonomous), Kuttathupatti Village, Begambur Post, Dindigul Taluk & District-624002.",DINDIGUL,SELF FINANCING COLLEGES TIER 3,IT,INFORMATION TECHNOLOGY,88463,116647,92396,143917,217208,203879,,0,0,0,0,1,0,0
5530,"SSM Institute of Engineering and Technology (Autonomous), Kuttathupatti Village, Begambur Post, Dindigul Taluk & District-624002.",DINDIGUL,SELF FINANCING COLLEGES TIER 3,ME,MECHANICAL ENGINEERING,136624,204967,181714,194110,,,,0,0,0,0,0,0,0
5530,"SSM Institute of Engineering and Technology (Autonomous), Kuttathupatti Village, Begambur Post, Dindigul Taluk & District-624002.",DINDIGUL,SELF FINANCING COLLEGES TIER 3,SC,Computer Science and Engineering (Cyber Security),107632,136474,140470,178756,231654,228475,,0,0,0,0,1,0,0
5532,"Vaigai College of Engineering, Therkutheru, Melur Taluk, Madurai-625122.",MADURAI,SELF FINANCING COLLEGES TIER 3,CE,CIVIL  ENGINEERING,230710,,,,,,,1,0,0,0,0,0,0
5532,"Vaigai College of Engineering, Therkutheru, Melur Taluk, Madurai-625122.",MADURAI,SELF FINANCING COLLEGES TIER 3,CS,COMPUTER SCIENCE AND ENGINEERING,175717,215332,176626,230883,178504,190852,183272,0,1,0,1,1,0,0
5532,"Vaigai College of Engineering, Therkutheru, Melur Taluk, Madurai-625122.",MADURAI,SELF FINANCING COLLEGES TIER 3,EC,ELECTRONICS AND COMMUNICATION ENGINEERING,237289,,,,,,,1,0,0,0,0,0,0
5532,"Vaigai College of Engineering, Therkutheru, Melur Taluk, Madurai-625122.",MADURAI,SELF FINANCING COLLEGES TIER 3,EE,ELECTRICAL AND ELECTRONICS ENGINEERING,236376,,,,,,,1,0,0,0,0,0,0
5532,"Vaigai College of Engineering, Therkutheru, Melur Taluk, Madurai-625122.",MADURAI,SELF FINANCING COLLEGES TIER 3,ME,MECHANICAL ENGINEERING,238846,,,,,,,1,0,0,0,0,0,0
5533,"Karaikudi Institute of Technology & Karaikudi Institute of Management, Keeranipatti Village, Thalakkavur Panchayat, Karaikudi, Sivaganga-630307.",SIVAGANGAI,SELF FINANCING COLLEGES TIER 3,AD,Artificial Intelligence and Data Science,230210,,,,,,,1,0,0,0,0,0,0
5533,"Karaikudi Institute of Technology & Karaikudi Institute of Management, Keeranipatti Village, Thalakkavur Panchayat, Karaikudi, Sivaganga-630307.",SIVAGANGAI,SELF FINANCING COLLEGES TIER 3,AG,AGRICULTURAL ENGINEERING,,,,,,,,0,0,0,0,0,0,0
5533,"Karaikudi Institute of Technology & Karaikudi Institute of Management, Keeranipatti Village, Thalakkavur Panchayat, Karaikudi, Sivaganga-630307.",SIVAGANGAI,SELF FINANCING COLLEGES TIER 3,CE,CIVIL  ENGINEERING,,,,,,,,0,0,0,0,0,0,0
5533,"Karaikudi Institute of Technology & Karaikudi Institute of Management, Keeranipatti Village, Thalakkavur Panchayat, Karaikudi, Sivaganga-630307.",SIVAGANGAI,SELF FINANCING COLLEGES TIER 3,CS,COMPUTER SCIENCE AND ENGINEERING,236780,,,,,,,1,0,0,0,0,0,0
5533,"Karaikudi Institute of Technology & Karaikudi Institute of Management, Keeranipatti Village, Thalakkavur Panchayat, Karaikudi, Sivaganga-630307.",SIVAGANGAI,SELF FINANCING COLLEGES TIER 3,EC,ELECTRONICS AND COMMUNICATION ENGINEERING,,,,,,,,0,0,0,0,0,0,0
5533,"Karaikudi Institute of Technology & Karaikudi Institute of Management, Keeranipatti Village, Thalakkavur Panchayat, Karaikudi, Sivaganga-630307.",SIVAGANGAI,SELF FINANCING COLLEGES TIER 3,EE,ELECTRICAL AND ELECTRONICS ENGINEERING,,,,,,,,0,0,0,0,0,0,0
5533,"Karaikudi Institute of Technology & Karaikudi Institute of Management, Keeranipatti Village, Thalakkavur Panchayat, Karaikudi, Sivaganga-630307.",SIVAGANGAI,SELF FINANCING COLLEGES TIER 3,FT,FASHION TECHNOLOGY,180180,,,,,,,1,0,0,0,0,0,0
5533,"Karaikudi Institute of Technology & Karaikudi Institute of Management, Keeranipatti Village, Thalakkavur Panchayat, Karaikudi, Sivaganga-630307.",SIVAGANGAI,SELF FINANCING COLLEGES TIER 3,ME,MECHANICAL ENGINEERING,,,,,,,,0,0,0,0,0,0,0
5536,"Mangayarkarasi College of Engineering, 7-1-139, 1st Street, Mangayarkarasi Nagar, Paravai, Madurai-625402.",MADURAI,SELF FINANCING COLLEGES TIER 3,AG,AGRICULTURAL ENGINEERING,173219,231828,238951,182519,233270,229818,,0,1,0,1,0,0,0
5536,"Mangayarkarasi College of Engineering, 7-1-139, 1st Street, Mangayarkarasi Nagar, Paravai, Madurai-625402.",MADURAI,SELF FINANCING COLLEGES TIER 3,AM,COMPUTER SCIENCE AND ENGINEERING (AI AND MACHINE LEARNING),111646,154297,231757,202409,160924,118339,,0,0,0,0,0,0,0
5536,"Mangayarkarasi College of Engineering, 7-1-139, 1st Street, Mangayarkarasi Nagar, Paravai, Madurai-625402.",MADURAI,SELF FINANCING COLLEGES TIER 3,CS,COMPUTER SCIENCE AND ENGINEERING,118659,141554,120743,227142,172062,236037,,0,0,0,0,0,0,0
5536,"Mangayarkarasi College of Engineering, 7-1-139, 1st Street, Mangayarkarasi Nagar, Paravai, Madurai-625402.",MADURAI,SELF FINANCING COLLEGES TIER 3,EC,ELECTRONICS AND COMMUNICATION ENGINEERING,141021,185143,150703,237404,235647,232781,,0,0,0,1,1,1,0
5536,"Mangayarkarasi College of Engineering, 7-1-139, 1st Street, Mangayarkarasi Nagar, Paravai, Madurai-625402.",MADURAI,SELF FINANCING COLLEGES TIER 3,EE,ELECTRICAL AND ELECTRONICS ENGINEERING,158344,221807,189102,229996,237187,234618,,0,1,0,0,1,0,0
5536,"Mangayarkarasi College of Engineering, 7-1-139, 1st Street, Mangayarkarasi Nagar, Paravai, Madurai-625402.",MADURAI,SELF FINANCING COLLEGES TIER 3,EV,Electronics Engineering (VLSI Design and Technology),175939,197299,,,217555,,,0,0,0,0,0,0,0
5536,"Mangayarkarasi College of Engineering, 7-1-139, 1st Street, Mangayarkarasi Nagar, Paravai, Madurai-625402.",MADURAI,SELF FINANCING COLLEGES TIER 3,IT,INFORMATION TECHNOLOGY,137681,169352,166322,225349,183546,153778,,0,0,0,0,0,0,0
5536,"Mangayarkarasi College of Engineering, 7-1-139, 1st Street, Mangayarkarasi Nagar, Paravai, Madurai-625402.",MADURAI,SELF FINANCING COLLEGES TIER 3,ME,MECHANICAL ENGINEERING,220168,239191,238338,,229511,,,0,0,0,0,1,0,0
5537,"Jainee College of Engineering and Technology, Dindigul-Theni Main Road, (NHB Extn.), Aathupattiprivu, Veerakkal B.P.O.N. Panjampatti Post, Dindigul-624303.",DINDIGUL,SELF FINANCING COLLEGES TIER 3,AD,Artificial Intelligence and Data Science,,,,,,,,0,0,0,0,0,0,0
5537,"Jainee College of Engineering and Technology, Dindigul-Theni Main Road, (NHB Extn.), Aathupattiprivu, Veerakkal B.P.O.N. Panjampatti Post, Dindigul-624303.",DINDIGUL,SELF FINANCING COLLEGES TIER 3,BM,BIO MEDICAL ENGINEERING,,,,,,,,0,0,0,0,0,0,0
5537,"Jainee College of Engineering and Technology, Dindigul-Theni Main Road, (NHB Extn.), Aathupattiprivu, Veerakkal B.P.O.N. Panjampatti Post, Dindigul-624303.",DINDIGUL,SELF FINANCING COLLEGES TIER 3,CE,CIVIL  ENGINEERING,,,,,,,,0,0,0,0,0,0,0
5537,"Jainee College of Engineering and Technology, Dindigul-Theni Main Road, (NHB Extn.), Aathupattiprivu, Veerakkal B.P.O.N. Panjampatti Post, Dindigul-624303.",DINDIGUL,SELF FINANCING COLLEGES TIER 3,CS,COMPUTER SCIENCE AND ENGINEERING,,,,,,,,0,0,0,0,0,0,0
5537,"Jainee College of Engineering and Technology, Dindigul-Theni Main Road, (NHB Extn.), Aathupattiprivu, Veerakkal B.P.O.N. Panjampatti Post, Dindigul-624303.",DINDIGUL,SELF FINANCING COLLEGES TIER 3,EC,ELECTRONICS AND COMMUNICATION ENGINEERING,,,,,,,,0,0,0,0,0,0,0
5537,"Jainee College of Engineering and Technology, Dindigul-Theni Main Road, (NHB Extn.), Aathupattiprivu, Veerakkal B.P.O.N. Panjampatti Post, Dindigul-624303.",DINDIGUL,SELF FINANCING COLLEGES TIER 3,EE,ELECTRICAL AND ELECTRONICS ENGINEERING,,,,,,,,0,0,0,0,0,0,0
5537,"Jainee College of Engineering and Technology, Dindigul-Theni Main Road, (NHB Extn.), Aathupattiprivu, Veerakkal B.P.O.N. Panjampatti Post, Dindigul-624303.",DINDIGUL,SELF FINANCING COLLEGES TIER 3,ME,MECHANICAL ENGINEERING,,,,,,,,0,0,0,0,0,0,0
5545,"G.T.N COLLEGE OF TECHNOLOGY, OLD KARUR ROAD, DINDIGUL - 624005",DINDIGUL,SELF FINANCING COLLEGES TIER 3,AD,Artificial Intelligence and Data Science,191943,212668,212198,208933,198542,,,0,1,0,1,1,0,0
5545,"G.T.N COLLEGE OF TECHNOLOGY, OLD KARUR ROAD, DINDIGUL - 624005",DINDIGUL,SELF FINANCING COLLEGES TIER 3,AM,COMPUTER SCIENCE AND ENGINEERING (AI AND MACHINE LEARNING),225348,,,,,,,1,0,0,0,0,0,0
5545,"G.T.N COLLEGE OF TECHNOLOGY, OLD KARUR ROAD, DINDIGUL - 624005",DINDIGUL,SELF FINANCING COLLEGES TIER 3,CS,COMPUTER SCIENCE AND ENGINEERING,197930,235388,234533,224338,216501,,,0,1,1,1,1,0,0
5545,"G.T.N COLLEGE OF TECHNOLOGY, OLD KARUR ROAD, DINDIGUL - 624005",DINDIGUL,SELF FINANCING COLLEGES TIER 3,EC,ELECTRONICS AND COMMUNICATION ENGINEERING,233220,,,,,,,0,0,0,0,0,0,0
5545,"G.T.N COLLEGE OF TECHNOLOGY, OLD KARUR ROAD, DINDIGUL - 624005",DINDIGUL,SELF FINANCING COLLEGES TIER 3,IT,INFORMATION TECHNOLOGY,234738,,,,,,,1,0,0,0,0,0,0
5546,"Jamal Mohamed College of Engineering, NH-45, Trichy Road, Morepatty, Vadamadurai, Dindigul - 624802",DINDIGUL,SELF FINANCING COLLEGES TIER 3,AM,COMPUTER SCIENCE AND ENGINEERING (AI AND MACHINE LEARNING),227948,,,,,,,1,0,0,0,0,0,0
5546,"Jamal Mohamed College of Engineering, NH-45, Trichy Road, Morepatty, Vadamadurai, Dindigul - 624802",DINDIGUL,SELF FINANCING COLLEGES TIER 3,CF,COMPUTER SCIENCE AND ENGINEERING (DATA SCIENCE),190138,,,,,,,1,0,0,0,0,0,0
5546,"Jamal Mohamed College of Engineering, NH-45, Trichy Road, Morepatty, Vadamadurai, Dindigul - 624802",DINDIGUL,SELF FINANCING COLLEGES TIER 3,CS,COMPUTER SCIENCE AND ENGINEERING,219100,,,,,,,0,0,0,0,0,0,0
5546,"Jamal Mohamed College of Engineering, NH-45, Trichy Road, Morepatty, Vadamadurai, Dindigul - 624802",DINDIGUL,SELF FINANCING COLLEGES TIER 3,ME,MECHANICAL ENGINEERING,215635,,,,,,,1,0,0,0,0,0,0
5703,"Christian College of Engineering and Technology, Near Check Post, Oddanchatram, Dindigul-624619.",DINDIGUL,SELF FINANCING COLLEGES TIER 3,AD,Artificial Intelligence and Data Science,168684,197617,184161,223127,212620,182807,225612,0,1,0,1,1,0,0
5703,"Christian College of Engineering and Technology, Near Check Post, Oddanchatram, Dindigul-624619.",DINDIGUL,SELF FINANCING COLLEGES TIER 3,AG,AGRICULTURAL ENGINEERING,212050,,238753,233469,238776,,,0,0,0,1,1,0,0
5703,"Christian College of Engineering and Technology, Near Check Post, Oddanchatram, Dindigul-624619.",DINDIGUL,SELF FINANCING COLLEGES TIER 3,AM,COMPUTER SCIENCE AND ENGINEERING (AI AND MACHINE LEARNING),205782,232558,,,231644,,,0,1,0,0,1,0,0
5703,"Christian College of Engineering and Technology, Near Check Post, Oddanchatram, Dindigul-624619.",DINDIGUL,SELF FINANCING COLLEGES TIER 3,CE,CIVIL  ENGINEERING,220219,,,,,,,1,0,0,0,0,0,0
5703,"Christian College of Engineering and Technology, Near Check Post, Oddanchatram, Dindigul-624619.",DINDIGUL,SELF FINANCING COLLEGES TIER 3,CS,COMPUTER SCIENCE AND ENGINEERING,156783,209972,169235,224229,219880,196579,,0,1,0,1,1,0,0
5703,"Christian College of Engineering and Technology, Near Check Post, Oddanchatram, Dindigul-624619.",DINDIGUL,SELF FINANCING COLLEGES TIER 3,EC,ELECTRONICS AND COMMUNICATION ENGINEERING,170213,230168,185334,236476,210731,,,0,1,1,1,1,0,0
5703,"Christian College of Engineering and Technology, Near Check Post, Oddanchatram, Dindigul-624619.",DINDIGUL,SELF FINANCING COLLEGES TIER 3,EE,ELECTRICAL AND ELECTRONICS ENGINEERING,237339,,,,,,,1,0,0,0,0,0,0
5703,"Christian College of Engineering and Technology, Near Check Post, Oddanchatram, Dindigul-624619.",DINDIGUL,SELF FINANCING COLLEGES TIER 3,IT,INFORMATION TECHNOLOGY,200577,237912,,225708,236406,234821,,0,1,0,1,1,0,0
5703,"Christian College of Engineering and Technology, Near Check Post, Oddanchatram, Dindigul-624619.",DINDIGUL,SELF FINANCING COLLEGES TIER 3,ME,MECHANICAL ENGINEERING,230155,,,,239083,,,0,0,0,0,1,0,0
5832,"N.P.R College of Engineering and Technology (Autonomous), Punnappatti Village, Uluppakudi, Natham, Dindigul District-624401.",DINDIGUL,SELF FINANCING COLLEGES TIER 3,AD,Artificial Intelligence and Data Science,125626,185735,152980,229719,204231,218688,,0,0,0,0,1,1,0
5832,"N.P.R College of Engineering and Technology (Autonomous), Punnappatti Village, Uluppakudi, Natham, Dindigul District-624401.",DINDIGUL,SELF FINANCING COLLEGES TIER 3,AM,COMPUTER SCIENCE AND ENGINEERING (AI AND MACHINE LEARNING),145714,170990,165712,237381,229097,,,0,0,0,1,1,0,0
5832,"N.P.R College of Engineering and Technology (Autonomous), Punnappatti Village, Uluppakudi, Natham, Dindigul District-624401.",DINDIGUL,SELF FINANCING COLLEGES TIER 3,CE,CIVIL  ENGINEERING,164831,234276,174118,,233598,,,0,1,0,0,1,0,0
5832,"N.P.R College of Engineering and Technology (Autonomous), Punnappatti Village, Uluppakudi, Natham, Dindigul District-624401.",DINDIGUL,SELF FINANCING COLLEGES TIER 3,CS,COMPUTER SCIENCE AND ENGINEERING,107333,164455,155496,192456,220987,205823,,0,0,0,0,1,1,0
5832,"N.P.R College of Engineering and Technology (Autonomous), Punnappatti Village, Uluppakudi, Natham, Dindigul District-624401.",DINDIGUL,SELF FINANCING COLLEGES TIER 3,EC,ELECTRONICS AND COMMUNICATION ENGINEERING,140792,200638,163272,216379,200124,,,0,0,0,1,1,0,0
5832,"N.P.R College of Engineering and Technology (Autonomous), Punnappatti Village, Uluppakudi, Natham, Dindigul District-624401.",DINDIGUL,SELF FINANCING COLLEGES TIER 3,EE,ELECTRICAL AND ELECTRONICS ENGINEERING,186804,225148,210236,215438,,,,0,1,0,1,0,0,0
5832,"N.P.R College of Engineering and Technology (Autonomous), Punnappatti Village, Uluppakudi, Natham, Dindigul District-624401.",DINDIGUL,SELF FINANCING COLLEGES TIER 3,IT,INFORMATION TECHNOLOGY,126819,168636,144955,231463,213160,,,0,0,0,1,1,0,0
5832,"N.P.R College of Engineering and Technology (Autonomous), Punnappatti Village, Uluppakudi, Natham, Dindigul District-624401.",DINDIGUL,SELF FINANCING COLLEGES TIER 3,ME,MECHANICAL ENGINEERING,198054,223386,,223259,238027,,,0,1,0,1,1,0,0
5832,"N.P.R College of Engineering and Technology (Autonomous), Punnappatti Village, Uluppakudi, Natham, Dindigul District-624401.",DINDIGUL,SELF FINANCING COLLEGES TIER 3,SC,Computer Science and Engineering (Cyber Security),155901,187124,175902,227105,214768,,,0,0,0,1,1,0,0
5842,"SRM Madurai College for Engineering and Technology, Pottapalayam Village, Manamadurai Taluk, Sivagangai District-630611.",SIVAGANGAI,SELF FINANCING COLLEGES TIER 3,AD,Artificial Intelligence and Data Science,85237,119222,121042,158158,215924,,,0,0,0,0,1,0,0
5842,"SRM Madurai College for Engineering and Technology, Pottapalayam Village, Manamadurai Taluk, Sivagangai District-630611.",SIVAGANGAI,SELF FINANCING COLLEGES TIER 3,AM,COMPUTER SCIENCE AND ENGINEERING (AI AND MACHINE LEARNING),92427,125405,,192791,179198,,,0,0,0,0,1,0,0
5842,"SRM Madurai College for Engineering and Technology, Pottapalayam Village, Manamadurai Taluk, Sivagangai District-630611.",SIVAGANGAI,SELF FINANCING COLLEGES TIER 3,CE,CIVIL  ENGINEERING,141050,194550,148888,220263,181700,,,0,0,0,0,1,0,0
5842,"SRM Madurai College for Engineering and Technology, Pottapalayam Village, Manamadurai Taluk, Sivagangai District-630611.",SIVAGANGAI,SELF FINANCING COLLEGES TIER 3,CS,COMPUTER SCIENCE AND ENGINEERING,59079,70471,72985,125582,193653,,,0,0,0,0,1,0,0
5842,"SRM Madurai College for Engineering and Technology, Pottapalayam Village, Manamadurai Taluk, Sivagangai District-630611.",SIVAGANGAI,SELF FINANCING COLLEGES TIER 3,EC,ELECTRONICS AND COMMUNICATION ENGINEERING,87865,113887,99635,203841,234813,,,0,0,0,0,1,0,0
5842,"SRM Madurai College for Engineering and Technology, Pottapalayam Village, Manamadurai Taluk, Sivagangai District-630611.",SIVAGANGAI,SELF FINANCING COLLEGES TIER 3,EE,ELECTRICAL AND ELECTRONICS ENGINEERING,110746,134067,131154,214655,210887,,,0,0,0,0,1,0,0
5842,"SRM Madurai College for Engineering and Technology, Pottapalayam Village, Manamadurai Taluk, Sivagangai District-630611.",SIVAGANGAI,SELF FINANCING COLLEGES TIER 3,IT,INFORMATION TECHNOLOGY,81273,116605,107623,170418,232216,,,0,0,0,0,1,0,0
5842,"SRM Madurai College for Engineering and Technology, Pottapalayam Village, Manamadurai Taluk, Sivagangai District-630611.",SIVAGANGAI,SELF FINANCING COLLEGES TIER 3,ME,MECHANICAL ENGINEERING,141077,187169,,207245,,,,0,0,0,0,0,0,0
5842,"SRM Madurai College for Engineering and Technology, Pottapalayam Village, Manamadurai Taluk, Sivagangai District-630611.",SIVAGANGAI,SELF FINANCING COLLEGES TIER 3,SC,Computer Science and Engineering (Cyber Security),86322,118574,112117,134600,221391,,,0,0,0,0,1,0,0
5851,"Veerammal Engineering College, PVP Nagar, K.Singrakottai, Dindigul-624708.",DINDIGUL,SELF FINANCING COLLEGES TIER 3,AD,Artificial Intelligence and Data Science,232746,,,,,,,1,0,0,0,0,0,0
5851,"Veerammal Engineering College, PVP Nagar, K.Singrakottai, Dindigul-624708.",DINDIGUL,SELF FINANCING COLLEGES TIER 3,CE,CIVIL  ENGINEERING,211686,,,,,,,1,0,0,0,0,0,0
5851,"Veerammal Engineering College, PVP Nagar, K.Singrakottai, Dindigul-624708.",DINDIGUL,SELF FINANCING COLLEGES TIER 3,CS,COMPUTER SCIENCE AND ENGINEERING,229404,,,,,234292,,0,0,0,0,0,1,0
5851,"Veerammal Engineering College, PVP Nagar, K.Singrakottai, Dindigul-624708.",DINDIGUL,SELF FINANCING COLLEGES TIER 3,EC,ELECTRONICS AND COMMUNICATION ENGINEERING,237769,,,,,,,1,0,0,0,0,0,0
5851,"Veerammal Engineering College, PVP Nagar, K.Singrakottai, Dindigul-624708.",DINDIGUL,SELF FINANCING COLLEGES TIER 3,EE,ELECTRICAL AND ELECTRONICS ENGINEERING,,,,,,,,0,0,0,0,0,0,0
5851,"Veerammal Engineering College, PVP Nagar, K.Singrakottai, Dindigul-624708.",DINDIGUL,SELF FINANCING COLLEGES TIER 3,IT,INFORMATION TECHNOLOGY,238790,,,,,,,1,0,0,0,0,0,0
5851,"Veerammal Engineering College, PVP Nagar, K.Singrakottai, Dindigul-624708.",DINDIGUL,SELF FINANCING COLLEGES TIER 3,SC,Computer Science and Engineering (Cyber Security),225360,,,,,,,1,0,0,0,0,0,0
5862,"RVS School of Engineering and Technology, (Formerly R V S Educational Trust's Group of Institutions), RVS Nagar, N.Paraipatti Post, Dindigul-624005.",DINDIGUL,SELF FINANCING COLLEGES TIER 3,AE,AERONAUTICAL ENGINEERING,201927,,,,,,,1,0,0,0,0,0,0
5862,"RVS School of Engineering and Technology, (Formerly R V S Educational Trust's Group of Institutions), RVS Nagar, N.Paraipatti Post, Dindigul-624005.",DINDIGUL,SELF FINANCING COLLEGES TIER 3,AG,AGRICULTURAL ENGINEERING,225599,237098,,,238911,,,0,1,0,0,1,0,0
5862,"RVS School of Engineering and Technology, (Formerly R V S Educational Trust's Group of Institutions), RVS Nagar, N.Paraipatti Post, Dindigul-624005.",DINDIGUL,SELF FINANCING COLLEGES TIER 3,AU,AUTOMOBILE ENGINEERING,230022,,,,,,,1,0,0,0,0,0,0
5862,"RVS School of Engineering and Technology, (Formerly R V S Educational Trust's Group of Institutions), RVS Nagar, N.Paraipatti Post, Dindigul-624005.",DINDIGUL,SELF FINANCING COLLEGES TIER 3,BM,BIO MEDICAL ENGINEERING,154793,236673,176513,221811,212081,206573,221692,0,1,0,1,0,0,0
5862,"RVS School of Engineering and Technology, (Formerly R V S Educational Trust's Group of Institutions), RVS Nagar, N.Paraipatti Post, Dindigul-624005.",DINDIGUL,SELF FINANCING COLLEGES TIER 3,CB,COMPUTER SCIENCE AND BUSSINESS SYSTEM,232443,,,,,,,1,0,0,0,0,0,0
5862,"RVS School of Engineering and Technology, (Formerly R V S Educational Trust's Group of Institutions), RVS Nagar, N.Paraipatti Post, Dindigul-624005.",DINDIGUL,SELF FINANCING COLLEGES TIER 3,CE,CIVIL  ENGINEERING,,,,,,,,0,0,0,0,0,0,0
5862,"RVS School of Engineering and Technology, (Formerly R V S Educational Trust's Group of Institutions), RVS Nagar, N.Paraipatti Post, Dindigul-624005.",DINDIGUL,SELF FINANCING COLLEGES TIER 3,CS,COMPUTER SCIENCE AND ENGINEERING,177756,222479,187129,228249,233550,,,0,1,0,1,0,0,0
5862,"RVS School of Engineering and Technology, (Formerly R V S Educational Trust's Group of Institutions), RVS Nagar, N.Paraipatti Post, Dindigul-624005.",DINDIGUL,SELF FINANCING COLLEGES TIER 3,ME,MECHANICAL ENGINEERING,236831,,,,,,,1,0,0,0,0,0,0
5862,"RVS School of Engineering and Technology, (Formerly R V S Educational Trust's Group of Institutions), RVS Nagar, N.Paraipatti Post, Dindigul-624005.",DINDIGUL,SELF FINANCING COLLEGES TIER 3,SC,Computer Science and Engineering (Cyber Security),212987,226354,,235713,231108,,,0,1,0,1,0,0,0
5865,"Nadar Saraswathi College of Engineering and Technology, Vadapudupatti, Annanji Post, Theni -625531.",THENI,SELF FINANCING COLLEGES TIER 3,AD,Artificial Intelligence and Data Science,121632,163808,132319,167236,194152,124096,,0,0,0,0,1,1,0
5865,"Nadar Saraswathi College of Engineering and Technology, Vadapudupatti, Annanji Post, Theni -625531.",THENI,SELF FINANCING COLLEGES TIER 3,CE,CIVIL  ENGINEERING,210465,236661,,235967,,,,0,1,0,1,0,0,0
5865,"Nadar Saraswathi College of Engineering and Technology, Vadapudupatti, Annanji Post, Theni -625531.",THENI,SELF FINANCING COLLEGES TIER 3,CS,COMPUTER SCIENCE AND ENGINEERING,83604,134918,143730,126853,177010,121829,,0,0,0,0,1,0,0
5865,"Nadar Saraswathi College of Engineering and Technology, Vadapudupatti, Annanji Post, Theni -625531.",THENI,SELF FINANCING COLLEGES TIER 3,EC,ELECTRONICS AND COMMUNICATION ENGINEERING,112910,147601,141676,169150,,188088,,0,0,0,0,0,0,0
5865,"Nadar Saraswathi College of Engineering and Technology, Vadapudupatti, Annanji Post, Theni -625531.",THENI,SELF FINANCING COLLEGES TIER 3,EE,ELECTRICAL AND ELECTRONICS ENGINEERING,173674,230618,234717,226244,215551,,,0,0,0,1,1,0,0
5865,"Nadar Saraswathi College of Engineering and Technology, Vadapudupatti, Annanji Post, Theni -625531.",THENI,SELF FINANCING COLLEGES TIER 3,IT,INFORMATION TECHNOLOGY,120849,157635,157534,166135,220627,196306,,0,0,0,0,1,1,0
5865,"Nadar Saraswathi College of Engineering and Technology, Vadapudupatti, Annanji Post, Theni -625531.",THENI,SELF FINANCING COLLEGES TIER 3,ME,MECHANICAL ENGINEERING,200187,231755,230946,235689,,,,0,1,0,1,0,0,0
5902,"Bharath Niketan Engineering College, Shri Gowri Nagar, Thimmarasanaickanoor, Aundipatti, Theni District-625536.",THENI,SELF FINANCING COLLEGES TIER 3,AD,Artificial Intelligence and Data Science,213318,228630,,237941,225828,218722,,0,1,0,1,1,1,0
5902,"Bharath Niketan Engineering College, Shri Gowri Nagar, Thimmarasanaickanoor, Aundipatti, Theni District-625536.",THENI,SELF FINANCING COLLEGES TIER 3,AG,AGRICULTURAL ENGINEERING,233222,,,,,,,1,0,0,0,0,0,0
5902,"Bharath Niketan Engineering College, Shri Gowri Nagar, Thimmarasanaickanoor, Aundipatti, Theni District-625536.",THENI,SELF FINANCING COLLEGES TIER 3,CE,CIVIL  ENGINEERING,237805,,,,,,,1,0,0,0,0,0,0
5902,"Bharath Niketan Engineering College, Shri Gowri Nagar, Thimmarasanaickanoor, Aundipatti, Theni District-625536.",THENI,SELF FINANCING COLLEGES TIER 3,CS,COMPUTER SCIENCE AND ENGINEERING,187624,232389,,234603,234623,236154,,0,1,0,1,1,1,0
5902,"Bharath Niketan Engineering College, Shri Gowri Nagar, Thimmarasanaickanoor, Aundipatti, Theni District-625536.",THENI,SELF FINANCING COLLEGES TIER 3,EC,ELECTRONICS AND COMMUNICATION ENGINEERING,237168,,,,,,,1,0,0,0,0,0,0
5902,"Bharath Niketan Engineering College, Shri Gowri Nagar, Thimmarasanaickanoor, Aundipatti, Theni District-625536.",THENI,SELF FINANCING COLLEGES TIER 3,EE,ELECTRICAL AND ELECTRONICS ENGINEERING,230477,,,,,,,0,0,0,0,0,0,0
5902,"Bharath Niketan Engineering College, Shri Gowri Nagar, Thimmarasanaickanoor, Aundipatti, Theni District-625536.",THENI,SELF FINANCING COLLEGES TIER 3,IT,INFORMATION TECHNOLOGY,223730,228545,,224152,231213,239299,,0,1,0,1,1,1,0
5902,"Bharath Niketan Engineering College, Shri Gowri Nagar, Thimmarasanaickanoor, Aundipatti, Theni District-625536.",THENI,SELF FINANCING COLLEGES TIER 3,ME,MECHANICAL ENGINEERING,229134,,,,,,,1,0,0,0,0,0,0
5904,"K.L.N.College of Engineering (Autonomous), Madurai - Nedunkulam Road, Pottapalayam, Sivagangai District-630611.",SIVAGANGAI,SELF FINANCING COLLEGES TIER 3,AD,Artificial Intelligence and Data Science,67735,101460,114606,155238,,,,0,0,0,0,0,0,0
5904,"K.L.N.College of Engineering (Autonomous), Madurai - Nedunkulam Road, Pottapalayam, Sivagangai District-630611.",SIVAGANGAI,SELF FINANCING COLLEGES TIER 3,CI,Computer Science and Engineering (Internet of Things),117882,139828,130917,232143,,,,0,0,0,0,0,0,0
5904,"K.L.N.College of Engineering (Autonomous), Madurai - Nedunkulam Road, Pottapalayam, Sivagangai District-630611.",SIVAGANGAI,SELF FINANCING COLLEGES TIER 3,CS,COMPUTER SCIENCE AND ENGINEERING,52908,73275,75885,152960,205616,,,0,0,0,0,1,0,0
5904,"K.L.N.College of Engineering (Autonomous), Madurai - Nedunkulam Road, Pottapalayam, Sivagangai District-630611.",SIVAGANGAI,SELF FINANCING COLLEGES TIER 3,EC,ELECTRONICS AND COMMUNICATION ENGINEERING,87504,110487,111765,180944,163835,,,0,0,0,0,1,0,0
5904,"K.L.N.College of Engineering (Autonomous), Madurai - Nedunkulam Road, Pottapalayam, Sivagangai District-630611.",SIVAGANGAI,SELF FINANCING COLLEGES TIER 3,EE,ELECTRICAL AND ELECTRONICS ENGINEERING,134869,165090,227233,177510,169178,,,0,0,0,1,1,0,0
5904,"K.L.N.College of Engineering (Autonomous), Madurai - Nedunkulam Road, Pottapalayam, Sivagangai District-630611.",SIVAGANGAI,SELF FINANCING COLLEGES TIER 3,IT,INFORMATION TECHNOLOGY,81049,101596,115996,178530,220966,,,0,0,0,0,1,0,0
5904,"K.L.N.College of Engineering (Autonomous), Madurai - Nedunkulam Road, Pottapalayam, Sivagangai District-630611.",SIVAGANGAI,SELF FINANCING COLLEGES TIER 3,ME,MECHANICAL ENGINEERING,159276,203164,178386,178566,,,,0,0,1,1,0,0,0
5904,"K.L.N.College of Engineering (Autonomous), Madurai - Nedunkulam Road, Pottapalayam, Sivagangai District-630611.",SIVAGANGAI,SELF FINANCING COLLEGES TIER 3,SC,Computer Science and Engineering (Cyber Security),96054,116205,108974,160172,229916,,,0,0,0,0,1,0,0
5907,"Mohamed Sathak Engineering College (Autonomous), Sathak Nagar, East Coast Road, Pudhu Mayakulam, Kilakarai, Ramanathapuram District-623806.",RAMANATHAPURAM,SELF FINANCING COLLEGES TIER 3,AD,Artificial Intelligence and Data Science,64817,140619,77354,166272,232192,150202,,0,0,0,0,0,0,0
5907,"Mohamed Sathak Engineering College (Autonomous), Sathak Nagar, East Coast Road, Pudhu Mayakulam, Kilakarai, Ramanathapuram District-623806.",RAMANATHAPURAM,SELF FINANCING COLLEGES TIER 3,AE,AERONAUTICAL ENGINEERING,190128,197805,190194,,,,,0,1,0,0,0,0,0
5907,"Mohamed Sathak Engineering College (Autonomous), Sathak Nagar, East Coast Road, Pudhu Mayakulam, Kilakarai, Ramanathapuram District-623806.",RAMANATHAPURAM,SELF FINANCING COLLEGES TIER 3,AG,AGRICULTURAL ENGINEERING,184327,236186,190832,,,,,0,0,0,0,0,0,0
5907,"Mohamed Sathak Engineering College (Autonomous), Sathak Nagar, East Coast Road, Pudhu Mayakulam, Kilakarai, Ramanathapuram District-623806.",RAMANATHAPURAM,SELF FINANCING COLLEGES TIER 3,AM,COMPUTER SCIENCE AND ENGINEERING (AI AND MACHINE LEARNING),89196,151792,108542,89086,200999,,,0,0,0,1,0,0,0
5907,"Mohamed Sathak Engineering College (Autonomous), Sathak Nagar, East Coast Road, Pudhu Mayakulam, Kilakarai, Ramanathapuram District-623806.",RAMANATHAPURAM,SELF FINANCING COLLEGES TIER 3,CB,COMPUTER SCIENCE AND BUSSINESS SYSTEM,132601,217742,147423,234584,,,,0,0,0,1,0,0,0
5907,"Mohamed Sathak Engineering College (Autonomous), Sathak Nagar, East Coast Road, Pudhu Mayakulam, Kilakarai, Ramanathapuram District-623806.",RAMANATHAPURAM,SELF FINANCING COLLEGES TIER 3,CE,CIVIL  ENGINEERING,99899,233882,124684,,205099,,,0,0,0,0,1,0,0
5907,"Mohamed Sathak Engineering College (Autonomous), Sathak Nagar, East Coast Road, Pudhu Mayakulam, Kilakarai, Ramanathapuram District-623806.",RAMANATHAPURAM,SELF FINANCING COLLEGES TIER 3,CH,CHEMICAL  ENGINEERING,153438,236583,,184511,,,,0,1,0,1,0,0,0
5907,"Mohamed Sathak Engineering College (Autonomous), Sathak Nagar, East Coast Road, Pudhu Mayakulam, Kilakarai, Ramanathapuram District-623806.",RAMANATHAPURAM,SELF FINANCING COLLEGES TIER 3,CS,COMPUTER SCIENCE AND ENGINEERING,87090,170938,88569,190503,210241,122685,,0,0,0,1,1,1,0
5907,"Mohamed Sathak Engineering College (Autonomous), Sathak Nagar, East Coast Road, Pudhu Mayakulam, Kilakarai, Ramanathapuram District-623806.",RAMANATHAPURAM,SELF FINANCING COLLEGES TIER 3,EC,ELECTRONICS AND COMMUNICATION ENGINEERING,137393,214613,70623,205155,,,,0,0,0,1,0,0,0
5907,"Mohamed Sathak Engineering College (Autonomous), Sathak Nagar, East Coast Road, Pudhu Mayakulam, Kilakarai, Ramanathapuram District-623806.",RAMANATHAPURAM,SELF FINANCING COLLEGES TIER 3,EE,ELECTRICAL AND ELECTRONICS ENGINEERING,170642,232385,175602,233234,235536,,,0,0,0,1,1,0,0
5907,"Mohamed Sathak Engineering College (Autonomous), Sathak Nagar, East Coast Road, Pudhu Mayakulam, Kilakarai, Ramanathapuram District-623806.",RAMANATHAPURAM,SELF FINANCING COLLEGES TIER 3,IT,INFORMATION TECHNOLOGY,116108,202888,120362,231262,225844,,,0,0,0,1,1,0,0
5907,"Mohamed Sathak Engineering College (Autonomous), Sathak Nagar, East Coast Road, Pudhu Mayakulam, Kilakarai, Ramanathapuram District-623806.",RAMANATHAPURAM,SELF FINANCING COLLEGES TIER 3,ME,MECHANICAL ENGINEERING,167684,234803,179049,186132,,,,0,0,0,1,0,0,0
5907,"Mohamed Sathak Engineering College (Autonomous), Sathak Nagar, East Coast Road, Pudhu Mayakulam, Kilakarai, Ramanathapuram District-623806.",RAMANATHAPURAM,SELF FINANCING COLLEGES TIER 3,MR,MARINE ENGINEERING,35802,,,,,,,1,0,0,0,0,0,0
5907,"Mohamed Sathak Engineering College (Autonomous), Sathak Nagar, East Coast Road, Pudhu Mayakulam, Kilakarai, Ramanathapuram District-623806.",RAMANATHAPURAM,SELF FINANCING COLLEGES TIER 3,SC,Computer Science and Engineering (Cyber Security),94515,217100,95678,204693,231298,,,0,0,0,1,1,0,0
5910,"PSNA College of Engineering and Technology (Autonomous), Kothandaraman Nagar, Muthanampatti (PO), Dindigul-624622.",DINDIGUL,SELF FINANCING COLLEGES TIER 3,AD,Artificial Intelligence and Data Science,31069,42857,46013,70907,192747,188618,,0,0,0,0,0,1,0
5910,"PSNA College of Engineering and Technology (Autonomous), Kothandaraman Nagar, Muthanampatti (PO), Dindigul-624622.",DINDIGUL,SELF FINANCING COLLEGES TIER 3,AM,COMPUTER SCIENCE AND ENGINEERING (AI AND MACHINE LEARNING),38498,41660,41389,71444,191818,191170,,0,0,0,0,0,1,0
5910,"PSNA College of Engineering and Technology (Autonomous), Kothandaraman Nagar, Muthanampatti (PO), Dindigul-624622.",DINDIGUL,SELF FINANCING COLLEGES TIER 3,BM,BIO MEDICAL ENGINEERING,70023,96168,84805,133237,213687,79281,,0,0,0,0,1,1,0
5910,"PSNA College of Engineering and Technology (Autonomous), Kothandaraman Nagar, Muthanampatti (PO), Dindigul-624622.",DINDIGUL,SELF FINANCING COLLEGES TIER 3,CB,COMPUTER SCIENCE AND BUSSINESS SYSTEM,43315,48695,50400,79572,202233,,,0,0,0,0,0,0,0
5910,"PSNA College of Engineering and Technology (Autonomous), Kothandaraman Nagar, Muthanampatti (PO), Dindigul-624622.",DINDIGUL,SELF FINANCING COLLEGES TIER 3,CE,CIVIL  ENGINEERING,69806,109844,82409,133618,162491,182155,,0,0,0,0,0,0,0
5910,"PSNA College of Engineering and Technology (Autonomous), Kothandaraman Nagar, Muthanampatti (PO), Dindigul-624622.",DINDIGUL,SELF FINANCING COLLEGES TIER 3,CS,COMPUTER SCIENCE AND ENGINEERING,29113,38323,34403,68056,162653,231980,237343,0,0,0,0,0,1,0
5910,"PSNA College of Engineering and Technology (Autonomous), Kothandaraman Nagar, Muthanampatti (PO), Dindigul-624622.",DINDIGUL,SELF FINANCING COLLEGES TIER 3,EC,ELECTRONICS AND COMMUNICATION ENGINEERING,35231,44279,43313,65205,148263,220709,,0,0,0,0,0,0,0
5910,"PSNA College of Engineering and Technology (Autonomous), Kothandaraman Nagar, Muthanampatti (PO), Dindigul-624622.",DINDIGUL,SELF FINANCING COLLEGES TIER 3,EE,ELECTRICAL AND ELECTRONICS ENGINEERING,51157,57331,55803,89320,186084,,,0,0,0,0,0,0,0
5910,"PSNA College of Engineering and Technology (Autonomous), Kothandaraman Nagar, Muthanampatti (PO), Dindigul-624622.",DINDIGUL,SELF FINANCING COLLEGES TIER 3,EV,Electronics Engineering (VLSI Design and Technology),50074,61409,71076,71689,223692,,,0,0,0,0,0,0,0
5910,"PSNA College of Engineering and Technology (Autonomous), Kothandaraman Nagar, Muthanampatti (PO), Dindigul-624622.",DINDIGUL,SELF FINANCING COLLEGES TIER 3,IT,INFORMATION TECHNOLOGY,38883,44780,49972,70640,176982,225478,,0,0,0,0,0,0,0
5910,"PSNA College of Engineering and Technology (Autonomous), Kothandaraman Nagar, Muthanampatti (PO), Dindigul-624622.",DINDIGUL,SELF FINANCING COLLEGES TIER 3,ME,MECHANICAL ENGINEERING,73916,93759,87854,132028,218759,,,0,0,0,0,0,0,0
5910,"PSNA College of Engineering and Technology (Autonomous), Kothandaraman Nagar, Muthanampatti (PO), Dindigul-624622.",DINDIGUL,SELF FINANCING COLLEGES TIER 3,SC,Computer Science and Engineering (Cyber Security),39199,46944,53145,73451,168387,,,0,0,0,0,0,0,0
5911,"P.T.R. College of Engineering and Technology, Thanapandiyan Nagar, Madurai - Tirumangalam Road, Madurai-625008.",MADURAI,SELF FINANCING COLLEGES TIER 3,AD,Artificial Intelligence and Data Science,230057,,,,,,,0,0,0,0,0,0,0
5911,"P.T.R. College of Engineering and Technology, Thanapandiyan Nagar, Madurai - Tirumangalam Road, Madurai-625008.",MADURAI,SELF FINANCING COLLEGES TIER 3,BM,BIO MEDICAL ENGINEERING,217479,,,,,,,1,0,0,0,0,0,0
5911,"P.T.R. College of Engineering and Technology, Thanapandiyan Nagar, Madurai - Tirumangalam Road, Madurai-625008.",MADURAI,SELF FINANCING COLLEGES TIER 3,CB,COMPUTER SCIENCE AND BUSSINESS SYSTEM,236435,,,,,,,1,0,0,0,0,0,0
5911,"P.T.R. College of Engineering and Technology, Thanapandiyan Nagar, Madurai - Tirumangalam Road, Madurai-625008.",MADURAI,SELF FINANCING COLLEGES TIER 3,CE,CIVIL  ENGINEERING,186830,,,,,,,1,0,0,0,0,0,0
5911,"P.T.R. College of Engineering and Technology, Thanapandiyan Nagar, Madurai - Tirumangalam Road, Madurai-625008.",MADURAI,SELF FINANCING COLLEGES TIER 3,CS,COMPUTER SCIENCE AND ENGINEERING,208960,,,,,,,0,0,0,0,0,0,0
5911,"P.T.R. College of Engineering and Technology, Thanapandiyan Nagar, Madurai - Tirumangalam Road, Madurai-625008.",MADURAI,SELF FINANCING COLLEGES TIER 3,EC,ELECTRONICS AND COMMUNICATION ENGINEERING,234977,,,,,,,0,0,0,0,0,0,0
5911,"P.T.R. College of Engineering and Technology, Thanapandiyan Nagar, Madurai - Tirumangalam Road, Madurai-625008.",MADURAI,SELF FINANCING COLLEGES TIER 3,EE,ELECTRICAL AND ELECTRONICS ENGINEERING,217410,,,,,,,1,0,0,0,0,0,0
5911,"P.T.R. College of Engineering and Technology, Thanapandiyan Nagar, Madurai - Tirumangalam Road, Madurai-625008.",MADURAI,SELF FINANCING COLLEGES TIER 3,ME,MECHANICAL ENGINEERING,,,,,,,,0,0,0,0,0,0,0
5911,"P.T.R. College of Engineering and Technology, Thanapandiyan Nagar, Madurai - Tirumangalam Road, Madurai-625008.",MADURAI,SELF FINANCING COLLEGES TIER 3,SC,Computer Science and Engineering (Cyber Security),215698,,,,,,,1,0,0,0,0,0,0
5912,"Pandian Saraswathi Yadav Engineering College, Arasanoor Village, Thirumansolai Post, Sivaganagi District-630561.",SIVAGANGAI,SELF FINANCING COLLEGES TIER 3,AD,Artificial Intelligence and Data Science,169334,210711,,203851,,,,0,0,0,1,0,0,0
5912,"Pandian Saraswathi Yadav Engineering College, Arasanoor Village, Thirumansolai Post, Sivaganagi District-630561.",SIVAGANGAI,SELF FINANCING COLLEGES TIER 3,AM,COMPUTER SCIENCE AND ENGINEERING (AI AND MACHINE LEARNING),196641,233013,,215525,,,,0,0,0,1,0,0,0
5912,"Pandian Saraswathi Yadav Engineering College, Arasanoor Village, Thirumansolai Post, Sivaganagi District-630561.",SIVAGANGAI,SELF FINANCING COLLEGES TIER 3,CE,CIVIL  ENGINEERING,207033,,,,,,,1,0,0,0,0,0,0
5912,"Pandian Saraswathi Yadav Engineering College, Arasanoor Village, Thirumansolai Post, Sivaganagi District-630561.",SIVAGANGAI,SELF FINANCING COLLEGES TIER 3,CS,COMPUTER SCIENCE AND ENGINEERING,193447,228232,225775,227242,238540,,,0,1,1,1,1,0,0
5912,"Pandian Saraswathi Yadav Engineering College, Arasanoor Village, Thirumansolai Post, Sivaganagi District-630561.",SIVAGANGAI,SELF FINANCING COLLEGES TIER 3,EC,ELECTRONICS AND COMMUNICATION ENGINEERING,166435,227819,,,232114,,,0,1,0,0,1,0,0
5912,"Pandian Saraswathi Yadav Engineering College, Arasanoor Village, Thirumansolai Post, Sivaganagi District-630561.",SIVAGANGAI,SELF FINANCING COLLEGES TIER 3,EE,ELECTRICAL AND ELECTRONICS ENGINEERING,236718,237359,,238131,,,,0,1,0,1,0,0,0
5912,"Pandian Saraswathi Yadav Engineering College, Arasanoor Village, Thirumansolai Post, Sivaganagi District-630561.",SIVAGANGAI,SELF FINANCING COLLEGES TIER 3,IT,INFORMATION TECHNOLOGY,150187,223457,235819,233768,236244,,,0,0,0,1,1,0,0
5912,"Pandian Saraswathi Yadav Engineering College, Arasanoor Village, Thirumansolai Post, Sivaganagi District-630561.",SIVAGANGAI,SELF FINANCING COLLEGES TIER 3,ME,MECHANICAL ENGINEERING,231024,234511,,,,,,0,1,0,0,0,0,0
5912,"Pandian Saraswathi Yadav Engineering College, Arasanoor Village, Thirumansolai Post, Sivaganagi District-630561.",SIVAGANGAI,SELF FINANCING COLLEGES TIER 3,SC,Computer Science and Engineering (Cyber Security),229461,236867,,,236119,,,0,1,0,0,1,0,0
5913,"R.V.S. College of Engineering, RVS Nagar, Karur Road, N.Paraipatti Post, Dindigul-624005.",DINDIGUL,SELF FINANCING COLLEGES TIER 3,AD,Artificial Intelligence and Data Science,125897,188346,210661,235452,236817,146039,,0,0,0,0,1,0,0
5913,"R.V.S. College of Engineering, RVS Nagar, Karur Road, N.Paraipatti Post, Dindigul-624005.",DINDIGUL,SELF FINANCING COLLEGES TIER 3,CE,CIVIL  ENGINEERING,234255,,,,,,,1,0,0,0,0,0,0
5913,"R.V.S. College of Engineering, RVS Nagar, Karur Road, N.Paraipatti Post, Dindigul-624005.",DINDIGUL,SELF FINANCING COLLEGES TIER 3,CH,CHEMICAL  ENGINEERING,210885,,,,,,,1,0,0,0,0,0,0
5913,"R.V.S. College of Engineering, RVS Nagar, Karur Road, N.Paraipatti Post, Dindigul-624005.",DINDIGUL,SELF FINANCING COLLEGES TIER 3,CO,COMPUTER AND  COMMUNICATION ENGINEERING,235052,,,,,,,1,0,0,0,0,0,0
5913,"R.V.S. College of Engineering, RVS Nagar, Karur Road, N.Paraipatti Post, Dindigul-624005.",DINDIGUL,SELF FINANCING COLLEGES TIER 3,CS,COMPUTER SCIENCE AND ENGINEERING,152844,233960,209076,237068,238578,190896,,0,0,0,1,0,0,0
5913,"R.V.S. College of Engineering, RVS Nagar, Karur Road, N.Paraipatti Post, Dindigul-624005.",DINDIGUL,SELF FINANCING COLLEGES TIER 3,EC,ELECTRONICS AND COMMUNICATION ENGINEERING,172145,231886,,233462,236415,,,0,1,0,1,1,0,0
5913,"R.V.S. College of Engineering, RVS Nagar, Karur Road, N.Paraipatti Post, Dindigul-624005.",DINDIGUL,SELF FINANCING COLLEGES TIER 3,EE,ELECTRICAL AND ELECTRONICS ENGINEERING,232399,238633,,,,,,0,1,0,0,0,0,0
5913,"R.V.S. College of Engineering, RVS Nagar, Karur Road, N.Paraipatti Post, Dindigul-624005.",DINDIGUL,SELF FINANCING COLLEGES TIER 3,FT,FASHION TECHNOLOGY,209171,,,,,,,1,0,0,0,0,0,0
5913,"R.V.S. College of Engineering, RVS Nagar, Karur Road, N.Paraipatti Post, Dindigul-624005.",DINDIGUL,SELF FINANCING COLLEGES TIER 3,IT,INFORMATION TECHNOLOGY,166643,238398,189565,234492,233868,187775,,0,1,0,1,0,0,0
5913,"R.V.S. College of Engineering, RVS Nagar, Karur Road, N.Paraipatti Post, Dindigul-624005.",DINDIGUL,SELF FINANCING COLLEGES TIER 3,ME,MECHANICAL ENGINEERING,237832,,,,,,,1,0,0,0,0,0,0
5913,"R.V.S. College of Engineering, RVS Nagar, Karur Road, N.Paraipatti Post, Dindigul-624005.",DINDIGUL,SELF FINANCING COLLEGES TIER 3,PC,PETRO CHEMICAL TECHNOLOGY,221903,,,,,,,1,0,0,0,0,0,0
5913,"R.V.S. College of Engineering, RVS Nagar, Karur Road, N.Paraipatti Post, Dindigul-624005.",DINDIGUL,SELF FINANCING COLLEGES TIER 3,TX,TEXTILE TECHNOLOGY,228615,,,,,,,1,0,0,0,0,0,0
5914,"Solamalai College of Engineering  (Autonomous), S.V Raja Nagar, Veerapanjan, Madurai-625020.",MADURAI,SELF FINANCING COLLEGES TIER 3,AD,Artificial Intelligence and Data Science,154140,202143,,231608,224888,,,0,0,0,1,1,0,0
5914,"Solamalai College of Engineering  (Autonomous), S.V Raja Nagar, Veerapanjan, Madurai-625020.",MADURAI,SELF FINANCING COLLEGES TIER 3,AM,COMPUTER SCIENCE AND ENGINEERING (AI AND MACHINE LEARNING),202905,237331,210380,,222579,,,0,0,0,0,1,0,0
5914,"Solamalai College of Engineering  (Autonomous), S.V Raja Nagar, Veerapanjan, Madurai-625020.",MADURAI,SELF FINANCING COLLEGES TIER 3,CB,COMPUTER SCIENCE AND BUSSINESS SYSTEM,156799,208141,197685,,192027,238302,,0,0,1,0,1,1,0
5914,"Solamalai College of Engineering  (Autonomous), S.V Raja Nagar, Veerapanjan, Madurai-625020.",MADURAI,SELF FINANCING COLLEGES TIER 3,CE,CIVIL  ENGINEERING,230190,235025,,,237862,,,0,1,0,0,1,0,0
5914,"Solamalai College of Engineering  (Autonomous), S.V Raja Nagar, Veerapanjan, Madurai-625020.",MADURAI,SELF FINANCING COLLEGES TIER 3,CS,COMPUTER SCIENCE AND ENGINEERING,182620,217013,185307,238438,223177,,,0,0,0,1,1,0,0
5914,"Solamalai College of Engineering  (Autonomous), S.V Raja Nagar, Veerapanjan, Madurai-625020.",MADURAI,SELF FINANCING COLLEGES TIER 3,EC,ELECTRONICS AND COMMUNICATION ENGINEERING,178886,239184,188137,227957,230810,,,0,1,0,0,1,0,0
5914,"Solamalai College of Engineering  (Autonomous), S.V Raja Nagar, Veerapanjan, Madurai-625020.",MADURAI,SELF FINANCING COLLEGES TIER 3,EE,ELECTRICAL AND ELECTRONICS ENGINEERING,182083,220849,201390,218035,183701,,,0,1,0,1,1,0,0
5914,"Solamalai College of Engineering  (Autonomous), S.V Raja Nagar, Veerapanjan, Madurai-625020.",MADURAI,SELF FINANCING COLLEGES TIER 3,EV,Electronics Engineering (VLSI Design and Technology),216100,,,,,,,1,0,0,0,0,0,0
5914,"Solamalai College of Engineering  (Autonomous), S.V Raja Nagar, Veerapanjan, Madurai-625020.",MADURAI,SELF FINANCING COLLEGES TIER 3,ME,MECHANICAL ENGINEERING,175459,222717,,221690,228484,,,0,0,0,0,1,0,0
5915,"SACS M.A.V.M.M. Engineering College, 446, Melur - Alagarkoil Road, Kidaripatti (PO), Alagarkoil Via, Melur Taluk, Madurai-625301.",MADURAI,SELF FINANCING COLLEGES TIER 3,AD,Artificial Intelligence and Data Science,122211,155639,,209172,197384,,,0,0,0,1,0,0,0
5915,"SACS M.A.V.M.M. Engineering College, 446, Melur - Alagarkoil Road, Kidaripatti (PO), Alagarkoil Via, Melur Taluk, Madurai-625301.",MADURAI,SELF FINANCING COLLEGES TIER 3,CE,CIVIL  ENGINEERING,238606,,,,,,,1,0,0,0,0,0,0
5915,"SACS M.A.V.M.M. Engineering College, 446, Melur - Alagarkoil Road, Kidaripatti (PO), Alagarkoil Via, Melur Taluk, Madurai-625301.",MADURAI,SELF FINANCING COLLEGES TIER 3,CS,COMPUTER SCIENCE AND ENGINEERING,138836,209883,,221126,204068,193017,,0,0,0,1,1,0,0
5915,"SACS M.A.V.M.M. Engineering College, 446, Melur - Alagarkoil Road, Kidaripatti (PO), Alagarkoil Via, Melur Taluk, Madurai-625301.",MADURAI,SELF FINANCING COLLEGES TIER 3,EC,ELECTRONICS AND COMMUNICATION ENGINEERING,170325,219213,,228943,213484,229403,,0,0,0,1,0,0,0
5915,"SACS M.A.V.M.M. Engineering College, 446, Melur - Alagarkoil Road, Kidaripatti (PO), Alagarkoil Via, Melur Taluk, Madurai-625301.",MADURAI,SELF FINANCING COLLEGES TIER 3,EE,ELECTRICAL AND ELECTRONICS ENGINEERING,201080,236046,238242,221874,239135,237477,,0,0,1,1,1,1,0
5915,"SACS M.A.V.M.M. Engineering College, 446, Melur - Alagarkoil Road, Kidaripatti (PO), Alagarkoil Via, Melur Taluk, Madurai-625301.",MADURAI,SELF FINANCING COLLEGES TIER 3,IT,INFORMATION TECHNOLOGY,155929,215341,211089,204164,209490,190024,,0,0,0,1,0,0,0
5915,"SACS M.A.V.M.M. Engineering College, 446, Melur - Alagarkoil Road, Kidaripatti (PO), Alagarkoil Via, Melur Taluk, Madurai-625301.",MADURAI,SELF FINANCING COLLEGES TIER 3,ME,MECHANICAL ENGINEERING,238164,,,,,,,1,0,0,0,0,0,0
5919,"St. Michael College of Engineering and Technology, St. Santhiagaper Nagar, Kalayarkoil, Sivaganga District-630551.",SIVAGANGAI,SELF FINANCING COLLEGES TIER 3,AM,COMPUTER SCIENCE AND ENGINEERING (AI AND MACHINE LEARNING),183888,215113,,221312,233166,,,0,1,0,1,1,0,0
5919,"St. Michael College of Engineering and Technology, St. Santhiagaper Nagar, Kalayarkoil, Sivaganga District-630551.",SIVAGANGAI,SELF FINANCING COLLEGES TIER 3,BM,BIO MEDICAL ENGINEERING,201918,225549,,,225094,,,0,1,0,0,1,0,0
5919,"St. Michael College of Engineering and Technology, St. Santhiagaper Nagar, Kalayarkoil, Sivaganga District-630551.",SIVAGANGAI,SELF FINANCING COLLEGES TIER 3,BT,BIO TECHNOLOGY,181962,237511,201712,227589,232425,,,0,1,1,1,1,0,0
5919,"St. Michael College of Engineering and Technology, St. Santhiagaper Nagar, Kalayarkoil, Sivaganga District-630551.",SIVAGANGAI,SELF FINANCING COLLEGES TIER 3,CH,CHEMICAL  ENGINEERING,231409,,,,,,,1,0,0,0,0,0,0
5919,"St. Michael College of Engineering and Technology, St. Santhiagaper Nagar, Kalayarkoil, Sivaganga District-630551.",SIVAGANGAI,SELF FINANCING COLLEGES TIER 3,CS,COMPUTER SCIENCE AND ENGINEERING,170341,233591,193664,232288,238270,,,0,1,1,1,1,0,0
5919,"St. Michael College of Engineering and Technology, St. Santhiagaper Nagar, Kalayarkoil, Sivaganga District-630551.",SIVAGANGAI,SELF FINANCING COLLEGES TIER 3,EC,ELECTRONICS AND COMMUNICATION ENGINEERING,234246,,,,,,,1,0,0,0,0,0,0
5919,"St. Michael College of Engineering and Technology, St. Santhiagaper Nagar, Kalayarkoil, Sivaganga District-630551.",SIVAGANGAI,SELF FINANCING COLLEGES TIER 3,EE,ELECTRICAL AND ELECTRONICS ENGINEERING,218354,238963,,223154,225887,,,0,1,0,1,1,0,0
5919,"St. Michael College of Engineering and Technology, St. Santhiagaper Nagar, Kalayarkoil, Sivaganga District-630551.",SIVAGANGAI,SELF FINANCING COLLEGES TIER 3,ME,MECHANICAL ENGINEERING,215324,,,,,,,1,0,0,0,0,0,0
5921,"Syed Ammal Engineering College (Autonomous), Dr. E.M.Abdullah Campus, Lanthai, Achunthanvayal Post, Ramanathapuram-623502.",RAMANATHAPURAM,SELF FINANCING COLLEGES TIER 3,AD,Artificial Intelligence and Data Science,64280,123878,103355,229329,183829,,,0,0,0,1,1,0,0
5921,"Syed Ammal Engineering College (Autonomous), Dr. E.M.Abdullah Campus, Lanthai, Achunthanvayal Post, Ramanathapuram-623502.",RAMANATHAPURAM,SELF FINANCING COLLEGES TIER 3,BM,BIO MEDICAL ENGINEERING,138188,227319,140892,,,,,0,1,0,0,0,0,0
5921,"Syed Ammal Engineering College (Autonomous), Dr. E.M.Abdullah Campus, Lanthai, Achunthanvayal Post, Ramanathapuram-623502.",RAMANATHAPURAM,SELF FINANCING COLLEGES TIER 3,CB,COMPUTER SCIENCE AND BUSSINESS SYSTEM,135762,199479,114842,229713,,,,0,0,0,1,0,0,0
5921,"Syed Ammal Engineering College (Autonomous), Dr. E.M.Abdullah Campus, Lanthai, Achunthanvayal Post, Ramanathapuram-623502.",RAMANATHAPURAM,SELF FINANCING COLLEGES TIER 3,CE,CIVIL  ENGINEERING,195750,237025,204133,,228643,,,0,1,0,0,1,0,0
5921,"Syed Ammal Engineering College (Autonomous), Dr. E.M.Abdullah Campus, Lanthai, Achunthanvayal Post, Ramanathapuram-623502.",RAMANATHAPURAM,SELF FINANCING COLLEGES TIER 3,CS,COMPUTER SCIENCE AND ENGINEERING,70526,147088,109046,229139,224071,,,0,0,0,1,0,0,0
5921,"Syed Ammal Engineering College (Autonomous), Dr. E.M.Abdullah Campus, Lanthai, Achunthanvayal Post, Ramanathapuram-623502.",RAMANATHAPURAM,SELF FINANCING COLLEGES TIER 3,EC,ELECTRONICS AND COMMUNICATION ENGINEERING,59495,120204,98565,164975,165221,,,0,0,0,0,1,0,0
5921,"Syed Ammal Engineering College (Autonomous), Dr. E.M.Abdullah Campus, Lanthai, Achunthanvayal Post, Ramanathapuram-623502.",RAMANATHAPURAM,SELF FINANCING COLLEGES TIER 3,EE,ELECTRICAL AND ELECTRONICS ENGINEERING,163244,238962,195981,216311,205729,,,0,0,0,1,1,0,0
5921,"Syed Ammal Engineering College (Autonomous), Dr. E.M.Abdullah Campus, Lanthai, Achunthanvayal Post, Ramanathapuram-623502.",RAMANATHAPURAM,SELF FINANCING COLLEGES TIER 3,IT,INFORMATION TECHNOLOGY,105692,152846,,223216,221219,,,0,0,0,1,1,0,0
5921,"Syed Ammal Engineering College (Autonomous), Dr. E.M.Abdullah Campus, Lanthai, Achunthanvayal Post, Ramanathapuram-623502.",RAMANATHAPURAM,SELF FINANCING COLLEGES TIER 3,ME,MECHANICAL ENGINEERING,169344,229903,176389,228626,223696,,,0,1,0,1,0,0,0
5930,"SBM College of Engineering and Technology, SBM Nagar, Thamaraipadi(PO), Trichy Road, Dindigul-624005.",DINDIGUL,SELF FINANCING COLLEGES TIER 3,AD,Artificial Intelligence and Data Science,191626,231859,202817,201113,236332,,,0,1,0,1,1,0,0
5930,"SBM College of Engineering and Technology, SBM Nagar, Thamaraipadi(PO), Trichy Road, Dindigul-624005.",DINDIGUL,SELF FINANCING COLLEGES TIER 3,BM,BIO MEDICAL ENGINEERING,202103,,,,,,,1,0,0,0,0,0,0
5930,"SBM College of Engineering and Technology, SBM Nagar, Thamaraipadi(PO), Trichy Road, Dindigul-624005.",DINDIGUL,SELF FINANCING COLLEGES TIER 3,CE,CIVIL  ENGINEERING,239206,,,,,,,1,0,0,0,0,0,0
5930,"SBM College of Engineering and Technology, SBM Nagar, Thamaraipadi(PO), Trichy Road, Dindigul-624005.",DINDIGUL,SELF FINANCING COLLEGES TIER 3,CS,COMPUTER SCIENCE AND ENGINEERING,190514,238913,199143,238449,236992,239054,,0,1,1,1,1,1,0
5930,"SBM College of Engineering and Technology, SBM Nagar, Thamaraipadi(PO), Trichy Road, Dindigul-624005.",DINDIGUL,SELF FINANCING COLLEGES TIER 3,EC,ELECTRONICS AND COMMUNICATION ENGINEERING,219850,239089,,238342,,225727,,0,1,0,1,0,1,0
5930,"SBM College of Engineering and Technology, SBM Nagar, Thamaraipadi(PO), Trichy Road, Dindigul-624005.",DINDIGUL,SELF FINANCING COLLEGES TIER 3,EE,ELECTRICAL AND ELECTRONICS ENGINEERING,236225,,,,,,,1,0,0,0,0,0,0
5930,"SBM College of Engineering and Technology, SBM Nagar, Thamaraipadi(PO), Trichy Road, Dindigul-624005.",DINDIGUL,SELF FINANCING COLLEGES TIER 3,IT,INFORMATION TECHNOLOGY,201534,237672,,,237860,,,0,1,0,0,1,0,0
5930,"SBM College of Engineering and Technology, SBM Nagar, Thamaraipadi(PO), Trichy Road, Dindigul-624005.",DINDIGUL,SELF FINANCING COLLEGES TIER 3,ME,MECHANICAL ENGINEERING,238620,,,,,,,1,0,0,0,0,0,0
5935,"Fatima Michael College of Engineering and Technology, Senkottai Village, Kalimangalam Panchayat,Sivaganga Main Road, Madurai-625020.",MADURAI,SELF FINANCING COLLEGES TIER 3,AM,COMPUTER SCIENCE AND ENGINEERING (AI AND MACHINE LEARNING),157023,210852,183431,212975,222297,172250,,0,0,0,1,0,1,0
5935,"Fatima Michael College of Engineering and Technology, Senkottai Village, Kalimangalam Panchayat,Sivaganga Main Road, Madurai-625020.",MADURAI,SELF FINANCING COLLEGES TIER 3,CE,CIVIL  ENGINEERING,181782,233952,,215035,228552,,,0,1,0,1,1,0,0
5935,"Fatima Michael College of Engineering and Technology, Senkottai Village, Kalimangalam Panchayat,Sivaganga Main Road, Madurai-625020.",MADURAI,SELF FINANCING COLLEGES TIER 3,CS,COMPUTER SCIENCE AND ENGINEERING,127001,196854,149644,216888,223165,212469,,0,0,0,1,0,0,0
5935,"Fatima Michael College of Engineering and Technology, Senkottai Village, Kalimangalam Panchayat,Sivaganga Main Road, Madurai-625020.",MADURAI,SELF FINANCING COLLEGES TIER 3,EC,ELECTRONICS AND COMMUNICATION ENGINEERING,145789,218731,177788,236248,234839,,,0,0,0,1,1,0,0
5935,"Fatima Michael College of Engineering and Technology, Senkottai Village, Kalimangalam Panchayat,Sivaganga Main Road, Madurai-625020.",MADURAI,SELF FINANCING COLLEGES TIER 3,EE,ELECTRICAL AND ELECTRONICS ENGINEERING,226096,229313,226227,237458,238489,,,0,1,0,1,1,0,0
5935,"Fatima Michael College of Engineering and Technology, Senkottai Village, Kalimangalam Panchayat,Sivaganga Main Road, Madurai-625020.",MADURAI,SELF FINANCING COLLEGES TIER 3,ME,MECHANICAL ENGINEERING,208807,228395,,,230820,,,0,1,0,0,1,0,0
5935,"Fatima Michael College of Engineering and Technology, Senkottai Village, Kalimangalam Panchayat,Sivaganga Main Road, Madurai-625020.",MADURAI,SELF FINANCING COLLEGES TIER 3,SC,Computer Science and Engineering (Cyber Security),152850,214038,174119,177041,224434,,,0,0,0,1,0,0,0
5942,"Ultra College of Engineering and Technology , 69/1, Ultra Nagar, Kodikulam I Bit, Madurai - Chennai Highway, Madurai-625104.",MADURAI,SELF FINANCING COLLEGES TIER 3,AD,Artificial Intelligence and Data Science,225400,235810,236988,237733,232751,,,0,1,1,1,1,0,0
5942,"Ultra College of Engineering and Technology , 69/1, Ultra Nagar, Kodikulam I Bit, Madurai - Chennai Highway, Madurai-625104.",MADURAI,SELF FINANCING COLLEGES TIER 3,CE,CIVIL  ENGINEERING,236266,,,,,,,0,0,0,0,0,0,0
5942,"Ultra College of Engineering and Technology , 69/1, Ultra Nagar, Kodikulam I Bit, Madurai - Chennai Highway, Madurai-625104.",MADURAI,SELF FINANCING COLLEGES TIER 3,CS,COMPUTER SCIENCE AND ENGINEERING,184761,236015,,,237161,,,0,1,0,0,1,0,0
5942,"Ultra College of Engineering and Technology , 69/1, Ultra Nagar, Kodikulam I Bit, Madurai - Chennai Highway, Madurai-625104.",MADURAI,SELF FINANCING COLLEGES TIER 3,EC,ELECTRONICS AND COMMUNICATION ENGINEERING,232483,,,,,,,1,0,0,0,0,0,0
5942,"Ultra College of Engineering and Technology , 69/1, Ultra Nagar, Kodikulam I Bit, Madurai - Chennai Highway, Madurai-625104.",MADURAI,SELF FINANCING COLLEGES TIER 3,EE,ELECTRICAL AND ELECTRONICS ENGINEERING,222516,,,,,,,1,0,0,0,0,0,0
5942,"Ultra College of Engineering and Technology , 69/1, Ultra Nagar, Kodikulam I Bit, Madurai - Chennai Highway, Madurai-625104.",MADURAI,SELF FINANCING COLLEGES TIER 3,IT,INFORMATION TECHNOLOGY,235985,,,236098,,,,0,0,0,1,0,0,0
5942,"Ultra College of Engineering and Technology , 69/1, Ultra Nagar, Kodikulam I Bit, Madurai - Chennai Highway, Madurai-625104.",MADURAI,SELF FINANCING COLLEGES TIER 3,ME,MECHANICAL ENGINEERING,223044,,,,,,,1,0,0,0,0,0,0
5986,"Velammal College of Engineering and Technology (Autonomous), Velammal Nagar, Viraganoor, Madurai -625009.",MADURAI,SELF FINANCING COLLEGES TIER 1,AD,Artificial Intelligence and Data Science,33218,43369,34847,63320,201078,,,0,0,0,0,0,0,0
5986,"Velammal College of Engineering and Technology (Autonomous), Velammal Nagar, Viraganoor, Madurai -625009.",MADURAI,SELF FINANCING COLLEGES TIER 1,CE,CIVIL  ENGINEERING,73595,105370,89754,131690,227877,174798,,0,0,0,0,0,1,0
5986,"Velammal College of Engineering and Technology (Autonomous), Velammal Nagar, Viraganoor, Madurai -625009.",MADURAI,SELF FINANCING COLLEGES TIER 1,CS,COMPUTER SCIENCE AND ENGINEERING,16405,25205,19263,44324,141436,142833,,0,0,0,0,0,1,0
5986,"Velammal College of Engineering and Technology (Autonomous), Velammal Nagar, Viraganoor, Madurai -625009.",MADURAI,SELF FINANCING COLLEGES TIER 1,EC,ELECTRONICS AND COMMUNICATION ENGINEERING,30373,40871,36811,52603,158967,195149,134305,0,0,0,0,0,1,1
5986,"Velammal College of Engineering and Technology (Autonomous), Velammal Nagar, Viraganoor, Madurai -625009.",MADURAI,SELF FINANCING COLLEGES TIER 1,EE,ELECTRICAL AND ELECTRONICS ENGINEERING,48545,60728,63509,87924,222256,,,0,0,0,0,0,0,0
5986,"Velammal College of Engineering and Technology (Autonomous), Velammal Nagar, Viraganoor, Madurai -625009.",MADURAI,SELF FINANCING COLLEGES TIER 1,EV,Electronics Engineering (VLSI Design and Technology),50498,59777,64478,103460,183530,,,0,0,0,0,1,0,0
5986,"Velammal College of Engineering and Technology (Autonomous), Velammal Nagar, Viraganoor, Madurai -625009.",MADURAI,SELF FINANCING COLLEGES TIER 1,IT,INFORMATION TECHNOLOGY,31815,40614,54754,61389,197120,,,0,0,0,0,0,0,0
5986,"Velammal College of Engineering and Technology (Autonomous), Velammal Nagar, Viraganoor, Madurai -625009.",MADURAI,SELF FINANCING COLLEGES TIER 1,ME,MECHANICAL ENGINEERING,66667,89838,101385,128184,201418,,,0,0,0,0,0,0,0
5986,"Velammal College of Engineering and Technology (Autonomous), Velammal Nagar, Viraganoor, Madurai -625009.",MADURAI,SELF FINANCING COLLEGES TIER 1,SC,Computer Science and Engineering (Cyber Security),38767,42408,55359,61793,210595,,,0,0,0,0,0,0,0
5988,"Theni Kammavar Sangam College of Technology, Theni Main road, Koduvilarpatti (PO), Veerapandi(Via), Theni District-625534.",THENI,SELF FINANCING COLLEGES TIER 3,AM,COMPUTER SCIENCE AND ENGINEERING (AI AND MACHINE LEARNING),170127,228384,,229480,229048,232312,,0,1,0,0,1,1,0
5988,"Theni Kammavar Sangam College of Technology, Theni Main road, Koduvilarpatti (PO), Veerapandi(Via), Theni District-625534.",THENI,SELF FINANCING COLLEGES TIER 3,CE,CIVIL  ENGINEERING,185144,,,,,,,1,0,0,0,0,0,0
5988,"Theni Kammavar Sangam College of Technology, Theni Main road, Koduvilarpatti (PO), Veerapandi(Via), Theni District-625534.",THENI,SELF FINANCING COLLEGES TIER 3,CS,COMPUTER SCIENCE AND ENGINEERING,140655,229581,185768,229515,175490,172369,,0,0,0,0,1,1,0
5988,"Theni Kammavar Sangam College of Technology, Theni Main road, Koduvilarpatti (PO), Veerapandi(Via), Theni District-625534.",THENI,SELF FINANCING COLLEGES TIER 3,EC,ELECTRONICS AND COMMUNICATION ENGINEERING,162286,226498,,222542,212376,,,0,1,0,1,1,0,0
5988,"Theni Kammavar Sangam College of Technology, Theni Main road, Koduvilarpatti (PO), Veerapandi(Via), Theni District-625534.",THENI,SELF FINANCING COLLEGES TIER 3,EE,ELECTRICAL AND ELECTRONICS ENGINEERING,223470,235465,,239159,236873,,,0,1,0,1,1,0,0
5988,"Theni Kammavar Sangam College of Technology, Theni Main road, Koduvilarpatti (PO), Veerapandi(Via), Theni District-625534.",THENI,SELF FINANCING COLLEGES TIER 3,IT,INFORMATION TECHNOLOGY,171412,227282,224114,234747,235002,231564,,0,1,1,1,1,0,0
5988,"Theni Kammavar Sangam College of Technology, Theni Main road, Koduvilarpatti (PO), Veerapandi(Via), Theni District-625534.",THENI,SELF FINANCING COLLEGES TIER 3,ME,MECHANICAL ENGINEERING,238396,,,,,,,0,0,0,0,0,0,0
5990,"Latha Mathavan Engineering College, Latha Mathavan Nagar, Kidaripatti, Melur Taluk, Madurai-625301.",MADURAI,SELF FINANCING COLLEGES TIER 3,CE,CIVIL  ENGINEERING,237651,,,,,,,1,0,0,0,0,0,0
5990,"Latha Mathavan Engineering College, Latha Mathavan Nagar, Kidaripatti, Melur Taluk, Madurai-625301.",MADURAI,SELF FINANCING COLLEGES TIER 3,CS,COMPUTER SCIENCE AND ENGINEERING,190752,232127,238106,211816,237394,234965,,0,1,0,1,1,0,0
5990,"Latha Mathavan Engineering College, Latha Mathavan Nagar, Kidaripatti, Melur Taluk, Madurai-625301.",MADURAI,SELF FINANCING COLLEGES TIER 3,EC,ELECTRONICS AND COMMUNICATION ENGINEERING,236516,239156,,,239200,,,0,1,0,0,1,0,0
5990,"Latha Mathavan Engineering College, Latha Mathavan Nagar, Kidaripatti, Melur Taluk, Madurai-625301.",MADURAI,SELF FINANCING COLLEGES TIER 3,EE,ELECTRICAL AND ELECTRONICS ENGINEERING,211925,,,,,,,1,0,0,0,0,0,0
5990,"Latha Mathavan Engineering College, Latha Mathavan Nagar, Kidaripatti, Melur Taluk, Madurai-625301.",MADURAI,SELF FINANCING COLLEGES TIER 3,ME,MECHANICAL ENGINEERING,234456,,,,,,,1,0,0,0,0,0,0
