college_code,college_name,district,college_type,branch_code,branch_name,oc,bc,bcm,mbc,sc,sca,st,oc_partial,bc_partial,bcm_partial,mbc_partial,sc_partial,sca_partial,st_partial,year
1,"University Departments of Anna University, Chennai - CEG Campus, Sardar Patel Road, Guindy, Chennai 600 025",CHENNAI,CEG DEPTS,BY,BIO MEDICAL ENGINEERING (SS),1248.0,1998.0,2390.0,1420.0,8937.0,22463.0,26147.0,0,0,0,0,0,0,0,2021
1,"University Departments of Anna University, Chennai - CEG Campus, Sardar Patel Road, Guindy, Chennai 600 025",CHENNAI,CEG DEPTS,CE,CIVIL ENGINEERING,2326.0,3227.0,6363.0,2527.0,7316.0,23541.0,43295.0,0,0,0,0,0,0,0,2021
1,"University Departments of Anna University, Chennai - CEG Campus, Sardar Patel Road, Guindy, Chennai 600 025",CHENNAI,CEG DEPTS,CM,COMPUTER SCIENCE AND ENGINEERING (SS),175.0,260.0,631.0,312.0,2940.0,3853.0,5838.0,0,0,0,0,0,0,0,2021
1,"University Departments of Anna University, Chennai - CEG Campus, Sardar Patel Road, Guindy, Chennai 600 025",CHENNAI,CEG DEPTS,CS,Computer Science and Engineering,29.0,111.0,388.0,67.0,551.0,2101.0,3779.0,0,0,0,0,0,0,0,2021
1,"University Departments of Anna University, Chennai - CEG Campus, Sardar Patel Road, Guindy, Chennai 600 025",CHENNAI,CEG DEPTS,EC,ELECTRONICS AND COMMUNICATION ENGINEERING,218.0,332.0,789.0,368.0,1680.0,4067.0,3514.0,0,0,0,0,0,0,0,2021
1,"University Departments of Anna University, Chennai - CEG Campus, Sardar Patel Road, Guindy, Chennai 600 025",CHENNAI,CEG DEPTS,EE,Electrical and Electronics Engineering,809.0,1297.0,2153.0,1046.0,5615.0,6509.0,5534.0,0,0,0,0,0,0,0,2021
1,"University Departments of Anna University, Chennai - CEG Campus, Sardar Patel Road, Guindy, Chennai 600 025",CHENNAI,CEG DEPTS,EM,ELECTRONICS AND COMMUNICATION ENGINEERING (SS),540.0,722.0,853.0,724.0,3760.0,8916.0,11789.0,0,0,0,0,0,0,0,2021
1,"University Departments of Anna University, Chennai - CEG Campus, Sardar Patel Road, Guindy, Chennai 600 025",CHENNAI,CEG DEPTS,GI,GEO INFORMATICS,2648.0,3961.0,4374.0,2693.0,10811.0,22902.0,,0,0,0,0,0,0,0,2021
1,"University Departments of Anna University, Chennai - CEG Campus, Sardar Patel Road, Guindy, Chennai 600 025",CHENNAI,CEG DEPTS,IE,INDUSTRIAL ENGINEERING,3983.0,5004.0,6580.0,4896.0,12535.0,29151.0,,0,0,0,0,0,0,0,2021
1,"University Departments of Anna University, Chennai - CEG Campus, Sardar Patel Road, Guindy, Chennai 600 025",CHENNAI,CEG DEPTS,IM,INFORMATION TECHNOLOGY (SS),470.0,720.0,1661.0,856.0,4894.0,8754.0,3569.0,0,0,0,0,0,0,0,2021
1,"University Departments of Anna University, Chennai - CEG Campus, Sardar Patel Road, Guindy, Chennai 600 025",CHENNAI,CEG DEPTS,MA,MATERIAL SCIENCE AND ENGINEERING (SS),4125.0,5897.0,10642.0,5806.0,16965.0,52089.0,,0,0,0,0,0,0,0,2021
1,"University Departments of Anna University, Chennai - CEG Campus, Sardar Patel Road, Guindy, Chennai 600 025",CHENNAI,CEG DEPTS,ME,Mechanical Engineering,1493.0,2398.0,2896.0,2293.0,10380.0,13573.0,25853.0,0,0,0,0,0,0,0,2021
1,"University Departments of Anna University, Chennai - CEG Campus, Sardar Patel Road, Guindy, Chennai 600 025",CHENNAI,CEG DEPTS,MI,MINING ENGINEERING,6153.0,10139.0,9460.0,11969.0,19668.0,44774.0,,0,0,0,0,0,0,0,2021
1,"University Departments of Anna University, Chennai - CEG Campus, Sardar Patel Road, Guindy, Chennai 600 025",CHENNAI,CEG DEPTS,MN,MANUFACTURING ENGINEERING,5064.0,7088.0,13132.0,5666.0,15353.0,17201.0,48416.0,0,0,0,0,0,0,0,2021
1,"University Departments of Anna University, Chennai - CEG Campus, Sardar Patel Road, Guindy, Chennai 600 025",CHENNAI,CEG DEPTS,PT,Printing and Packing Technology,7762.0,11815.0,16817.0,11168.0,20410.0,36074.0,,0,0,0,0,0,0,0,2021
1,"University Departments of Anna University, Chennai - CEG Campus, Sardar Patel Road, Guindy, Chennai 600 025",CHENNAI,CEG DEPTS,XC,CIVIL ENGINEERING (TAMIL MEDIUM),12591.0,24175.0,34308.0,22879.0,36973.0,47907.0,,0,0,0,0,0,0,0,2021
1,"University Departments of Anna University, Chennai - CEG Campus, Sardar Patel Road, Guindy, Chennai 600 025",CHENNAI,CEG DEPTS,XM,MECHANICAL ENGINEERING (TAMIL MEDIUM),18045.0,22322.0,22709.0,,36264.0,40564.0,,0,0,0,0,0,0,0,2021
2,"University Departments of Anna University, Chennai - ACT Campus, Sardar Patel Road, Guindy, Chennai 600 025",CHENNAI,CEG DEPTS,AP,APPAREL TECHNOLOGY (SS),13645.0,22334.0,30537.0,17325.0,43062.0,61533.0,,0,0,0,0,0,0,0,2021
2,"University Departments of Anna University, Chennai - ACT Campus, Sardar Patel Road, Guindy, Chennai 600 025",CHENNAI,CEG DEPTS,CH,CHEMICAL ENGINEERING,2223.0,4117.0,,2494.0,11931.0,27624.0,10991.0,0,0,0,0,0,0,0,2021
2,"University Departments of Anna University, Chennai - ACT Campus, Sardar Patel Road, Guindy, Chennai 600 025",CHENNAI,CEG DEPTS,CL,CHEMICAL ENGINEERING (SS),4534.0,5976.0,9973.0,4898.0,17334.0,,52866.0,0,0,0,0,0,0,0,2021
2,"University Departments of Anna University, Chennai - ACT Campus, Sardar Patel Road, Guindy, Chennai 600 025",CHENNAI,CEG DEPTS,CR,CERAMIC TECHNOLOGY (SS),15446.0,22104.0,19992.0,23826.0,40824.0,81005.0,,0,0,0,0,0,0,0,2021
2,"University Departments of Anna University, Chennai - ACT Campus, Sardar Patel Road, Guindy, Chennai 600 025",CHENNAI,CEG DEPTS,FS,FOOD TECHNOLOGY (SS),4535.0,5880.0,8418.0,,17392.0,23813.0,,0,0,0,0,0,0,0,2021
2,"University Departments of Anna University, Chennai - ACT Campus, Sardar Patel Road, Guindy, Chennai 600 025",CHENNAI,CEG DEPTS,IB,INDUSTRIAL BIO TECHNOLOGY,1010.0,2148.0,3981.0,,10124.0,18797.0,,0,0,0,0,0,0,0,2021
2,"University Departments of Anna University, Chennai - ACT Campus, Sardar Patel Road, Guindy, Chennai 600 025",CHENNAI,CEG DEPTS,IS,INDUSTRIAL BIO TECHNOLOGY (SS),1877.0,2493.0,6394.0,7103.0,13535.0,34688.0,,0,0,0,0,0,0,0,2021
2,"University Departments of Anna University, Chennai - ACT Campus, Sardar Patel Road, Guindy, Chennai 600 025",CHENNAI,CEG DEPTS,LE,LEATHER TECHNOLOGY,16382.0,22881.0,23928.0,25236.0,32867.0,36502.0,77574.0,0,0,0,0,0,0,0,2021
2,"University Departments of Anna University, Chennai - ACT Campus, Sardar Patel Road, Guindy, Chennai 600 025",CHENNAI,CEG DEPTS,PM,PHARMACEUTICAL TECHNOLOGY (SS),6295.0,9111.0,11238.0,11619.0,20362.0,42403.0,60120.0,0,0,0,0,0,0,0,2021
2,"University Departments of Anna University, Chennai - ACT Campus, Sardar Patel Road, Guindy, Chennai 600 025",CHENNAI,CEG DEPTS,PP,PETROLEUM ENGINEERING AND TECHNOLOGY (SS),12021.0,14158.0,14203.0,17887.0,23374.0,46392.0,,0,0,0,0,0,0,0,2021
2,"University Departments of Anna University, Chennai - ACT Campus, Sardar Patel Road, Guindy, Chennai 600 025",CHENNAI,CEG DEPTS,TX,TEXTILE TECHNOLOGY,14856.0,18871.0,22985.0,18279.0,31952.0,62594.0,81510.0,0,0,0,0,0,0,0,2021
4,"University Departments of Anna University, Chennai - MIT Campus, Chrompet, Tambaram Taluk, Chengalpattu District 600 044",CHENGALPET,CEG DEPTS,AE,AERONAUTICAL ENGINEERING,948.0,1898.0,2827.0,1770.0,7479.0,12147.0,,0,0,0,0,0,0,0,2021
4,"University Departments of Anna University, Chennai - MIT Campus, Chrompet, Tambaram Taluk, Chengalpattu District 600 044",CHENGALPET,CEG DEPTS,AU,AUTOMOBILE ENGINEERING,4478.0,6926.0,7685.0,,14098.0,38061.0,39708.0,0,0,0,0,0,0,0,2021
4,"University Departments of Anna University, Chennai - MIT Campus, Chrompet, Tambaram Taluk, Chengalpattu District 600 044",CHENGALPET,CEG DEPTS,CM,COMPUTER SCIENCE AND ENGINEERING (SS),580.0,709.0,1669.0,825.0,4816.0,9750.0,11738.0,0,0,0,0,0,0,0,2021
4,"University Departments of Anna University, Chennai - MIT Campus, Chrompet, Tambaram Taluk, Chengalpattu District 600 044",CHENGALPET,CEG DEPTS,CS,Computer Science and Engineering,362.0,493.0,1170.0,364.0,3466.0,2563.0,,0,0,0,0,0,0,0,2021
4,"University Departments of Anna University, Chennai - MIT Campus, Chrompet, Tambaram Taluk, Chengalpattu District 600 044",CHENGALPET,CEG DEPTS,EC,ELECTRONICS AND COMMUNICATION ENGINEERING,795.0,970.0,2117.0,,4290.0,5798.0,14670.0,0,0,0,0,0,0,0,2021
4,"University Departments of Anna University, Chennai - MIT Campus, Chrompet, Tambaram Taluk, Chengalpattu District 600 044",CHENGALPET,CEG DEPTS,EI,ELECTRONICS AND INSTRUMENTATION ENGINEERING,1528.0,2048.0,2657.0,1759.0,7729.0,22906.0,20157.0,0,0,0,0,0,0,0,2021
4,"University Departments of Anna University, Chennai - MIT Campus, Chrompet, Tambaram Taluk, Chengalpattu District 600 044",CHENGALPET,CEG DEPTS,EM,ELECTRONICS AND COMMUNICATION ENGINEERING (SS),1084.0,1268.0,2300.0,1163.0,6638.0,,16224.0,0,0,0,0,0,0,0,2021
4,"University Departments of Anna University, Chennai - MIT Campus, Chrompet, Tambaram Taluk, Chengalpattu District 600 044",CHENGALPET,CEG DEPTS,IM,INFORMATION TECHNOLOGY (SS),949.0,1203.0,2135.0,1111.0,6522.0,11666.0,,0,0,0,0,0,0,0,2021
4,"University Departments of Anna University, Chennai - MIT Campus, Chrompet, Tambaram Taluk, Chengalpattu District 600 044",CHENGALPET,CEG DEPTS,MF,MECHANICAL ENGINEERING (SS),2788.0,3424.0,5650.0,2815.0,13788.0,16180.0,40695.0,0,0,0,0,0,0,0,2021
4,"University Departments of Anna University, Chennai - MIT Campus, Chrompet, Tambaram Taluk, Chengalpattu District 600 044",CHENGALPET,CEG DEPTS,PR,PRODUCTION ENGINEERING,5439.0,7819.0,9891.0,9677.0,17608.0,31757.0,,0,0,0,0,0,0,0,2021
4,"University Departments of Anna University, Chennai - MIT Campus, Chrompet, Tambaram Taluk, Chengalpattu District 600 044",CHENGALPET,CEG DEPTS,RP,RUBBER AND PLASTIC TECHNOLOGY,10371.0,14615.0,18645.0,16953.0,26040.0,46483.0,,0,0,0,0,0,0,0,2021
1516,"Thanthai Periyar Government Institute of Technology, Bagayam, Vellore District 632002",VELLORE,GOVERNMENT ENGG COLLEGES,CE,CIVIL ENGINEERING,43867.0,60676.0,78362.0,48421.0,72334.0,80731.0,,0,0,0,0,0,0,0,2021
1516,"Thanthai Periyar Government Institute of Technology, Bagayam, Vellore District 632002",VELLORE,GOVERNMENT ENGG COLLEGES,CS,Computer Science and Engineering,12226.0,14576.0,13157.0,18229.0,35933.0,65335.0,60926.0,0,0,0,0,0,0,0,2021
1516,"Thanthai Periyar Government Institute of Technology, Bagayam, Vellore District 632002",VELLORE,GOVERNMENT ENGG COLLEGES,EC,ELECTRONICS AND COMMUNICATION ENGINEERING,20636.0,28917.0,41402.0,27131.0,53173.0,68776.0,86401.0,0,0,0,0,0,0,0,2021
1516,"Thanthai Periyar Government Institute of Technology, Bagayam, Vellore District 632002",VELLORE,GOVERNMENT ENGG COLLEGES,EE,Electrical and Electronics Engineering,28018.0,35704.0,60694.0,30794.0,58272.0,80383.0,,0,0,0,0,0,0,0,2021
1516,"Thanthai Periyar Government Institute of Technology, Bagayam, Vellore District 632002",VELLORE,GOVERNMENT ENGG COLLEGES,ME,Mechanical Engineering,48071.0,61267.0,74954.0,54727.0,79670.0,101290.0,81501.0,0,0,0,0,0,0,0,2021
2005,"Government College of Technology (Autonomous), Thadagam Road, Coimbatore District 641013",COIMBATORE,GOVERNMENT ENGG COLLEGES,CE,CIVIL ENGINEERING,13873.0,18742.0,24332.0,17038.0,30453.0,34946.0,40335.0,0,0,0,0,0,0,0,2021
2005,"Government College of Technology (Autonomous), Thadagam Road, Coimbatore District 641013",COIMBATORE,GOVERNMENT ENGG COLLEGES,CS,Computer Science and Engineering,1497.0,2178.0,4683.0,2417.0,10407.0,9647.0,,0,0,0,0,0,0,0,2021
2005,"Government College of Technology (Autonomous), Thadagam Road, Coimbatore District 641013",COIMBATORE,GOVERNMENT ENGG COLLEGES,EC,ELECTRONICS AND COMMUNICATION ENGINEERING,2506.0,3105.0,5860.0,3433.0,14713.0,14556.0,,0,0,0,0,0,0,0,2021
2005,"Government College of Technology (Autonomous), Thadagam Road, Coimbatore District 641013",COIMBATORE,GOVERNMENT ENGG COLLEGES,EE,Electrical and Electronics Engineering,3711.0,4743.0,7570.0,5530.0,15316.0,23323.0,,0,0,0,0,0,0,0,2021
2005,"Government College of Technology (Autonomous), Thadagam Road, Coimbatore District 641013",COIMBATORE,GOVERNMENT ENGG COLLEGES,EI,ELECTRONICS AND INSTRUMENTATION ENGINEERING,5412.0,7093.0,9475.0,5560.0,23360.0,,34972.0,0,0,0,0,0,0,0,2021
2005,"Government College of Technology (Autonomous), Thadagam Road, Coimbatore District 641013",COIMBATORE,GOVERNMENT ENGG COLLEGES,IB,INDUSTRIAL BIO TECHNOLOGY,8449.0,12036.0,19538.0,8551.0,37019.0,55608.0,69127.0,0,0,0,0,0,0,0,2021
2005,"Government College of Technology (Autonomous), Thadagam Road, Coimbatore District 641013",COIMBATORE,GOVERNMENT ENGG COLLEGES,IT,INFORMATION TECHNOLOGY,2595.0,3181.0,4666.0,3210.0,13076.0,17975.0,24000.0,0,0,0,0,0,0,0,2021
2005,"Government College of Technology (Autonomous), Thadagam Road, Coimbatore District 641013",COIMBATORE,GOVERNMENT ENGG COLLEGES,ME,Mechanical Engineering,10405.0,13279.0,21915.0,11890.0,28015.0,28270.0,50425.0,0,0,0,0,0,0,0,2021
2005,"Government College of Technology (Autonomous), Thadagam Road, Coimbatore District 641013",COIMBATORE,GOVERNMENT ENGG COLLEGES,PR,PRODUCTION ENGINEERING,14488.0,18858.0,24381.0,16436.0,35174.0,42657.0,69881.0,0,0,0,0,0,0,0,2021
2369,"Government College of Engineering, Chettikkarai Post, Dharmapuri District 635704",DHARMAPURI,GOVERNMENT ENGG COLLEGES,CE,CIVIL ENGINEERING,50706.0,79854.0,124044.0,68108.0,82165.0,115266.0,,0,0,0,0,0,0,0,2021
2369,"Government College of Engineering, Chettikkarai Post, Dharmapuri District 635704",DHARMAPURI,GOVERNMENT ENGG COLLEGES,CS,Computer Science and Engineering,18467.0,27789.0,33654.0,21618.0,52359.0,64646.0,,0,0,0,0,0,0,0,2021
2369,"Government College of Engineering, Chettikkarai Post, Dharmapuri District 635704",DHARMAPURI,GOVERNMENT ENGG COLLEGES,EC,ELECTRONICS AND COMMUNICATION ENGINEERING,26601.0,33035.0,48510.0,32063.0,60556.0,78894.0,59773.0,0,0,0,0,0,0,0,2021
2369,"Government College of Engineering, Chettikkarai Post, Dharmapuri District 635704",DHARMAPURI,GOVERNMENT ENGG COLLEGES,EE,Electrical and Electronics Engineering,35769.0,45866.0,80932.0,41619.0,66467.0,100239.0,,0,0,0,0,0,0,0,2021
2369,"Government College of Engineering, Chettikkarai Post, Dharmapuri District 635704",DHARMAPURI,GOVERNMENT ENGG COLLEGES,ME,Mechanical Engineering,51876.0,68741.0,72603.0,62568.0,84952.0,90728.0,,0,0,0,0,0,0,0,2021
2603,"Government College of Engineering (Autonomous), Bargur, Krishnagiri District 635104",KRISHNAGIRI,GOVERNMENT ENGG COLLEGES,CS,Computer Science and Engineering,11472.0,12623.0,14039.0,16584.0,38187.0,50473.0,,0,0,0,0,0,0,0,2021
2603,"Government College of Engineering (Autonomous), Bargur, Krishnagiri District 635104",KRISHNAGIRI,GOVERNMENT ENGG COLLEGES,EC,ELECTRONICS AND COMMUNICATION ENGINEERING,15956.0,20775.0,22277.0,22173.0,46457.0,52201.0,98121.0,0,0,0,0,0,0,0,2021
2603,"Government College of Engineering (Autonomous), Bargur, Krishnagiri District 635104",KRISHNAGIRI,GOVERNMENT ENGG COLLEGES,EE,Electrical and Electronics Engineering,24436.0,30658.0,32106.0,36491.0,59126.0,44827.0,,0,0,0,0,0,0,0,2021
2603,"Government College of Engineering (Autonomous), Bargur, Krishnagiri District 635104",KRISHNAGIRI,GOVERNMENT ENGG COLLEGES,ME,Mechanical Engineering,36013.0,48195.0,64272.0,42815.0,73230.0,106002.0,119164.0,0,0,0,0,0,0,0,2021
2615,"Government College of Engineering (Autonomous), Karuppur, Salem District 636011",SALEM,GOVERNMENT ENGG COLLEGES,CE,CIVIL ENGINEERING,23016.0,32241.0,47511.0,31066.0,49758.0,77319.0,79880.0,0,0,0,0,0,0,0,2021
2615,"Government College of Engineering (Autonomous), Karuppur, Salem District 636011",SALEM,GOVERNMENT ENGG COLLEGES,CS,Computer Science and Engineering,3676.0,5134.0,11909.0,5212.0,17957.0,24308.0,,0,0,0,0,0,0,0,2021
2615,"Government College of Engineering (Autonomous), Karuppur, Salem District 636011",SALEM,GOVERNMENT ENGG COLLEGES,EC,ELECTRONICS AND COMMUNICATION ENGINEERING,5374.0,6305.0,11439.0,6002.0,20411.0,33510.0,,0,0,0,0,0,0,0,2021
2615,"Government College of Engineering (Autonomous), Karuppur, Salem District 636011",SALEM,GOVERNMENT ENGG COLLEGES,EE,Electrical and Electronics Engineering,8244.0,9813.0,14681.0,8801.0,28522.0,40209.0,,0,0,0,0,0,0,0,2021
2615,"Government College of Engineering (Autonomous), Karuppur, Salem District 636011",SALEM,GOVERNMENT ENGG COLLEGES,ME,Mechanical Engineering,22239.0,31468.0,29163.0,36162.0,48078.0,65524.0,63035.0,0,0,0,0,0,0,0,2021
2615,"Government College of Engineering (Autonomous), Karuppur, Salem District 636011",SALEM,GOVERNMENT ENGG COLLEGES,MT,METALLURGICAL ENGINEERING,16844.0,25560.0,43920.0,19447.0,58362.0,73574.0,86987.0,0,0,0,0,0,0,0,2021
2709,"Government Engineering College (Formerly Institute of Road and Transport Technology), Vasavi College Post, Erode District 638316",ERODE,GOVERNMENT ENGG COLLEGES,AU,AUTOMOBILE ENGINEERING,35691.0,48447.0,67505.0,39890.0,73807.0,55660.0,,0,0,0,0,0,0,0,2021
2709,"Government Engineering College (Formerly Institute of Road and Transport Technology), Vasavi College Post, Erode District 638316",ERODE,GOVERNMENT ENGG COLLEGES,CE,CIVIL ENGINEERING,32019.0,44656.0,80861.0,43237.0,56053.0,58678.0,,0,0,0,0,0,0,0,2021
2709,"Government Engineering College (Formerly Institute of Road and Transport Technology), Vasavi College Post, Erode District 638316",ERODE,GOVERNMENT ENGG COLLEGES,CS,Computer Science and Engineering,10143.0,11751.0,29154.0,10159.0,29516.0,30791.0,57826.0,0,0,0,0,0,0,0,2021
2709,"Government Engineering College (Formerly Institute of Road and Transport Technology), Vasavi College Post, Erode District 638316",ERODE,GOVERNMENT ENGG COLLEGES,EC,ELECTRONICS AND COMMUNICATION ENGINEERING,14943.0,17229.0,30434.0,18470.0,42527.0,50310.0,,0,0,0,0,0,0,0,2021
2709,"Government Engineering College (Formerly Institute of Road and Transport Technology), Vasavi College Post, Erode District 638316",ERODE,GOVERNMENT ENGG COLLEGES,EE,Electrical and Electronics Engineering,19901.0,24659.0,25003.0,22498.0,49511.0,,60062.0,0,0,0,0,0,0,0,2021
2709,"Government Engineering College (Formerly Institute of Road and Transport Technology), Vasavi College Post, Erode District 638316",ERODE,GOVERNMENT ENGG COLLEGES,IT,INFORMATION TECHNOLOGY,12321.0,14336.0,26688.0,12549.0,36388.0,29165.0,,0,0,0,0,0,0,0,2021
2709,"Government Engineering College (Formerly Institute of Road and Transport Technology), Vasavi College Post, Erode District 638316",ERODE,GOVERNMENT ENGG COLLEGES,ME,Mechanical Engineering,33055.0,39805.0,59289.0,44216.0,60303.0,52647.0,,0,0,0,0,0,0,0,2021
3464,"Government College of Engineering, Gandarvakottai Road, Sengipatti, Thanjavur District 613402",THANJAVUR,GOVERNMENT ENGG COLLEGES,CE,CIVIL ENGINEERING,60518.0,79786.0,116960.0,67459.0,85700.0,125522.0,,0,0,0,0,0,0,0,2021
3464,"Government College of Engineering, Gandarvakottai Road, Sengipatti, Thanjavur District 613402",THANJAVUR,GOVERNMENT ENGG COLLEGES,CS,Computer Science and Engineering,19717.0,25975.0,31030.0,,40110.0,51334.0,,0,0,0,0,0,0,0,2021
3464,"Government College of Engineering, Gandarvakottai Road, Sengipatti, Thanjavur District 613402",THANJAVUR,GOVERNMENT ENGG COLLEGES,EC,ELECTRONICS AND COMMUNICATION ENGINEERING,30220.0,35860.0,50930.0,37351.0,65030.0,83178.0,,0,0,0,0,0,0,0,2021
3464,"Government College of Engineering, Gandarvakottai Road, Sengipatti, Thanjavur District 613402",THANJAVUR,GOVERNMENT ENGG COLLEGES,EE,Electrical and Electronics Engineering,43449.0,48374.0,96651.0,59013.0,71795.0,125367.0,,0,0,0,0,0,0,0,2021
3464,"Government College of Engineering, Gandarvakottai Road, Sengipatti, Thanjavur District 613402",THANJAVUR,GOVERNMENT ENGG COLLEGES,ME,Mechanical Engineering,63064.0,76565.0,84747.0,66891.0,86109.0,115888.0,,0,0,0,0,0,0,0,2021
3465,"Government College of Engineering, Srirangam, Sethurappatti, Tiruchirappalli District 620012",TIRUCHIRAPALLI,GOVERNMENT ENGG COLLEGES,CE,CIVIL ENGINEERING,50720.0,73808.0,83709.0,73350.0,71672.0,83467.0,,0,0,0,0,0,0,0,2021
3465,"Government College of Engineering, Srirangam, Sethurappatti, Tiruchirappalli District 620012",TIRUCHIRAPALLI,GOVERNMENT ENGG COLLEGES,CS,Computer Science and Engineering,13265.0,15452.0,13915.0,13824.0,33001.0,28893.0,63588.0,0,0,0,0,0,0,0,2021
3465,"Government College of Engineering, Srirangam, Sethurappatti, Tiruchirappalli District 620012",TIRUCHIRAPALLI,GOVERNMENT ENGG COLLEGES,EC,ELECTRONICS AND COMMUNICATION ENGINEERING,17538.0,26474.0,33802.0,27455.0,41026.0,56221.0,,0,0,0,0,0,0,0,2021
3465,"Government College of Engineering, Srirangam, Sethurappatti, Tiruchirappalli District 620012",TIRUCHIRAPALLI,GOVERNMENT ENGG COLLEGES,EE,Electrical and Electronics Engineering,31867.0,39171.0,65037.0,38841.0,51364.0,97621.0,,0,0,0,0,0,0,0,2021
3465,"Government College of Engineering, Srirangam, Sethurappatti, Tiruchirappalli District 620012",TIRUCHIRAPALLI,GOVERNMENT ENGG COLLEGES,ME,Mechanical Engineering,46005.0,61574.0,69525.0,55503.0,72057.0,72373.0,99988.0,0,0,0,0,0,0,0,2021
4974,"Government College of Engineering, Tirunelveli District 627007",TIRUNELVELI,GOVERNMENT ENGG COLLEGES,CE,CIVIL ENGINEERING,23012.0,33116.0,30198.0,56301.0,44213.0,99101.0,,0,0,0,0,0,0,0,2021
4974,"Government College of Engineering, Tirunelveli District 627007",TIRUNELVELI,GOVERNMENT ENGG COLLEGES,CS,Computer Science and Engineering,5827.0,8329.0,8839.0,16263.0,34149.0,32820.0,,0,0,0,0,0,0,0,2021
4974,"Government College of Engineering, Tirunelveli District 627007",TIRUNELVELI,GOVERNMENT ENGG COLLEGES,EC,ELECTRONICS AND COMMUNICATION ENGINEERING,11595.0,14314.0,17939.0,20506.0,43676.0,91912.0,83979.0,0,0,0,0,0,0,0,2021
4974,"Government College of Engineering, Tirunelveli District 627007",TIRUNELVELI,GOVERNMENT ENGG COLLEGES,EE,Electrical and Electronics Engineering,16847.0,22281.0,21365.0,,42603.0,79653.0,,0,0,0,0,0,0,0,2021
4974,"Government College of Engineering, Tirunelveli District 627007",TIRUNELVELI,GOVERNMENT ENGG COLLEGES,ME,Mechanical Engineering,35949.0,44081.0,52572.0,49811.0,64966.0,124561.0,79404.0,0,0,0,0,0,0,0,2021
5009,"Government College of Engineering, Melachokkanathapuram, Bodinayakkanur, Theni District 625582",THENI,GOVERNMENT ENGG COLLEGES,CE,CIVIL ENGINEERING,63076.0,78898.0,83167.0,69870.0,88558.0,,,0,0,0,0,0,0,0,2021
5009,"Government College of Engineering, Melachokkanathapuram, Bodinayakkanur, Theni District 625582",THENI,GOVERNMENT ENGG COLLEGES,CS,Computer Science and Engineering,25097.0,28743.0,36449.0,,52764.0,58895.0,,0,0,0,0,0,0,0,2021
5009,"Government College of Engineering, Melachokkanathapuram, Bodinayakkanur, Theni District 625582",THENI,GOVERNMENT ENGG COLLEGES,EC,ELECTRONICS AND COMMUNICATION ENGINEERING,32803.0,38952.0,64264.0,38689.0,57580.0,74202.0,,0,0,0,0,0,0,0,2021
5009,"Government College of Engineering, Melachokkanathapuram, Bodinayakkanur, Theni District 625582",THENI,GOVERNMENT ENGG COLLEGES,EE,Electrical and Electronics Engineering,45422.0,51395.0,74528.0,45558.0,69614.0,98718.0,,0,0,0,0,0,0,0,2021
5009,"Government College of Engineering, Melachokkanathapuram, Bodinayakkanur, Theni District 625582",THENI,GOVERNMENT ENGG COLLEGES,ME,Mechanical Engineering,63549.0,75890.0,103018.0,66653.0,83366.0,124956.0,,0,0,0,0,0,1,0,2021
5901,"Alagappa Chettair Government College of Engineering and Technology (Autonomous), Karaikudi, Sivagangai District 630004",SIVAGANGAI,GOVERNMENT ENGG COLLEGES,CE,CIVIL ENGINEERING,20675.0,26256.0,34135.0,23935.0,43999.0,53791.0,99914.0,0,0,0,0,0,0,0,2021
5901,"Alagappa Chettair Government College of Engineering and Technology (Autonomous), Karaikudi, Sivagangai District 630004",SIVAGANGAI,GOVERNMENT ENGG COLLEGES,CS,Computer Science and Engineering,5231.0,6348.0,8523.0,10289.0,21058.0,26774.0,,0,0,0,0,0,0,0,2021
5901,"Alagappa Chettair Government College of Engineering and Technology (Autonomous), Karaikudi, Sivagangai District 630004",SIVAGANGAI,GOVERNMENT ENGG COLLEGES,EC,ELECTRONICS AND COMMUNICATION ENGINEERING,8010.0,9745.0,10701.0,10453.0,25747.0,31095.0,65972.0,0,0,0,0,0,0,0,2021
5901,"Alagappa Chettair Government College of Engineering and Technology (Autonomous), Karaikudi, Sivagangai District 630004",SIVAGANGAI,GOVERNMENT ENGG COLLEGES,EE,Electrical and Electronics Engineering,13419.0,17286.0,24947.0,22846.0,38701.0,90465.0,66849.0,0,0,0,0,0,0,0,2021
5901,"Alagappa Chettair Government College of Engineering and Technology (Autonomous), Karaikudi, Sivagangai District 630004",SIVAGANGAI,GOVERNMENT ENGG COLLEGES,ME,Mechanical Engineering,26639.0,35552.0,33537.0,38658.0,56820.0,113040.0,,0,0,0,0,0,0,0,2021
2006,"PSG College of Technology (Autonomous), Peelamedu, Coimbatore District 641004",COIMBATORE,GOVERNMENT AIDED COLLEGES,AS,AUTOMOBILE ENGINEERING (SS),8987.0,14779.0,12753.0,20431.0,42229.0,40865.0,49736.0,0,0,0,0,0,0,0,2021
2006,"PSG College of Technology (Autonomous), Peelamedu, Coimbatore District 641004",COIMBATORE,GOVERNMENT AIDED COLLEGES,BS,BIO TECHNOLOGY (SS),2276.0,3815.0,7101.0,3546.0,19058.0,30867.0,,0,0,0,0,0,0,0,2021
2006,"PSG College of Technology (Autonomous), Peelamedu, Coimbatore District 641004",COIMBATORE,GOVERNMENT AIDED COLLEGES,BY,BIO MEDICAL ENGINEERING (SS),3296.0,4139.0,5483.0,4608.0,19826.0,41182.0,36309.0,0,0,0,0,0,0,0,2021
2006,"PSG College of Technology (Autonomous), Peelamedu, Coimbatore District 641004",COIMBATORE,GOVERNMENT AIDED COLLEGES,CE,CIVIL ENGINEERING,3475.0,6218.0,8529.0,5300.0,14974.0,32445.0,,0,0,0,0,0,0,0,2021
2006,"PSG College of Technology (Autonomous), Peelamedu, Coimbatore District 641004",COIMBATORE,GOVERNMENT AIDED COLLEGES,CM,COMPUTER SCIENCE AND ENGINEERING (SS),294.0,532.0,712.0,1232.0,8343.0,10151.0,8986.0,0,0,0,0,0,0,0,2021
2006,"PSG College of Technology (Autonomous), Peelamedu, Coimbatore District 641004",COIMBATORE,GOVERNMENT AIDED COLLEGES,CN,CIVIL ENGINEERING (SS),7530.0,9501.0,9569.0,10400.0,31779.0,42307.0,,0,0,0,0,0,0,0,2021
2006,"PSG College of Technology (Autonomous), Peelamedu, Coimbatore District 641004",COIMBATORE,GOVERNMENT AIDED COLLEGES,EC,ELECTRONICS AND COMMUNICATION ENGINEERING,378.0,733.0,1364.0,511.0,5918.0,,16755.0,0,0,0,0,0,0,0,2021
2006,"PSG College of Technology (Autonomous), Peelamedu, Coimbatore District 641004",COIMBATORE,GOVERNMENT AIDED COLLEGES,EE,Electrical and Electronics Engineering,1612.0,1927.0,5391.0,1719.0,11253.0,16441.0,21328.0,0,0,0,0,0,0,0,2021
2006,"PSG College of Technology (Autonomous), Peelamedu, Coimbatore District 641004",COIMBATORE,GOVERNMENT AIDED COLLEGES,EM,ELECTRONICS AND COMMUNICATION ENGINEERING (SS),960.0,1194.0,3225.0,1563.0,11485.0,20687.0,,0,0,0,0,0,0,0,2021
2006,"PSG College of Technology (Autonomous), Peelamedu, Coimbatore District 641004",COIMBATORE,GOVERNMENT AIDED COLLEGES,ES,ELECTRICAL AND ELECTRONICS (SANDWICH) (SS),5286.0,7043.0,10997.0,5402.0,38116.0,42786.0,,0,0,0,0,0,0,0,2021
2006,"PSG College of Technology (Autonomous), Peelamedu, Coimbatore District 641004",COIMBATORE,GOVERNMENT AIDED COLLEGES,FY,FASHION TECHNOLOGY (SS),12788.0,17634.0,29830.0,16596.0,46593.0,71334.0,,0,0,0,0,0,0,0,2021
2006,"PSG College of Technology (Autonomous), Peelamedu, Coimbatore District 641004",COIMBATORE,GOVERNMENT AIDED COLLEGES,IM,INFORMATION TECHNOLOGY (SS),994.0,1379.0,2248.0,1433.0,11313.0,20602.0,25191.0,0,0,0,0,0,0,0,2021
2006,"PSG College of Technology (Autonomous), Peelamedu, Coimbatore District 641004",COIMBATORE,GOVERNMENT AIDED COLLEGES,IY,INSTRUMENTATION AND CONTROL ENGINEERING (SS),4019.0,4541.0,5698.0,,26725.0,58664.0,,0,0,0,0,0,0,0,2021
2006,"PSG College of Technology (Autonomous), Peelamedu, Coimbatore District 641004",COIMBATORE,GOVERNMENT AIDED COLLEGES,ME,Mechanical Engineering,2409.0,3855.0,5561.0,,14269.0,19554.0,37783.0,0,0,0,0,0,0,0,2021
2006,"PSG College of Technology (Autonomous), Peelamedu, Coimbatore District 641004",COIMBATORE,GOVERNMENT AIDED COLLEGES,MF,MECHANICAL ENGINEERING (SS),4529.0,6194.0,6294.0,5679.0,23159.0,31105.0,,0,0,0,0,0,0,0,2021
2006,"PSG College of Technology (Autonomous), Peelamedu, Coimbatore District 641004",COIMBATORE,GOVERNMENT AIDED COLLEGES,MS,MECHANICAL ENGINEERING (SANDWICH) (SS),10712.0,13327.0,16213.0,18082.0,45020.0,45040.0,,0,0,0,0,0,0,0,2021
2006,"PSG College of Technology (Autonomous), Peelamedu, Coimbatore District 641004",COIMBATORE,GOVERNMENT AIDED COLLEGES,MT,METALLURGICAL ENGINEERING,9643.0,11165.0,18428.0,12599.0,37060.0,34354.0,,0,0,0,0,0,0,0,2021
2006,"PSG College of Technology (Autonomous), Peelamedu, Coimbatore District 641004",COIMBATORE,GOVERNMENT AIDED COLLEGES,MY,METALLURGICAL ENGINEERING (SS),12395.0,14612.0,22435.0,12700.0,43791.0,76051.0,,0,0,0,0,0,0,0,2021
2006,"PSG College of Technology (Autonomous), Peelamedu, Coimbatore District 641004",COIMBATORE,GOVERNMENT AIDED COLLEGES,PN,PRODUCTION ENGINEERING (SS),11361.0,14303.0,12814.0,,35187.0,70634.0,,0,0,0,0,0,0,0,2021
2006,"PSG College of Technology (Autonomous), Peelamedu, Coimbatore District 641004",COIMBATORE,GOVERNMENT AIDED COLLEGES,PR,PRODUCTION ENGINEERING,8196.0,9943.0,,8718.0,25728.0,48466.0,,0,0,0,0,0,0,0,2021
2006,"PSG College of Technology (Autonomous), Peelamedu, Coimbatore District 641004",COIMBATORE,GOVERNMENT AIDED COLLEGES,PS,PRODUCTION ENGINEERING (SANDWICH) (SS),15657.0,17145.0,17156.0,20415.0,50262.0,87107.0,,0,0,0,0,0,0,0,2021
2006,"PSG College of Technology (Autonomous), Peelamedu, Coimbatore District 641004",COIMBATORE,GOVERNMENT AIDED COLLEGES,RA,ROBOTICS AND AUTOMATION (SS),2701.0,3941.0,5565.0,3386.0,20556.0,41821.0,74849.0,0,0,0,0,0,0,0,2021
2006,"PSG College of Technology (Autonomous), Peelamedu, Coimbatore District 641004",COIMBATORE,GOVERNMENT AIDED COLLEGES,TT,TEXTILE TECHNOLOGY (SS),20005.0,22282.0,30008.0,,57064.0,,,0,0,0,0,0,0,0,2021
2006,"PSG College of Technology (Autonomous), Peelamedu, Coimbatore District 641004",COIMBATORE,GOVERNMENT AIDED COLLEGES,TX,TEXTILE TECHNOLOGY,13870.0,15724.0,24048.0,13943.0,47761.0,40360.0,,0,0,0,0,0,0,0,2021
2007,"Coimbatore Institute of Technology (Autonomous), Civil Aerodrome Post, Coimbatore District 641014",COIMBATORE,GOVERNMENT AIDED COLLEGES,AT,ARTIFICIAL INTELLIGENCE AND DATA SCIENCE (SS),2408.0,2969.0,4636.0,3873.0,22874.0,28108.0,17153.0,0,0,0,0,0,0,0,2021
2007,"Coimbatore Institute of Technology (Autonomous), Civil Aerodrome Post, Coimbatore District 641014",COIMBATORE,GOVERNMENT AIDED COLLEGES,CE,CIVIL ENGINEERING,9754.0,12261.0,14619.0,,29835.0,23181.0,84641.0,0,0,0,0,0,0,0,2021
2007,"Coimbatore Institute of Technology (Autonomous), Civil Aerodrome Post, Coimbatore District 641014",COIMBATORE,GOVERNMENT AIDED COLLEGES,CH,CHEMICAL ENGINEERING,5909.0,7147.0,12596.0,8779.0,32685.0,20498.0,,0,0,0,0,0,0,0,2021
2007,"Coimbatore Institute of Technology (Autonomous), Civil Aerodrome Post, Coimbatore District 641014",COIMBATORE,GOVERNMENT AIDED COLLEGES,CL,CHEMICAL ENGINEERING (SS),7955.0,9059.0,17693.0,,35837.0,,,0,0,0,0,0,0,0,2021
2007,"Coimbatore Institute of Technology (Autonomous), Civil Aerodrome Post, Coimbatore District 641014",COIMBATORE,GOVERNMENT AIDED COLLEGES,CM,COMPUTER SCIENCE AND ENGINEERING (SS),1673.0,1802.0,3338.0,2443.0,15210.0,22754.0,,0,0,0,0,0,0,0,2021
2007,"Coimbatore Institute of Technology (Autonomous), Civil Aerodrome Post, Coimbatore District 641014",COIMBATORE,GOVERNMENT AIDED COLLEGES,CN,CIVIL ENGINEERING (SS),13153.0,13835.0,,19863.0,33976.0,60283.0,,0,0,0,0,0,0,0,2021
2007,"Coimbatore Institute of Technology (Autonomous), Civil Aerodrome Post, Coimbatore District 641014",COIMBATORE,GOVERNMENT AIDED COLLEGES,CS,Computer Science and Engineering,1363.0,1500.0,3300.0,1739.0,9787.0,17824.0,31777.0,0,0,0,0,0,0,0,2021
2007,"Coimbatore Institute of Technology (Autonomous), Civil Aerodrome Post, Coimbatore District 641014",COIMBATORE,GOVERNMENT AIDED COLLEGES,EC,ELECTRONICS AND COMMUNICATION ENGINEERING,1996.0,2445.0,3891.0,2081.0,12362.0,17577.0,23649.0,0,0,0,0,0,0,0,2021
2007,"Coimbatore Institute of Technology (Autonomous), Civil Aerodrome Post, Coimbatore District 641014",COIMBATORE,GOVERNMENT AIDED COLLEGES,EE,Electrical and Electronics Engineering,3599.0,4749.0,6053.0,4530.0,18499.0,23390.0,,0,0,0,0,0,0,0,2021
2007,"Coimbatore Institute of Technology (Autonomous), Civil Aerodrome Post, Coimbatore District 641014",COIMBATORE,GOVERNMENT AIDED COLLEGES,EM,ELECTRONICS AND COMMUNICATION ENGINEERING (SS),2685.0,3137.0,4830.0,2741.0,17381.0,23343.0,58255.0,0,0,0,0,0,0,0,2021
2007,"Coimbatore Institute of Technology (Autonomous), Civil Aerodrome Post, Coimbatore District 641014",COIMBATORE,GOVERNMENT AIDED COLLEGES,EY,ELECTRICAL AND ELECTRONICS ENGINEERING (SS),5016.0,5690.0,7581.0,,22223.0,24010.0,,0,0,0,0,0,0,0,2021
2007,"Coimbatore Institute of Technology (Autonomous), Civil Aerodrome Post, Coimbatore District 641014",COIMBATORE,GOVERNMENT AIDED COLLEGES,IM,INFORMATION TECHNOLOGY (SS),2102.0,2395.0,4456.0,2473.0,15847.0,22976.0,,0,0,0,0,0,0,0,2021
2007,"Coimbatore Institute of Technology (Autonomous), Civil Aerodrome Post, Coimbatore District 641014",COIMBATORE,GOVERNMENT AIDED COLLEGES,ME,Mechanical Engineering,6691.0,8818.0,11062.0,9456.0,31125.0,40596.0,,0,0,0,0,0,0,0,2021
2007,"Coimbatore Institute of Technology (Autonomous), Civil Aerodrome Post, Coimbatore District 641014",COIMBATORE,GOVERNMENT AIDED COLLEGES,MF,MECHANICAL ENGINEERING (SS),10771.0,11902.0,12422.0,14836.0,40441.0,50786.0,,0,0,0,0,0,0,0,2021
5008,"Thiagarajar College of Engineering (Autonomous),Tirupparankundram, Madurai District 625015",MADURAI,GOVERNMENT AIDED COLLEGES,CE,CIVIL ENGINEERING,6725.0,8443.0,11338.0,8345.0,23990.0,35318.0,45342.0,0,0,0,0,0,0,0,2021
5008,"Thiagarajar College of Engineering (Autonomous),Tirupparankundram, Madurai District 625015",MADURAI,GOVERNMENT AIDED COLLEGES,CM,COMPUTER SCIENCE AND ENGINEERING (SS),1797.0,2208.0,5111.0,2082.0,14739.0,30153.0,,0,0,0,0,0,0,0,2021
5008,"Thiagarajar College of Engineering (Autonomous),Tirupparankundram, Madurai District 625015",MADURAI,GOVERNMENT AIDED COLLEGES,CN,CIVIL ENGINEERING (SS),13714.0,14805.0,18110.0,14408.0,34568.0,60572.0,50921.0,0,0,0,0,0,0,0,2021
5008,"Thiagarajar College of Engineering (Autonomous),Tirupparankundram, Madurai District 625015",MADURAI,GOVERNMENT AIDED COLLEGES,CS,Computer Science and Engineering,1205.0,1520.0,2214.0,1949.0,10780.0,,31953.0,0,0,0,0,0,0,0,2021
5008,"Thiagarajar College of Engineering (Autonomous),Tirupparankundram, Madurai District 625015",MADURAI,GOVERNMENT AIDED COLLEGES,CW,Computer Science and Business System (SS),3526.0,4273.0,5619.0,4158.0,25132.0,12487.0,97693.0,0,0,0,0,0,0,0,2021
5008,"Thiagarajar College of Engineering (Autonomous),Tirupparankundram, Madurai District 625015",MADURAI,GOVERNMENT AIDED COLLEGES,EC,ELECTRONICS AND COMMUNICATION ENGINEERING,1605.0,2201.0,3454.0,2733.0,13784.0,24352.0,,0,0,0,0,0,0,0,2021
5008,"Thiagarajar College of Engineering (Autonomous),Tirupparankundram, Madurai District 625015",MADURAI,GOVERNMENT AIDED COLLEGES,EE,Electrical and Electronics Engineering,3544.0,4270.0,6714.0,5058.0,15256.0,41926.0,,0,0,0,0,0,0,0,2021
5008,"Thiagarajar College of Engineering (Autonomous),Tirupparankundram, Madurai District 625015",MADURAI,GOVERNMENT AIDED COLLEGES,EM,ELECTRONICS AND COMMUNICATION ENGINEERING (SS),2665.0,3237.0,5862.0,3292.0,15611.0,24672.0,85022.0,0,0,0,0,0,0,0,2021
5008,"Thiagarajar College of Engineering (Autonomous),Tirupparankundram, Madurai District 625015",MADURAI,GOVERNMENT AIDED COLLEGES,EY,ELECTRICAL AND ELECTRONICS ENGINEERING (SS),5046.0,5629.0,8947.0,5407.0,26795.0,56422.0,,0,0,0,0,0,0,0,2021
5008,"Thiagarajar College of Engineering (Autonomous),Tirupparankundram, Madurai District 625015",MADURAI,GOVERNMENT AIDED COLLEGES,IM,INFORMATION TECHNOLOGY (SS),2700.0,3286.0,6149.0,3645.0,19392.0,31751.0,34458.0,0,0,0,0,0,0,0,2021
5008,"Thiagarajar College of Engineering (Autonomous),Tirupparankundram, Madurai District 625015",MADURAI,GOVERNMENT AIDED COLLEGES,ME,Mechanical Engineering,6187.0,7971.0,9521.0,8855.0,27089.0,34430.0,,0,0,0,0,0,0,0,2021
5008,"Thiagarajar College of Engineering (Autonomous),Tirupparankundram, Madurai District 625015",MADURAI,GOVERNMENT AIDED COLLEGES,MF,MECHANICAL ENGINEERING (SS),9585.0,10850.0,12895.0,11261.0,40739.0,50790.0,,0,0,0,0,0,0,0,2021
5008,"Thiagarajar College of Engineering (Autonomous),Tirupparankundram, Madurai District 625015",MADURAI,GOVERNMENT AIDED COLLEGES,MG,MECHATRONICS (SS),6343.0,8505.0,8305.0,,34427.0,75372.0,,0,0,0,0,0,0,0,2021
1321,"Central Institute of Petrochemicals Engineering and Technology (Formerly Central Institute of Plastics Engineering and Technology) (CIPET), Guindy, Chennai 600032",CHENNAI,CENTRAL GOVERNMENT ENGG COLLEGES COLLEGES,MN,MANUFACTURING ENGINEERING,17954.0,24492.0,37349.0,23635.0,41417.0,66971.0,63273.0,0,0,0,0,0,0,0,2021
1321,"Central Institute of Petrochemicals Engineering and Technology (Formerly Central Institute of Plastics Engineering and Technology) (CIPET), Guindy, Chennai 600032",CHENNAI,CENTRAL GOVERNMENT ENGG COLLEGES COLLEGES,PA,PLASTIC TECHNOLOGY,15453.0,22376.0,37254.0,29133.0,44242.0,70756.0,,0,0,0,0,0,0,0,2021
2343,"Indian Institute of Handloom Technology, Foulke's Compound, Thillai Nagar, Salem District 636001",SALEM,CENTRAL GOVERNMENT ENGG COLLEGES COLLEGES,HT,HANDLOOM AND TEXTILE TECHNOLOGY,28981.0,34381.0,44513.0,,58092.0,63165.0,91971.0,0,0,0,0,0,0,0,2021
5012,"Central Electrochemical Research Institute CECRI), Karaikudi, Sivagangai District 630006",SIVAGANGAI,CENTRAL GOVERNMENT ENGG COLLEGES COLLEGES,CC,CHEMICAL AND ELECTRO CHEMICAL ENGINEERING (SS),2854.0,4703.0,6589.0,3403.0,13689.0,31453.0,,0,0,0,0,0,0,0,2021
1013,"University College of Engineering, Villupuram, Kakuppam, Villupuram District 605103",VILUPPURAM,UNIV CONSTITUENT COLLEGES,CS,Computer Science and Engineering,22853.0,39919.0,30572.0,43803.0,57569.0,93084.0,,0,0,0,0,0,0,0,2021
1013,"University College of Engineering, Villupuram, Kakuppam, Villupuram District 605103",VILUPPURAM,UNIV CONSTITUENT COLLEGES,EC,ELECTRONICS AND COMMUNICATION ENGINEERING,39662.0,53290.0,66967.0,43186.0,85903.0,80422.0,,0,0,0,0,0,0,0,2021
1013,"University College of Engineering, Villupuram, Kakuppam, Villupuram District 605103",VILUPPURAM,UNIV CONSTITUENT COLLEGES,IT,INFORMATION TECHNOLOGY,31034.0,42515.0,53651.0,35072.0,58316.0,82482.0,,0,0,0,0,0,0,0,2021
1013,"University College of Engineering, Villupuram, Kakuppam, Villupuram District 605103",VILUPPURAM,UNIV CONSTITUENT COLLEGES,ME,Mechanical Engineering,80648.0,116653.0,94742.0,134241.0,109215.0,126556.0,,0,0,0,0,0,0,0,2021
1013,"University College of Engineering, Villupuram, Kakuppam, Villupuram District 605103",VILUPPURAM,UNIV CONSTITUENT COLLEGES,XM,MECHANICAL ENGINEERING (TAMIL MEDIUM),136492.0,,,,,,,1,0,0,0,0,0,0,2021
1014,"University College of Engineering, Tindivanam, Melpakkam, Tindivanam, Villupuram District 604001",VILUPPURAM,UNIV CONSTITUENT COLLEGES,CE,CIVIL ENGINEERING,87816.0,131932.0,110742.0,120082.0,115331.0,,,0,1,1,0,0,0,0,2021
1014,"University College of Engineering, Tindivanam, Melpakkam, Tindivanam, Villupuram District 604001",VILUPPURAM,UNIV CONSTITUENT COLLEGES,CS,Computer Science and Engineering,34196.0,45043.0,55184.0,35285.0,65946.0,109299.0,,0,0,0,0,0,0,0,2021
1014,"University College of Engineering, Tindivanam, Melpakkam, Tindivanam, Villupuram District 604001",VILUPPURAM,UNIV CONSTITUENT COLLEGES,EC,ELECTRONICS AND COMMUNICATION ENGINEERING,48548.0,61047.0,90423.0,74798.0,84228.0,,,0,0,0,0,0,0,0,2021
1014,"University College of Engineering, Tindivanam, Melpakkam, Tindivanam, Villupuram District 604001",VILUPPURAM,UNIV CONSTITUENT COLLEGES,IT,INFORMATION TECHNOLOGY,38587.0,49048.0,79536.0,60290.0,68596.0,89102.0,103150.0,0,0,0,0,0,0,0,2021
1014,"University College of Engineering, Tindivanam, Melpakkam, Tindivanam, Villupuram District 604001",VILUPPURAM,UNIV CONSTITUENT COLLEGES,XC,CIVIL ENGINEERING (TAMIL MEDIUM),123368.0,,,,,,,1,0,0,0,0,0,0,2021
1015,"University College of Engineering, Arni, Arni to Devikapuram Road, Thatchur, Arni, Thiruvannamalai District 632326",THIRUVANNAMALAI,UNIV CONSTITUENT COLLEGES,CS,Computer Science and Engineering,37682.0,44899.0,74151.0,44449.0,74408.0,131246.0,114592.0,0,0,0,0,0,0,0,2021
1015,"University College of Engineering, Arni, Arni to Devikapuram Road, Thatchur, Arni, Thiruvannamalai District 632326",THIRUVANNAMALAI,UNIV CONSTITUENT COLLEGES,EC,ELECTRONICS AND COMMUNICATION ENGINEERING,48604.0,64292.0,61480.0,61302.0,87473.0,,,0,0,0,0,0,0,0,2021
1015,"University College of Engineering, Arni, Arni to Devikapuram Road, Thatchur, Arni, Thiruvannamalai District 632326",THIRUVANNAMALAI,UNIV CONSTITUENT COLLEGES,EE,Electrical and Electronics Engineering,68331.0,88409.0,123768.0,82697.0,102430.0,,,0,0,0,0,0,0,0,2021
1015,"University College of Engineering, Arni, Arni to Devikapuram Road, Thatchur, Arni, Thiruvannamalai District 632326",THIRUVANNAMALAI,UNIV CONSTITUENT COLLEGES,ME,Mechanical Engineering,92942.0,122544.0,131423.0,,121698.0,,,0,0,1,0,0,0,0,2021
1015,"University College of Engineering, Arni, Arni to Devikapuram Road, Thatchur, Arni, Thiruvannamalai District 632326",THIRUVANNAMALAI,UNIV CONSTITUENT COLLEGES,XM,MECHANICAL ENGINEERING (TAMIL MEDIUM),128625.0,,,,,,,1,0,0,0,0,0,0,2021
1026,"University College of Engineering, Kancheepuram, Ponnerikarai Campus, NH4, Chennai-Bangalore Highway, Karaipettai Village & Post, Kancheepuram District 631552",KANCHEEPURAM,UNIV CONSTITUENT COLLEGES,CS,Computer Science and Engineering,15180.0,23219.0,24964.0,23117.0,41431.0,71231.0,,0,0,0,0,0,0,0,2021
1026,"University College of Engineering, Kancheepuram, Ponnerikarai Campus, NH4, Chennai-Bangalore Highway, Karaipettai Village & Post, Kancheepuram District 631552",KANCHEEPURAM,UNIV CONSTITUENT COLLEGES,EC,ELECTRONICS AND COMMUNICATION ENGINEERING,26632.0,38242.0,42978.0,,58202.0,97725.0,88675.0,0,0,0,0,0,0,0,2021
1026,"University College of Engineering, Kancheepuram, Ponnerikarai Campus, NH4, Chennai-Bangalore Highway, Karaipettai Village & Post, Kancheepuram District 631552",KANCHEEPURAM,UNIV CONSTITUENT COLLEGES,EE,Electrical and Electronics Engineering,45596.0,69604.0,133431.0,81301.0,72640.0,132454.0,,0,0,0,0,0,1,0,2021
1026,"University College of Engineering, Kancheepuram, Ponnerikarai Campus, NH4, Chennai-Bangalore Highway, Karaipettai Village & Post, Kancheepuram District 631552",KANCHEEPURAM,UNIV CONSTITUENT COLLEGES,ME,Mechanical Engineering,63899.0,87174.0,125799.0,86038.0,86413.0,,109010.0,0,0,0,0,0,0,0,2021
2025,"Anna University Regional Campus - Coimbatore, Maruthamalai Main Road, Navavoor Bharathiyar University Post, Somayampalayam, Coimbatore District 641046",COIMBATORE,UNIV CONSTITUENT COLLEGES,CS,Computer Science and Engineering,6085.0,9571.0,21073.0,9237.0,13581.0,39004.0,61640.0,0,0,0,0,0,0,0,2021
2025,"Anna University Regional Campus - Coimbatore, Maruthamalai Main Road, Navavoor Bharathiyar University Post, Somayampalayam, Coimbatore District 641046",COIMBATORE,UNIV CONSTITUENT COLLEGES,EC,ELECTRONICS AND COMMUNICATION ENGINEERING,11506.0,15346.0,24513.0,16578.0,36084.0,34809.0,,0,0,0,0,0,0,0,2021
2025,"Anna University Regional Campus - Coimbatore, Maruthamalai Main Road, Navavoor Bharathiyar University Post, Somayampalayam, Coimbatore District 641046",COIMBATORE,UNIV CONSTITUENT COLLEGES,EE,Electrical and Electronics Engineering,17550.0,24590.0,36414.0,24694.0,47508.0,41459.0,108600.0,0,0,0,0,0,0,0,2021
2025,"Anna University Regional Campus - Coimbatore, Maruthamalai Main Road, Navavoor Bharathiyar University Post, Somayampalayam, Coimbatore District 641046",COIMBATORE,UNIV CONSTITUENT COLLEGES,ME,Mechanical Engineering,27271.0,38462.0,37143.0,40146.0,61954.0,85104.0,,0,0,0,0,0,0,0,2021
3011,"University College of Engineering, Tiruchirappalli, (Bharathidasan Institute of Technology), Tiruchirappalli District 620024",TIRUCHIRAPALLI,UNIV CONSTITUENT COLLEGES,AU,AUTOMOBILE ENGINEERING,63130.0,83388.0,106328.0,69416.0,96099.0,121485.0,,0,0,0,0,0,0,0,2021
3011,"University College of Engineering, Tiruchirappalli, (Bharathidasan Institute of Technology), Tiruchirappalli District 620024",TIRUCHIRAPALLI,UNIV CONSTITUENT COLLEGES,BT,BIO TECHNOLOGY,14331.0,28408.0,30499.0,23731.0,52084.0,74949.0,76297.0,0,0,0,0,0,0,0,2021
3011,"University College of Engineering, Tiruchirappalli, (Bharathidasan Institute of Technology), Tiruchirappalli District 620024",TIRUCHIRAPALLI,UNIV CONSTITUENT COLLEGES,CE,CIVIL ENGINEERING,53850.0,81072.0,78873.0,73079.0,87105.0,109356.0,,0,0,0,0,0,0,0,2021
3011,"University College of Engineering, Tiruchirappalli, (Bharathidasan Institute of Technology), Tiruchirappalli District 620024",TIRUCHIRAPALLI,UNIV CONSTITUENT COLLEGES,CS,Computer Science and Engineering,14571.0,20441.0,26430.0,18783.0,44979.0,46347.0,73028.0,0,0,0,0,0,0,0,2021
3011,"University College of Engineering, Tiruchirappalli, (Bharathidasan Institute of Technology), Tiruchirappalli District 620024",TIRUCHIRAPALLI,UNIV CONSTITUENT COLLEGES,EC,ELECTRONICS AND COMMUNICATION ENGINEERING,26593.0,35015.0,44331.0,30546.0,50551.0,61168.0,,0,0,0,0,0,0,0,2021
3011,"University College of Engineering, Tiruchirappalli, (Bharathidasan Institute of Technology), Tiruchirappalli District 620024",TIRUCHIRAPALLI,UNIV CONSTITUENT COLLEGES,EE,Electrical and Electronics Engineering,38990.0,49109.0,46430.0,76348.0,69866.0,89140.0,,0,0,0,0,0,0,0,2021
3011,"University College of Engineering, Tiruchirappalli, (Bharathidasan Institute of Technology), Tiruchirappalli District 620024",TIRUCHIRAPALLI,UNIV CONSTITUENT COLLEGES,IT,INFORMATION TECHNOLOGY,19770.0,25004.0,28587.0,30871.0,47349.0,58091.0,135430.0,0,0,0,0,0,0,0,2021
3011,"University College of Engineering, Tiruchirappalli, (Bharathidasan Institute of Technology), Tiruchirappalli District 620024",TIRUCHIRAPALLI,UNIV CONSTITUENT COLLEGES,ME,Mechanical Engineering,53176.0,76702.0,77651.0,64271.0,84826.0,130229.0,91271.0,0,0,0,0,0,0,0,2021
3011,"University College of Engineering, Tiruchirappalli, (Bharathidasan Institute of Technology), Tiruchirappalli District 620024",TIRUCHIRAPALLI,UNIV CONSTITUENT COLLEGES,PC,PETRO CHEMICAL TECHNOLOGY,48280.0,73743.0,62726.0,94253.0,92380.0,68868.0,,0,0,0,0,0,0,0,2021
3011,"University College of Engineering, Tiruchirappalli, (Bharathidasan Institute of Technology), Tiruchirappalli District 620024",TIRUCHIRAPALLI,UNIV CONSTITUENT COLLEGES,PH,PHARMACEUTICAL TECHNOLOGY,25522.0,35734.0,55000.0,27279.0,63972.0,72147.0,50648.0,0,0,0,0,0,0,0,2021
3011,"University College of Engineering, Tiruchirappalli, (Bharathidasan Institute of Technology), Tiruchirappalli District 620024",TIRUCHIRAPALLI,UNIV CONSTITUENT COLLEGES,XC,CIVIL ENGINEERING (TAMIL MEDIUM),81614.0,132663.0,108994.0,84833.0,112150.0,112115.0,,0,1,0,0,0,0,0,2021
3011,"University College of Engineering, Tiruchirappalli, (Bharathidasan Institute of Technology), Tiruchirappalli District 620024",TIRUCHIRAPALLI,UNIV CONSTITUENT COLLEGES,XM,MECHANICAL ENGINEERING (TAMIL MEDIUM),132776.0,,,,,,,0,0,0,0,0,0,0,2021
3016,"University College of Engineering, Ariyalur, Kathankudikadu Village, Thelur Post, Ariyalur District 621704",ARIYALUR,UNIV CONSTITUENT COLLEGES,CE,CIVIL ENGINEERING,130109.0,133697.0,,,135799.0,,,0,1,0,0,1,0,0,2021
3016,"University College of Engineering, Ariyalur, Kathankudikadu Village, Thelur Post, Ariyalur District 621704",ARIYALUR,UNIV CONSTITUENT COLLEGES,CS,Computer Science and Engineering,49197.0,57959.0,77970.0,72935.0,89501.0,132629.0,,0,0,0,0,0,0,0,2021
3016,"University College of Engineering, Ariyalur, Kathankudikadu Village, Thelur Post, Ariyalur District 621704",ARIYALUR,UNIV CONSTITUENT COLLEGES,EC,ELECTRONICS AND COMMUNICATION ENGINEERING,70517.0,87912.0,119144.0,75026.0,104381.0,,,0,0,0,0,0,0,0,2021
3016,"University College of Engineering, Ariyalur, Kathankudikadu Village, Thelur Post, Ariyalur District 621704",ARIYALUR,UNIV CONSTITUENT COLLEGES,EE,Electrical and Electronics Engineering,92372.0,131216.0,123681.0,104319.0,125581.0,,,0,0,1,0,0,0,0,2021
3016,"University College of Engineering, Ariyalur, Kathankudikadu Village, Thelur Post, Ariyalur District 621704",ARIYALUR,UNIV CONSTITUENT COLLEGES,ME,Mechanical Engineering,106281.0,133962.0,,124227.0,128249.0,,,0,1,0,0,1,0,0,2021
3016,"University College of Engineering, Ariyalur, Kathankudikadu Village, Thelur Post, Ariyalur District 621704",ARIYALUR,UNIV CONSTITUENT COLLEGES,XC,CIVIL ENGINEERING (TAMIL MEDIUM),121565.0,,,,,,,1,0,0,0,0,0,0,2021
3016,"University College of Engineering, Ariyalur, Kathankudikadu Village, Thelur Post, Ariyalur District 621704",ARIYALUR,UNIV CONSTITUENT COLLEGES,XM,MECHANICAL ENGINEERING (TAMIL MEDIUM),75929.0,,,,,,,1,0,0,0,0,0,0,2021
3018,"University College of Engineering, Thirukkuvalai, Nagappattinam District 610204",NAGAPATTINAM,UNIV CONSTITUENT COLLEGES,CE,CIVIL ENGINEERING,119304.0,,,,,,,1,0,0,0,0,0,0,2021
3018,"University College of Engineering, Thirukkuvalai, Nagappattinam District 610204",NAGAPATTINAM,UNIV CONSTITUENT COLLEGES,CS,Computer Science and Engineering,47213.0,64163.0,95682.0,,94477.0,136094.0,,0,0,0,0,0,1,0,2021
3018,"University College of Engineering, Thirukkuvalai, Nagappattinam District 610204",NAGAPATTINAM,UNIV CONSTITUENT COLLEGES,EC,ELECTRONICS AND COMMUNICATION ENGINEERING,79833.0,100862.0,105674.0,104614.0,115727.0,,,0,0,1,0,0,0,0,2021
3018,"University College of Engineering, Thirukkuvalai, Nagappattinam District 610204",NAGAPATTINAM,UNIV CONSTITUENT COLLEGES,EE,Electrical and Electronics Engineering,117851.0,134562.0,,128543.0,133182.0,,,0,1,0,0,0,0,0,2021
3018,"University College of Engineering, Thirukkuvalai, Nagappattinam District 610204",NAGAPATTINAM,UNIV CONSTITUENT COLLEGES,ME,Mechanical Engineering,126559.0,131259.0,,129066.0,133102.0,,,0,1,0,0,1,0,0,2021
3018,"University College of Engineering, Thirukkuvalai, Nagappattinam District 610204",NAGAPATTINAM,UNIV CONSTITUENT COLLEGES,XC,CIVIL ENGINEERING (TAMIL MEDIUM),,,,,,,,0,0,0,0,0,0,0,2021
3018,"University College of Engineering, Thirukkuvalai, Nagappattinam District 610204",NAGAPATTINAM,UNIV CONSTITUENT COLLEGES,XM,MECHANICAL ENGINEERING (TAMIL MEDIUM),122906.0,,,,,,,1,0,0,0,0,0,0,2021
3019,"University College of Engineering, Panruti, Chennai-Kumbakonam Highway, Panikkankuppam, Panruti, Cuddalore District 607106",CUDDALORE,UNIV CONSTITUENT COLLEGES,CE,CIVIL ENGINEERING,98755.0,129199.0,100374.0,103637.0,134737.0,,,0,1,1,0,1,0,0,2021
3019,"University College of Engineering, Panruti, Chennai-Kumbakonam Highway, Panikkankuppam, Panruti, Cuddalore District 607106",CUDDALORE,UNIV CONSTITUENT COLLEGES,CS,Computer Science and Engineering,44743.0,57998.0,71713.0,64556.0,85330.0,103890.0,,0,0,0,0,0,0,0,2021
3019,"University College of Engineering, Panruti, Chennai-Kumbakonam Highway, Panikkankuppam, Panruti, Cuddalore District 607106",CUDDALORE,UNIV CONSTITUENT COLLEGES,EC,ELECTRONICS AND COMMUNICATION ENGINEERING,58534.0,77883.0,111051.0,63384.0,110368.0,,,0,0,0,0,0,0,0,2021
3019,"University College of Engineering, Panruti, Chennai-Kumbakonam Highway, Panikkankuppam, Panruti, Cuddalore District 607106",CUDDALORE,UNIV CONSTITUENT COLLEGES,EE,Electrical and Electronics Engineering,81084.0,126129.0,,93032.0,117704.0,,,0,0,0,0,0,0,0,2021
3019,"University College of Engineering, Panruti, Chennai-Kumbakonam Highway, Panikkankuppam, Panruti, Cuddalore District 607106",CUDDALORE,UNIV CONSTITUENT COLLEGES,ME,Mechanical Engineering,109987.0,128987.0,118442.0,131856.0,134532.0,,,0,1,1,0,0,0,0,2021
3019,"University College of Engineering, Panruti, Chennai-Kumbakonam Highway, Panikkankuppam, Panruti, Cuddalore District 607106",CUDDALORE,UNIV CONSTITUENT COLLEGES,XC,CIVIL ENGINEERING (TAMIL MEDIUM),129437.0,,,,,,,1,0,0,0,0,0,0,2021
3019,"University College of Engineering, Panruti, Chennai-Kumbakonam Highway, Panikkankuppam, Panruti, Cuddalore District 607106",CUDDALORE,UNIV CONSTITUENT COLLEGES,XM,MECHANICAL ENGINEERING (TAMIL MEDIUM),136419.0,,,,,,,1,0,0,0,0,0,0,2021
3021,"University College of Engineering, Pattukkottai, ECR Road, Rajamadam, Pattukkottai Taluk, Thanjavur District 614701",THANJAVUR,UNIV CONSTITUENT COLLEGES,CE,CIVIL ENGINEERING,102100.0,124823.0,,123870.0,130160.0,124917.0,,0,1,0,1,1,0,0,2021
3021,"University College of Engineering, Pattukkottai, ECR Road, Rajamadam, Pattukkottai Taluk, Thanjavur District 614701",THANJAVUR,UNIV CONSTITUENT COLLEGES,CS,Computer Science and Engineering,39929.0,49140.0,76860.0,48298.0,80235.0,131752.0,,0,0,0,0,0,0,0,2021
3021,"University College of Engineering, Pattukkottai, ECR Road, Rajamadam, Pattukkottai Taluk, Thanjavur District 614701",THANJAVUR,UNIV CONSTITUENT COLLEGES,EC,ELECTRONICS AND COMMUNICATION ENGINEERING,59347.0,76827.0,102768.0,97863.0,100595.0,,,0,0,0,0,0,0,0,2021
3021,"University College of Engineering, Pattukkottai, ECR Road, Rajamadam, Pattukkottai Taluk, Thanjavur District 614701",THANJAVUR,UNIV CONSTITUENT COLLEGES,EE,Electrical and Electronics Engineering,81260.0,116919.0,97056.0,82183.0,134474.0,,,0,0,0,0,0,0,0,2021
3021,"University College of Engineering, Pattukkottai, ECR Road, Rajamadam, Pattukkottai Taluk, Thanjavur District 614701",THANJAVUR,UNIV CONSTITUENT COLLEGES,ME,Mechanical Engineering,110580.0,129219.0,119828.0,,132498.0,,,0,1,0,0,0,0,0,2021
3021,"University College of Engineering, Pattukkottai, ECR Road, Rajamadam, Pattukkottai Taluk, Thanjavur District 614701",THANJAVUR,UNIV CONSTITUENT COLLEGES,XC,CIVIL ENGINEERING (TAMIL MEDIUM),136008.0,,,,,,,1,0,0,0,0,0,0,2021
3021,"University College of Engineering, Pattukkottai, ECR Road, Rajamadam, Pattukkottai Taluk, Thanjavur District 614701",THANJAVUR,UNIV CONSTITUENT COLLEGES,XM,MECHANICAL ENGINEERING (TAMIL MEDIUM),,,,,,,,0,0,0,0,0,0,0,2021
4020,"Anna University Regional Campus - Tirunelveli, Trivandrum Road, Palayamkottai, Tirunelveli District 627007",TIRUNELVELI,UNIV CONSTITUENT COLLEGES,CS,Computer Science and Engineering,19730.0,25204.0,22071.0,41539.0,46675.0,52085.0,135594.0,0,0,0,0,0,0,0,2021
4020,"Anna University Regional Campus - Tirunelveli, Trivandrum Road, Palayamkottai, Tirunelveli District 627007",TIRUNELVELI,UNIV CONSTITUENT COLLEGES,EC,ELECTRONICS AND COMMUNICATION ENGINEERING,27155.0,35518.0,36807.0,44890.0,56594.0,134208.0,73166.0,0,0,0,0,0,0,0,2021
4020,"Anna University Regional Campus - Tirunelveli, Trivandrum Road, Palayamkottai, Tirunelveli District 627007",TIRUNELVELI,UNIV CONSTITUENT COLLEGES,GI,GEO INFORMATICS,44950.0,63590.0,66316.0,56511.0,75458.0,120538.0,,0,0,0,0,0,0,0,2021
4020,"Anna University Regional Campus - Tirunelveli, Trivandrum Road, Palayamkottai, Tirunelveli District 627007",TIRUNELVELI,UNIV CONSTITUENT COLLEGES,ME,Mechanical Engineering,54501.0,69122.0,60885.0,75017.0,83582.0,,,0,0,0,0,0,0,0,2021
4023,"University College of Engineering, Nagercoil, Nagercoil Industrial Estate, Konam, Kanyakumari District 629004",KANYAKUMARI,UNIV CONSTITUENT COLLEGES,CE,CIVIL ENGINEERING,72943.0,90780.0,119226.0,79199.0,135941.0,,,0,0,0,0,0,0,0,2021
4023,"University College of Engineering, Nagercoil, Nagercoil Industrial Estate, Konam, Kanyakumari District 629004",KANYAKUMARI,UNIV CONSTITUENT COLLEGES,CS,Computer Science and Engineering,23729.0,38639.0,37330.0,57318.0,118643.0,133475.0,,0,0,0,0,0,1,0,2021
4023,"University College of Engineering, Nagercoil, Nagercoil Industrial Estate, Konam, Kanyakumari District 629004",KANYAKUMARI,UNIV CONSTITUENT COLLEGES,EC,ELECTRONICS AND COMMUNICATION ENGINEERING,30106.0,44162.0,58634.0,70942.0,98289.0,,,0,0,0,0,0,0,0,2021
4023,"University College of Engineering, Nagercoil, Nagercoil Industrial Estate, Konam, Kanyakumari District 629004",KANYAKUMARI,UNIV CONSTITUENT COLLEGES,EE,Electrical and Electronics Engineering,46862.0,57151.0,104810.0,97067.0,113187.0,,,0,0,0,0,0,0,0,2021
4023,"University College of Engineering, Nagercoil, Nagercoil Industrial Estate, Konam, Kanyakumari District 629004",KANYAKUMARI,UNIV CONSTITUENT COLLEGES,IT,INFORMATION TECHNOLOGY,30255.0,43048.0,51947.0,,85859.0,127176.0,,0,0,0,0,0,1,0,2021
4023,"University College of Engineering, Nagercoil, Nagercoil Industrial Estate, Konam, Kanyakumari District 629004",KANYAKUMARI,UNIV CONSTITUENT COLLEGES,ME,Mechanical Engineering,57378.0,73480.0,114482.0,112427.0,115022.0,,,0,0,0,0,0,0,0,2021
4023,"University College of Engineering, Nagercoil, Nagercoil Industrial Estate, Konam, Kanyakumari District 629004",KANYAKUMARI,UNIV CONSTITUENT COLLEGES,XC,CIVIL ENGINEERING (TAMIL MEDIUM),85476.0,,,,,,,1,0,0,0,0,0,0,2021
4023,"University College of Engineering, Nagercoil, Nagercoil Industrial Estate, Konam, Kanyakumari District 629004",KANYAKUMARI,UNIV CONSTITUENT COLLEGES,XM,MECHANICAL ENGINEERING (TAMIL MEDIUM),134436.0,,,,,,,1,0,0,0,0,0,0,2021
4024,"University V.O.C. College of Engineering, Thoothukudi, Near V.O.C. College, Millerpuram, Thoothukudi District 628008",TUTICORIN,UNIV CONSTITUENT COLLEGES,CE,CIVIL ENGINEERING,100425.0,136391.0,,123872.0,135275.0,,,0,1,0,0,1,0,0,2021
4024,"University V.O.C. College of Engineering, Thoothukudi, Near V.O.C. College, Millerpuram, Thoothukudi District 628008",TUTICORIN,UNIV CONSTITUENT COLLEGES,EC,ELECTRONICS AND COMMUNICATION ENGINEERING,40871.0,50616.0,74875.0,71206.0,90481.0,,,0,0,0,0,0,0,0,2021
4024,"University V.O.C. College of Engineering, Thoothukudi, Near V.O.C. College, Millerpuram, Thoothukudi District 628008",TUTICORIN,UNIV CONSTITUENT COLLEGES,EE,Electrical and Electronics Engineering,68767.0,87730.0,85313.0,,119121.0,,,0,0,0,0,0,0,0,2021
4024,"University V.O.C. College of Engineering, Thoothukudi, Near V.O.C. College, Millerpuram, Thoothukudi District 628008",TUTICORIN,UNIV CONSTITUENT COLLEGES,GI,GEO INFORMATICS,69175.0,104111.0,,125396.0,116478.0,,,0,0,0,0,0,0,0,2021
4024,"University V.O.C. College of Engineering, Thoothukudi, Near V.O.C. College, Millerpuram, Thoothukudi District 628008",TUTICORIN,UNIV CONSTITUENT COLLEGES,ME,Mechanical Engineering,82173.0,123967.0,,126307.0,136000.0,,,0,1,0,0,1,0,0,2021
4024,"University V.O.C. College of Engineering, Thoothukudi, Near V.O.C. College, Millerpuram, Thoothukudi District 628008",TUTICORIN,UNIV CONSTITUENT COLLEGES,XC,CIVIL ENGINEERING (TAMIL MEDIUM),121936.0,,,,,,,1,0,0,0,0,0,0,2021
4024,"University V.O.C. College of Engineering, Thoothukudi, Near V.O.C. College, Millerpuram, Thoothukudi District 628008",TUTICORIN,UNIV CONSTITUENT COLLEGES,XM,MECHANICAL ENGINEERING (TAMIL MEDIUM),84234.0,,,,,,,1,0,0,0,0,0,0,2021
5010,"Anna University Regional Campus - Madurai, Kanyakumari National Highway, Keelakuilkudi, Madurai District 625019",MADURAI,UNIV CONSTITUENT COLLEGES,CE,CIVIL ENGINEERING,49950.0,84428.0,109036.0,81654.0,84346.0,96984.0,,0,0,0,0,0,0,0,2021
5010,"Anna University Regional Campus - Madurai, Kanyakumari National Highway, Keelakuilkudi, Madurai District 625019",MADURAI,UNIV CONSTITUENT COLLEGES,CS,Computer Science and Engineering,18827.0,23992.0,22358.0,30527.0,45929.0,61945.0,132811.0,0,0,0,0,0,0,0,2021
5010,"Anna University Regional Campus - Madurai, Kanyakumari National Highway, Keelakuilkudi, Madurai District 625019",MADURAI,UNIV CONSTITUENT COLLEGES,EC,ELECTRONICS AND COMMUNICATION ENGINEERING,25032.0,35041.0,32268.0,29869.0,55364.0,99593.0,135231.0,0,0,0,0,0,0,0,2021
5010,"Anna University Regional Campus - Madurai, Kanyakumari National Highway, Keelakuilkudi, Madurai District 625019",MADURAI,UNIV CONSTITUENT COLLEGES,ME,Mechanical Engineering,52762.0,73358.0,64382.0,77915.0,79352.0,,,0,0,0,0,0,0,0,2021
5017,"University College of Engineering, Ramanathapuram, Pullangudi, Ramanathapuram District 623513",RAMANATHAPURAM,UNIV CONSTITUENT COLLEGES,CE,CIVIL ENGINEERING,129578.0,,,,,,,1,0,0,0,0,0,0,2021
5017,"University College of Engineering, Ramanathapuram, Pullangudi, Ramanathapuram District 623513",RAMANATHAPURAM,UNIV CONSTITUENT COLLEGES,CS,Computer Science and Engineering,55399.0,65579.0,70989.0,57187.0,90760.0,128229.0,,0,0,0,0,0,0,0,2021
5017,"University College of Engineering, Ramanathapuram, Pullangudi, Ramanathapuram District 623513",RAMANATHAPURAM,UNIV CONSTITUENT COLLEGES,EC,ELECTRONICS AND COMMUNICATION ENGINEERING,78285.0,98533.0,118640.0,92294.0,129392.0,,,0,0,0,0,0,0,0,2021
5017,"University College of Engineering, Ramanathapuram, Pullangudi, Ramanathapuram District 623513",RAMANATHAPURAM,UNIV CONSTITUENT COLLEGES,EE,Electrical and Electronics Engineering,115041.0,135604.0,,127240.0,128780.0,,,0,1,0,0,1,0,0,2021
5017,"University College of Engineering, Ramanathapuram, Pullangudi, Ramanathapuram District 623513",RAMANATHAPURAM,UNIV CONSTITUENT COLLEGES,ME,Mechanical Engineering,128989.0,,,,,,,1,0,0,0,0,0,0,2021
5017,"University College of Engineering, Ramanathapuram, Pullangudi, Ramanathapuram District 623513",RAMANATHAPURAM,UNIV CONSTITUENT COLLEGES,XC,CIVIL ENGINEERING (TAMIL MEDIUM),105992.0,,,,,,,1,0,0,0,0,0,0,2021
5017,"University College of Engineering, Ramanathapuram, Pullangudi, Ramanathapuram District 623513",RAMANATHAPURAM,UNIV CONSTITUENT COLLEGES,XM,MECHANICAL ENGINEERING (TAMIL MEDIUM),126790.0,,,,,,,1,0,0,0,0,0,0,2021
5022,"University College of Engineering, Dindigul, Mangarai Pirivu, Reddiyarchathiram, Dindigul District 624622",DINDIGUL,UNIV CONSTITUENT COLLEGES,CE,CIVIL ENGINEERING,107256.0,130067.0,118921.0,120562.0,133694.0,,,0,1,1,1,1,0,0,2021
5022,"University College of Engineering, Dindigul, Mangarai Pirivu, Reddiyarchathiram, Dindigul District 624622",DINDIGUL,UNIV CONSTITUENT COLLEGES,CS,Computer Science and Engineering,35461.0,44379.0,65132.0,42673.0,73842.0,127537.0,,0,0,0,0,0,0,0,2021
5022,"University College of Engineering, Dindigul, Mangarai Pirivu, Reddiyarchathiram, Dindigul District 624622",DINDIGUL,UNIV CONSTITUENT COLLEGES,EC,ELECTRONICS AND COMMUNICATION ENGINEERING,51967.0,66243.0,75008.0,51993.0,101450.0,,,0,0,0,0,0,0,0,2021
5022,"University College of Engineering, Dindigul, Mangarai Pirivu, Reddiyarchathiram, Dindigul District 624622",DINDIGUL,UNIV CONSTITUENT COLLEGES,EE,Electrical and Electronics Engineering,78776.0,101540.0,98244.0,101684.0,122307.0,,,0,0,0,0,0,0,0,2021
5022,"University College of Engineering, Dindigul, Mangarai Pirivu, Reddiyarchathiram, Dindigul District 624622",DINDIGUL,UNIV CONSTITUENT COLLEGES,ME,Mechanical Engineering,90367.0,136293.0,105454.0,95308.0,136003.0,,,0,1,0,0,1,0,0,2021
5022,"University College of Engineering, Dindigul, Mangarai Pirivu, Reddiyarchathiram, Dindigul District 624622",DINDIGUL,UNIV CONSTITUENT COLLEGES,XC,CIVIL ENGINEERING (TAMIL MEDIUM),119007.0,,,,,,,1,0,0,0,0,0,0,2021
5022,"University College of Engineering, Dindigul, Mangarai Pirivu, Reddiyarchathiram, Dindigul District 624622",DINDIGUL,UNIV CONSTITUENT COLLEGES,XM,MECHANICAL ENGINEERING (TAMIL MEDIUM),,,,,,,,0,0,0,0,0,0,0,2021
5,"Annamalai University Faculty of Engineering and Technology,Annamalai nagar,Cuddalore",CUDDALORE,ANNAMALAI UNIV,AM,Computer Science and Engineering (AI and Machine Learning),22558.0,43553.0,51289.0,27827.0,66160.0,,121693.0,0,0,0,0,0,0,0,2021
5,"Annamalai University Faculty of Engineering and Technology,Annamalai nagar,Cuddalore",CUDDALORE,ANNAMALAI UNIV,CE,CIVIL ENGINEERING,59663.0,104057.0,135661.0,98041.0,86702.0,,,0,0,0,0,0,0,0,2021
5,"Annamalai University Faculty of Engineering and Technology,Annamalai nagar,Cuddalore",CUDDALORE,ANNAMALAI UNIV,CF,COMPUTER SCIENCE AND ENGINEERING (DATA SCIENCE),36812.0,50068.0,57766.0,38443.0,71073.0,131136.0,88284.0,0,0,0,0,0,0,0,2021
5,"Annamalai University Faculty of Engineering and Technology,Annamalai nagar,Cuddalore",CUDDALORE,ANNAMALAI UNIV,CH,CHEMICAL ENGINEERING,62088.0,109523.0,122749.0,96508.0,102155.0,67151.0,125951.0,0,0,1,0,0,1,0,2021
5,"Annamalai University Faculty of Engineering and Technology,Annamalai nagar,Cuddalore",CUDDALORE,ANNAMALAI UNIV,CS,Computer Science and Engineering,18507.0,39067.0,36860.0,29395.0,63034.0,82263.0,76646.0,0,0,0,0,0,0,0,2021
5,"Annamalai University Faculty of Engineering and Technology,Annamalai nagar,Cuddalore",CUDDALORE,ANNAMALAI UNIV,CZ,CIVIL AND STRUCTUTURAL ENGINEERING,93237.0,133831.0,118810.0,118581.0,108128.0,98433.0,,0,1,1,0,0,1,0,2021
5,"Annamalai University Faculty of Engineering and Technology,Annamalai nagar,Cuddalore",CUDDALORE,ANNAMALAI UNIV,EC,ELECTRONICS AND COMMUNICATION ENGINEERING,35791.0,50748.0,64371.0,64323.0,65214.0,132060.0,,0,0,0,0,0,1,0,2021
5,"Annamalai University Faculty of Engineering and Technology,Annamalai nagar,Cuddalore",CUDDALORE,ANNAMALAI UNIV,EE,Electrical and Electronics Engineering,56154.0,82988.0,79172.0,87036.0,93124.0,115990.0,,0,0,0,0,0,1,0,2021
5,"Annamalai University Faculty of Engineering and Technology,Annamalai nagar,Cuddalore",CUDDALORE,ANNAMALAI UNIV,EI,ELECTRONICS AND INSTRUMENTATION ENGINEERING,74499.0,93147.0,100909.0,,104536.0,,,0,0,1,0,0,0,0,2021
5,"Annamalai University Faculty of Engineering and Technology,Annamalai nagar,Cuddalore",CUDDALORE,ANNAMALAI UNIV,IT,INFORMATION TECHNOLOGY,28145.0,43648.0,62435.0,39138.0,64527.0,135042.0,135670.0,0,0,0,0,0,0,0,2021
5,"Annamalai University Faculty of Engineering and Technology,Annamalai nagar,Cuddalore",CUDDALORE,ANNAMALAI UNIV,ME,Mechanical Engineering,84362.0,130332.0,120870.0,126704.0,102080.0,,,0,0,0,0,0,0,0,2021
5,"Annamalai University Faculty of Engineering and Technology,Annamalai nagar,Cuddalore",CUDDALORE,ANNAMALAI UNIV,MM,MECHANICAL ENGINEERING (MANUFACTURING),102039.0,135182.0,110220.0,,116517.0,,,0,1,1,0,0,0,0,2021
1101,"Aalim Muhammed Salegh College of Engineering, Muthapudupet, Avadi IAF, Chennai 600055",THIRUVALLUR,SELF FINANCING COLLEGES TIER 3,CE,CIVIL ENGINEERING,132931.0,,,,,,,1,0,0,0,0,0,0,2021
1101,"Aalim Muhammed Salegh College of Engineering, Muthapudupet, Avadi IAF, Chennai 600055",THIRUVALLUR,SELF FINANCING COLLEGES TIER 3,CS,Computer Science and Engineering,51972.0,83207.0,56205.0,82881.0,124532.0,,,0,0,0,0,0,0,0,2021
1101,"Aalim Muhammed Salegh College of Engineering, Muthapudupet, Avadi IAF, Chennai 600055",THIRUVALLUR,SELF FINANCING COLLEGES TIER 3,EC,ELECTRONICS AND COMMUNICATION ENGINEERING,85740.0,130339.0,86200.0,,,,,0,1,0,0,0,0,0,2021
1101,"Aalim Muhammed Salegh College of Engineering, Muthapudupet, Avadi IAF, Chennai 600055",THIRUVALLUR,SELF FINANCING COLLEGES TIER 3,EE,Electrical and Electronics Engineering,127910.0,131568.0,128291.0,,,,,0,1,0,0,0,0,0,2021
1101,"Aalim Muhammed Salegh College of Engineering, Muthapudupet, Avadi IAF, Chennai 600055",THIRUVALLUR,SELF FINANCING COLLEGES TIER 3,IT,INFORMATION TECHNOLOGY,55760.0,105841.0,58434.0,,134465.0,,,0,0,0,0,0,0,0,2021
1101,"Aalim Muhammed Salegh College of Engineering, Muthapudupet, Avadi IAF, Chennai 600055",THIRUVALLUR,SELF FINANCING COLLEGES TIER 3,ME,Mechanical Engineering,113192.0,118111.0,115705.0,,,,,0,1,0,0,0,0,0,2021
1106,"Jaya Engineering College, Thirunindravur, Chennai 602024",THIRUVALLUR,SELF FINANCING COLLEGES TIER 3,AE,AERONAUTICAL ENGINEERING,134757.0,,,,,,,1,0,0,0,0,0,0,2021
1106,"Jaya Engineering College, Thirunindravur, Chennai 602024",THIRUVALLUR,SELF FINANCING COLLEGES TIER 3,CE,CIVIL ENGINEERING,95429.0,,,,,,,1,0,0,0,0,0,0,2021
1106,"Jaya Engineering College, Thirunindravur, Chennai 602024",THIRUVALLUR,SELF FINANCING COLLEGES TIER 3,CS,Computer Science and Engineering,79207.0,92493.0,131120.0,100578.0,126628.0,,,0,0,0,0,0,0,0,2021
1106,"Jaya Engineering College, Thirunindravur, Chennai 602024",THIRUVALLUR,SELF FINANCING COLLEGES TIER 3,EC,ELECTRONICS AND COMMUNICATION ENGINEERING,118216.0,125642.0,,,125461.0,,,0,1,0,0,1,0,0,2021
1106,"Jaya Engineering College, Thirunindravur, Chennai 602024",THIRUVALLUR,SELF FINANCING COLLEGES TIER 3,EE,Electrical and Electronics Engineering,135782.0,,,,,,,1,0,0,0,0,0,0,2021
1106,"Jaya Engineering College, Thirunindravur, Chennai 602024",THIRUVALLUR,SELF FINANCING COLLEGES TIER 3,EI,ELECTRONICS AND INSTRUMENTATION ENGINEERING,136898.0,,,,,,,1,0,0,0,0,0,0,2021
1106,"Jaya Engineering College, Thirunindravur, Chennai 602024",THIRUVALLUR,SELF FINANCING COLLEGES TIER 3,IT,INFORMATION TECHNOLOGY,84116.0,117096.0,90338.0,121574.0,130784.0,,,0,0,0,0,0,0,0,2021
1106,"Jaya Engineering College, Thirunindravur, Chennai 602024",THIRUVALLUR,SELF FINANCING COLLEGES TIER 3,ME,Mechanical Engineering,132865.0,,,,,,,1,0,0,0,0,0,0,2021
1106,"Jaya Engineering College, Thirunindravur, Chennai 602024",THIRUVALLUR,SELF FINANCING COLLEGES TIER 3,TX,TEXTILE TECHNOLOGY,97421.0,,,,,,,1,0,0,0,0,0,0,2021
1107,"Jaya Institute of Technology, Kanchipadi Post, Thiruvallur-Tiruttani NH Road, Thiruvallur District 631204",THIRUVALLUR,SELF FINANCING COLLEGES TIER 3,EC,ELECTRONICS AND COMMUNICATION ENGINEERING,,,,,,,,0,0,0,0,0,0,0,2021
1107,"Jaya Institute of Technology, Kanchipadi Post, Thiruvallur-Tiruttani NH Road, Thiruvallur District 631204",THIRUVALLUR,SELF FINANCING COLLEGES TIER 3,EE,Electrical and Electronics Engineering,,,,,,,,0,0,0,0,0,0,0,2021
1107,"Jaya Institute of Technology, Kanchipadi Post, Thiruvallur-Tiruttani NH Road, Thiruvallur District 631204",THIRUVALLUR,SELF FINANCING COLLEGES TIER 3,FD,FOOD TECHNOLOGY,61847.0,,,,,,,1,0,0,0,0,0,0,2021
1107,"Jaya Institute of Technology, Kanchipadi Post, Thiruvallur-Tiruttani NH Road, Thiruvallur District 631204",THIRUVALLUR,SELF FINANCING COLLEGES TIER 3,ME,Mechanical Engineering,122295.0,,,,,,,1,0,0,0,0,0,0,2021
1110,"Prathyusha Engineering college, Aranvoyalkuppam, Thiruvallur District 602025",THIRUVALLUR,SELF FINANCING COLLEGES TIER 2,AD,Artificial Intelligence and Data Science,46329.0,61415.0,,,131171.0,,,0,0,0,0,0,0,0,2021
1110,"Prathyusha Engineering college, Aranvoyalkuppam, Thiruvallur District 602025",THIRUVALLUR,SELF FINANCING COLLEGES TIER 2,BT,BIO TECHNOLOGY,60296.0,123943.0,126656.0,79754.0,135982.0,121254.0,,0,0,0,0,1,1,0,2021
1110,"Prathyusha Engineering college, Aranvoyalkuppam, Thiruvallur District 602025",THIRUVALLUR,SELF FINANCING COLLEGES TIER 2,CS,Computer Science and Engineering,38989.0,53018.0,59936.0,69636.0,117109.0,,,0,0,0,0,0,0,0,2021
1110,"Prathyusha Engineering college, Aranvoyalkuppam, Thiruvallur District 602025",THIRUVALLUR,SELF FINANCING COLLEGES TIER 2,EC,ELECTRONICS AND COMMUNICATION ENGINEERING,62231.0,70729.0,70465.0,92444.0,132961.0,,,0,0,0,0,1,0,0,2021
1110,"Prathyusha Engineering college, Aranvoyalkuppam, Thiruvallur District 602025",THIRUVALLUR,SELF FINANCING COLLEGES TIER 2,EE,Electrical and Electronics Engineering,64184.0,83850.0,,,126338.0,,,0,0,0,0,1,0,0,2021
1110,"Prathyusha Engineering college, Aranvoyalkuppam, Thiruvallur District 602025",THIRUVALLUR,SELF FINANCING COLLEGES TIER 2,IT,INFORMATION TECHNOLOGY,46673.0,57866.0,66915.0,64089.0,118837.0,54083.0,,0,0,0,0,0,0,0,2021
1110,"Prathyusha Engineering college, Aranvoyalkuppam, Thiruvallur District 602025",THIRUVALLUR,SELF FINANCING COLLEGES TIER 2,ME,Mechanical Engineering,121782.0,135822.0,,,,,,0,0,0,0,0,0,0,2021
1110,"Prathyusha Engineering college, Aranvoyalkuppam, Thiruvallur District 602025",THIRUVALLUR,SELF FINANCING COLLEGES TIER 2,MZ,Mechatronics Engineering,114202.0,133602.0,,,,,,0,1,0,0,0,0,0,2021
1112,"R M D Engineering College (Autonomous), Kavaraipettai, Gummidipoondi, Thiruvallur District 601206",THIRUVALLUR,SELF FINANCING COLLEGES TIER 1,AL,Artificial Intelligence and Machine Learning,17085.0,22480.0,25234.0,31428.0,73631.0,,,0,0,0,0,0,0,0,2021
1112,"R M D Engineering College (Autonomous), Kavaraipettai, Gummidipoondi, Thiruvallur District 601206",THIRUVALLUR,SELF FINANCING COLLEGES TIER 1,CB,COMPUTER SCIENCE AND BUSSINESS SYSTEM,18420.0,22148.0,43560.0,22438.0,78160.0,,,0,0,0,0,0,0,0,2021
1112,"R M D Engineering College (Autonomous), Kavaraipettai, Gummidipoondi, Thiruvallur District 601206",THIRUVALLUR,SELF FINANCING COLLEGES TIER 1,CS,Computer Science and Engineering,12396.0,14728.0,23057.0,14590.0,55383.0,115496.0,,0,0,0,0,0,0,0,2021
1112,"R M D Engineering College (Autonomous), Kavaraipettai, Gummidipoondi, Thiruvallur District 601206",THIRUVALLUR,SELF FINANCING COLLEGES TIER 1,EC,ELECTRONICS AND COMMUNICATION ENGINEERING,20987.0,24612.0,37597.0,39318.0,79976.0,119305.0,,0,0,0,0,0,0,0,2021
1112,"R M D Engineering College (Autonomous), Kavaraipettai, Gummidipoondi, Thiruvallur District 601206",THIRUVALLUR,SELF FINANCING COLLEGES TIER 1,IT,INFORMATION TECHNOLOGY,15022.0,17751.0,25701.0,15825.0,61701.0,124334.0,,0,0,0,0,0,0,0,2021
1113,"R M K Engineering College (Autonomous), Kavaraipettai, Gummidipoondi, Thiruvallur District 601206",THIRUVALLUR,SELF FINANCING COLLEGES TIER 1,AD,Artificial Intelligence and Data Science,8995.0,10741.0,14769.0,25791.0,53466.0,73762.0,,0,0,0,0,0,0,0,2021
1113,"R M K Engineering College (Autonomous), Kavaraipettai, Gummidipoondi, Thiruvallur District 601206",THIRUVALLUR,SELF FINANCING COLLEGES TIER 1,CB,COMPUTER SCIENCE AND BUSSINESS SYSTEM,13576.0,15527.0,14425.0,13772.0,59586.0,97386.0,,0,0,0,0,0,0,0,2021
1113,"R M K Engineering College (Autonomous), Kavaraipettai, Gummidipoondi, Thiruvallur District 601206",THIRUVALLUR,SELF FINANCING COLLEGES TIER 1,CD,COMPUTER SCIENCE AND DESIGN,16126.0,19061.0,17928.0,19122.0,64337.0,,,0,0,0,0,0,0,0,2021
1113,"R M K Engineering College (Autonomous), Kavaraipettai, Gummidipoondi, Thiruvallur District 601206",THIRUVALLUR,SELF FINANCING COLLEGES TIER 1,CE,CIVIL ENGINEERING,35870.0,41193.0,49576.0,57926.0,42281.0,,,0,0,0,0,0,0,0,2021
1113,"R M K Engineering College (Autonomous), Kavaraipettai, Gummidipoondi, Thiruvallur District 601206",THIRUVALLUR,SELF FINANCING COLLEGES TIER 1,CS,Computer Science and Engineering,5395.0,8347.0,10134.0,7244.0,42423.0,91719.0,53994.0,0,0,0,0,0,0,0,2021
1113,"R M K Engineering College (Autonomous), Kavaraipettai, Gummidipoondi, Thiruvallur District 601206",THIRUVALLUR,SELF FINANCING COLLEGES TIER 1,EC,ELECTRONICS AND COMMUNICATION ENGINEERING,10855.0,13983.0,19227.0,17081.0,56510.0,111504.0,,0,0,0,0,0,0,0,2021
1113,"R M K Engineering College (Autonomous), Kavaraipettai, Gummidipoondi, Thiruvallur District 601206",THIRUVALLUR,SELF FINANCING COLLEGES TIER 1,EE,Electrical and Electronics Engineering,14957.0,21991.0,32740.0,30845.0,68415.0,,,0,0,0,0,0,0,0,2021
1113,"R M K Engineering College (Autonomous), Kavaraipettai, Gummidipoondi, Thiruvallur District 601206",THIRUVALLUR,SELF FINANCING COLLEGES TIER 1,EI,ELECTRONICS AND INSTRUMENTATION ENGINEERING,22844.0,24783.0,,,73690.0,,,0,0,0,0,0,0,0,2021
1113,"R M K Engineering College (Autonomous), Kavaraipettai, Gummidipoondi, Thiruvallur District 601206",THIRUVALLUR,SELF FINANCING COLLEGES TIER 1,IT,INFORMATION TECHNOLOGY,7791.0,9142.0,16928.0,,44796.0,,,0,0,0,0,0,0,0,2021
1113,"R M K Engineering College (Autonomous), Kavaraipettai, Gummidipoondi, Thiruvallur District 601206",THIRUVALLUR,SELF FINANCING COLLEGES TIER 1,ME,Mechanical Engineering,31544.0,43014.0,33630.0,46638.0,100876.0,,,0,0,0,0,0,0,0,2021
1114,"S A Engineering College (Autonomous), Thiruverkadu, Chennai 600077",THIRUVALLUR,SELF FINANCING COLLEGES TIER 2,CE,CIVIL ENGINEERING,135472.0,,,,,,,1,0,0,0,0,0,0,2021
1114,"S A Engineering College (Autonomous), Thiruverkadu, Chennai 600077",THIRUVALLUR,SELF FINANCING COLLEGES TIER 2,CS,Computer Science and Engineering,32055.0,47335.0,58708.0,41857.0,93912.0,48324.0,,0,0,0,0,0,1,0,2021
1114,"S A Engineering College (Autonomous), Thiruverkadu, Chennai 600077",THIRUVALLUR,SELF FINANCING COLLEGES TIER 2,EC,ELECTRONICS AND COMMUNICATION ENGINEERING,52823.0,60952.0,71594.0,67977.0,124291.0,118174.0,,0,0,0,0,0,1,0,2021
1114,"S A Engineering College (Autonomous), Thiruverkadu, Chennai 600077",THIRUVALLUR,SELF FINANCING COLLEGES TIER 2,EE,Electrical and Electronics Engineering,82865.0,107484.0,114703.0,91040.0,130363.0,,,0,0,1,0,1,0,0,2021
1114,"S A Engineering College (Autonomous), Thiruverkadu, Chennai 600077",THIRUVALLUR,SELF FINANCING COLLEGES TIER 2,IT,INFORMATION TECHNOLOGY,37234.0,48538.0,54208.0,37824.0,90508.0,,,0,0,0,0,0,0,0,2021
1114,"S A Engineering College (Autonomous), Thiruverkadu, Chennai 600077",THIRUVALLUR,SELF FINANCING COLLEGES TIER 2,ME,Mechanical Engineering,105286.0,123807.0,,,118312.0,,,0,0,0,0,1,0,0,2021
1115,"Sri Ram Engineering College, Perumalpattu, Veppampattu (R S), Thiruvallur District 602 024",THIRUVALLUR,SELF FINANCING COLLEGES TIER 3,AD,Artificial Intelligence and Data Science,81832.0,107530.0,110561.0,,129357.0,97263.0,124813.0,0,0,0,0,0,1,0,2021
1115,"Sri Ram Engineering College, Perumalpattu, Veppampattu (R S), Thiruvallur District 602 024",THIRUVALLUR,SELF FINANCING COLLEGES TIER 3,CS,Computer Science and Engineering,51624.0,82071.0,71799.0,57650.0,134062.0,123753.0,,0,0,0,0,0,0,0,2021
1115,"Sri Ram Engineering College, Perumalpattu, Veppampattu (R S), Thiruvallur District 602 024",THIRUVALLUR,SELF FINANCING COLLEGES TIER 3,ME,Mechanical Engineering,131277.0,,,,,,,0,0,0,0,0,0,0,2021
1116,"Sri Venkateswara College of Engineering and Technology, Thirupachur, Thiruvallur District 631203",THIRUVALLUR,SELF FINANCING COLLEGES TIER 3,CE,CIVIL ENGINEERING,54071.0,,,,,,,1,0,0,0,0,0,0,2021
1116,"Sri Venkateswara College of Engineering and Technology, Thirupachur, Thiruvallur District 631203",THIRUVALLUR,SELF FINANCING COLLEGES TIER 3,CS,Computer Science and Engineering,32513.0,44319.0,94949.0,78047.0,105729.0,,,0,0,0,0,0,0,0,2021
1116,"Sri Venkateswara College of Engineering and Technology, Thirupachur, Thiruvallur District 631203",THIRUVALLUR,SELF FINANCING COLLEGES TIER 3,EC,ELECTRONICS AND COMMUNICATION ENGINEERING,93747.0,136695.0,125873.0,105878.0,136776.0,,,0,1,0,0,1,0,0,2021
1116,"Sri Venkateswara College of Engineering and Technology, Thirupachur, Thiruvallur District 631203",THIRUVALLUR,SELF FINANCING COLLEGES TIER 3,EE,Electrical and Electronics Engineering,127939.0,,,,,,,1,0,0,0,0,0,0,2021
1116,"Sri Venkateswara College of Engineering and Technology, Thirupachur, Thiruvallur District 631203",THIRUVALLUR,SELF FINANCING COLLEGES TIER 3,ME,Mechanical Engineering,127237.0,,,,,,,1,0,0,0,0,0,0,2021
1118,"Vel Tech Multi Tech Dr. Rangarajan Dr. Sakunthala Engineering College (Autonomous), Avadi-Alamathi Road, Chennai 600 062",THIRUVALLUR,SELF FINANCING COLLEGES TIER 3,AD,Artificial Intelligence and Data Science,27941.0,36104.0,38127.0,35109.0,59835.0,,,0,0,0,0,0,0,0,2021
1118,"Vel Tech Multi Tech Dr. Rangarajan Dr. Sakunthala Engineering College (Autonomous), Avadi-Alamathi Road, Chennai 600 062",THIRUVALLUR,SELF FINANCING COLLEGES TIER 3,BM,BIO MEDICAL ENGINEERING,26483.0,37725.0,37297.0,38868.0,65991.0,88310.0,,0,0,0,0,0,0,0,2021
1118,"Vel Tech Multi Tech Dr. Rangarajan Dr. Sakunthala Engineering College (Autonomous), Avadi-Alamathi Road, Chennai 600 062",THIRUVALLUR,SELF FINANCING COLLEGES TIER 3,CB,COMPUTER SCIENCE AND BUSSINESS SYSTEM,33604.0,40194.0,37350.0,33705.0,94941.0,,,0,0,0,0,0,0,0,2021
1118,"Vel Tech Multi Tech Dr. Rangarajan Dr. Sakunthala Engineering College (Autonomous), Avadi-Alamathi Road, Chennai 600 062",THIRUVALLUR,SELF FINANCING COLLEGES TIER 3,CS,Computer Science and Engineering,23989.0,30567.0,41620.0,27235.0,70969.0,135913.0,,0,0,0,0,0,0,0,2021
1118,"Vel Tech Multi Tech Dr. Rangarajan Dr. Sakunthala Engineering College (Autonomous), Avadi-Alamathi Road, Chennai 600 062",THIRUVALLUR,SELF FINANCING COLLEGES TIER 3,EC,ELECTRONICS AND COMMUNICATION ENGINEERING,36145.0,44516.0,60479.0,51537.0,71130.0,55616.0,,0,0,0,0,0,0,0,2021
1118,"Vel Tech Multi Tech Dr. Rangarajan Dr. Sakunthala Engineering College (Autonomous), Avadi-Alamathi Road, Chennai 600 062",THIRUVALLUR,SELF FINANCING COLLEGES TIER 3,EE,Electrical and Electronics Engineering,46238.0,57157.0,63015.0,,123329.0,,,0,0,0,0,0,0,0,2021
1118,"Vel Tech Multi Tech Dr. Rangarajan Dr. Sakunthala Engineering College (Autonomous), Avadi-Alamathi Road, Chennai 600 062",THIRUVALLUR,SELF FINANCING COLLEGES TIER 3,IT,INFORMATION TECHNOLOGY,30458.0,35617.0,47993.0,32201.0,80828.0,,,0,0,0,0,0,0,0,2021
1118,"Vel Tech Multi Tech Dr. Rangarajan Dr. Sakunthala Engineering College (Autonomous), Avadi-Alamathi Road, Chennai 600 062",THIRUVALLUR,SELF FINANCING COLLEGES TIER 3,ME,Mechanical Engineering,62204.0,85235.0,,75100.0,105254.0,101754.0,,0,0,0,0,0,0,0,2021
1120,"Velammal Engineering College (Autonomous), Ambattur-Redhills Road, Chennai 600066",THIRUVALLUR,SELF FINANCING COLLEGES TIER 1,AD,Artificial Intelligence and Data Science,22428.0,28717.0,35435.0,34942.0,82858.0,94100.0,,0,0,0,0,0,1,0,2021
1120,"Velammal Engineering College (Autonomous), Ambattur-Redhills Road, Chennai 600066",THIRUVALLUR,SELF FINANCING COLLEGES TIER 1,AU,AUTOMOBILE ENGINEERING,77145.0,91686.0,115504.0,,128698.0,,,0,0,0,0,0,0,0,2021
1120,"Velammal Engineering College (Autonomous), Ambattur-Redhills Road, Chennai 600066",THIRUVALLUR,SELF FINANCING COLLEGES TIER 1,CE,CIVIL ENGINEERING,98527.0,121148.0,108017.0,114561.0,130942.0,,118869.0,0,0,0,0,1,0,0,2021
1120,"Velammal Engineering College (Autonomous), Ambattur-Redhills Road, Chennai 600066",THIRUVALLUR,SELF FINANCING COLLEGES TIER 1,CS,Computer Science and Engineering,16306.0,21275.0,28130.0,24927.0,75025.0,126653.0,63293.0,0,0,0,0,0,0,0,2021
1120,"Velammal Engineering College (Autonomous), Ambattur-Redhills Road, Chennai 600066",THIRUVALLUR,SELF FINANCING COLLEGES TIER 1,EC,ELECTRONICS AND COMMUNICATION ENGINEERING,30585.0,37991.0,61995.0,50819.0,97293.0,124475.0,,0,0,0,0,0,0,0,2021
1120,"Velammal Engineering College (Autonomous), Ambattur-Redhills Road, Chennai 600066",THIRUVALLUR,SELF FINANCING COLLEGES TIER 1,EE,Electrical and Electronics Engineering,42495.0,54015.0,62899.0,54985.0,99159.0,,,0,0,0,0,0,0,0,2021
1120,"Velammal Engineering College (Autonomous), Ambattur-Redhills Road, Chennai 600066",THIRUVALLUR,SELF FINANCING COLLEGES TIER 1,EI,ELECTRONICS AND INSTRUMENTATION ENGINEERING,42672.0,55906.0,68861.0,,113430.0,,,0,0,0,0,0,0,0,2021
1120,"Velammal Engineering College (Autonomous), Ambattur-Redhills Road, Chennai 600066",THIRUVALLUR,SELF FINANCING COLLEGES TIER 1,IT,INFORMATION TECHNOLOGY,21636.0,22996.0,30991.0,22691.0,77584.0,135532.0,,0,0,0,0,0,0,0,2021
1120,"Velammal Engineering College (Autonomous), Ambattur-Redhills Road, Chennai 600066",THIRUVALLUR,SELF FINANCING COLLEGES TIER 1,ME,Mechanical Engineering,69945.0,90607.0,112311.0,86969.0,135365.0,120463.0,,0,0,0,0,1,1,0,2021
1122,"Vel Tech High Tech Dr. Rangarajan Dr. Sakunthala Engineering College (Autonomous), Avadi-Alamathi Road, Chennai 600 062",THIRUVALLUR,SELF FINANCING COLLEGES TIER 2,AD,Artificial Intelligence and Data Science,30151.0,38104.0,53487.0,44035.0,80703.0,63727.0,,0,0,0,0,0,0,0,2021
1122,"Vel Tech High Tech Dr. Rangarajan Dr. Sakunthala Engineering College (Autonomous), Avadi-Alamathi Road, Chennai 600 062",THIRUVALLUR,SELF FINANCING COLLEGES TIER 2,BT,BIO TECHNOLOGY,32244.0,47280.0,69682.0,33851.0,88618.0,127748.0,,0,0,0,0,0,0,0,2021
1122,"Vel Tech High Tech Dr. Rangarajan Dr. Sakunthala Engineering College (Autonomous), Avadi-Alamathi Road, Chennai 600 062",THIRUVALLUR,SELF FINANCING COLLEGES TIER 2,CE,CIVIL ENGINEERING,97738.0,124336.0,,120498.0,132292.0,,,0,0,0,0,0,0,0,2021
1122,"Vel Tech High Tech Dr. Rangarajan Dr. Sakunthala Engineering College (Autonomous), Avadi-Alamathi Road, Chennai 600 062",THIRUVALLUR,SELF FINANCING COLLEGES TIER 2,CH,CHEMICAL ENGINEERING,66171.0,88960.0,108732.0,82130.0,124952.0,,,0,0,0,0,0,0,0,2021
1122,"Vel Tech High Tech Dr. Rangarajan Dr. Sakunthala Engineering College (Autonomous), Avadi-Alamathi Road, Chennai 600 062",THIRUVALLUR,SELF FINANCING COLLEGES TIER 2,CS,Computer Science and Engineering,28786.0,37895.0,44360.0,37222.0,85656.0,,,0,0,0,0,0,0,0,2021
1122,"Vel Tech High Tech Dr. Rangarajan Dr. Sakunthala Engineering College (Autonomous), Avadi-Alamathi Road, Chennai 600 062",THIRUVALLUR,SELF FINANCING COLLEGES TIER 2,EC,ELECTRONICS AND COMMUNICATION ENGINEERING,44666.0,54681.0,73623.0,57030.0,107550.0,132848.0,,0,0,0,0,0,1,0,2021
1122,"Vel Tech High Tech Dr. Rangarajan Dr. Sakunthala Engineering College (Autonomous), Avadi-Alamathi Road, Chennai 600 062",THIRUVALLUR,SELF FINANCING COLLEGES TIER 2,IT,INFORMATION TECHNOLOGY,32668.0,39139.0,41138.0,,89197.0,80888.0,,0,0,0,0,0,0,0,2021
1122,"Vel Tech High Tech Dr. Rangarajan Dr. Sakunthala Engineering College (Autonomous), Avadi-Alamathi Road, Chennai 600 062",THIRUVALLUR,SELF FINANCING COLLEGES TIER 2,ME,Mechanical Engineering,84380.0,97561.0,,93818.0,131328.0,134810.0,,0,0,0,0,1,0,0,2021
1123,"Gojan School of Business and Technology, Alamathi, Chennai 600062",THIRUVALLUR,SELF FINANCING COLLEGES TIER 3,AE,AERONAUTICAL ENGINEERING,96875.0,98243.0,99633.0,,126294.0,,,0,1,0,0,1,0,0,2021
1123,"Gojan School of Business and Technology, Alamathi, Chennai 600062",THIRUVALLUR,SELF FINANCING COLLEGES TIER 3,CS,Computer Science and Engineering,99087.0,119258.0,125912.0,,129158.0,,,0,1,0,0,0,0,0,2021
1123,"Gojan School of Business and Technology, Alamathi, Chennai 600062",THIRUVALLUR,SELF FINANCING COLLEGES TIER 3,EC,ELECTRONICS AND COMMUNICATION ENGINEERING,124654.0,135257.0,,,,,,0,1,0,0,0,0,0,2021
1123,"Gojan School of Business and Technology, Alamathi, Chennai 600062",THIRUVALLUR,SELF FINANCING COLLEGES TIER 3,IT,INFORMATION TECHNOLOGY,91625.0,107037.0,,113106.0,129766.0,,,0,1,0,0,1,0,0,2021
1124,"SAMS College of Engineering and Technology, Panappakkam, Chennai-Tirupathi Road, Uthukkottai Taluk, Thiruvallur District 601102",THIRUVALLUR,SELF FINANCING COLLEGES TIER 3,ME,Mechanical Engineering,135757.0,,,,,,,1,0,0,0,0,0,0,2021
1124,"SAMS College of Engineering and Technology, Panappakkam, Chennai-Tirupathi Road, Uthukkottai Taluk, Thiruvallur District 601102",THIRUVALLUR,SELF FINANCING COLLEGES TIER 3,MR,MARINE ENGINEERING,76463.0,116116.0,,,125914.0,,,0,0,0,0,1,0,0,2021
1125,"PMR Engineering College,Adayalampattu, Chennai-600095",CHENNAI,SELF FINANCING COLLEGES TIER 3,AE,AERONAUTICAL ENGINEERING,125503.0,,,,,,,1,0,0,0,0,0,0,2021
1125,"PMR Engineering College,Adayalampattu, Chennai-600095",CHENNAI,SELF FINANCING COLLEGES TIER 3,CE,CIVIL ENGINEERING,,,,,,,,0,0,0,0,0,0,0,2021
1125,"PMR Engineering College,Adayalampattu, Chennai-600095",CHENNAI,SELF FINANCING COLLEGES TIER 3,CS,Computer Science and Engineering,115322.0,127213.0,,125816.0,134552.0,,,0,1,0,0,1,0,0,2021
1125,"PMR Engineering College,Adayalampattu, Chennai-600095",CHENNAI,SELF FINANCING COLLEGES TIER 3,EC,ELECTRONICS AND COMMUNICATION ENGINEERING,,,,,,,,0,0,0,0,0,0,0,2021
1125,"PMR Engineering College,Adayalampattu, Chennai-600095",CHENNAI,SELF FINANCING COLLEGES TIER 3,EE,Electrical and Electronics Engineering,,,,,,,,0,0,0,0,0,0,0,2021
1125,"PMR Engineering College,Adayalampattu, Chennai-600095",CHENNAI,SELF FINANCING COLLEGES TIER 3,ME,Mechanical Engineering,130767.0,,,,,,,1,0,0,0,0,0,0,2021
1126,"J N N Institute of Engineering, Ushaa Garden, Kannigaipair Village, Uthukottai Taluk, Thiruvallur District 601102",THIRUVALLUR,SELF FINANCING COLLEGES TIER 3,AD,Artificial Intelligence and Data Science,66349.0,108358.0,,,105640.0,,131649.0,0,0,0,0,0,0,0,2021
1126,"J N N Institute of Engineering, Ushaa Garden, Kannigaipair Village, Uthukottai Taluk, Thiruvallur District 601102",THIRUVALLUR,SELF FINANCING COLLEGES TIER 3,AG,Agricultural Engineering,120265.0,,,,135895.0,,,0,0,0,0,1,0,0,2021
1126,"J N N Institute of Engineering, Ushaa Garden, Kannigaipair Village, Uthukottai Taluk, Thiruvallur District 601102",THIRUVALLUR,SELF FINANCING COLLEGES TIER 3,BM,BIO MEDICAL ENGINEERING,76958.0,133216.0,,,132683.0,,,0,0,0,0,0,0,0,2021
1126,"J N N Institute of Engineering, Ushaa Garden, Kannigaipair Village, Uthukottai Taluk, Thiruvallur District 601102",THIRUVALLUR,SELF FINANCING COLLEGES TIER 3,CS,Computer Science and Engineering,75695.0,118412.0,122137.0,115070.0,113824.0,,,0,0,0,0,0,0,0,2021
1126,"J N N Institute of Engineering, Ushaa Garden, Kannigaipair Village, Uthukottai Taluk, Thiruvallur District 601102",THIRUVALLUR,SELF FINANCING COLLEGES TIER 3,EC,ELECTRONICS AND COMMUNICATION ENGINEERING,116407.0,132056.0,,121811.0,130886.0,,,0,1,0,0,0,0,0,2021
1126,"J N N Institute of Engineering, Ushaa Garden, Kannigaipair Village, Uthukottai Taluk, Thiruvallur District 601102",THIRUVALLUR,SELF FINANCING COLLEGES TIER 3,RM,ROBOTICS AND AUTOMATION,114928.0,120920.0,,,121520.0,,,0,1,0,0,0,0,0,2021
1127,"St. Peters College of Engineering and Technology, College Road, Avadi, Chennai 600 054",THIRUVALLUR,SELF FINANCING COLLEGES TIER 3,AE,AERONAUTICAL ENGINEERING,131289.0,,,,,,,1,0,0,0,0,0,0,2021
1127,"St. Peters College of Engineering and Technology, College Road, Avadi, Chennai 600 054",THIRUVALLUR,SELF FINANCING COLLEGES TIER 3,BT,BIO TECHNOLOGY,84691.0,132789.0,101331.0,84791.0,127406.0,,,0,1,0,0,1,0,0,2021
1127,"St. Peters College of Engineering and Technology, College Road, Avadi, Chennai 600 054",THIRUVALLUR,SELF FINANCING COLLEGES TIER 3,CE,CIVIL ENGINEERING,130242.0,,,,,,,1,0,0,0,0,0,0,2021
1127,"St. Peters College of Engineering and Technology, College Road, Avadi, Chennai 600 054",THIRUVALLUR,SELF FINANCING COLLEGES TIER 3,CH,CHEMICAL ENGINEERING,115311.0,,,,,,,1,0,0,0,0,0,0,2021
1127,"St. Peters College of Engineering and Technology, College Road, Avadi, Chennai 600 054",THIRUVALLUR,SELF FINANCING COLLEGES TIER 3,CS,Computer Science and Engineering,59600.0,70431.0,72619.0,,107201.0,,,0,0,0,0,0,0,0,2021
1127,"St. Peters College of Engineering and Technology, College Road, Avadi, Chennai 600 054",THIRUVALLUR,SELF FINANCING COLLEGES TIER 3,EC,ELECTRONICS AND COMMUNICATION ENGINEERING,100797.0,135501.0,116802.0,115528.0,124063.0,,,0,1,0,0,1,0,0,2021
1127,"St. Peters College of Engineering and Technology, College Road, Avadi, Chennai 600 054",THIRUVALLUR,SELF FINANCING COLLEGES TIER 3,EE,Electrical and Electronics Engineering,117698.0,,,,,,,1,0,0,0,0,0,0,2021
1127,"St. Peters College of Engineering and Technology, College Road, Avadi, Chennai 600 054",THIRUVALLUR,SELF FINANCING COLLEGES TIER 3,IT,INFORMATION TECHNOLOGY,59730.0,81898.0,65976.0,,77449.0,,,0,0,0,0,0,0,0,2021
1127,"St. Peters College of Engineering and Technology, College Road, Avadi, Chennai 600 054",THIRUVALLUR,SELF FINANCING COLLEGES TIER 3,ME,Mechanical Engineering,134203.0,,,,,,,1,0,0,0,0,0,0,2021
1128,"R M K College of Engineering and Technology (Autonomous), Puduvoyal, Gummidipoondi Taluk, Thiruvallur District 601206",THIRUVALLUR,SELF FINANCING COLLEGES TIER 1,AD,Artificial Intelligence and Data Science,22610.0,26889.0,33399.0,22816.0,83469.0,,,0,0,0,0,0,0,0,2021
1128,"R M K College of Engineering and Technology (Autonomous), Puduvoyal, Gummidipoondi Taluk, Thiruvallur District 601206",THIRUVALLUR,SELF FINANCING COLLEGES TIER 1,CS,Computer Science and Engineering,17141.0,21598.0,35728.0,33429.0,76548.0,103441.0,108988.0,0,0,0,0,0,1,0,2021
1128,"R M K College of Engineering and Technology (Autonomous), Puduvoyal, Gummidipoondi Taluk, Thiruvallur District 601206",THIRUVALLUR,SELF FINANCING COLLEGES TIER 1,EC,ELECTRONICS AND COMMUNICATION ENGINEERING,30176.0,36477.0,57116.0,37593.0,107084.0,114342.0,,0,0,0,0,0,0,0,2021
1128,"R M K College of Engineering and Technology (Autonomous), Puduvoyal, Gummidipoondi Taluk, Thiruvallur District 601206",THIRUVALLUR,SELF FINANCING COLLEGES TIER 1,ME,Mechanical Engineering,43190.0,49430.0,,53439.0,123040.0,,,0,0,0,0,0,0,0,2021
1133,"Annai Veilankannis College of Engineering, Gandhi Road, Nedungundram, Chennai 600048",KANCHEEPURAM,SELF FINANCING COLLEGES TIER 3,CE,CIVIL ENGINEERING,,,,,,,,0,0,0,0,0,0,0,2021
1133,"Annai Veilankannis College of Engineering, Gandhi Road, Nedungundram, Chennai 600048",KANCHEEPURAM,SELF FINANCING COLLEGES TIER 3,CS,Computer Science and Engineering,109135.0,135837.0,,,130928.0,,,0,1,0,0,0,0,0,2021
1133,"Annai Veilankannis College of Engineering, Gandhi Road, Nedungundram, Chennai 600048",KANCHEEPURAM,SELF FINANCING COLLEGES TIER 3,EC,ELECTRONICS AND COMMUNICATION ENGINEERING,132035.0,,,,,,,1,0,0,0,0,0,0,2021
1133,"Annai Veilankannis College of Engineering, Gandhi Road, Nedungundram, Chennai 600048",KANCHEEPURAM,SELF FINANCING COLLEGES TIER 3,ME,Mechanical Engineering,136756.0,,,,,,,1,0,0,0,0,0,0,2021
1137,"Annai Mira College of Engineering and Technology, Arcot Road, Arappakkam Village, Walaja Taulk, Ranipet District 632 517",RANIPET,SELF FINANCING COLLEGES TIER 3,CE,CIVIL ENGINEERING,99419.0,135338.0,123693.0,,125521.0,,,0,1,1,0,1,0,0,2021
1137,"Annai Mira College of Engineering and Technology, Arcot Road, Arappakkam Village, Walaja Taulk, Ranipet District 632 517",RANIPET,SELF FINANCING COLLEGES TIER 3,CS,Computer Science and Engineering,62160.0,90129.0,106845.0,,111049.0,125841.0,,0,0,0,0,0,0,0,2021
1137,"Annai Mira College of Engineering and Technology, Arcot Road, Arappakkam Village, Walaja Taulk, Ranipet District 632 517",RANIPET,SELF FINANCING COLLEGES TIER 3,EC,ELECTRONICS AND COMMUNICATION ENGINEERING,126447.0,,,,131476.0,136385.0,129821.0,0,0,0,0,1,0,0,2021
1137,"Annai Mira College of Engineering and Technology, Arcot Road, Arappakkam Village, Walaja Taulk, Ranipet District 632 517",RANIPET,SELF FINANCING COLLEGES TIER 3,EE,Electrical and Electronics Engineering,131831.0,,,,,,,1,0,0,0,0,0,0,2021
1137,"Annai Mira College of Engineering and Technology, Arcot Road, Arappakkam Village, Walaja Taulk, Ranipet District 632 517",RANIPET,SELF FINANCING COLLEGES TIER 3,ME,Mechanical Engineering,129031.0,,,,,,,1,0,0,0,0,0,0,2021
1140,"Jeppiaar Institute of Technology,kunnam Village,Sriperumpudur Taulk,Kancheepuram District 631604",KANCHEEPURAM,SELF FINANCING COLLEGES TIER 3,AD,Artificial Intelligence and Data Science,38092.0,43261.0,57261.0,53933.0,107874.0,82398.0,,0,0,0,0,0,0,0,2021
1140,"Jeppiaar Institute of Technology,kunnam Village,Sriperumpudur Taulk,Kancheepuram District 631604",KANCHEEPURAM,SELF FINANCING COLLEGES TIER 3,CS,Computer Science and Engineering,29440.0,33497.0,40934.0,52822.0,88143.0,66341.0,,0,0,0,0,0,0,0,2021
1140,"Jeppiaar Institute of Technology,kunnam Village,Sriperumpudur Taulk,Kancheepuram District 631604",KANCHEEPURAM,SELF FINANCING COLLEGES TIER 3,EC,ELECTRONICS AND COMMUNICATION ENGINEERING,44524.0,50708.0,63578.0,,122832.0,,,0,0,0,0,0,0,0,2021
1140,"Jeppiaar Institute of Technology,kunnam Village,Sriperumpudur Taulk,Kancheepuram District 631604",KANCHEEPURAM,SELF FINANCING COLLEGES TIER 3,IT,INFORMATION TECHNOLOGY,37251.0,43382.0,55569.0,44557.0,82683.0,,,0,0,0,0,0,0,0,2021
1140,"Jeppiaar Institute of Technology,kunnam Village,Sriperumpudur Taulk,Kancheepuram District 631604",KANCHEEPURAM,SELF FINANCING COLLEGES TIER 3,ME,Mechanical Engineering,93060.0,106053.0,105076.0,93339.0,,,,0,0,0,0,0,0,0,2021
1149,"St. Josephs Institute of Technology, Jeppiaar Nagar, Old Mahabalipuram Road (OMR), Chennai 600119",CHENGALPET,SELF FINANCING COLLEGES TIER 1,AD,Artificial Intelligence and Data Science,23859.0,28311.0,42932.0,29565.0,82561.0,,,0,0,0,0,0,0,0,2021
1149,"St. Josephs Institute of Technology, Jeppiaar Nagar, Old Mahabalipuram Road (OMR), Chennai 600119",CHENGALPET,SELF FINANCING COLLEGES TIER 1,CS,Computer Science and Engineering,16935.0,23014.0,37588.0,24127.0,64308.0,102482.0,,0,0,0,0,0,1,0,2021
1149,"St. Josephs Institute of Technology, Jeppiaar Nagar, Old Mahabalipuram Road (OMR), Chennai 600119",CHENGALPET,SELF FINANCING COLLEGES TIER 1,EC,ELECTRONICS AND COMMUNICATION ENGINEERING,32627.0,41685.0,65525.0,38817.0,96973.0,,,0,0,0,0,0,0,0,2021
1149,"St. Josephs Institute of Technology, Jeppiaar Nagar, Old Mahabalipuram Road (OMR), Chennai 600119",CHENGALPET,SELF FINANCING COLLEGES TIER 1,EE,Electrical and Electronics Engineering,46469.0,55432.0,71872.0,53193.0,131110.0,,,0,0,0,0,0,0,0,2021
1149,"St. Josephs Institute of Technology, Jeppiaar Nagar, Old Mahabalipuram Road (OMR), Chennai 600119",CHENGALPET,SELF FINANCING COLLEGES TIER 1,IT,INFORMATION TECHNOLOGY,22352.0,26334.0,33792.0,33804.0,76987.0,,,0,0,0,0,0,0,0,2021
1149,"St. Josephs Institute of Technology, Jeppiaar Nagar, Old Mahabalipuram Road (OMR), Chennai 600119",CHENGALPET,SELF FINANCING COLLEGES TIER 1,ME,Mechanical Engineering,72418.0,89178.0,96283.0,75514.0,135332.0,,,0,0,0,0,1,0,0,2021
1150,"Sri Jayaram Institute of Engineering and Technology, 51 N, Elavur, 58N, Natham, Gummidipoondi Taluk, Thiruvallur District 601201",THIRUVALLUR,SELF FINANCING COLLEGES TIER 3,AG,Agricultural Engineering,136581.0,,,,,,,1,0,0,0,0,0,0,2021
1150,"Sri Jayaram Institute of Engineering and Technology, 51 N, Elavur, 58N, Natham, Gummidipoondi Taluk, Thiruvallur District 601201",THIRUVALLUR,SELF FINANCING COLLEGES TIER 3,BM,BIO MEDICAL ENGINEERING,136044.0,,,,,,,1,0,0,0,0,0,0,2021
1150,"Sri Jayaram Institute of Engineering and Technology, 51 N, Elavur, 58N, Natham, Gummidipoondi Taluk, Thiruvallur District 601201",THIRUVALLUR,SELF FINANCING COLLEGES TIER 3,EC,ELECTRONICS AND COMMUNICATION ENGINEERING,,,,,,,,0,0,0,0,0,0,0,2021
1150,"Sri Jayaram Institute of Engineering and Technology, 51 N, Elavur, 58N, Natham, Gummidipoondi Taluk, Thiruvallur District 601201",THIRUVALLUR,SELF FINANCING COLLEGES TIER 3,FD,FOOD TECHNOLOGY,136796.0,,,,,,,1,0,0,0,0,0,0,2021
1150,"Sri Jayaram Institute of Engineering and Technology, 51 N, Elavur, 58N, Natham, Gummidipoondi Taluk, Thiruvallur District 601201",THIRUVALLUR,SELF FINANCING COLLEGES TIER 3,ME,Mechanical Engineering,,,,,,,,0,0,0,0,0,0,0,2021
1158,"International Maritime Academy, No.41, Jamin Korattur, Pudhuchatram, Chennai - 600 124",CHENNAI,SELF FINANCING COLLEGES TIER 3,MR,MARINE ENGINEERING,134547.0,,,,,,,1,0,0,0,0,0,0,2021
1202,"D M I College of Engineering, Palanchoor, Nazrethpet, Chennai 602103",KANCHEEPURAM,SELF FINANCING COLLEGES TIER 3,CS,Computer Science and Engineering,73174.0,99897.0,105272.0,115708.0,117683.0,,,0,0,0,0,0,0,0,2021
1202,"D M I College of Engineering, Palanchoor, Nazrethpet, Chennai 602103",KANCHEEPURAM,SELF FINANCING COLLEGES TIER 3,EC,ELECTRONICS AND COMMUNICATION ENGINEERING,83527.0,104026.0,107847.0,,119662.0,132452.0,,0,0,0,0,0,0,0,2021
1202,"D M I College of Engineering, Palanchoor, Nazrethpet, Chennai 602103",KANCHEEPURAM,SELF FINANCING COLLEGES TIER 3,EE,Electrical and Electronics Engineering,117466.0,132008.0,132041.0,133872.0,132905.0,,,0,1,0,0,0,0,0,2021
1202,"D M I College of Engineering, Palanchoor, Nazrethpet, Chennai 602103",KANCHEEPURAM,SELF FINANCING COLLEGES TIER 3,IT,INFORMATION TECHNOLOGY,69521.0,99275.0,134351.0,81290.0,106230.0,115711.0,,0,0,0,0,0,0,0,2021
1202,"D M I College of Engineering, Palanchoor, Nazrethpet, Chennai 602103",KANCHEEPURAM,SELF FINANCING COLLEGES TIER 3,ME,Mechanical Engineering,124219.0,135868.0,,,130835.0,,,0,0,0,0,0,0,0,2021
1205,"Lord Venkateshwaraa Engineering College, Walajabad Post, Kancheepuram District 631605",KANCHEEPURAM,SELF FINANCING COLLEGES TIER 3,CE,CIVIL ENGINEERING,41168.0,,,,,,,1,0,0,0,0,0,0,2021
1205,"Lord Venkateshwaraa Engineering College, Walajabad Post, Kancheepuram District 631605",KANCHEEPURAM,SELF FINANCING COLLEGES TIER 3,CS,Computer Science and Engineering,128195.0,,,,,,,1,0,0,0,0,0,0,2021
1205,"Lord Venkateshwaraa Engineering College, Walajabad Post, Kancheepuram District 631605",KANCHEEPURAM,SELF FINANCING COLLEGES TIER 3,EC,ELECTRONICS AND COMMUNICATION ENGINEERING,,,,,,,,0,0,0,0,0,0,0,2021
1205,"Lord Venkateshwaraa Engineering College, Walajabad Post, Kancheepuram District 631605",KANCHEEPURAM,SELF FINANCING COLLEGES TIER 3,EE,Electrical and Electronics Engineering,,,,,,,,0,0,0,0,0,0,0,2021
1205,"Lord Venkateshwaraa Engineering College, Walajabad Post, Kancheepuram District 631605",KANCHEEPURAM,SELF FINANCING COLLEGES TIER 3,ME,Mechanical Engineering,,,,,,,,0,0,0,0,0,0,0,2021
1207,"Kings Engineering College, Sriperumpudur Taluk, Kancheepuram District 602105",KANCHEEPURAM,SELF FINANCING COLLEGES TIER 3,AD,Artificial Intelligence and Data Science,65566.0,110364.0,96557.0,,120615.0,122483.0,,0,0,0,0,1,1,0,2021
1207,"Kings Engineering College, Sriperumpudur Taluk, Kancheepuram District 602105",KANCHEEPURAM,SELF FINANCING COLLEGES TIER 3,BM,BIO MEDICAL ENGINEERING,69064.0,133758.0,94729.0,,127042.0,109606.0,,0,1,1,0,0,0,0,2021
1207,"Kings Engineering College, Sriperumpudur Taluk, Kancheepuram District 602105",KANCHEEPURAM,SELF FINANCING COLLEGES TIER 3,CS,Computer Science and Engineering,81034.0,116455.0,122902.0,114705.0,130504.0,124949.0,,0,0,1,1,0,0,0,2021
1207,"Kings Engineering College, Sriperumpudur Taluk, Kancheepuram District 602105",KANCHEEPURAM,SELF FINANCING COLLEGES TIER 3,EC,ELECTRONICS AND COMMUNICATION ENGINEERING,78114.0,135912.0,123028.0,,109367.0,96983.0,,0,0,1,0,0,0,0,2021
1207,"Kings Engineering College, Sriperumpudur Taluk, Kancheepuram District 602105",KANCHEEPURAM,SELF FINANCING COLLEGES TIER 3,IT,INFORMATION TECHNOLOGY,89671.0,118561.0,115338.0,94236.0,117051.0,135714.0,,0,0,1,1,0,0,0,2021
1207,"Kings Engineering College, Sriperumpudur Taluk, Kancheepuram District 602105",KANCHEEPURAM,SELF FINANCING COLLEGES TIER 3,ME,Mechanical Engineering,133482.0,,,,136866.0,,,0,0,0,0,1,0,0,2021
1207,"Kings Engineering College, Sriperumpudur Taluk, Kancheepuram District 602105",KANCHEEPURAM,SELF FINANCING COLLEGES TIER 3,RM,ROBOTICS AND AUTOMATION,113127.0,133900.0,,,134981.0,,,0,1,0,0,1,0,0,2021
1209,"Pallavan College of Engineering, Thimmasamudram, Kancheepuram District 631502",KANCHEEPURAM,SELF FINANCING COLLEGES TIER 3,CE,CIVIL ENGINEERING,,,,,,,,0,0,0,0,0,0,0,2021
1209,"Pallavan College of Engineering, Thimmasamudram, Kancheepuram District 631502",KANCHEEPURAM,SELF FINANCING COLLEGES TIER 3,CS,Computer Science and Engineering,134225.0,,,,,,,1,0,0,0,0,0,0,2021
1209,"Pallavan College of Engineering, Thimmasamudram, Kancheepuram District 631502",KANCHEEPURAM,SELF FINANCING COLLEGES TIER 3,EC,ELECTRONICS AND COMMUNICATION ENGINEERING,107697.0,,,,,,,1,0,0,0,0,0,0,2021
1209,"Pallavan College of Engineering, Thimmasamudram, Kancheepuram District 631502",KANCHEEPURAM,SELF FINANCING COLLEGES TIER 3,EE,Electrical and Electronics Engineering,135420.0,,,,,,,1,0,0,0,0,0,0,2021
1209,"Pallavan College of Engineering, Thimmasamudram, Kancheepuram District 631502",KANCHEEPURAM,SELF FINANCING COLLEGES TIER 3,IT,INFORMATION TECHNOLOGY,130101.0,130345.0,,,,,,0,1,0,0,0,0,0,2021
1209,"Pallavan College of Engineering, Thimmasamudram, Kancheepuram District 631502",KANCHEEPURAM,SELF FINANCING COLLEGES TIER 3,ME,Mechanical Engineering,,,,,,,,0,0,0,0,0,0,0,2021
1210,"Panimalar Engineering College (Autonomous), Nazarethpet, Poonamallee, Chennai 602103",THIRUVALLUR,SELF FINANCING COLLEGES TIER 1,AD,Artificial Intelligence and Data Science,18326.0,25295.0,28826.0,26145.0,78368.0,125445.0,,0,0,0,0,0,0,0,2021
1210,"Panimalar Engineering College (Autonomous), Nazarethpet, Poonamallee, Chennai 602103",THIRUVALLUR,SELF FINANCING COLLEGES TIER 1,CB,COMPUTER SCIENCE AND BUSSINESS SYSTEM,23895.0,30032.0,42320.0,30191.0,86554.0,,101676.0,0,0,0,0,0,0,0,2021
1210,"Panimalar Engineering College (Autonomous), Nazarethpet, Poonamallee, Chennai 602103",THIRUVALLUR,SELF FINANCING COLLEGES TIER 1,CE,CIVIL ENGINEERING,49962.0,77101.0,69251.0,89670.0,85483.0,,,0,0,0,0,0,0,0,2021
1210,"Panimalar Engineering College (Autonomous), Nazarethpet, Poonamallee, Chennai 602103",THIRUVALLUR,SELF FINANCING COLLEGES TIER 1,CO,COMPUTER AND COMMUNICATION ENGINEERING,20745.0,28627.0,42364.0,32494.0,87367.0,,,0,0,0,0,0,0,0,2021
1210,"Panimalar Engineering College (Autonomous), Nazarethpet, Poonamallee, Chennai 602103",THIRUVALLUR,SELF FINANCING COLLEGES TIER 1,CS,Computer Science and Engineering,12052.0,14707.0,21918.0,13053.0,64329.0,133826.0,46869.0,0,0,0,0,0,0,1,2021
1210,"Panimalar Engineering College (Autonomous), Nazarethpet, Poonamallee, Chennai 602103",THIRUVALLUR,SELF FINANCING COLLEGES TIER 1,EC,ELECTRONICS AND COMMUNICATION ENGINEERING,23744.0,28024.0,61280.0,34855.0,79864.0,88450.0,,0,0,0,0,0,1,0,2021
1210,"Panimalar Engineering College (Autonomous), Nazarethpet, Poonamallee, Chennai 602103",THIRUVALLUR,SELF FINANCING COLLEGES TIER 1,EE,Electrical and Electronics Engineering,36385.0,46152.0,57167.0,41161.0,121962.0,,,0,0,0,0,0,0,0,2021
1210,"Panimalar Engineering College (Autonomous), Nazarethpet, Poonamallee, Chennai 602103",THIRUVALLUR,SELF FINANCING COLLEGES TIER 1,IT,INFORMATION TECHNOLOGY,16107.0,20877.0,29812.0,21767.0,65347.0,,130007.0,0,0,0,0,0,0,0,2021
1210,"Panimalar Engineering College (Autonomous), Nazarethpet, Poonamallee, Chennai 602103",THIRUVALLUR,SELF FINANCING COLLEGES TIER 1,ME,Mechanical Engineering,68002.0,88961.0,103152.0,80562.0,134475.0,,,0,0,0,0,1,0,0,2021
1211,"Rajalakshmi Engineering College (Autonomous), Thandalam, Sriperumpudur Taluk, Kancheepuram District 602105",KANCHEEPURAM,SELF FINANCING COLLEGES TIER 1,AE,AERONAUTICAL ENGINEERING,14398.0,23145.0,18668.0,21276.0,65632.0,,,0,0,0,0,0,0,0,2021
1211,"Rajalakshmi Engineering College (Autonomous), Thandalam, Sriperumpudur Taluk, Kancheepuram District 602105",KANCHEEPURAM,SELF FINANCING COLLEGES TIER 1,AL,Artificial Intelligence and Machine Learning,8204.0,9644.0,11566.0,9128.0,47424.0,75645.0,68364.0,0,0,0,0,0,0,0,2021
1211,"Rajalakshmi Engineering College (Autonomous), Thandalam, Sriperumpudur Taluk, Kancheepuram District 602105",KANCHEEPURAM,SELF FINANCING COLLEGES TIER 1,AU,AUTOMOBILE ENGINEERING,42551.0,48552.0,63498.0,51765.0,93140.0,,,0,0,0,0,0,0,0,2021
1211,"Rajalakshmi Engineering College (Autonomous), Thandalam, Sriperumpudur Taluk, Kancheepuram District 602105",KANCHEEPURAM,SELF FINANCING COLLEGES TIER 1,BM,BIO MEDICAL ENGINEERING,8988.0,17902.0,9074.0,13953.0,56739.0,25687.0,,0,0,0,0,0,0,0,2021
1211,"Rajalakshmi Engineering College (Autonomous), Thandalam, Sriperumpudur Taluk, Kancheepuram District 602105",KANCHEEPURAM,SELF FINANCING COLLEGES TIER 1,BT,BIO TECHNOLOGY,12588.0,20880.0,40882.0,23580.0,70963.0,98749.0,,0,0,0,0,0,0,0,2021
1211,"Rajalakshmi Engineering College (Autonomous), Thandalam, Sriperumpudur Taluk, Kancheepuram District 602105",KANCHEEPURAM,SELF FINANCING COLLEGES TIER 1,CB,COMPUTER SCIENCE AND BUSSINESS SYSTEM,7578.0,10135.0,12242.0,11828.0,46375.0,,,0,0,0,0,0,0,0,2021
1211,"Rajalakshmi Engineering College (Autonomous), Thandalam, Sriperumpudur Taluk, Kancheepuram District 602105",KANCHEEPURAM,SELF FINANCING COLLEGES TIER 1,CD,COMPUTER SCIENCE AND DESIGN,9793.0,13511.0,15937.0,,56587.0,113120.0,,0,0,0,0,0,0,0,2021
1211,"Rajalakshmi Engineering College (Autonomous), Thandalam, Sriperumpudur Taluk, Kancheepuram District 602105",KANCHEEPURAM,SELF FINANCING COLLEGES TIER 1,CE,CIVIL ENGINEERING,38402.0,45208.0,47702.0,62407.0,74737.0,,,0,0,0,0,0,0,0,2021
1211,"Rajalakshmi Engineering College (Autonomous), Thandalam, Sriperumpudur Taluk, Kancheepuram District 602105",KANCHEEPURAM,SELF FINANCING COLLEGES TIER 1,CH,CHEMICAL ENGINEERING,21977.0,39870.0,29444.0,29999.0,82812.0,,,0,0,0,0,0,0,0,2021
1211,"Rajalakshmi Engineering College (Autonomous), Thandalam, Sriperumpudur Taluk, Kancheepuram District 602105",KANCHEEPURAM,SELF FINANCING COLLEGES TIER 1,CS,Computer Science and Engineering,4259.0,6396.0,9465.0,5590.0,31244.0,87902.0,25783.0,0,0,0,0,0,0,0,2021
1211,"Rajalakshmi Engineering College (Autonomous), Thandalam, Sriperumpudur Taluk, Kancheepuram District 602105",KANCHEEPURAM,SELF FINANCING COLLEGES TIER 1,EC,ELECTRONICS AND COMMUNICATION ENGINEERING,7783.0,10083.0,14863.0,11810.0,44873.0,98043.0,33053.0,0,0,0,0,0,0,0,2021
1211,"Rajalakshmi Engineering College (Autonomous), Thandalam, Sriperumpudur Taluk, Kancheepuram District 602105",KANCHEEPURAM,SELF FINANCING COLLEGES TIER 1,EE,Electrical and Electronics Engineering,16425.0,21803.0,28876.0,19809.0,64296.0,,,0,0,0,0,0,0,0,2021
1211,"Rajalakshmi Engineering College (Autonomous), Thandalam, Sriperumpudur Taluk, Kancheepuram District 602105",KANCHEEPURAM,SELF FINANCING COLLEGES TIER 1,FD,FOOD TECHNOLOGY,16467.0,26949.0,26128.0,28766.0,48316.0,,,0,0,0,0,0,0,0,2021
1211,"Rajalakshmi Engineering College (Autonomous), Thandalam, Sriperumpudur Taluk, Kancheepuram District 602105",KANCHEEPURAM,SELF FINANCING COLLEGES TIER 1,IT,INFORMATION TECHNOLOGY,6620.0,7734.0,11136.0,6901.0,36893.0,65958.0,99701.0,0,0,0,0,0,0,0,2021
1211,"Rajalakshmi Engineering College (Autonomous), Thandalam, Sriperumpudur Taluk, Kancheepuram District 602105",KANCHEEPURAM,SELF FINANCING COLLEGES TIER 1,ME,Mechanical Engineering,29406.0,38529.0,40892.0,44026.0,95359.0,,,0,0,0,0,0,0,0,2021
1211,"Rajalakshmi Engineering College (Autonomous), Thandalam, Sriperumpudur Taluk, Kancheepuram District 602105",KANCHEEPURAM,SELF FINANCING COLLEGES TIER 1,MZ,Mechatronics Engineering,26084.0,31530.0,34273.0,,82761.0,,,0,0,0,0,0,0,0,2021
1211,"Rajalakshmi Engineering College (Autonomous), Thandalam, Sriperumpudur Taluk, Kancheepuram District 602105",KANCHEEPURAM,SELF FINANCING COLLEGES TIER 1,RM,ROBOTICS AND AUTOMATION,17882.0,21585.0,18473.0,25921.0,76405.0,,,0,0,0,0,0,0,0,2021
1212,"Rajiv Gandhi College of Engineering, Nemili, Sriperumpudur Taluk, Kancheepuram District 602105",KANCHEEPURAM,SELF FINANCING COLLEGES TIER 3,AU,AUTOMOBILE ENGINEERING,,,,,,,,0,0,0,0,0,0,0,2021
1212,"Rajiv Gandhi College of Engineering, Nemili, Sriperumpudur Taluk, Kancheepuram District 602105",KANCHEEPURAM,SELF FINANCING COLLEGES TIER 3,BM,BIO MEDICAL ENGINEERING,115005.0,,,120774.0,136018.0,116738.0,,0,0,0,0,1,0,0,2021
1212,"Rajiv Gandhi College of Engineering, Nemili, Sriperumpudur Taluk, Kancheepuram District 602105",KANCHEEPURAM,SELF FINANCING COLLEGES TIER 3,CS,Computer Science and Engineering,82773.0,127989.0,,,128182.0,,,0,0,0,0,0,0,0,2021
1212,"Rajiv Gandhi College of Engineering, Nemili, Sriperumpudur Taluk, Kancheepuram District 602105",KANCHEEPURAM,SELF FINANCING COLLEGES TIER 3,EC,ELECTRONICS AND COMMUNICATION ENGINEERING,129195.0,135548.0,,,,,,0,1,0,0,0,0,0,2021
1212,"Rajiv Gandhi College of Engineering, Nemili, Sriperumpudur Taluk, Kancheepuram District 602105",KANCHEEPURAM,SELF FINANCING COLLEGES TIER 3,EE,Electrical and Electronics Engineering,132066.0,,,,,,,1,0,0,0,0,0,0,2021
1212,"Rajiv Gandhi College of Engineering, Nemili, Sriperumpudur Taluk, Kancheepuram District 602105",KANCHEEPURAM,SELF FINANCING COLLEGES TIER 3,ME,Mechanical Engineering,135812.0,,,,,,,1,0,0,0,0,0,0,2021
1212,"Rajiv Gandhi College of Engineering, Nemili, Sriperumpudur Taluk, Kancheepuram District 602105",KANCHEEPURAM,SELF FINANCING COLLEGES TIER 3,PE,PETROLEUM ENGINEERING,117999.0,134222.0,,,135828.0,,,0,1,0,0,1,0,0,2021
1216,"Saveetha Engineering College (Autonomous), Thandalam, Sriperumpudur Taluk, Kancheepuram District 602105",KANCHEEPURAM,SELF FINANCING COLLEGES TIER 1,AD,Artificial Intelligence and Data Science,27660.0,32648.0,38196.0,38709.0,86040.0,133439.0,,0,0,0,0,0,1,0,2021
1216,"Saveetha Engineering College (Autonomous), Thandalam, Sriperumpudur Taluk, Kancheepuram District 602105",KANCHEEPURAM,SELF FINANCING COLLEGES TIER 1,AG,Agricultural Engineering,36739.0,76032.0,39300.0,63733.0,82957.0,,,0,0,0,0,0,0,0,2021
1216,"Saveetha Engineering College (Autonomous), Thandalam, Sriperumpudur Taluk, Kancheepuram District 602105",KANCHEEPURAM,SELF FINANCING COLLEGES TIER 1,AL,Artificial Intelligence and Machine Learning,29742.0,34653.0,33890.0,32521.0,88623.0,,,0,0,0,0,0,0,0,2021
1216,"Saveetha Engineering College (Autonomous), Thandalam, Sriperumpudur Taluk, Kancheepuram District 602105",KANCHEEPURAM,SELF FINANCING COLLEGES TIER 1,BM,BIO MEDICAL ENGINEERING,18551.0,26017.0,32074.0,19860.0,69171.0,102037.0,,0,0,0,0,0,0,0,2021
1216,"Saveetha Engineering College (Autonomous), Thandalam, Sriperumpudur Taluk, Kancheepuram District 602105",KANCHEEPURAM,SELF FINANCING COLLEGES TIER 1,CE,CIVIL ENGINEERING,73685.0,91155.0,,76708.0,134108.0,,,0,0,0,0,0,0,0,2021
1216,"Saveetha Engineering College (Autonomous), Thandalam, Sriperumpudur Taluk, Kancheepuram District 602105",KANCHEEPURAM,SELF FINANCING COLLEGES TIER 1,CH,CHEMICAL ENGINEERING,42940.0,61563.0,100690.0,52326.0,122241.0,,,0,0,0,0,0,0,0,2021
1216,"Saveetha Engineering College (Autonomous), Thandalam, Sriperumpudur Taluk, Kancheepuram District 602105",KANCHEEPURAM,SELF FINANCING COLLEGES TIER 1,CS,Computer Science and Engineering,17564.0,24849.0,34835.0,26649.0,78141.0,115811.0,,0,0,0,0,0,1,0,2021
1216,"Saveetha Engineering College (Autonomous), Thandalam, Sriperumpudur Taluk, Kancheepuram District 602105",KANCHEEPURAM,SELF FINANCING COLLEGES TIER 1,EC,ELECTRONICS AND COMMUNICATION ENGINEERING,35677.0,42621.0,52973.0,48083.0,107919.0,,103759.0,0,0,0,0,0,0,0,2021
1216,"Saveetha Engineering College (Autonomous), Thandalam, Sriperumpudur Taluk, Kancheepuram District 602105",KANCHEEPURAM,SELF FINANCING COLLEGES TIER 1,EE,Electrical and Electronics Engineering,42720.0,54073.0,78628.0,43835.0,107327.0,,,0,0,0,0,0,0,0,2021
1216,"Saveetha Engineering College (Autonomous), Thandalam, Sriperumpudur Taluk, Kancheepuram District 602105",KANCHEEPURAM,SELF FINANCING COLLEGES TIER 1,EI,ELECTRONICS AND INSTRUMENTATION ENGINEERING,49433.0,56926.0,75612.0,,123278.0,,,0,0,0,0,0,0,0,2021
1216,"Saveetha Engineering College (Autonomous), Thandalam, Sriperumpudur Taluk, Kancheepuram District 602105",KANCHEEPURAM,SELF FINANCING COLLEGES TIER 1,IT,INFORMATION TECHNOLOGY,22532.0,26950.0,23740.0,24698.0,66439.0,126863.0,,0,0,0,0,0,0,0,2021
1216,"Saveetha Engineering College (Autonomous), Thandalam, Sriperumpudur Taluk, Kancheepuram District 602105",KANCHEEPURAM,SELF FINANCING COLLEGES TIER 1,MD,MEDICAL ELECTRONICS ENGINEERING,56463.0,79947.0,66242.0,66083.0,130439.0,,,0,0,0,0,0,0,0,2021
1216,"Saveetha Engineering College (Autonomous), Thandalam, Sriperumpudur Taluk, Kancheepuram District 602105",KANCHEEPURAM,SELF FINANCING COLLEGES TIER 1,ME,Mechanical Engineering,61491.0,86552.0,106125.0,81620.0,126538.0,,,0,0,0,0,0,0,0,2021
1217,"Sree Sastha Institute of Engineering and Technology, Chembarambakkam, Chennai 600103",THIRUVALLUR,SELF FINANCING COLLEGES TIER 3,AD,Artificial Intelligence and Data Science,55058.0,64160.0,61145.0,71938.0,126661.0,,,0,0,0,0,0,0,0,2021
1217,"Sree Sastha Institute of Engineering and Technology, Chembarambakkam, Chennai 600103",THIRUVALLUR,SELF FINANCING COLLEGES TIER 3,AU,AUTOMOBILE ENGINEERING,132541.0,,,,,,,1,0,0,0,0,0,0,2021
1217,"Sree Sastha Institute of Engineering and Technology, Chembarambakkam, Chennai 600103",THIRUVALLUR,SELF FINANCING COLLEGES TIER 3,BM,BIO MEDICAL ENGINEERING,91085.0,135521.0,,,125777.0,,,0,1,0,0,1,0,0,2021
1217,"Sree Sastha Institute of Engineering and Technology, Chembarambakkam, Chennai 600103",THIRUVALLUR,SELF FINANCING COLLEGES TIER 3,BT,BIO TECHNOLOGY,54504.0,94973.0,130952.0,,121732.0,,,0,0,0,0,0,0,0,2021
1217,"Sree Sastha Institute of Engineering and Technology, Chembarambakkam, Chennai 600103",THIRUVALLUR,SELF FINANCING COLLEGES TIER 3,CE,CIVIL ENGINEERING,38184.0,,,,,,,1,0,0,0,0,0,0,2021
1217,"Sree Sastha Institute of Engineering and Technology, Chembarambakkam, Chennai 600103",THIRUVALLUR,SELF FINANCING COLLEGES TIER 3,CS,Computer Science and Engineering,44402.0,56215.0,60853.0,67789.0,108848.0,,,0,0,0,0,0,0,0,2021
1217,"Sree Sastha Institute of Engineering and Technology, Chembarambakkam, Chennai 600103",THIRUVALLUR,SELF FINANCING COLLEGES TIER 3,EC,ELECTRONICS AND COMMUNICATION ENGINEERING,85016.0,132443.0,124700.0,90717.0,118239.0,,,0,0,1,0,1,0,0,2021
1217,"Sree Sastha Institute of Engineering and Technology, Chembarambakkam, Chennai 600103",THIRUVALLUR,SELF FINANCING COLLEGES TIER 3,EE,Electrical and Electronics Engineering,133142.0,,,,,,,0,0,0,0,0,0,0,2021
1217,"Sree Sastha Institute of Engineering and Technology, Chembarambakkam, Chennai 600103",THIRUVALLUR,SELF FINANCING COLLEGES TIER 3,FD,FOOD TECHNOLOGY,81269.0,130897.0,,,107302.0,,,0,1,0,0,0,0,0,2021
1217,"Sree Sastha Institute of Engineering and Technology, Chembarambakkam, Chennai 600103",THIRUVALLUR,SELF FINANCING COLLEGES TIER 3,MH,MECHANICAL ENGINEERING (SANDWICH),96211.0,,,,,,,1,0,0,0,0,0,0,2021
1217,"Sree Sastha Institute of Engineering and Technology, Chembarambakkam, Chennai 600103",THIRUVALLUR,SELF FINANCING COLLEGES TIER 3,MU,MECHANICAL AND AUTOMATION ENGINEERING,117127.0,,,,,,,1,0,0,0,0,0,0,2021
1218,"Sri Muthukumaran Institute of Technology, Near Mangadu, Chennai 600069",KANCHEEPURAM,SELF FINANCING COLLEGES TIER 3,AD,Artificial Intelligence and Data Science,80788.0,92755.0,84593.0,97394.0,132216.0,,,0,0,0,0,1,0,0,2021
1218,"Sri Muthukumaran Institute of Technology, Near Mangadu, Chennai 600069",KANCHEEPURAM,SELF FINANCING COLLEGES TIER 3,BM,BIO MEDICAL ENGINEERING,115819.0,133991.0,,,130672.0,,,0,1,0,0,1,0,0,2021
1218,"Sri Muthukumaran Institute of Technology, Near Mangadu, Chennai 600069",KANCHEEPURAM,SELF FINANCING COLLEGES TIER 3,CE,CIVIL ENGINEERING,82392.0,,,,,,,1,0,0,0,0,0,0,2021
1218,"Sri Muthukumaran Institute of Technology, Near Mangadu, Chennai 600069",KANCHEEPURAM,SELF FINANCING COLLEGES TIER 3,CS,Computer Science and Engineering,53635.0,75327.0,79522.0,99048.0,136896.0,,,0,0,0,0,1,0,0,2021
1218,"Sri Muthukumaran Institute of Technology, Near Mangadu, Chennai 600069",KANCHEEPURAM,SELF FINANCING COLLEGES TIER 3,EC,ELECTRONICS AND COMMUNICATION ENGINEERING,108846.0,127425.0,,,,,,0,1,0,0,0,0,0,2021
1218,"Sri Muthukumaran Institute of Technology, Near Mangadu, Chennai 600069",KANCHEEPURAM,SELF FINANCING COLLEGES TIER 3,EE,Electrical and Electronics Engineering,126622.0,,,,,,,1,0,0,0,0,0,0,2021
1218,"Sri Muthukumaran Institute of Technology, Near Mangadu, Chennai 600069",KANCHEEPURAM,SELF FINANCING COLLEGES TIER 3,IT,INFORMATION TECHNOLOGY,70153.0,83496.0,88114.0,103860.0,125793.0,,,0,0,0,0,1,0,0,2021
1218,"Sri Muthukumaran Institute of Technology, Near Mangadu, Chennai 600069",KANCHEEPURAM,SELF FINANCING COLLEGES TIER 3,ME,Mechanical Engineering,136968.0,,,,,,,1,0,0,0,0,0,0,2021
1218,"Sri Muthukumaran Institute of Technology, Near Mangadu, Chennai 600069",KANCHEEPURAM,SELF FINANCING COLLEGES TIER 3,MZ,Mechatronics Engineering,134468.0,,,,,,,0,0,0,0,0,0,0,2021
1218,"Sri Muthukumaran Institute of Technology, Near Mangadu, Chennai 600069",KANCHEEPURAM,SELF FINANCING COLLEGES TIER 3,PH,PHARMACEUTICAL TECHNOLOGY,57195.0,120699.0,,,65674.0,,,0,1,0,0,1,0,0,2021
1218,"Sri Muthukumaran Institute of Technology, Near Mangadu, Chennai 600069",KANCHEEPURAM,SELF FINANCING COLLEGES TIER 3,RM,ROBOTICS AND AUTOMATION,132820.0,,,,,,,1,0,0,0,0,0,0,2021
1219,"Sri Venkateswara College of Engineering (Autonomous), Post Bag No.1, Chennai-Bengaluru High Road, Pennalur, Irungattukottai S.O., Sriperumbudur Taluk, Kancheepuram District 602117",KANCHEEPURAM,SELF FINANCING COLLEGES TIER 1,AD,Artificial Intelligence and Data Science,3990.0,5152.0,4116.0,4467.0,30391.0,77694.0,,0,0,0,0,0,0,0,2021
1219,"Sri Venkateswara College of Engineering (Autonomous), Post Bag No.1, Chennai-Bengaluru High Road, Pennalur, Irungattukottai S.O., Sriperumbudur Taluk, Kancheepuram District 602117",KANCHEEPURAM,SELF FINANCING COLLEGES TIER 1,AU,AUTOMOBILE ENGINEERING,27800.0,38207.0,39017.0,,98301.0,,,0,0,0,0,0,0,0,2021
1219,"Sri Venkateswara College of Engineering (Autonomous), Post Bag No.1, Chennai-Bengaluru High Road, Pennalur, Irungattukottai S.O., Sriperumbudur Taluk, Kancheepuram District 602117",KANCHEEPURAM,SELF FINANCING COLLEGES TIER 1,BT,BIO TECHNOLOGY,4758.0,8989.0,10996.0,9339.0,48063.0,,,0,0,0,0,0,0,0,2021
1219,"Sri Venkateswara College of Engineering (Autonomous), Post Bag No.1, Chennai-Bengaluru High Road, Pennalur, Irungattukottai S.O., Sriperumbudur Taluk, Kancheepuram District 602117",KANCHEEPURAM,SELF FINANCING COLLEGES TIER 1,CE,CIVIL ENGINEERING,22854.0,32203.0,36106.0,,59024.0,,,0,0,0,0,0,0,0,2021
1219,"Sri Venkateswara College of Engineering (Autonomous), Post Bag No.1, Chennai-Bengaluru High Road, Pennalur, Irungattukottai S.O., Sriperumbudur Taluk, Kancheepuram District 602117",KANCHEEPURAM,SELF FINANCING COLLEGES TIER 1,CH,CHEMICAL ENGINEERING,19693.0,33693.0,21926.0,33711.0,85883.0,133973.0,,0,0,0,0,0,1,0,2021
1219,"Sri Venkateswara College of Engineering (Autonomous), Post Bag No.1, Chennai-Bengaluru High Road, Pennalur, Irungattukottai S.O., Sriperumbudur Taluk, Kancheepuram District 602117",KANCHEEPURAM,SELF FINANCING COLLEGES TIER 1,CS,Computer Science and Engineering,2173.0,3448.0,8041.0,3460.0,20588.0,44688.0,,0,0,0,0,0,0,0,2021
1219,"Sri Venkateswara College of Engineering (Autonomous), Post Bag No.1, Chennai-Bengaluru High Road, Pennalur, Irungattukottai S.O., Sriperumbudur Taluk, Kancheepuram District 602117",KANCHEEPURAM,SELF FINANCING COLLEGES TIER 1,EC,ELECTRONICS AND COMMUNICATION ENGINEERING,5297.0,6979.0,11759.0,6201.0,38069.0,85265.0,90051.0,0,0,0,0,0,0,0,2021
1219,"Sri Venkateswara College of Engineering (Autonomous), Post Bag No.1, Chennai-Bengaluru High Road, Pennalur, Irungattukottai S.O., Sriperumbudur Taluk, Kancheepuram District 602117",KANCHEEPURAM,SELF FINANCING COLLEGES TIER 1,EE,Electrical and Electronics Engineering,9937.0,14726.0,21955.0,17044.0,51930.0,119382.0,80687.0,0,0,0,0,0,0,0,2021
1219,"Sri Venkateswara College of Engineering (Autonomous), Post Bag No.1, Chennai-Bengaluru High Road, Pennalur, Irungattukottai S.O., Sriperumbudur Taluk, Kancheepuram District 602117",KANCHEEPURAM,SELF FINANCING COLLEGES TIER 1,IT,INFORMATION TECHNOLOGY,3784.0,4565.0,9223.0,5027.0,30834.0,44630.0,95815.0,0,0,0,0,0,0,0,2021
1219,"Sri Venkateswara College of Engineering (Autonomous), Post Bag No.1, Chennai-Bengaluru High Road, Pennalur, Irungattukottai S.O., Sriperumbudur Taluk, Kancheepuram District 602117",KANCHEEPURAM,SELF FINANCING COLLEGES TIER 1,ME,Mechanical Engineering,20140.0,24895.0,25779.0,30999.0,75638.0,105176.0,,0,0,0,0,0,0,0,2021
1219,"Sri Venkateswara College of Engineering (Autonomous), Post Bag No.1, Chennai-Bengaluru High Road, Pennalur, Irungattukottai S.O., Sriperumbudur Taluk, Kancheepuram District 602117",KANCHEEPURAM,SELF FINANCING COLLEGES TIER 1,MR,MARINE ENGINEERING,30805.0,39329.0,87209.0,31321.0,91404.0,,,0,0,0,0,0,0,0,2021
1221,"Jaya College of Engineering and Technology, Parivakkam, Poonamallee, Chennai 600056",THIRUVALLUR,SELF FINANCING COLLEGES TIER 3,CS,Computer Science and Engineering,93020.0,99906.0,,,120335.0,,,0,0,0,0,0,0,0,2021
1221,"Jaya College of Engineering and Technology, Parivakkam, Poonamallee, Chennai 600056",THIRUVALLUR,SELF FINANCING COLLEGES TIER 3,EC,ELECTRONICS AND COMMUNICATION ENGINEERING,133871.0,,,,,,,1,0,0,0,0,0,0,2021
1221,"Jaya College of Engineering and Technology, Parivakkam, Poonamallee, Chennai 600056",THIRUVALLUR,SELF FINANCING COLLEGES TIER 3,ME,Mechanical Engineering,135220.0,,,,,,,1,0,0,0,0,0,0,2021
1222,"P B College of Engineering, Irungkattukottai, Sriperumpudur Taluk, Kancheepuram District 602105",KANCHEEPURAM,SELF FINANCING COLLEGES TIER 3,AE,AERONAUTICAL ENGINEERING,135348.0,,,,,,,1,0,0,0,0,0,0,2021
1222,"P B College of Engineering, Irungkattukottai, Sriperumpudur Taluk, Kancheepuram District 602105",KANCHEEPURAM,SELF FINANCING COLLEGES TIER 3,AU,AUTOMOBILE ENGINEERING,,,,,,,,0,0,0,0,0,0,0,2021
1222,"P B College of Engineering, Irungkattukottai, Sriperumpudur Taluk, Kancheepuram District 602105",KANCHEEPURAM,SELF FINANCING COLLEGES TIER 3,CE,CIVIL ENGINEERING,,,,,,,,0,0,0,0,0,0,0,2021
1222,"P B College of Engineering, Irungkattukottai, Sriperumpudur Taluk, Kancheepuram District 602105",KANCHEEPURAM,SELF FINANCING COLLEGES TIER 3,CS,Computer Science and Engineering,124929.0,,,,,,,1,0,0,0,0,0,0,2021
1222,"P B College of Engineering, Irungkattukottai, Sriperumpudur Taluk, Kancheepuram District 602105",KANCHEEPURAM,SELF FINANCING COLLEGES TIER 3,EC,ELECTRONICS AND COMMUNICATION ENGINEERING,134830.0,,,,,,,1,0,0,0,0,0,0,2021
1222,"P B College of Engineering, Irungkattukottai, Sriperumpudur Taluk, Kancheepuram District 602105",KANCHEEPURAM,SELF FINANCING COLLEGES TIER 3,EE,Electrical and Electronics Engineering,106775.0,,,,,,,1,0,0,0,0,0,0,2021
1222,"P B College of Engineering, Irungkattukottai, Sriperumpudur Taluk, Kancheepuram District 602105",KANCHEEPURAM,SELF FINANCING COLLEGES TIER 3,IT,INFORMATION TECHNOLOGY,126591.0,,,,,,,0,0,0,0,0,0,0,2021
1222,"P B College of Engineering, Irungkattukottai, Sriperumpudur Taluk, Kancheepuram District 602105",KANCHEEPURAM,SELF FINANCING COLLEGES TIER 3,ME,Mechanical Engineering,128908.0,,,,,,,1,0,0,0,0,0,0,2021
1225,"Loyola Institute of Technology, Mevaloorkuppam, B Village, Palanchoor, Nazarethpet Post, Chennai 600123",KANCHEEPURAM,SELF FINANCING COLLEGES TIER 3,CS,Computer Science and Engineering,42591.0,59909.0,73460.0,83091.0,82605.0,54539.0,,0,0,0,0,0,0,0,2021
1225,"Loyola Institute of Technology, Mevaloorkuppam, B Village, Palanchoor, Nazarethpet Post, Chennai 600123",KANCHEEPURAM,SELF FINANCING COLLEGES TIER 3,EC,ELECTRONICS AND COMMUNICATION ENGINEERING,53282.0,68463.0,76744.0,62746.0,92069.0,84274.0,,0,0,0,0,0,0,0,2021
1225,"Loyola Institute of Technology, Mevaloorkuppam, B Village, Palanchoor, Nazarethpet Post, Chennai 600123",KANCHEEPURAM,SELF FINANCING COLLEGES TIER 3,EE,Electrical and Electronics Engineering,72812.0,109457.0,90289.0,113401.0,124898.0,106300.0,,0,0,0,0,1,0,0,2021
1225,"Loyola Institute of Technology, Mevaloorkuppam, B Village, Palanchoor, Nazarethpet Post, Chennai 600123",KANCHEEPURAM,SELF FINANCING COLLEGES TIER 3,IT,INFORMATION TECHNOLOGY,44269.0,62842.0,58233.0,83702.0,87823.0,,,0,0,0,0,0,0,0,2021
1225,"Loyola Institute of Technology, Mevaloorkuppam, B Village, Palanchoor, Nazarethpet Post, Chennai 600123",KANCHEEPURAM,SELF FINANCING COLLEGES TIER 3,ME,Mechanical Engineering,87084.0,118928.0,,92754.0,134358.0,,120711.0,0,0,0,0,0,0,0,2021
1226,"P T Lee Chengalvaraya Naicker College of Engineering and Technology, Oovery, Veliyur Post, Kancheepuram District 631 502",KANCHEEPURAM,SELF FINANCING COLLEGES TIER 3,CE,CIVIL ENGINEERING,68325.0,,,,,,,0,0,0,0,0,0,0,2021
1226,"P T Lee Chengalvaraya Naicker College of Engineering and Technology, Oovery, Veliyur Post, Kancheepuram District 631 502",KANCHEEPURAM,SELF FINANCING COLLEGES TIER 3,CS,Computer Science and Engineering,70862.0,135555.0,74275.0,101156.0,135656.0,,,0,1,1,0,1,0,0,2021
1226,"P T Lee Chengalvaraya Naicker College of Engineering and Technology, Oovery, Veliyur Post, Kancheepuram District 631 502",KANCHEEPURAM,SELF FINANCING COLLEGES TIER 3,EC,ELECTRONICS AND COMMUNICATION ENGINEERING,93494.0,,,118127.0,,,,0,0,0,1,0,0,0,2021
1226,"P T Lee Chengalvaraya Naicker College of Engineering and Technology, Oovery, Veliyur Post, Kancheepuram District 631 502",KANCHEEPURAM,SELF FINANCING COLLEGES TIER 3,EE,Electrical and Electronics Engineering,107046.0,,,,,,,0,0,0,0,0,0,0,2021
1226,"P T Lee Chengalvaraya Naicker College of Engineering and Technology, Oovery, Veliyur Post, Kancheepuram District 631 502",KANCHEEPURAM,SELF FINANCING COLLEGES TIER 3,ME,Mechanical Engineering,110459.0,134151.0,,,124151.0,,,0,1,0,0,1,0,0,2021
1228,"Alpha College of Engineering, No.34, Udayavar Koil Street, Poonamallee, Thirumazhisai, Chennai - 600124",CHENNAI,SELF FINANCING COLLEGES TIER 3,BM,BIO MEDICAL ENGINEERING,79078.0,133385.0,,,133324.0,,,0,1,0,0,1,0,0,2021
1228,"Alpha College of Engineering, No.34, Udayavar Koil Street, Poonamallee, Thirumazhisai, Chennai - 600124",CHENNAI,SELF FINANCING COLLEGES TIER 3,CS,Computer Science and Engineering,58077.0,83707.0,68470.0,,134031.0,,,0,0,0,0,0,0,0,2021
1228,"Alpha College of Engineering, No.34, Udayavar Koil Street, Poonamallee, Thirumazhisai, Chennai - 600124",CHENNAI,SELF FINANCING COLLEGES TIER 3,EC,ELECTRONICS AND COMMUNICATION ENGINEERING,79645.0,106967.0,117474.0,,128066.0,,,0,0,0,0,0,0,0,2021
1228,"Alpha College of Engineering, No.34, Udayavar Koil Street, Poonamallee, Thirumazhisai, Chennai - 600124",CHENNAI,SELF FINANCING COLLEGES TIER 3,ME,Mechanical Engineering,128993.0,,,,136931.0,,,0,0,0,0,1,0,0,2021
1229,"Indira Institute of Engineering and Technology, VGR Gardens, Pandur, Thiruvallur District 631203",THIRUVALLUR,SELF FINANCING COLLEGES TIER 3,CE,CIVIL ENGINEERING,,,,,,,,0,0,0,0,0,0,0,2021
1229,"Indira Institute of Engineering and Technology, VGR Gardens, Pandur, Thiruvallur District 631203",THIRUVALLUR,SELF FINANCING COLLEGES TIER 3,CS,Computer Science and Engineering,119508.0,120026.0,,,134079.0,,,0,1,0,0,1,0,0,2021
1229,"Indira Institute of Engineering and Technology, VGR Gardens, Pandur, Thiruvallur District 631203",THIRUVALLUR,SELF FINANCING COLLEGES TIER 3,EC,ELECTRONICS AND COMMUNICATION ENGINEERING,126086.0,,,,,,,1,0,0,0,0,0,0,2021
1229,"Indira Institute of Engineering and Technology, VGR Gardens, Pandur, Thiruvallur District 631203",THIRUVALLUR,SELF FINANCING COLLEGES TIER 3,EE,Electrical and Electronics Engineering,131327.0,,,,,,,1,0,0,0,0,0,0,2021
1229,"Indira Institute of Engineering and Technology, VGR Gardens, Pandur, Thiruvallur District 631203",THIRUVALLUR,SELF FINANCING COLLEGES TIER 3,ME,Mechanical Engineering,,,,,,,,0,0,0,0,0,0,0,2021
1230,"Apollo Engineering College, Mevaloorkuppam, Valarpuram Post, Sriperumpudur, Kancheepuram District 602105",KANCHEEPURAM,SELF FINANCING COLLEGES TIER 3,AE,AERONAUTICAL ENGINEERING,135855.0,,,,,,,1,0,0,0,0,0,0,2021
1230,"Apollo Engineering College, Mevaloorkuppam, Valarpuram Post, Sriperumpudur, Kancheepuram District 602105",KANCHEEPURAM,SELF FINANCING COLLEGES TIER 3,CS,Computer Science and Engineering,60950.0,89807.0,78408.0,85526.0,101048.0,,,0,0,0,0,0,0,0,2021
1230,"Apollo Engineering College, Mevaloorkuppam, Valarpuram Post, Sriperumpudur, Kancheepuram District 602105",KANCHEEPURAM,SELF FINANCING COLLEGES TIER 3,EC,ELECTRONICS AND COMMUNICATION ENGINEERING,117028.0,127549.0,,,131413.0,,,0,1,0,0,1,0,0,2021
1230,"Apollo Engineering College, Mevaloorkuppam, Valarpuram Post, Sriperumpudur, Kancheepuram District 602105",KANCHEEPURAM,SELF FINANCING COLLEGES TIER 3,EE,Electrical and Electronics Engineering,92897.0,,,,,,,1,0,0,0,0,0,0,2021
1230,"Apollo Engineering College, Mevaloorkuppam, Valarpuram Post, Sriperumpudur, Kancheepuram District 602105",KANCHEEPURAM,SELF FINANCING COLLEGES TIER 3,ME,Mechanical Engineering,124204.0,,,,,,,1,0,0,0,0,0,0,2021
1231,"Panimalar Institute of Technology, Nazarethpet, Poonamallee, Chennai 602103",THIRUVALLUR,SELF FINANCING COLLEGES TIER 2,AD,Artificial Intelligence and Data Science,33150.0,36234.0,49153.0,45149.0,90033.0,134308.0,128807.0,0,0,0,0,0,0,0,2021
1231,"Panimalar Institute of Technology, Nazarethpet, Poonamallee, Chennai 602103",THIRUVALLUR,SELF FINANCING COLLEGES TIER 2,CB,COMPUTER SCIENCE AND BUSSINESS SYSTEM,32615.0,35763.0,46046.0,45612.0,90654.0,,,0,0,0,0,0,0,0,2021
1231,"Panimalar Institute of Technology, Nazarethpet, Poonamallee, Chennai 602103",THIRUVALLUR,SELF FINANCING COLLEGES TIER 2,CS,Computer Science and Engineering,23676.0,28356.0,42698.0,40165.0,83057.0,136190.0,70690.0,0,0,0,0,0,1,0,2021
1231,"Panimalar Institute of Technology, Nazarethpet, Poonamallee, Chennai 602103",THIRUVALLUR,SELF FINANCING COLLEGES TIER 2,EC,ELECTRONICS AND COMMUNICATION ENGINEERING,37326.0,43935.0,61590.0,37539.0,110810.0,,,0,0,0,0,0,0,0,2021
1231,"Panimalar Institute of Technology, Nazarethpet, Poonamallee, Chennai 602103",THIRUVALLUR,SELF FINANCING COLLEGES TIER 2,IT,INFORMATION TECHNOLOGY,27516.0,32084.0,43777.0,32257.0,86970.0,104799.0,,0,0,0,0,0,1,0,2021
1233,"Adhi College of Engineering and Technology, Pazhayaseevaram, Madura Sankarapuram Village, Kancheepuram District 631605",KANCHEEPURAM,SELF FINANCING COLLEGES TIER 3,AD,Artificial Intelligence and Data Science,48440.0,78820.0,88831.0,,106301.0,113075.0,,0,0,0,0,0,0,0,2021
1233,"Adhi College of Engineering and Technology, Pazhayaseevaram, Madura Sankarapuram Village, Kancheepuram District 631605",KANCHEEPURAM,SELF FINANCING COLLEGES TIER 3,CE,CIVIL ENGINEERING,98428.0,121158.0,,,118794.0,,,0,1,0,0,1,0,0,2021
1233,"Adhi College of Engineering and Technology, Pazhayaseevaram, Madura Sankarapuram Village, Kancheepuram District 631605",KANCHEEPURAM,SELF FINANCING COLLEGES TIER 3,CS,Computer Science and Engineering,38165.0,70298.0,85426.0,80220.0,82295.0,70581.0,81800.0,0,0,0,0,0,0,0,2021
1233,"Adhi College of Engineering and Technology, Pazhayaseevaram, Madura Sankarapuram Village, Kancheepuram District 631605",KANCHEEPURAM,SELF FINANCING COLLEGES TIER 3,EC,ELECTRONICS AND COMMUNICATION ENGINEERING,63768.0,84420.0,128496.0,108083.0,134085.0,93353.0,,0,0,1,0,1,1,0,2021
1233,"Adhi College of Engineering and Technology, Pazhayaseevaram, Madura Sankarapuram Village, Kancheepuram District 631605",KANCHEEPURAM,SELF FINANCING COLLEGES TIER 3,EE,Electrical and Electronics Engineering,91562.0,136300.0,,119854.0,,,,0,1,0,1,0,0,0,2021
1233,"Adhi College of Engineering and Technology, Pazhayaseevaram, Madura Sankarapuram Village, Kancheepuram District 631605",KANCHEEPURAM,SELF FINANCING COLLEGES TIER 3,ME,Mechanical Engineering,94833.0,119839.0,133833.0,102433.0,101207.0,,,0,1,0,0,1,0,0,2021
1235,"Jei Mathaajee College of Engineering, Vishaandikuppam,Karappettai (via), Siruvakkam, Kancheepuram District 631 552",KANCHEEPURAM,SELF FINANCING COLLEGES TIER 3,CE,CIVIL ENGINEERING,,,,,,,,0,0,0,0,0,0,0,2021
1235,"Jei Mathaajee College of Engineering, Vishaandikuppam,Karappettai (via), Siruvakkam, Kancheepuram District 631 552",KANCHEEPURAM,SELF FINANCING COLLEGES TIER 3,CS,Computer Science and Engineering,135138.0,,,,,,,1,0,0,0,0,0,0,2021
1235,"Jei Mathaajee College of Engineering, Vishaandikuppam,Karappettai (via), Siruvakkam, Kancheepuram District 631 552",KANCHEEPURAM,SELF FINANCING COLLEGES TIER 3,EC,ELECTRONICS AND COMMUNICATION ENGINEERING,,,,,,,,0,0,0,0,0,0,0,2021
1235,"Jei Mathaajee College of Engineering, Vishaandikuppam,Karappettai (via), Siruvakkam, Kancheepuram District 631 552",KANCHEEPURAM,SELF FINANCING COLLEGES TIER 3,EE,Electrical and Electronics Engineering,,,,,,,,0,0,0,0,0,0,0,2021
1235,"Jei Mathaajee College of Engineering, Vishaandikuppam,Karappettai (via), Siruvakkam, Kancheepuram District 631 552",KANCHEEPURAM,SELF FINANCING COLLEGES TIER 3,IT,INFORMATION TECHNOLOGY,,,,,,,,0,0,0,0,0,0,0,2021
1235,"Jei Mathaajee College of Engineering, Vishaandikuppam,Karappettai (via), Siruvakkam, Kancheepuram District 631 552",KANCHEEPURAM,SELF FINANCING COLLEGES TIER 3,ME,Mechanical Engineering,,,,,,,,0,0,0,0,0,0,0,2021
1237,"Velammal Institute of Technology, Chennai-Kolkatta Highway, Panchetti Village, Ponneri Taluk, Thiruvallur District 601204",THIRUVALLUR,SELF FINANCING COLLEGES TIER 2,AD,Artificial Intelligence and Data Science,38457.0,42675.0,49645.0,43199.0,96215.0,,,0,0,0,0,0,0,0,2021
1237,"Velammal Institute of Technology, Chennai-Kolkatta Highway, Panchetti Village, Ponneri Taluk, Thiruvallur District 601204",THIRUVALLUR,SELF FINANCING COLLEGES TIER 2,CS,Computer Science and Engineering,29910.0,38270.0,50118.0,49382.0,85997.0,,,0,0,0,0,0,0,0,2021
1237,"Velammal Institute of Technology, Chennai-Kolkatta Highway, Panchetti Village, Ponneri Taluk, Thiruvallur District 601204",THIRUVALLUR,SELF FINANCING COLLEGES TIER 2,EC,ELECTRONICS AND COMMUNICATION ENGINEERING,45198.0,48348.0,71716.0,61406.0,120629.0,,,0,0,0,0,0,0,0,2021
1237,"Velammal Institute of Technology, Chennai-Kolkatta Highway, Panchetti Village, Ponneri Taluk, Thiruvallur District 601204",THIRUVALLUR,SELF FINANCING COLLEGES TIER 2,EE,Electrical and Electronics Engineering,51662.0,61685.0,73792.0,,135359.0,,,0,0,0,0,1,0,0,2021
1237,"Velammal Institute of Technology, Chennai-Kolkatta Highway, Panchetti Village, Ponneri Taluk, Thiruvallur District 601204",THIRUVALLUR,SELF FINANCING COLLEGES TIER 2,IT,INFORMATION TECHNOLOGY,34805.0,41348.0,54365.0,46188.0,91578.0,,,0,0,0,0,0,0,0,2021
1237,"Velammal Institute of Technology, Chennai-Kolkatta Highway, Panchetti Village, Ponneri Taluk, Thiruvallur District 601204",THIRUVALLUR,SELF FINANCING COLLEGES TIER 2,ME,Mechanical Engineering,81298.0,96323.0,120911.0,124278.0,,,,0,0,1,0,0,0,0,2021
1237,"Velammal Institute of Technology, Chennai-Kolkatta Highway, Panchetti Village, Ponneri Taluk, Thiruvallur District 601204",THIRUVALLUR,SELF FINANCING COLLEGES TIER 2,MZ,Mechatronics Engineering,79094.0,116598.0,106872.0,,101737.0,,,0,0,0,0,1,0,0,2021
1238,"G R T Institute of Engineering and Technology, GRT Mahalakshmi Nagar, Chennai-Tirupathi Highway, Tiruttani Taluk, Thiruvallur District 631209",THIRUVALLUR,SELF FINANCING COLLEGES TIER 3,BM,BIO MEDICAL ENGINEERING,84018.0,134025.0,,113423.0,134759.0,100355.0,,0,1,0,0,0,0,0,2021
1238,"G R T Institute of Engineering and Technology, GRT Mahalakshmi Nagar, Chennai-Tirupathi Highway, Tiruttani Taluk, Thiruvallur District 631209",THIRUVALLUR,SELF FINANCING COLLEGES TIER 3,CS,Computer Science and Engineering,48046.0,84194.0,122366.0,60285.0,110617.0,99935.0,,0,0,0,0,0,0,0,2021
1238,"G R T Institute of Engineering and Technology, GRT Mahalakshmi Nagar, Chennai-Tirupathi Highway, Tiruttani Taluk, Thiruvallur District 631209",THIRUVALLUR,SELF FINANCING COLLEGES TIER 3,EC,ELECTRONICS AND COMMUNICATION ENGINEERING,83538.0,103649.0,,,133748.0,,,0,0,0,0,0,0,0,2021
1238,"G R T Institute of Engineering and Technology, GRT Mahalakshmi Nagar, Chennai-Tirupathi Highway, Tiruttani Taluk, Thiruvallur District 631209",THIRUVALLUR,SELF FINANCING COLLEGES TIER 3,EE,Electrical and Electronics Engineering,133616.0,,,,134568.0,,,0,0,0,0,1,0,0,2021
1238,"G R T Institute of Engineering and Technology, GRT Mahalakshmi Nagar, Chennai-Tirupathi Highway, Tiruttani Taluk, Thiruvallur District 631209",THIRUVALLUR,SELF FINANCING COLLEGES TIER 3,ME,Mechanical Engineering,113439.0,,,,,,,1,0,0,0,0,0,0,2021
1241,"T J S Engineering College, Peruvoyal, Near Kavaraipettai, Gummidipoondi Taluk, Thiruvallur District 601206",THIRUVALLUR,SELF FINANCING COLLEGES TIER 3,CE,CIVIL ENGINEERING,,,,,,,,0,0,0,0,0,0,0,2021
1241,"T J S Engineering College, Peruvoyal, Near Kavaraipettai, Gummidipoondi Taluk, Thiruvallur District 601206",THIRUVALLUR,SELF FINANCING COLLEGES TIER 3,CS,Computer Science and Engineering,88613.0,131713.0,93617.0,,136325.0,,,0,1,1,0,1,0,0,2021
1241,"T J S Engineering College, Peruvoyal, Near Kavaraipettai, Gummidipoondi Taluk, Thiruvallur District 601206",THIRUVALLUR,SELF FINANCING COLLEGES TIER 3,EC,ELECTRONICS AND COMMUNICATION ENGINEERING,132508.0,,,,,,,1,0,0,0,0,0,0,2021
1241,"T J S Engineering College, Peruvoyal, Near Kavaraipettai, Gummidipoondi Taluk, Thiruvallur District 601206",THIRUVALLUR,SELF FINANCING COLLEGES TIER 3,EE,Electrical and Electronics Engineering,133366.0,,,,,,,1,0,0,0,0,0,0,2021
1241,"T J S Engineering College, Peruvoyal, Near Kavaraipettai, Gummidipoondi Taluk, Thiruvallur District 601206",THIRUVALLUR,SELF FINANCING COLLEGES TIER 3,ME,Mechanical Engineering,130598.0,,,,,,,1,0,0,0,0,0,0,2021
1243,"Madha Institute of Engineering and Technology, Erandamkattalai Village, Sadhananthapuram, Thandalam Post, Chennai 602101",KANCHEEPURAM,SELF FINANCING COLLEGES TIER 3,CE,CIVIL ENGINEERING,,,,,,,,0,0,0,0,0,0,0,2021
1243,"Madha Institute of Engineering and Technology, Erandamkattalai Village, Sadhananthapuram, Thandalam Post, Chennai 602101",KANCHEEPURAM,SELF FINANCING COLLEGES TIER 3,CS,Computer Science and Engineering,119187.0,135882.0,,,,,,0,1,0,0,0,0,0,2021
1243,"Madha Institute of Engineering and Technology, Erandamkattalai Village, Sadhananthapuram, Thandalam Post, Chennai 602101",KANCHEEPURAM,SELF FINANCING COLLEGES TIER 3,EC,ELECTRONICS AND COMMUNICATION ENGINEERING,126472.0,,,,,,,1,0,0,0,0,0,0,2021
1243,"Madha Institute of Engineering and Technology, Erandamkattalai Village, Sadhananthapuram, Thandalam Post, Chennai 602101",KANCHEEPURAM,SELF FINANCING COLLEGES TIER 3,EE,Electrical and Electronics Engineering,,,,,,,,0,0,0,0,0,0,0,2021
1243,"Madha Institute of Engineering and Technology, Erandamkattalai Village, Sadhananthapuram, Thandalam Post, Chennai 602101",KANCHEEPURAM,SELF FINANCING COLLEGES TIER 3,IT,INFORMATION TECHNOLOGY,127936.0,136246.0,,,,,,0,1,0,0,0,0,0,2021
1243,"Madha Institute of Engineering and Technology, Erandamkattalai Village, Sadhananthapuram, Thandalam Post, Chennai 602101",KANCHEEPURAM,SELF FINANCING COLLEGES TIER 3,ME,Mechanical Engineering,,,,,,,,0,0,0,0,0,0,0,2021
1301,"Mohammed Sathak A J College of Engineering, Old Mahabalipuram Road (OMR), Egattur, Chengalpattu District 603103",CHENGALPET,SELF FINANCING COLLEGES TIER 3,CE,CIVIL ENGINEERING,129184.0,,,,130118.0,134139.0,,0,0,0,0,0,0,0,2021
1301,"Mohammed Sathak A J College of Engineering, Old Mahabalipuram Road (OMR), Egattur, Chengalpattu District 603103",CHENGALPET,SELF FINANCING COLLEGES TIER 3,CS,Computer Science and Engineering,44401.0,59601.0,,56872.0,108808.0,,,0,0,0,0,0,0,0,2021
1301,"Mohammed Sathak A J College of Engineering, Old Mahabalipuram Road (OMR), Egattur, Chengalpattu District 603103",CHENGALPET,SELF FINANCING COLLEGES TIER 3,EC,ELECTRONICS AND COMMUNICATION ENGINEERING,71749.0,127090.0,85951.0,80381.0,118490.0,,,0,0,0,0,1,0,0,2021
1301,"Mohammed Sathak A J College of Engineering, Old Mahabalipuram Road (OMR), Egattur, Chengalpattu District 603103",CHENGALPET,SELF FINANCING COLLEGES TIER 3,EE,Electrical and Electronics Engineering,82306.0,125953.0,,,132621.0,,,0,1,0,0,0,0,0,2021
1301,"Mohammed Sathak A J College of Engineering, Old Mahabalipuram Road (OMR), Egattur, Chengalpattu District 603103",CHENGALPET,SELF FINANCING COLLEGES TIER 3,IT,INFORMATION TECHNOLOGY,53069.0,76422.0,55141.0,61618.0,103481.0,,,0,0,0,0,0,0,0,2021
1301,"Mohammed Sathak A J College of Engineering, Old Mahabalipuram Road (OMR), Egattur, Chengalpattu District 603103",CHENGALPET,SELF FINANCING COLLEGES TIER 3,ME,Mechanical Engineering,123201.0,,134166.0,,,,,0,0,0,0,0,0,0,2021
1303,"Anand Institute of Higher Technology, Old Mahabalipuram Road (OMR), Kazhipattur, Chengalpattu District 603103",CHENGALPET,SELF FINANCING COLLEGES TIER 3,AD,Artificial Intelligence and Data Science,54452.0,84155.0,88944.0,61516.0,121909.0,,,0,0,0,0,0,0,0,2021
1303,"Anand Institute of Higher Technology, Old Mahabalipuram Road (OMR), Kazhipattur, Chengalpattu District 603103",CHENGALPET,SELF FINANCING COLLEGES TIER 3,AG,Agricultural Engineering,112231.0,119111.0,,,125249.0,,,0,1,0,0,1,0,0,2021
1303,"Anand Institute of Higher Technology, Old Mahabalipuram Road (OMR), Kazhipattur, Chengalpattu District 603103",CHENGALPET,SELF FINANCING COLLEGES TIER 3,BT,BIO TECHNOLOGY,76740.0,135832.0,82696.0,109926.0,107194.0,,,0,1,0,0,0,0,0,2021
1303,"Anand Institute of Higher Technology, Old Mahabalipuram Road (OMR), Kazhipattur, Chengalpattu District 603103",CHENGALPET,SELF FINANCING COLLEGES TIER 3,CS,Computer Science and Engineering,62327.0,81914.0,101708.0,77614.0,116447.0,,,0,0,0,0,0,0,0,2021
1303,"Anand Institute of Higher Technology, Old Mahabalipuram Road (OMR), Kazhipattur, Chengalpattu District 603103",CHENGALPET,SELF FINANCING COLLEGES TIER 3,EC,ELECTRONICS AND COMMUNICATION ENGINEERING,70763.0,92948.0,99553.0,91981.0,91144.0,91384.0,,0,0,0,0,0,0,0,2021
1303,"Anand Institute of Higher Technology, Old Mahabalipuram Road (OMR), Kazhipattur, Chengalpattu District 603103",CHENGALPET,SELF FINANCING COLLEGES TIER 3,EE,Electrical and Electronics Engineering,102288.0,130233.0,114632.0,,,,,0,1,0,0,0,0,0,2021
1303,"Anand Institute of Higher Technology, Old Mahabalipuram Road (OMR), Kazhipattur, Chengalpattu District 603103",CHENGALPET,SELF FINANCING COLLEGES TIER 3,IT,INFORMATION TECHNOLOGY,65398.0,85380.0,85504.0,69024.0,105114.0,,,0,0,1,0,0,0,0,2021
1303,"Anand Institute of Higher Technology, Old Mahabalipuram Road (OMR), Kazhipattur, Chengalpattu District 603103",CHENGALPET,SELF FINANCING COLLEGES TIER 3,ME,Mechanical Engineering,113515.0,134184.0,116823.0,128211.0,128523.0,,,0,1,0,0,1,0,0,2021
1304,"Easwari Engineering College (Autonomous), Ramapuram, Chennai 600089",THIRUVALLUR,SELF FINANCING COLLEGES TIER 1,AD,Artificial Intelligence and Data Science,7457.0,12658.0,17521.0,,22174.0,17953.0,,0,0,0,0,0,0,0,2021
1304,"Easwari Engineering College (Autonomous), Ramapuram, Chennai 600089",THIRUVALLUR,SELF FINANCING COLLEGES TIER 1,AU,AUTOMOBILE ENGINEERING,70125.0,81258.0,101834.0,91821.0,124632.0,,,0,0,0,0,0,0,0,2021
1304,"Easwari Engineering College (Autonomous), Ramapuram, Chennai 600089",THIRUVALLUR,SELF FINANCING COLLEGES TIER 1,BM,BIO MEDICAL ENGINEERING,12759.0,19672.0,14868.0,35091.0,67256.0,,,0,0,0,0,0,0,0,2021
1304,"Easwari Engineering College (Autonomous), Ramapuram, Chennai 600089",THIRUVALLUR,SELF FINANCING COLLEGES TIER 1,CE,CIVIL ENGINEERING,45974.0,70966.0,85938.0,,68335.0,110758.0,119280.0,0,0,0,0,0,0,0,2021
1304,"Easwari Engineering College (Autonomous), Ramapuram, Chennai 600089",THIRUVALLUR,SELF FINANCING COLLEGES TIER 1,CS,Computer Science and Engineering,5731.0,9200.0,12767.0,7662.0,31744.0,102151.0,,0,0,0,0,0,0,0,2021
1304,"Easwari Engineering College (Autonomous), Ramapuram, Chennai 600089",THIRUVALLUR,SELF FINANCING COLLEGES TIER 1,EC,ELECTRONICS AND COMMUNICATION ENGINEERING,14526.0,17358.0,32477.0,21814.0,55248.0,68461.0,,0,0,0,0,0,0,0,2021
1304,"Easwari Engineering College (Autonomous), Ramapuram, Chennai 600089",THIRUVALLUR,SELF FINANCING COLLEGES TIER 1,EE,Electrical and Electronics Engineering,22252.0,26034.0,36454.0,39624.0,72383.0,,,0,0,0,0,0,0,0,2021
1304,"Easwari Engineering College (Autonomous), Ramapuram, Chennai 600089",THIRUVALLUR,SELF FINANCING COLLEGES TIER 1,EI,ELECTRONICS AND INSTRUMENTATION ENGINEERING,28530.0,33901.0,61266.0,,82120.0,,,0,0,0,0,0,0,0,2021
1304,"Easwari Engineering College (Autonomous), Ramapuram, Chennai 600089",THIRUVALLUR,SELF FINANCING COLLEGES TIER 1,IT,INFORMATION TECHNOLOGY,9321.0,11891.0,17938.0,10312.0,44831.0,82693.0,,0,0,0,0,0,0,0,2021
1304,"Easwari Engineering College (Autonomous), Ramapuram, Chennai 600089",THIRUVALLUR,SELF FINANCING COLLEGES TIER 1,ME,Mechanical Engineering,47300.0,61626.0,86050.0,81941.0,119195.0,132873.0,,0,0,0,0,0,1,0,2021
1304,"Easwari Engineering College (Autonomous), Ramapuram, Chennai 600089",THIRUVALLUR,SELF FINANCING COLLEGES TIER 1,RM,ROBOTICS AND AUTOMATION,22265.0,30107.0,,56672.0,75615.0,,,0,0,0,0,0,0,0,2021
1306,"Jeppiaar Engineering College, Old Mahabalipuram Road (OMR), Chennai 600119",CHENGALPET,SELF FINANCING COLLEGES TIER 3,AD,Artificial Intelligence and Data Science,32585.0,36317.0,40186.0,44841.0,88172.0,,,0,0,0,0,0,0,0,2021
1306,"Jeppiaar Engineering College, Old Mahabalipuram Road (OMR), Chennai 600119",CHENGALPET,SELF FINANCING COLLEGES TIER 3,AE,AERONAUTICAL ENGINEERING,45628.0,54481.0,,,78549.0,129584.0,,0,0,0,0,0,0,0,2021
1306,"Jeppiaar Engineering College, Old Mahabalipuram Road (OMR), Chennai 600119",CHENGALPET,SELF FINANCING COLLEGES TIER 3,BT,BIO TECHNOLOGY,26938.0,38698.0,,43272.0,85965.0,,,0,0,0,0,0,0,0,2021
1306,"Jeppiaar Engineering College, Old Mahabalipuram Road (OMR), Chennai 600119",CHENGALPET,SELF FINANCING COLLEGES TIER 3,CS,Computer Science and Engineering,23853.0,28352.0,35873.0,32594.0,71765.0,93601.0,,0,0,0,0,0,0,0,2021
1306,"Jeppiaar Engineering College, Old Mahabalipuram Road (OMR), Chennai 600119",CHENGALPET,SELF FINANCING COLLEGES TIER 3,EC,ELECTRONICS AND COMMUNICATION ENGINEERING,40854.0,45189.0,58069.0,54700.0,112271.0,,,0,0,0,0,0,0,0,2021
1306,"Jeppiaar Engineering College, Old Mahabalipuram Road (OMR), Chennai 600119",CHENGALPET,SELF FINANCING COLLEGES TIER 3,IT,INFORMATION TECHNOLOGY,29607.0,35538.0,40172.0,43894.0,86182.0,,,0,0,0,0,0,0,0,2021
1306,"Jeppiaar Engineering College, Old Mahabalipuram Road (OMR), Chennai 600119",CHENGALPET,SELF FINANCING COLLEGES TIER 3,ME,Mechanical Engineering,82082.0,92440.0,111502.0,,135633.0,,,0,0,0,0,1,0,0,2021
1307,"Jerusalem College of Engineering (Autonomous), Narayanapuram, Pallikaranai, Chennai 600 100",CHENGALPET,SELF FINANCING COLLEGES TIER 3,BM,BIO MEDICAL ENGINEERING,37067.0,68289.0,51516.0,52397.0,75619.0,108050.0,,0,0,0,0,0,0,0,2021
1307,"Jerusalem College of Engineering (Autonomous), Narayanapuram, Pallikaranai, Chennai 600 100",CHENGALPET,SELF FINANCING COLLEGES TIER 3,CE,CIVIL ENGINEERING,104947.0,132849.0,,,112451.0,,,0,1,0,0,1,0,0,2021
1307,"Jerusalem College of Engineering (Autonomous), Narayanapuram, Pallikaranai, Chennai 600 100",CHENGALPET,SELF FINANCING COLLEGES TIER 3,CS,Computer Science and Engineering,38967.0,45490.0,71916.0,49893.0,83120.0,61911.0,127065.0,0,0,0,0,0,1,0,2021
1307,"Jerusalem College of Engineering (Autonomous), Narayanapuram, Pallikaranai, Chennai 600 100",CHENGALPET,SELF FINANCING COLLEGES TIER 3,EC,ELECTRONICS AND COMMUNICATION ENGINEERING,50083.0,57523.0,74579.0,76308.0,100071.0,,,0,0,0,0,0,0,0,2021
1307,"Jerusalem College of Engineering (Autonomous), Narayanapuram, Pallikaranai, Chennai 600 100",CHENGALPET,SELF FINANCING COLLEGES TIER 3,EE,Electrical and Electronics Engineering,62345.0,77136.0,132408.0,,116673.0,,,0,0,0,0,0,0,0,2021
1307,"Jerusalem College of Engineering (Autonomous), Narayanapuram, Pallikaranai, Chennai 600 100",CHENGALPET,SELF FINANCING COLLEGES TIER 3,IT,INFORMATION TECHNOLOGY,44905.0,48438.0,49131.0,,80646.0,,,0,0,0,0,0,0,0,2021
1309,"Meenakshi Sundararajan Engineering College, Kodambakkam, Chennai 600024",CHENNAI,SELF FINANCING COLLEGES TIER 3,AD,Artificial Intelligence and Data Science,19870.0,25832.0,22443.0,25348.0,72490.0,108556.0,,0,0,0,0,0,0,0,2021
1309,"Meenakshi Sundararajan Engineering College, Kodambakkam, Chennai 600024",CHENNAI,SELF FINANCING COLLEGES TIER 3,CE,CIVIL ENGINEERING,78526.0,109000.0,80240.0,,127652.0,,,0,0,0,0,0,0,0,2021
1309,"Meenakshi Sundararajan Engineering College, Kodambakkam, Chennai 600024",CHENNAI,SELF FINANCING COLLEGES TIER 3,CS,Computer Science and Engineering,10614.0,13543.0,16633.0,15602.0,44888.0,123884.0,,0,0,0,0,0,0,0,2021
1309,"Meenakshi Sundararajan Engineering College, Kodambakkam, Chennai 600024",CHENNAI,SELF FINANCING COLLEGES TIER 3,EC,ELECTRONICS AND COMMUNICATION ENGINEERING,24449.0,32846.0,35639.0,26564.0,83771.0,,,0,0,0,0,0,0,0,2021
1309,"Meenakshi Sundararajan Engineering College, Kodambakkam, Chennai 600024",CHENNAI,SELF FINANCING COLLEGES TIER 3,EE,Electrical and Electronics Engineering,38538.0,46683.0,45745.0,63753.0,121201.0,,,0,0,0,0,0,0,0,2021
1309,"Meenakshi Sundararajan Engineering College, Kodambakkam, Chennai 600024",CHENNAI,SELF FINANCING COLLEGES TIER 3,IT,INFORMATION TECHNOLOGY,16521.0,20307.0,24386.0,24721.0,47212.0,18609.0,,0,0,0,0,0,1,0,2021
1309,"Meenakshi Sundararajan Engineering College, Kodambakkam, Chennai 600024",CHENNAI,SELF FINANCING COLLEGES TIER 3,ME,Mechanical Engineering,63832.0,75686.0,114025.0,71607.0,111813.0,,,0,0,0,0,0,0,0,2021
1310,"Misrimal Navajee Munoth Jain Engineering College, Rajiv Gandhi Salai (OMR), Thorappakkam, Chennai 600096",CHENGALPET,SELF FINANCING COLLEGES TIER 3,AD,Artificial Intelligence and Data Science,32617.0,53221.0,,,114291.0,,,0,0,0,0,0,0,0,2021
1310,"Misrimal Navajee Munoth Jain Engineering College, Rajiv Gandhi Salai (OMR), Thorappakkam, Chennai 600096",CHENGALPET,SELF FINANCING COLLEGES TIER 3,CE,CIVIL ENGINEERING,113035.0,,,,,,,1,0,0,0,0,0,0,2021
1310,"Misrimal Navajee Munoth Jain Engineering College, Rajiv Gandhi Salai (OMR), Thorappakkam, Chennai 600096",CHENGALPET,SELF FINANCING COLLEGES TIER 3,CS,Computer Science and Engineering,35666.0,49028.0,62070.0,73790.0,103809.0,,,0,0,0,0,0,0,0,2021
1310,"Misrimal Navajee Munoth Jain Engineering College, Rajiv Gandhi Salai (OMR), Thorappakkam, Chennai 600096",CHENGALPET,SELF FINANCING COLLEGES TIER 3,EC,ELECTRONICS AND COMMUNICATION ENGINEERING,49628.0,78130.0,83402.0,,130266.0,,,0,0,0,0,1,0,0,2021
1310,"Misrimal Navajee Munoth Jain Engineering College, Rajiv Gandhi Salai (OMR), Thorappakkam, Chennai 600096",CHENGALPET,SELF FINANCING COLLEGES TIER 3,EE,Electrical and Electronics Engineering,69626.0,128592.0,,,,,,0,0,0,0,0,0,0,2021
1310,"Misrimal Navajee Munoth Jain Engineering College, Rajiv Gandhi Salai (OMR), Thorappakkam, Chennai 600096",CHENGALPET,SELF FINANCING COLLEGES TIER 3,IT,INFORMATION TECHNOLOGY,50639.0,60235.0,66532.0,77952.0,132328.0,,,0,0,0,0,0,0,0,2021
1310,"Misrimal Navajee Munoth Jain Engineering College, Rajiv Gandhi Salai (OMR), Thorappakkam, Chennai 600096",CHENGALPET,SELF FINANCING COLLEGES TIER 3,ME,Mechanical Engineering,109235.0,118269.0,,,114931.0,,,0,1,0,0,1,0,0,2021
1311,"K C G College of Technology, Karappakkam, Chennai 600096",CHENGALPET,SELF FINANCING COLLEGES TIER 3,AD,Artificial Intelligence and Data Science,34955.0,40891.0,40086.0,48650.0,65053.0,,,0,0,0,0,0,0,0,2021
1311,"K C G College of Technology, Karappakkam, Chennai 600096",CHENGALPET,SELF FINANCING COLLEGES TIER 3,AE,AERONAUTICAL ENGINEERING,52340.0,79330.0,70940.0,118007.0,86058.0,,,0,0,0,0,0,0,0,2021
1311,"K C G College of Technology, Karappakkam, Chennai 600096",CHENGALPET,SELF FINANCING COLLEGES TIER 3,AO,AEROSPACE ENGINEERING,26002.0,47850.0,34777.0,,71436.0,,,0,0,0,0,0,0,0,2021
1311,"K C G College of Technology, Karappakkam, Chennai 600096",CHENGALPET,SELF FINANCING COLLEGES TIER 3,AU,AUTOMOBILE ENGINEERING,99051.0,130446.0,,,134921.0,,,0,0,0,0,1,0,0,2021
1311,"K C G College of Technology, Karappakkam, Chennai 600096",CHENGALPET,SELF FINANCING COLLEGES TIER 3,CE,CIVIL ENGINEERING,82707.0,98576.0,130241.0,,,,,0,0,0,0,0,0,0,2021
1311,"K C G College of Technology, Karappakkam, Chennai 600096",CHENGALPET,SELF FINANCING COLLEGES TIER 3,CS,Computer Science and Engineering,26747.0,31722.0,36666.0,45723.0,83192.0,,,0,0,0,0,0,0,0,2021
1311,"K C G College of Technology, Karappakkam, Chennai 600096",CHENGALPET,SELF FINANCING COLLEGES TIER 3,EC,ELECTRONICS AND COMMUNICATION ENGINEERING,37147.0,47306.0,62344.0,50871.0,112092.0,,,0,0,0,0,0,0,0,2021
1311,"K C G College of Technology, Karappakkam, Chennai 600096",CHENGALPET,SELF FINANCING COLLEGES TIER 3,EE,Electrical and Electronics Engineering,45985.0,55727.0,77170.0,,104106.0,,,0,0,0,0,1,0,0,2021
1311,"K C G College of Technology, Karappakkam, Chennai 600096",CHENGALPET,SELF FINANCING COLLEGES TIER 3,FT,FASHION TECHNOLOGY,76447.0,91125.0,,,131021.0,,,0,0,0,0,1,0,0,2021
1311,"K C G College of Technology, Karappakkam, Chennai 600096",CHENGALPET,SELF FINANCING COLLEGES TIER 3,IT,INFORMATION TECHNOLOGY,30495.0,38554.0,40670.0,40013.0,56453.0,134315.0,,0,0,0,0,0,0,0,2021
1311,"K C G College of Technology, Karappakkam, Chennai 600096",CHENGALPET,SELF FINANCING COLLEGES TIER 3,ME,Mechanical Engineering,81988.0,93464.0,,91850.0,132759.0,,,0,0,0,0,0,0,0,2021
1311,"K C G College of Technology, Karappakkam, Chennai 600096",CHENGALPET,SELF FINANCING COLLEGES TIER 3,MZ,Mechatronics Engineering,61828.0,97289.0,71380.0,,78772.0,,,0,0,0,0,0,0,0,2021
1313,"Shree Motilal Kanhaiyalal (SMK)Fomra Institute of Technology, Old Mahabalipuram Road (OMR), Kelambakkam, Chengalpattu District 603103",CHENGALPET,SELF FINANCING COLLEGES TIER 3,BM,BIO MEDICAL ENGINEERING,116088.0,,,,,,,1,0,0,0,0,0,0,2021
1313,"Shree Motilal Kanhaiyalal (SMK)Fomra Institute of Technology, Old Mahabalipuram Road (OMR), Kelambakkam, Chengalpattu District 603103",CHENGALPET,SELF FINANCING COLLEGES TIER 3,CS,Computer Science and Engineering,109541.0,136203.0,,128509.0,134066.0,,,0,1,0,0,1,0,0,2021
1313,"Shree Motilal Kanhaiyalal (SMK)Fomra Institute of Technology, Old Mahabalipuram Road (OMR), Kelambakkam, Chengalpattu District 603103",CHENGALPET,SELF FINANCING COLLEGES TIER 3,EC,ELECTRONICS AND COMMUNICATION ENGINEERING,127940.0,,,,,,,1,0,0,0,0,0,0,2021
1313,"Shree Motilal Kanhaiyalal (SMK)Fomra Institute of Technology, Old Mahabalipuram Road (OMR), Kelambakkam, Chengalpattu District 603103",CHENGALPET,SELF FINANCING COLLEGES TIER 3,EE,Electrical and Electronics Engineering,,,,,,,,0,0,0,0,0,0,0,2021
1313,"Shree Motilal Kanhaiyalal (SMK)Fomra Institute of Technology, Old Mahabalipuram Road (OMR), Kelambakkam, Chengalpattu District 603103",CHENGALPET,SELF FINANCING COLLEGES TIER 3,ME,Mechanical Engineering,135068.0,,,,,,,1,0,0,0,0,0,0,2021
1315,"Sri Sivasubramaniya Nadar College of Engineering (Autonomous), Kalavakkam, Old Mahabalipuram Road (OMR), Chengalpattu District 603110",CHENGALPET,SELF FINANCING COLLEGES TIER 1,BM,BIO MEDICAL ENGINEERING,2356.0,3923.0,4066.0,5574.0,18880.0,,,0,0,0,0,0,0,0,2021
1315,"Sri Sivasubramaniya Nadar College of Engineering (Autonomous), Kalavakkam, Old Mahabalipuram Road (OMR), Chengalpattu District 603110",CHENGALPET,SELF FINANCING COLLEGES TIER 1,CE,CIVIL ENGINEERING,6202.0,8032.0,10719.0,11272.0,21156.0,79159.0,118451.0,0,0,0,0,0,0,0,2021
1315,"Sri Sivasubramaniya Nadar College of Engineering (Autonomous), Kalavakkam, Old Mahabalipuram Road (OMR), Chengalpattu District 603110",CHENGALPET,SELF FINANCING COLLEGES TIER 1,CH,CHEMICAL ENGINEERING,4807.0,6458.0,,4906.0,23658.0,45443.0,,0,0,0,0,0,0,0,2021
1315,"Sri Sivasubramaniya Nadar College of Engineering (Autonomous), Kalavakkam, Old Mahabalipuram Road (OMR), Chengalpattu District 603110",CHENGALPET,SELF FINANCING COLLEGES TIER 1,CS,Computer Science and Engineering,404.0,915.0,1952.0,1578.0,9003.0,15750.0,16768.0,0,0,0,0,0,0,0,2021
1315,"Sri Sivasubramaniya Nadar College of Engineering (Autonomous), Kalavakkam, Old Mahabalipuram Road (OMR), Chengalpattu District 603110",CHENGALPET,SELF FINANCING COLLEGES TIER 1,EC,ELECTRONICS AND COMMUNICATION ENGINEERING,1276.0,1573.0,3110.0,2348.0,10050.0,30829.0,,0,0,0,0,0,0,0,2021
1315,"Sri Sivasubramaniya Nadar College of Engineering (Autonomous), Kalavakkam, Old Mahabalipuram Road (OMR), Chengalpattu District 603110",CHENGALPET,SELF FINANCING COLLEGES TIER 1,EE,Electrical and Electronics Engineering,1971.0,2338.0,5030.0,2938.0,12630.0,44263.0,46459.0,0,0,0,0,0,0,0,2021
1315,"Sri Sivasubramaniya Nadar College of Engineering (Autonomous), Kalavakkam, Old Mahabalipuram Road (OMR), Chengalpattu District 603110",CHENGALPET,SELF FINANCING COLLEGES TIER 1,IT,INFORMATION TECHNOLOGY,1211.0,1509.0,2804.0,1741.0,10812.0,20862.0,39489.0,0,0,0,0,0,0,0,2021
1315,"Sri Sivasubramaniya Nadar College of Engineering (Autonomous), Kalavakkam, Old Mahabalipuram Road (OMR), Chengalpattu District 603110",CHENGALPET,SELF FINANCING COLLEGES TIER 1,ME,Mechanical Engineering,3886.0,6155.0,9100.0,6312.0,23860.0,33396.0,84610.0,0,0,0,0,0,0,0,2021
1316,"Agni College of Technology, Old Mahabalipuram Road (OMR), Thalambur Village, Chengalpattu District 603103",CHENGALPET,SELF FINANCING COLLEGES TIER 3,AD,Artificial Intelligence and Data Science,51841.0,68361.0,61050.0,54172.0,127002.0,,,0,0,0,0,0,0,0,2021
1316,"Agni College of Technology, Old Mahabalipuram Road (OMR), Thalambur Village, Chengalpattu District 603103",CHENGALPET,SELF FINANCING COLLEGES TIER 3,AO,AEROSPACE ENGINEERING,75922.0,134210.0,87465.0,,106830.0,95415.0,,0,1,0,0,0,0,0,2021
1316,"Agni College of Technology, Old Mahabalipuram Road (OMR), Thalambur Village, Chengalpattu District 603103",CHENGALPET,SELF FINANCING COLLEGES TIER 3,BM,BIO MEDICAL ENGINEERING,67967.0,98787.0,80380.0,,126684.0,,,0,1,0,0,0,0,0,2021
1316,"Agni College of Technology, Old Mahabalipuram Road (OMR), Thalambur Village, Chengalpattu District 603103",CHENGALPET,SELF FINANCING COLLEGES TIER 3,CE,CIVIL ENGINEERING,84464.0,,,,,,,1,0,0,0,0,0,0,2021
1316,"Agni College of Technology, Old Mahabalipuram Road (OMR), Thalambur Village, Chengalpattu District 603103",CHENGALPET,SELF FINANCING COLLEGES TIER 3,CH,CHEMICAL ENGINEERING,97430.0,107876.0,,110992.0,129015.0,,,0,1,0,0,1,0,0,2021
1316,"Agni College of Technology, Old Mahabalipuram Road (OMR), Thalambur Village, Chengalpattu District 603103",CHENGALPET,SELF FINANCING COLLEGES TIER 3,CS,Computer Science and Engineering,53875.0,71993.0,82374.0,60763.0,113746.0,128860.0,,0,0,0,0,0,0,0,2021
1316,"Agni College of Technology, Old Mahabalipuram Road (OMR), Thalambur Village, Chengalpattu District 603103",CHENGALPET,SELF FINANCING COLLEGES TIER 3,EC,ELECTRONICS AND COMMUNICATION ENGINEERING,77902.0,95150.0,,,132113.0,,,0,0,0,0,1,0,0,2021
1316,"Agni College of Technology, Old Mahabalipuram Road (OMR), Thalambur Village, Chengalpattu District 603103",CHENGALPET,SELF FINANCING COLLEGES TIER 3,EE,Electrical and Electronics Engineering,89365.0,134635.0,,,109465.0,,,0,0,0,0,0,0,0,2021
1316,"Agni College of Technology, Old Mahabalipuram Road (OMR), Thalambur Village, Chengalpattu District 603103",CHENGALPET,SELF FINANCING COLLEGES TIER 3,IT,INFORMATION TECHNOLOGY,52971.0,74615.0,85934.0,71287.0,115620.0,129028.0,,0,0,0,0,0,0,0,2021
1316,"Agni College of Technology, Old Mahabalipuram Road (OMR), Thalambur Village, Chengalpattu District 603103",CHENGALPET,SELF FINANCING COLLEGES TIER 3,ME,Mechanical Engineering,118637.0,123240.0,,,131052.0,,,0,1,0,0,1,0,0,2021
1316,"Agni College of Technology, Old Mahabalipuram Road (OMR), Thalambur Village, Chengalpattu District 603103",CHENGALPET,SELF FINANCING COLLEGES TIER 3,MU,MECHANICAL AND AUTOMATION ENGINEERING,113743.0,122761.0,115884.0,,136550.0,135940.0,,0,1,0,0,1,0,0,2021
1316,"Agni College of Technology, Old Mahabalipuram Road (OMR), Thalambur Village, Chengalpattu District 603103",CHENGALPET,SELF FINANCING COLLEGES TIER 3,MZ,Mechatronics Engineering,94481.0,133512.0,,,111540.0,,,0,1,0,0,1,0,0,2021
1317,"St. Josephâ€™s College of Engineering (Autonomous), Old Mahabalipuram Road (OMR), Chennai 600 119",CHENGALPET,SELF FINANCING COLLEGES TIER 1,AD,Artificial Intelligence and Data Science,9104.0,13468.0,19074.0,17121.0,58931.0,,,0,0,0,0,0,0,0,2021
1317,"St. Josephâ€™s College of Engineering (Autonomous), Old Mahabalipuram Road (OMR), Chennai 600 119",CHENGALPET,SELF FINANCING COLLEGES TIER 1,AL,Artificial Intelligence and Machine Learning,11859.0,14586.0,21857.0,20023.0,65044.0,,,0,0,0,0,0,0,0,2021
1317,"St. Josephâ€™s College of Engineering (Autonomous), Old Mahabalipuram Road (OMR), Chennai 600 119",CHENGALPET,SELF FINANCING COLLEGES TIER 1,BT,BIO TECHNOLOGY,13768.0,23922.0,56409.0,24738.0,80327.0,,,0,0,0,0,0,0,0,2021
1317,"St. Josephâ€™s College of Engineering (Autonomous), Old Mahabalipuram Road (OMR), Chennai 600 119",CHENGALPET,SELF FINANCING COLLEGES TIER 1,CE,CIVIL ENGINEERING,61637.0,97393.0,96252.0,96991.0,126853.0,,,0,0,0,0,0,0,0,2021
1317,"St. Josephâ€™s College of Engineering (Autonomous), Old Mahabalipuram Road (OMR), Chennai 600 119",CHENGALPET,SELF FINANCING COLLEGES TIER 1,CH,CHEMICAL ENGINEERING,39834.0,47859.0,68932.0,56398.0,120608.0,58692.0,,0,0,0,0,0,0,0,2021
1317,"St. Josephâ€™s College of Engineering (Autonomous), Old Mahabalipuram Road (OMR), Chennai 600 119",CHENGALPET,SELF FINANCING COLLEGES TIER 1,CS,Computer Science and Engineering,5224.0,8179.0,11499.0,6116.0,32333.0,64401.0,130803.0,0,0,0,0,0,0,0,2021
1317,"St. Josephâ€™s College of Engineering (Autonomous), Old Mahabalipuram Road (OMR), Chennai 600 119",CHENGALPET,SELF FINANCING COLLEGES TIER 1,EC,ELECTRONICS AND COMMUNICATION ENGINEERING,13769.0,15404.0,24259.0,16720.0,58662.0,89126.0,,0,0,0,0,0,1,0,2021
1317,"St. Josephâ€™s College of Engineering (Autonomous), Old Mahabalipuram Road (OMR), Chennai 600 119",CHENGALPET,SELF FINANCING COLLEGES TIER 1,EE,Electrical and Electronics Engineering,29961.0,39523.0,65952.0,48035.0,116524.0,,,0,0,0,0,0,0,0,2021
1317,"St. Josephâ€™s College of Engineering (Autonomous), Old Mahabalipuram Road (OMR), Chennai 600 119",CHENGALPET,SELF FINANCING COLLEGES TIER 1,EI,ELECTRONICS AND INSTRUMENTATION ENGINEERING,37963.0,45023.0,66733.0,52311.0,100186.0,,,0,0,0,0,0,0,0,2021
1317,"St. Josephâ€™s College of Engineering (Autonomous), Old Mahabalipuram Road (OMR), Chennai 600 119",CHENGALPET,SELF FINANCING COLLEGES TIER 1,IT,INFORMATION TECHNOLOGY,9704.0,13079.0,16009.0,13430.0,52471.0,83764.0,,0,0,0,0,0,1,0,2021
1317,"St. Josephâ€™s College of Engineering (Autonomous), Old Mahabalipuram Road (OMR), Chennai 600 119",CHENGALPET,SELF FINANCING COLLEGES TIER 1,ME,Mechanical Engineering,51671.0,70404.0,89655.0,59305.0,131917.0,65892.0,,0,0,0,0,0,1,0,2021
1318,"T.J Institute of Technology, Karapakkam, Chennai - 600097",CHENGALPET,SELF FINANCING COLLEGES TIER 3,CE,CIVIL ENGINEERING,,,,,,,,0,0,0,0,0,0,0,2021
1318,"T.J Institute of Technology, Karapakkam, Chennai - 600097",CHENGALPET,SELF FINANCING COLLEGES TIER 3,CS,Computer Science and Engineering,130763.0,135512.0,134145.0,,,,,0,1,1,0,0,0,0,2021
1318,"T.J Institute of Technology, Karapakkam, Chennai - 600097",CHENGALPET,SELF FINANCING COLLEGES TIER 3,EC,ELECTRONICS AND COMMUNICATION ENGINEERING,,,,,,,,0,0,0,0,0,0,0,2021
1318,"T.J Institute of Technology, Karapakkam, Chennai - 600097",CHENGALPET,SELF FINANCING COLLEGES TIER 3,EE,Electrical and Electronics Engineering,,,,,,,,0,0,0,0,0,0,0,2021
1318,"T.J Institute of Technology, Karapakkam, Chennai - 600097",CHENGALPET,SELF FINANCING COLLEGES TIER 3,IT,INFORMATION TECHNOLOGY,135736.0,,,,,,,0,0,0,0,0,0,0,2021
1318,"T.J Institute of Technology, Karapakkam, Chennai - 600097",CHENGALPET,SELF FINANCING COLLEGES TIER 3,ME,Mechanical Engineering,,,,,,,,0,0,0,0,0,0,0,2021
1319,"Thangavelu Engineering College, Karappakkam, Chennai 600097",CHENGALPET,SELF FINANCING COLLEGES TIER 3,AD,Artificial Intelligence and Data Science,98022.0,113893.0,106034.0,,135305.0,,,0,0,0,0,1,0,0,2021
1319,"Thangavelu Engineering College, Karappakkam, Chennai 600097",CHENGALPET,SELF FINANCING COLLEGES TIER 3,CE,CIVIL ENGINEERING,,,,,,,,0,0,0,0,0,0,0,2021
1319,"Thangavelu Engineering College, Karappakkam, Chennai 600097",CHENGALPET,SELF FINANCING COLLEGES TIER 3,CS,Computer Science and Engineering,96573.0,134078.0,126584.0,105343.0,132341.0,,,0,1,0,1,1,0,0,2021
1319,"Thangavelu Engineering College, Karappakkam, Chennai 600097",CHENGALPET,SELF FINANCING COLLEGES TIER 3,EC,ELECTRONICS AND COMMUNICATION ENGINEERING,133012.0,,,,,,,1,0,0,0,0,0,0,2021
1319,"Thangavelu Engineering College, Karappakkam, Chennai 600097",CHENGALPET,SELF FINANCING COLLEGES TIER 3,EE,Electrical and Electronics Engineering,129767.0,,,,,,,1,0,0,0,0,0,0,2021
1319,"Thangavelu Engineering College, Karappakkam, Chennai 600097",CHENGALPET,SELF FINANCING COLLEGES TIER 3,EI,ELECTRONICS AND INSTRUMENTATION ENGINEERING,84848.0,,,,,,,1,0,0,0,0,0,0,2021
1319,"Thangavelu Engineering College, Karappakkam, Chennai 600097",CHENGALPET,SELF FINANCING COLLEGES TIER 3,IT,INFORMATION TECHNOLOGY,96343.0,122172.0,,115043.0,134161.0,,,0,0,0,0,1,0,0,2021
1319,"Thangavelu Engineering College, Karappakkam, Chennai 600097",CHENGALPET,SELF FINANCING COLLEGES TIER 3,ME,Mechanical Engineering,111765.0,,,,,,,1,0,0,0,0,0,0,2021
1322,"Dhanalakshmi Srinivasan College of Engineering and Technology, East Coast Road, Poonjeri, Chennai 603104",CHENGALPET,SELF FINANCING COLLEGES TIER 1,AE,AERONAUTICAL ENGINEERING,135221.0,,,,,,,0,0,0,0,0,0,0,2021
1322,"Dhanalakshmi Srinivasan College of Engineering and Technology, East Coast Road, Poonjeri, Chennai 603104",CHENGALPET,SELF FINANCING COLLEGES TIER 1,AG,Agricultural Engineering,85763.0,,,,123025.0,,132142.0,0,0,0,0,0,0,0,2021
1322,"Dhanalakshmi Srinivasan College of Engineering and Technology, East Coast Road, Poonjeri, Chennai 603104",CHENGALPET,SELF FINANCING COLLEGES TIER 1,BM,BIO MEDICAL ENGINEERING,109029.0,128881.0,,116556.0,126396.0,110666.0,,0,1,0,0,0,0,0,2021
1322,"Dhanalakshmi Srinivasan College of Engineering and Technology, East Coast Road, Poonjeri, Chennai 603104",CHENGALPET,SELF FINANCING COLLEGES TIER 1,CE,CIVIL ENGINEERING,79483.0,,,,,,,1,0,0,0,0,0,0,2021
1322,"Dhanalakshmi Srinivasan College of Engineering and Technology, East Coast Road, Poonjeri, Chennai 603104",CHENGALPET,SELF FINANCING COLLEGES TIER 1,CS,Computer Science and Engineering,52537.0,76890.0,77599.0,104825.0,98224.0,,,0,0,0,0,0,0,0,2021
1322,"Dhanalakshmi Srinivasan College of Engineering and Technology, East Coast Road, Poonjeri, Chennai 603104",CHENGALPET,SELF FINANCING COLLEGES TIER 1,EC,ELECTRONICS AND COMMUNICATION ENGINEERING,95292.0,131958.0,,121784.0,129583.0,,,0,1,0,1,0,0,0,2021
1322,"Dhanalakshmi Srinivasan College of Engineering and Technology, East Coast Road, Poonjeri, Chennai 603104",CHENGALPET,SELF FINANCING COLLEGES TIER 1,EE,Electrical and Electronics Engineering,131548.0,134772.0,,,136792.0,,,0,1,0,0,1,0,0,2021
1322,"Dhanalakshmi Srinivasan College of Engineering and Technology, East Coast Road, Poonjeri, Chennai 603104",CHENGALPET,SELF FINANCING COLLEGES TIER 1,FD,FOOD TECHNOLOGY,77146.0,123667.0,111108.0,,135779.0,,,0,1,0,0,1,0,0,2021
1322,"Dhanalakshmi Srinivasan College of Engineering and Technology, East Coast Road, Poonjeri, Chennai 603104",CHENGALPET,SELF FINANCING COLLEGES TIER 1,IT,INFORMATION TECHNOLOGY,65616.0,82952.0,70941.0,68712.0,96357.0,,,0,0,0,0,0,0,0,2021
1322,"Dhanalakshmi Srinivasan College of Engineering and Technology, East Coast Road, Poonjeri, Chennai 603104",CHENGALPET,SELF FINANCING COLLEGES TIER 1,ME,Mechanical Engineering,135243.0,,,,,,,1,0,0,0,0,0,0,2021
1324,"Sri Sai Ram Institute of Technology (Autonomous), West Tambaram, Chennai 600044",CHENGALPET,SELF FINANCING COLLEGES TIER 1,AD,Artificial Intelligence and Data Science,19895.0,24810.0,35165.0,,74340.0,,,0,0,0,0,0,0,0,2021
1324,"Sri Sai Ram Institute of Technology (Autonomous), West Tambaram, Chennai 600044",CHENGALPET,SELF FINANCING COLLEGES TIER 1,CO,COMPUTER AND COMMUNICATION ENGINEERING,25432.0,29195.0,45190.0,35350.0,92515.0,,,0,0,0,0,0,0,0,2021
1324,"Sri Sai Ram Institute of Technology (Autonomous), West Tambaram, Chennai 600044",CHENGALPET,SELF FINANCING COLLEGES TIER 1,CS,Computer Science and Engineering,14762.0,18991.0,31139.0,15093.0,64457.0,135009.0,,0,0,0,0,0,0,0,2021
1324,"Sri Sai Ram Institute of Technology (Autonomous), West Tambaram, Chennai 600044",CHENGALPET,SELF FINANCING COLLEGES TIER 1,EC,ELECTRONICS AND COMMUNICATION ENGINEERING,22927.0,28294.0,43311.0,31756.0,85949.0,,,0,0,0,0,0,0,0,2021
1324,"Sri Sai Ram Institute of Technology (Autonomous), West Tambaram, Chennai 600044",CHENGALPET,SELF FINANCING COLLEGES TIER 1,EE,Electrical and Electronics Engineering,33208.0,43385.0,,49290.0,112273.0,,,0,0,0,0,0,0,0,2021
1324,"Sri Sai Ram Institute of Technology (Autonomous), West Tambaram, Chennai 600044",CHENGALPET,SELF FINANCING COLLEGES TIER 1,IT,INFORMATION TECHNOLOGY,18922.0,21465.0,33177.0,22076.0,77199.0,,,0,0,0,0,0,0,0,2021
1324,"Sri Sai Ram Institute of Technology (Autonomous), West Tambaram, Chennai 600044",CHENGALPET,SELF FINANCING COLLEGES TIER 1,ME,Mechanical Engineering,59840.0,68882.0,66576.0,80445.0,105650.0,,,0,0,0,0,0,0,0,2021
1325,"St. Joseph College of Engineering, Trinity Campus, Nemili, Sriperumpudur Taluk, Kancheepuram District 602105",KANCHEEPURAM,SELF FINANCING COLLEGES TIER 1,CS,Computer Science and Engineering,46407.0,73276.0,75744.0,58758.0,99453.0,,,0,0,0,0,0,0,0,2021
1325,"St. Joseph College of Engineering, Trinity Campus, Nemili, Sriperumpudur Taluk, Kancheepuram District 602105",KANCHEEPURAM,SELF FINANCING COLLEGES TIER 1,EC,ELECTRONICS AND COMMUNICATION ENGINEERING,78440.0,121858.0,112510.0,100609.0,135675.0,129650.0,,0,0,0,1,0,0,0,2021
1325,"St. Joseph College of Engineering, Trinity Campus, Nemili, Sriperumpudur Taluk, Kancheepuram District 602105",KANCHEEPURAM,SELF FINANCING COLLEGES TIER 1,EE,Electrical and Electronics Engineering,119310.0,135598.0,,,,,,0,1,0,0,0,0,0,2021
1325,"St. Joseph College of Engineering, Trinity Campus, Nemili, Sriperumpudur Taluk, Kancheepuram District 602105",KANCHEEPURAM,SELF FINANCING COLLEGES TIER 1,IT,INFORMATION TECHNOLOGY,55627.0,77366.0,65020.0,68179.0,112316.0,,,0,0,0,0,0,0,0,2021
1325,"St. Joseph College of Engineering, Trinity Campus, Nemili, Sriperumpudur Taluk, Kancheepuram District 602105",KANCHEEPURAM,SELF FINANCING COLLEGES TIER 1,ME,Mechanical Engineering,122128.0,128982.0,134127.0,,134513.0,,,0,1,1,0,1,0,0,2021
1333,"Vi Institute of Technology, Sirunkundram Village & Post, Chengalpattu District 603108",CHENGALPET,SELF FINANCING COLLEGES TIER 3,CE,CIVIL ENGINEERING,,,,,,,,0,0,0,0,0,0,0,2021
1333,"Vi Institute of Technology, Sirunkundram Village & Post, Chengalpattu District 603108",CHENGALPET,SELF FINANCING COLLEGES TIER 3,CS,Computer Science and Engineering,133828.0,,,,,,,1,0,0,0,0,0,0,2021
1333,"Vi Institute of Technology, Sirunkundram Village & Post, Chengalpattu District 603108",CHENGALPET,SELF FINANCING COLLEGES TIER 3,EC,ELECTRONICS AND COMMUNICATION ENGINEERING,77648.0,,,,,,,1,0,0,0,0,0,0,2021
1333,"Vi Institute of Technology, Sirunkundram Village & Post, Chengalpattu District 603108",CHENGALPET,SELF FINANCING COLLEGES TIER 3,EE,Electrical and Electronics Engineering,,,,,,,,0,0,0,0,0,0,0,2021
1333,"Vi Institute of Technology, Sirunkundram Village & Post, Chengalpattu District 603108",CHENGALPET,SELF FINANCING COLLEGES TIER 3,ME,Mechanical Engineering,126873.0,,,,,,,1,0,0,0,0,0,0,2021
1335,"Sri Krishna Institute of Technology, Panapakkam, Padappai, Chennai 601301",KANCHEEPURAM,SELF FINANCING COLLEGES TIER 3,CE,CIVIL ENGINEERING,85284.0,,,,,,,1,0,0,0,0,0,0,2021
1335,"Sri Krishna Institute of Technology, Panapakkam, Padappai, Chennai 601301",KANCHEEPURAM,SELF FINANCING COLLEGES TIER 3,EC,ELECTRONICS AND COMMUNICATION ENGINEERING,105350.0,,,,,,,1,0,0,0,0,0,0,2021
1335,"Sri Krishna Institute of Technology, Panapakkam, Padappai, Chennai 601301",KANCHEEPURAM,SELF FINANCING COLLEGES TIER 3,EE,Electrical and Electronics Engineering,78235.0,,,,,,,1,0,0,0,0,0,0,2021
1335,"Sri Krishna Institute of Technology, Panapakkam, Padappai, Chennai 601301",KANCHEEPURAM,SELF FINANCING COLLEGES TIER 3,ME,Mechanical Engineering,,,,,,,,0,0,0,0,0,0,0,2021
1399,"Chennai Institute of Technology, Puduper Village, Nandambakkam Post, Kundrathur, Chennai 600069",KANCHEEPURAM,SELF FINANCING COLLEGES TIER 1,AD,Artificial Intelligence and Data Science,5053.0,7071.0,10359.0,9235.0,29800.0,87699.0,107103.0,0,0,0,0,0,0,0,2021
1399,"Chennai Institute of Technology, Puduper Village, Nandambakkam Post, Kundrathur, Chennai 600069",KANCHEEPURAM,SELF FINANCING COLLEGES TIER 1,BM,BIO MEDICAL ENGINEERING,7757.0,14220.0,19256.0,16174.0,69769.0,85719.0,,0,0,0,0,0,0,0,2021
1399,"Chennai Institute of Technology, Puduper Village, Nandambakkam Post, Kundrathur, Chennai 600069",KANCHEEPURAM,SELF FINANCING COLLEGES TIER 1,CB,COMPUTER SCIENCE AND BUSSINESS SYSTEM,7705.0,8651.0,12641.0,12973.0,42733.0,80582.0,,0,0,0,0,0,0,0,2021
1399,"Chennai Institute of Technology, Puduper Village, Nandambakkam Post, Kundrathur, Chennai 600069",KANCHEEPURAM,SELF FINANCING COLLEGES TIER 1,CE,CIVIL ENGINEERING,28094.0,29947.0,,,60215.0,,,0,0,0,0,0,0,0,2021
1399,"Chennai Institute of Technology, Puduper Village, Nandambakkam Post, Kundrathur, Chennai 600069",KANCHEEPURAM,SELF FINANCING COLLEGES TIER 1,CS,Computer Science and Engineering,2689.0,5722.0,9127.0,3065.0,30624.0,54888.0,,0,0,0,0,0,0,0,2021
1399,"Chennai Institute of Technology, Puduper Village, Nandambakkam Post, Kundrathur, Chennai 600069",KANCHEEPURAM,SELF FINANCING COLLEGES TIER 1,EC,ELECTRONICS AND COMMUNICATION ENGINEERING,7753.0,9637.0,15629.0,15328.0,38741.0,46977.0,,0,0,0,0,0,0,0,2021
1399,"Chennai Institute of Technology, Puduper Village, Nandambakkam Post, Kundrathur, Chennai 600069",KANCHEEPURAM,SELF FINANCING COLLEGES TIER 1,EE,Electrical and Electronics Engineering,11090.0,13284.0,16803.0,17663.0,42935.0,,,0,0,0,0,0,0,0,2021
1399,"Chennai Institute of Technology, Puduper Village, Nandambakkam Post, Kundrathur, Chennai 600069",KANCHEEPURAM,SELF FINANCING COLLEGES TIER 1,IT,INFORMATION TECHNOLOGY,6431.0,7038.0,9291.0,,35026.0,55728.0,,0,0,0,0,0,0,0,2021
1399,"Chennai Institute of Technology, Puduper Village, Nandambakkam Post, Kundrathur, Chennai 600069",KANCHEEPURAM,SELF FINANCING COLLEGES TIER 1,ME,Mechanical Engineering,16649.0,22033.0,27323.0,21408.0,65737.0,,,0,0,0,0,0,0,0,2021
1399,"Chennai Institute of Technology, Puduper Village, Nandambakkam Post, Kundrathur, Chennai 600069",KANCHEEPURAM,SELF FINANCING COLLEGES TIER 1,MZ,Mechatronics Engineering,11568.0,14537.0,18168.0,17007.0,48263.0,,,0,0,0,0,0,0,0,2021
1401,"Adhiparasakthi Engineering College, Melmaruvathur, Chengalpattu District 603319",CHENGALPET,SELF FINANCING COLLEGES TIER 3,CE,CIVIL ENGINEERING,134671.0,,,,,,,0,0,0,0,0,0,0,2021
1401,"Adhiparasakthi Engineering College, Melmaruvathur, Chengalpattu District 603319",CHENGALPET,SELF FINANCING COLLEGES TIER 3,CH,CHEMICAL ENGINEERING,133463.0,,,,,,,1,0,0,0,0,0,0,2021
1401,"Adhiparasakthi Engineering College, Melmaruvathur, Chengalpattu District 603319",CHENGALPET,SELF FINANCING COLLEGES TIER 3,CS,Computer Science and Engineering,62397.0,91639.0,106435.0,118352.0,106865.0,94080.0,,0,0,1,0,1,1,0,2021
1401,"Adhiparasakthi Engineering College, Melmaruvathur, Chengalpattu District 603319",CHENGALPET,SELF FINANCING COLLEGES TIER 3,EC,ELECTRONICS AND COMMUNICATION ENGINEERING,93565.0,116323.0,,102105.0,129212.0,135924.0,,0,0,0,0,1,1,0,2021
1401,"Adhiparasakthi Engineering College, Melmaruvathur, Chengalpattu District 603319",CHENGALPET,SELF FINANCING COLLEGES TIER 3,EE,Electrical and Electronics Engineering,110356.0,134140.0,,,135922.0,136685.0,,0,1,0,0,1,0,0,2021
1401,"Adhiparasakthi Engineering College, Melmaruvathur, Chengalpattu District 603319",CHENGALPET,SELF FINANCING COLLEGES TIER 3,IT,INFORMATION TECHNOLOGY,59642.0,77545.0,,94386.0,114287.0,,,0,0,0,0,0,0,0,2021
1401,"Adhiparasakthi Engineering College, Melmaruvathur, Chengalpattu District 603319",CHENGALPET,SELF FINANCING COLLEGES TIER 3,ME,Mechanical Engineering,132745.0,,,,,,,1,0,0,0,0,0,0,2021
1402,"Annai Teresa College of Engineering, Thirunavalur, Kallakkurichi District 607204",KALLAKURICHI,SELF FINANCING COLLEGES TIER 3,CS,Computer Science and Engineering,115270.0,,,,136774.0,136868.0,,0,0,0,0,0,0,0,2021
1402,"Annai Teresa College of Engineering, Thirunavalur, Kallakkurichi District 607204",KALLAKURICHI,SELF FINANCING COLLEGES TIER 3,EC,ELECTRONICS AND COMMUNICATION ENGINEERING,135904.0,,,,,,,1,0,0,0,0,0,0,2021
1402,"Annai Teresa College of Engineering, Thirunavalur, Kallakkurichi District 607204",KALLAKURICHI,SELF FINANCING COLLEGES TIER 3,EE,Electrical and Electronics Engineering,135245.0,,,,,,,1,0,0,0,0,0,0,2021
1402,"Annai Teresa College of Engineering, Thirunavalur, Kallakkurichi District 607204",KALLAKURICHI,SELF FINANCING COLLEGES TIER 3,ME,Mechanical Engineering,131466.0,,,,,,,1,0,0,0,0,0,0,2021
1405,"Dhanalakshmi College of Engineering, Manimangalam, Chennai 601301",KANCHEEPURAM,SELF FINANCING COLLEGES TIER 3,AD,Artificial Intelligence and Data Science,64859.0,98544.0,95826.0,75481.0,133497.0,,,0,0,0,0,0,0,0,2021
1405,"Dhanalakshmi College of Engineering, Manimangalam, Chennai 601301",KANCHEEPURAM,SELF FINANCING COLLEGES TIER 3,CS,Computer Science and Engineering,61750.0,85165.0,100996.0,97859.0,113744.0,,,0,0,0,0,0,0,0,2021
1405,"Dhanalakshmi College of Engineering, Manimangalam, Chennai 601301",KANCHEEPURAM,SELF FINANCING COLLEGES TIER 3,EC,ELECTRONICS AND COMMUNICATION ENGINEERING,101620.0,134306.0,,,135227.0,,,0,1,0,0,1,0,0,2021
1405,"Dhanalakshmi College of Engineering, Manimangalam, Chennai 601301",KANCHEEPURAM,SELF FINANCING COLLEGES TIER 3,EE,Electrical and Electronics Engineering,113960.0,132453.0,,,124251.0,,,0,1,0,0,1,0,0,2021
1405,"Dhanalakshmi College of Engineering, Manimangalam, Chennai 601301",KANCHEEPURAM,SELF FINANCING COLLEGES TIER 3,ME,Mechanical Engineering,112071.0,128779.0,,,,,,0,1,0,0,0,0,0,2021
1407,"G K M College of Engineering and Technology, Alappakkam-Mappedu Road, Chennai 600063",CHENGALPET,SELF FINANCING COLLEGES TIER 3,BM,BIO MEDICAL ENGINEERING,111521.0,,,,,,,1,0,0,0,0,0,0,2021
1407,"G K M College of Engineering and Technology, Alappakkam-Mappedu Road, Chennai 600063",CHENGALPET,SELF FINANCING COLLEGES TIER 3,CE,CIVIL ENGINEERING,,,,,,,,0,0,0,0,0,0,0,2021
1407,"G K M College of Engineering and Technology, Alappakkam-Mappedu Road, Chennai 600063",CHENGALPET,SELF FINANCING COLLEGES TIER 3,CS,Computer Science and Engineering,75435.0,125889.0,,115763.0,130110.0,,,0,0,0,0,1,0,0,2021
1407,"G K M College of Engineering and Technology, Alappakkam-Mappedu Road, Chennai 600063",CHENGALPET,SELF FINANCING COLLEGES TIER 3,EC,ELECTRONICS AND COMMUNICATION ENGINEERING,115660.0,117176.0,116882.0,,,,,0,1,0,0,0,0,0,2021
1407,"G K M College of Engineering and Technology, Alappakkam-Mappedu Road, Chennai 600063",CHENGALPET,SELF FINANCING COLLEGES TIER 3,EE,Electrical and Electronics Engineering,121321.0,,,,,,,1,0,0,0,0,0,0,2021
1407,"G K M College of Engineering and Technology, Alappakkam-Mappedu Road, Chennai 600063",CHENGALPET,SELF FINANCING COLLEGES TIER 3,ME,Mechanical Engineering,107710.0,,,,,,,1,0,0,0,0,0,0,2021
1407,"G K M College of Engineering and Technology, Alappakkam-Mappedu Road, Chennai 600063",CHENGALPET,SELF FINANCING COLLEGES TIER 3,MR,MARINE ENGINEERING,118115.0,,,,121963.0,,,0,0,0,0,1,0,0,2021
1408,"I F E T College of Engineering (Autonomous), Gangarampalayam, Villupuram District 605108",VILUPPURAM,SELF FINANCING COLLEGES TIER 3,CE,CIVIL ENGINEERING,122286.0,126620.0,,,,,,0,1,0,0,0,0,0,2021
1408,"I F E T College of Engineering (Autonomous), Gangarampalayam, Villupuram District 605108",VILUPPURAM,SELF FINANCING COLLEGES TIER 3,CS,Computer Science and Engineering,59071.0,93898.0,88988.0,93311.0,133975.0,,,0,0,0,0,0,0,0,2021
1408,"I F E T College of Engineering (Autonomous), Gangarampalayam, Villupuram District 605108",VILUPPURAM,SELF FINANCING COLLEGES TIER 3,EC,ELECTRONICS AND COMMUNICATION ENGINEERING,88428.0,134295.0,120252.0,131526.0,123341.0,,,0,0,0,1,1,0,0,2021
1408,"I F E T College of Engineering (Autonomous), Gangarampalayam, Villupuram District 605108",VILUPPURAM,SELF FINANCING COLLEGES TIER 3,EE,Electrical and Electronics Engineering,99175.0,132518.0,,,,,,0,1,0,0,0,0,0,2021
1408,"I F E T College of Engineering (Autonomous), Gangarampalayam, Villupuram District 605108",VILUPPURAM,SELF FINANCING COLLEGES TIER 3,IT,INFORMATION TECHNOLOGY,61814.0,92307.0,90521.0,102742.0,134038.0,,,0,0,0,0,0,0,0,2021
1408,"I F E T College of Engineering (Autonomous), Gangarampalayam, Villupuram District 605108",VILUPPURAM,SELF FINANCING COLLEGES TIER 3,ME,Mechanical Engineering,128406.0,134330.0,131846.0,135755.0,136541.0,,,0,1,1,1,1,0,0,2021
1409,"Karpaga Vinayaga College of Engineering and Technology, Palayanoor Post, Maduranthagam Taluk, Chengalpattu District 603308",CHENGALPET,SELF FINANCING COLLEGES TIER 3,AD,Artificial Intelligence and Data Science,63204.0,89504.0,68762.0,125389.0,115718.0,,,0,0,0,0,0,0,0,2021
1409,"Karpaga Vinayaga College of Engineering and Technology, Palayanoor Post, Maduranthagam Taluk, Chengalpattu District 603308",CHENGALPET,SELF FINANCING COLLEGES TIER 3,AU,AUTOMOBILE ENGINEERING,130956.0,,,,,,,1,0,0,0,0,0,0,2021
1409,"Karpaga Vinayaga College of Engineering and Technology, Palayanoor Post, Maduranthagam Taluk, Chengalpattu District 603308",CHENGALPET,SELF FINANCING COLLEGES TIER 3,BM,BIO MEDICAL ENGINEERING,76315.0,132783.0,,81982.0,101397.0,,,0,1,0,0,0,0,0,2021
1409,"Karpaga Vinayaga College of Engineering and Technology, Palayanoor Post, Maduranthagam Taluk, Chengalpattu District 603308",CHENGALPET,SELF FINANCING COLLEGES TIER 3,BT,BIO TECHNOLOGY,41703.0,132290.0,70806.0,,63614.0,,,0,0,0,0,0,0,0,2021
1409,"Karpaga Vinayaga College of Engineering and Technology, Palayanoor Post, Maduranthagam Taluk, Chengalpattu District 603308",CHENGALPET,SELF FINANCING COLLEGES TIER 3,CE,CIVIL ENGINEERING,133364.0,,,,,,,1,0,0,0,0,0,0,2021
1409,"Karpaga Vinayaga College of Engineering and Technology, Palayanoor Post, Maduranthagam Taluk, Chengalpattu District 603308",CHENGALPET,SELF FINANCING COLLEGES TIER 3,CS,Computer Science and Engineering,59579.0,80245.0,78144.0,61618.0,126414.0,,,0,0,0,0,0,0,0,2021
1409,"Karpaga Vinayaga College of Engineering and Technology, Palayanoor Post, Maduranthagam Taluk, Chengalpattu District 603308",CHENGALPET,SELF FINANCING COLLEGES TIER 3,EC,ELECTRONICS AND COMMUNICATION ENGINEERING,89679.0,128373.0,,110759.0,127695.0,,,0,0,0,0,0,0,0,2021
1409,"Karpaga Vinayaga College of Engineering and Technology, Palayanoor Post, Maduranthagam Taluk, Chengalpattu District 603308",CHENGALPET,SELF FINANCING COLLEGES TIER 3,EE,Electrical and Electronics Engineering,108878.0,,,,123578.0,,,0,0,0,0,1,0,0,2021
1409,"Karpaga Vinayaga College of Engineering and Technology, Palayanoor Post, Maduranthagam Taluk, Chengalpattu District 603308",CHENGALPET,SELF FINANCING COLLEGES TIER 3,ME,Mechanical Engineering,127263.0,,,,,,,1,0,0,0,0,0,0,2021
1409,"Karpaga Vinayaga College of Engineering and Technology, Palayanoor Post, Maduranthagam Taluk, Chengalpattu District 603308",CHENGALPET,SELF FINANCING COLLEGES TIER 3,RM,ROBOTICS AND AUTOMATION,129143.0,,,,,,,1,0,0,0,0,0,0,2021
1411,"Madha Engineering College, Kundrathur, Chennai 600069",KANCHEEPURAM,SELF FINANCING COLLEGES TIER 3,AE,AERONAUTICAL ENGINEERING,115457.0,,,,134909.0,,,0,0,0,0,1,0,0,2021
1411,"Madha Engineering College, Kundrathur, Chennai 600069",KANCHEEPURAM,SELF FINANCING COLLEGES TIER 3,BT,BIO TECHNOLOGY,119613.0,134972.0,124966.0,,136208.0,,,0,1,1,0,1,0,0,2021
1411,"Madha Engineering College, Kundrathur, Chennai 600069",KANCHEEPURAM,SELF FINANCING COLLEGES TIER 3,CE,CIVIL ENGINEERING,133943.0,,,,,,,1,0,0,0,0,0,0,2021
1411,"Madha Engineering College, Kundrathur, Chennai 600069",KANCHEEPURAM,SELF FINANCING COLLEGES TIER 3,CS,Computer Science and Engineering,80772.0,134223.0,,82685.0,135850.0,119358.0,,0,0,0,0,1,1,0,2021
1411,"Madha Engineering College, Kundrathur, Chennai 600069",KANCHEEPURAM,SELF FINANCING COLLEGES TIER 3,EC,ELECTRONICS AND COMMUNICATION ENGINEERING,129078.0,,,,,,,0,0,0,0,0,0,0,2021
1411,"Madha Engineering College, Kundrathur, Chennai 600069",KANCHEEPURAM,SELF FINANCING COLLEGES TIER 3,EE,Electrical and Electronics Engineering,132175.0,,,,,,,1,0,0,0,0,0,0,2021
1411,"Madha Engineering College, Kundrathur, Chennai 600069",KANCHEEPURAM,SELF FINANCING COLLEGES TIER 3,IT,INFORMATION TECHNOLOGY,99826.0,131992.0,,113648.0,134271.0,,,0,0,0,0,1,0,0,2021
1411,"Madha Engineering College, Kundrathur, Chennai 600069",KANCHEEPURAM,SELF FINANCING COLLEGES TIER 3,ME,Mechanical Engineering,,,,,,,,0,0,0,0,0,0,0,2021
1412,"Mailam Engineering College, Mailam, Villupuram District 604304",VILUPPURAM,SELF FINANCING COLLEGES TIER 3,CE,CIVIL ENGINEERING,136676.0,,,,,,,1,0,0,0,0,0,0,2021
1412,"Mailam Engineering College, Mailam, Villupuram District 604304",VILUPPURAM,SELF FINANCING COLLEGES TIER 3,CS,Computer Science and Engineering,68341.0,124529.0,120047.0,132740.0,129262.0,126764.0,,0,1,0,0,0,1,0,2021
1412,"Mailam Engineering College, Mailam, Villupuram District 604304",VILUPPURAM,SELF FINANCING COLLEGES TIER 3,EC,ELECTRONICS AND COMMUNICATION ENGINEERING,110480.0,127486.0,133603.0,,127603.0,,,0,1,1,0,1,0,0,2021
1412,"Mailam Engineering College, Mailam, Villupuram District 604304",VILUPPURAM,SELF FINANCING COLLEGES TIER 3,EE,Electrical and Electronics Engineering,104858.0,,,133402.0,130422.0,,,0,0,0,1,1,0,0,2021
1412,"Mailam Engineering College, Mailam, Villupuram District 604304",VILUPPURAM,SELF FINANCING COLLEGES TIER 3,IT,INFORMATION TECHNOLOGY,80968.0,135766.0,129755.0,,131406.0,,,0,1,0,0,1,0,0,2021
1412,"Mailam Engineering College, Mailam, Villupuram District 604304",VILUPPURAM,SELF FINANCING COLLEGES TIER 3,ME,Mechanical Engineering,129022.0,,,,136392.0,,,0,0,0,0,1,0,0,2021
1413,"Sri Venkateswaraa College of Technology, Sirukulathur, Vadakkal Village, Pondur Post, Sriperumbudur Taluk, Kancheepuram District 602105",KANCHEEPURAM,SELF FINANCING COLLEGES TIER 3,AD,Artificial Intelligence and Data Science,45214.0,54753.0,72856.0,64378.0,116295.0,,,0,0,0,0,0,0,0,2021
1413,"Sri Venkateswaraa College of Technology, Sirukulathur, Vadakkal Village, Pondur Post, Sriperumbudur Taluk, Kancheepuram District 602105",KANCHEEPURAM,SELF FINANCING COLLEGES TIER 3,CS,Computer Science and Engineering,35765.0,43355.0,91321.0,39968.0,102377.0,,,0,0,0,0,0,0,0,2021
1413,"Sri Venkateswaraa College of Technology, Sirukulathur, Vadakkal Village, Pondur Post, Sriperumbudur Taluk, Kancheepuram District 602105",KANCHEEPURAM,SELF FINANCING COLLEGES TIER 3,EC,ELECTRONICS AND COMMUNICATION ENGINEERING,51733.0,62875.0,131891.0,62445.0,133207.0,,,0,0,0,0,0,0,0,2021
1413,"Sri Venkateswaraa College of Technology, Sirukulathur, Vadakkal Village, Pondur Post, Sriperumbudur Taluk, Kancheepuram District 602105",KANCHEEPURAM,SELF FINANCING COLLEGES TIER 3,ME,Mechanical Engineering,64962.0,75856.0,118459.0,67666.0,108430.0,,,0,0,0,0,0,0,0,2021
1414,"Prince Shri Venkateshwara Padmavathy Engineering College, Ponmar, Chennai 600048",KANCHEEPURAM,SELF FINANCING COLLEGES TIER 3,CE,CIVIL ENGINEERING,89369.0,120917.0,116202.0,,98395.0,,,0,0,0,0,0,0,0,2021
1414,"Prince Shri Venkateshwara Padmavathy Engineering College, Ponmar, Chennai 600048",KANCHEEPURAM,SELF FINANCING COLLEGES TIER 3,CS,Computer Science and Engineering,39745.0,45706.0,50193.0,58487.0,86083.0,,,0,0,0,0,0,0,0,2021
1414,"Prince Shri Venkateshwara Padmavathy Engineering College, Ponmar, Chennai 600048",KANCHEEPURAM,SELF FINANCING COLLEGES TIER 3,EC,ELECTRONICS AND COMMUNICATION ENGINEERING,69706.0,98125.0,130329.0,91909.0,127992.0,,,0,0,0,0,0,0,0,2021
1414,"Prince Shri Venkateshwara Padmavathy Engineering College, Ponmar, Chennai 600048",KANCHEEPURAM,SELF FINANCING COLLEGES TIER 3,EE,Electrical and Electronics Engineering,79695.0,113662.0,,,134195.0,,,0,0,0,0,0,0,0,2021
1414,"Prince Shri Venkateshwara Padmavathy Engineering College, Ponmar, Chennai 600048",KANCHEEPURAM,SELF FINANCING COLLEGES TIER 3,IT,INFORMATION TECHNOLOGY,46569.0,59300.0,116854.0,57948.0,97254.0,,,0,0,0,0,0,0,0,2021
1414,"Prince Shri Venkateshwara Padmavathy Engineering College, Ponmar, Chennai 600048",KANCHEEPURAM,SELF FINANCING COLLEGES TIER 3,ME,Mechanical Engineering,85321.0,126711.0,124595.0,,129287.0,,,0,0,0,0,1,0,0,2021
1415,"T S M Jain College of Technology, Melur Village, Kallakurichi District 606201",KALLAKURICHI,SELF FINANCING COLLEGES TIER 3,CE,CIVIL ENGINEERING,,,,,,,,0,0,0,0,0,0,0,2021
1415,"T S M Jain College of Technology, Melur Village, Kallakurichi District 606201",KALLAKURICHI,SELF FINANCING COLLEGES TIER 3,CS,Computer Science and Engineering,,,,,,,,0,0,0,0,0,0,0,2021
1415,"T S M Jain College of Technology, Melur Village, Kallakurichi District 606201",KALLAKURICHI,SELF FINANCING COLLEGES TIER 3,EC,ELECTRONICS AND COMMUNICATION ENGINEERING,,,,,,,,0,0,0,0,0,0,0,2021
1415,"T S M Jain College of Technology, Melur Village, Kallakurichi District 606201",KALLAKURICHI,SELF FINANCING COLLEGES TIER 3,EE,Electrical and Electronics Engineering,,,,,,,,0,0,0,0,0,0,0,2021
1415,"T S M Jain College of Technology, Melur Village, Kallakurichi District 606201",KALLAKURICHI,SELF FINANCING COLLEGES TIER 3,ME,Mechanical Engineering,,,,,,,,0,0,0,0,0,0,0,2021
1416,"Jaya Sakthi Engineering College, Thirunindravur, Chennai 602024",THIRUVALLUR,SELF FINANCING COLLEGES TIER 3,BM,BIO MEDICAL ENGINEERING,136353.0,,,,,,,0,0,0,0,0,0,0,2021
1416,"Jaya Sakthi Engineering College, Thirunindravur, Chennai 602024",THIRUVALLUR,SELF FINANCING COLLEGES TIER 3,CS,Computer Science and Engineering,95481.0,134445.0,,112185.0,132777.0,,112306.0,0,0,0,0,1,0,0,2021
1416,"Jaya Sakthi Engineering College, Thirunindravur, Chennai 602024",THIRUVALLUR,SELF FINANCING COLLEGES TIER 3,ME,Mechanical Engineering,,,,,,,,0,0,0,0,0,0,0,2021
1419,"Sri Sai Ram Enginering College (Autonomous), West Tambaram, Chennai 600044",CHENGALPET,SELF FINANCING COLLEGES TIER 1,AD,Artificial Intelligence and Data Science,11885.0,14961.0,25238.0,14651.0,61524.0,,122325.0,0,0,0,0,0,0,0,2021
1419,"Sri Sai Ram Enginering College (Autonomous), West Tambaram, Chennai 600044",CHENGALPET,SELF FINANCING COLLEGES TIER 1,CB,COMPUTER SCIENCE AND BUSSINESS SYSTEM,13320.0,16025.0,18681.0,15330.0,72605.0,,,0,0,0,0,0,0,0,2021
1419,"Sri Sai Ram Enginering College (Autonomous), West Tambaram, Chennai 600044",CHENGALPET,SELF FINANCING COLLEGES TIER 1,CE,CIVIL ENGINEERING,47058.0,73300.0,82965.0,71306.0,109786.0,,,0,0,0,0,0,0,0,2021
1419,"Sri Sai Ram Enginering College (Autonomous), West Tambaram, Chennai 600044",CHENGALPET,SELF FINANCING COLLEGES TIER 1,CJ,M.Tech. Computer Science and Engineering (Integrated 5 years),21248.0,26139.0,35529.0,25834.0,66819.0,64289.0,,0,0,0,0,0,1,0,2021
1419,"Sri Sai Ram Enginering College (Autonomous), West Tambaram, Chennai 600044",CHENGALPET,SELF FINANCING COLLEGES TIER 1,CS,Computer Science and Engineering,6135.0,9220.0,13141.0,6986.0,41212.0,113566.0,,0,0,0,0,0,0,0,2021
1419,"Sri Sai Ram Enginering College (Autonomous), West Tambaram, Chennai 600044",CHENGALPET,SELF FINANCING COLLEGES TIER 1,EC,ELECTRONICS AND COMMUNICATION ENGINEERING,12993.0,18586.0,29229.0,29141.0,72733.0,,,0,0,0,0,0,0,0,2021
1419,"Sri Sai Ram Enginering College (Autonomous), West Tambaram, Chennai 600044",CHENGALPET,SELF FINANCING COLLEGES TIER 1,EE,Electrical and Electronics Engineering,22461.0,29217.0,46897.0,33293.0,91907.0,,131733.0,0,0,0,0,0,0,0,2021
1419,"Sri Sai Ram Enginering College (Autonomous), West Tambaram, Chennai 600044",CHENGALPET,SELF FINANCING COLLEGES TIER 1,EI,ELECTRONICS AND INSTRUMENTATION ENGINEERING,30288.0,42030.0,56908.0,46411.0,103999.0,,,0,0,0,0,0,0,0,2021
1419,"Sri Sai Ram Enginering College (Autonomous), West Tambaram, Chennai 600044",CHENGALPET,SELF FINANCING COLLEGES TIER 1,IC,INSTRUMENTATION AND CONTROL ENGINEERING,24815.0,37571.0,,,83195.0,,,0,0,0,0,0,0,0,2021
1419,"Sri Sai Ram Enginering College (Autonomous), West Tambaram, Chennai 600044",CHENGALPET,SELF FINANCING COLLEGES TIER 1,IT,INFORMATION TECHNOLOGY,10274.0,12517.0,21859.0,13541.0,54221.0,115723.0,,0,0,0,0,0,1,0,2021
1419,"Sri Sai Ram Enginering College (Autonomous), West Tambaram, Chennai 600044",CHENGALPET,SELF FINANCING COLLEGES TIER 1,ME,Mechanical Engineering,41718.0,54335.0,68869.0,54255.0,119170.0,,,0,0,0,0,0,0,0,2021
1419,"Sri Sai Ram Enginering College (Autonomous), West Tambaram, Chennai 600044",CHENGALPET,SELF FINANCING COLLEGES TIER 1,MU,MECHANICAL AND AUTOMATION ENGINEERING,44480.0,58855.0,57996.0,56386.0,136875.0,,,0,0,0,0,1,0,0,2021
1420,"Tagore Engineering College, Rathnamangalam, Vandalur Post, Chennai 600048",CHENGALPET,SELF FINANCING COLLEGES TIER 3,AE,AERONAUTICAL ENGINEERING,90413.0,130913.0,,,110694.0,112983.0,,0,1,0,0,0,0,0,2021
1420,"Tagore Engineering College, Rathnamangalam, Vandalur Post, Chennai 600048",CHENGALPET,SELF FINANCING COLLEGES TIER 3,CS,Computer Science and Engineering,51482.0,59418.0,,67656.0,94053.0,,,0,0,0,0,0,0,0,2021
1420,"Tagore Engineering College, Rathnamangalam, Vandalur Post, Chennai 600048",CHENGALPET,SELF FINANCING COLLEGES TIER 3,EC,ELECTRONICS AND COMMUNICATION ENGINEERING,69887.0,83609.0,112728.0,89298.0,104390.0,,,0,0,0,0,0,0,0,2021
1420,"Tagore Engineering College, Rathnamangalam, Vandalur Post, Chennai 600048",CHENGALPET,SELF FINANCING COLLEGES TIER 3,IT,INFORMATION TECHNOLOGY,59583.0,73346.0,61405.0,70656.0,93880.0,,,0,0,0,0,0,0,0,2021
1420,"Tagore Engineering College, Rathnamangalam, Vandalur Post, Chennai 600048",CHENGALPET,SELF FINANCING COLLEGES TIER 3,ME,Mechanical Engineering,103026.0,126881.0,120443.0,,128376.0,,,0,1,0,0,0,0,0,2021
1421,"V R S College of Engineering and Technology, Arasur, Villupuram District 607107",VILUPPURAM,SELF FINANCING COLLEGES TIER 3,CE,CIVIL ENGINEERING,134764.0,,,,,,,1,0,0,0,0,0,0,2021
1421,"V R S College of Engineering and Technology, Arasur, Villupuram District 607107",VILUPPURAM,SELF FINANCING COLLEGES TIER 3,CS,Computer Science and Engineering,85577.0,129182.0,113305.0,125764.0,111241.0,122083.0,,0,1,0,0,0,0,0,2021
1421,"V R S College of Engineering and Technology, Arasur, Villupuram District 607107",VILUPPURAM,SELF FINANCING COLLEGES TIER 3,EC,ELECTRONICS AND COMMUNICATION ENGINEERING,110273.0,134248.0,119350.0,125228.0,124087.0,,,0,1,0,0,0,0,0,2021
1421,"V R S College of Engineering and Technology, Arasur, Villupuram District 607107",VILUPPURAM,SELF FINANCING COLLEGES TIER 3,EE,Electrical and Electronics Engineering,129185.0,,,,136371.0,,,0,0,0,0,1,0,0,2021
1421,"V R S College of Engineering and Technology, Arasur, Villupuram District 607107",VILUPPURAM,SELF FINANCING COLLEGES TIER 3,ME,Mechanical Engineering,130344.0,131086.0,133993.0,,134939.0,,,0,1,1,0,1,0,0,2021
1422,"SRM Valliammai Engineering College (Autonomous), Kattankulathur, Chennai 603203",CHENGALPET,SELF FINANCING COLLEGES TIER 1,AD,Artificial Intelligence and Data Science,12752.0,17265.0,27068.0,21469.0,43740.0,37231.0,,0,0,0,0,0,0,0,2021
1422,"SRM Valliammai Engineering College (Autonomous), Kattankulathur, Chennai 603203",CHENGALPET,SELF FINANCING COLLEGES TIER 1,AG,Agricultural Engineering,59500.0,83917.0,134724.0,61031.0,107153.0,,,0,0,0,0,0,0,0,2021
1422,"SRM Valliammai Engineering College (Autonomous), Kattankulathur, Chennai 603203",CHENGALPET,SELF FINANCING COLLEGES TIER 1,CE,CIVIL ENGINEERING,64467.0,85090.0,109721.0,67572.0,114964.0,129838.0,,0,0,0,0,0,0,0,2021
1422,"SRM Valliammai Engineering College (Autonomous), Kattankulathur, Chennai 603203",CHENGALPET,SELF FINANCING COLLEGES TIER 1,CS,Computer Science and Engineering,15552.0,18968.0,28109.0,17796.0,56918.0,77259.0,127782.0,0,0,0,0,0,0,0,2021
1422,"SRM Valliammai Engineering College (Autonomous), Kattankulathur, Chennai 603203",CHENGALPET,SELF FINANCING COLLEGES TIER 1,CY,Cyber Security,23435.0,27339.0,36218.0,26755.0,56284.0,58127.0,,0,0,0,0,0,0,0,2021
1422,"SRM Valliammai Engineering College (Autonomous), Kattankulathur, Chennai 603203",CHENGALPET,SELF FINANCING COLLEGES TIER 1,EC,ELECTRONICS AND COMMUNICATION ENGINEERING,28027.0,36183.0,45905.0,36016.0,86010.0,132806.0,,0,0,0,0,0,1,0,2021
1422,"SRM Valliammai Engineering College (Autonomous), Kattankulathur, Chennai 603203",CHENGALPET,SELF FINANCING COLLEGES TIER 1,EE,Electrical and Electronics Engineering,42378.0,53396.0,57192.0,45400.0,128172.0,,100130.0,0,0,0,0,0,0,0,2021
1422,"SRM Valliammai Engineering College (Autonomous), Kattankulathur, Chennai 603203",CHENGALPET,SELF FINANCING COLLEGES TIER 1,EI,ELECTRONICS AND INSTRUMENTATION ENGINEERING,48456.0,53710.0,65326.0,57803.0,118351.0,,,0,0,0,0,0,0,0,2021
1422,"SRM Valliammai Engineering College (Autonomous), Kattankulathur, Chennai 603203",CHENGALPET,SELF FINANCING COLLEGES TIER 1,IT,INFORMATION TECHNOLOGY,19335.0,22731.0,32528.0,22741.0,59864.0,133569.0,,0,0,0,0,0,1,0,2021
1422,"SRM Valliammai Engineering College (Autonomous), Kattankulathur, Chennai 603203",CHENGALPET,SELF FINANCING COLLEGES TIER 1,MD,MEDICAL ELECTRONICS ENGINEERING,57227.0,73752.0,90280.0,63205.0,113829.0,,,0,0,0,0,0,0,0,2021
1422,"SRM Valliammai Engineering College (Autonomous), Kattankulathur, Chennai 603203",CHENGALPET,SELF FINANCING COLLEGES TIER 1,ME,Mechanical Engineering,49408.0,73411.0,87683.0,75552.0,125233.0,130908.0,,0,0,0,0,0,0,0,2021
1423,"Asan Memorial College of Engineering and Technology,Chengalpattu-603 001.",CHENGALPET,SELF FINANCING COLLEGES TIER 3,CE,CIVIL ENGINEERING,,,,,,,,0,0,0,0,0,0,0,2021
1423,"Asan Memorial College of Engineering and Technology,Chengalpattu-603 001.",CHENGALPET,SELF FINANCING COLLEGES TIER 3,CS,Computer Science and Engineering,124682.0,,,,,,,1,0,0,0,0,0,0,2021
1423,"Asan Memorial College of Engineering and Technology,Chengalpattu-603 001.",CHENGALPET,SELF FINANCING COLLEGES TIER 3,EC,ELECTRONICS AND COMMUNICATION ENGINEERING,,,,,,,,0,0,0,0,0,0,0,2021
1423,"Asan Memorial College of Engineering and Technology,Chengalpattu-603 001.",CHENGALPET,SELF FINANCING COLLEGES TIER 3,ME,Mechanical Engineering,,,,,,,,0,0,0,0,0,0,0,2021
1424,"Dhaanish Ahmed College of Engineering, Padappai, Chennai 601301",KANCHEEPURAM,SELF FINANCING COLLEGES TIER 3,AD,Artificial Intelligence and Data Science,40062.0,117750.0,52228.0,,86545.0,,,0,0,0,0,1,0,0,2021
1424,"Dhaanish Ahmed College of Engineering, Padappai, Chennai 601301",KANCHEEPURAM,SELF FINANCING COLLEGES TIER 3,CE,CIVIL ENGINEERING,,,,,,,,0,0,0,0,0,0,0,2021
1424,"Dhaanish Ahmed College of Engineering, Padappai, Chennai 601301",KANCHEEPURAM,SELF FINANCING COLLEGES TIER 3,CS,Computer Science and Engineering,68871.0,124969.0,76179.0,126410.0,123836.0,,,0,0,0,0,1,0,0,2021
1424,"Dhaanish Ahmed College of Engineering, Padappai, Chennai 601301",KANCHEEPURAM,SELF FINANCING COLLEGES TIER 3,EC,ELECTRONICS AND COMMUNICATION ENGINEERING,86886.0,117552.0,88173.0,,94222.0,,,0,1,0,0,1,0,0,2021
1424,"Dhaanish Ahmed College of Engineering, Padappai, Chennai 601301",KANCHEEPURAM,SELF FINANCING COLLEGES TIER 3,EE,Electrical and Electronics Engineering,118790.0,132063.0,,,,,,0,1,0,0,0,0,0,2021
1424,"Dhaanish Ahmed College of Engineering, Padappai, Chennai 601301",KANCHEEPURAM,SELF FINANCING COLLEGES TIER 3,ME,Mechanical Engineering,129317.0,131536.0,129378.0,,,,,0,1,0,0,0,0,0,2021
1424,"Dhaanish Ahmed College of Engineering, Padappai, Chennai 601301",KANCHEEPURAM,SELF FINANCING COLLEGES TIER 3,PE,PETROLEUM ENGINEERING,110276.0,135124.0,119101.0,,,,,0,1,0,0,0,0,0,2021
1424,"Dhaanish Ahmed College of Engineering, Padappai, Chennai 601301",KANCHEEPURAM,SELF FINANCING COLLEGES TIER 3,RM,ROBOTICS AND AUTOMATION,117662.0,133743.0,122193.0,131861.0,,,,0,1,0,0,0,0,0,2021
1426,"Sri Ramanujar Engineering College, Vandalur, Kolappakkam, Chennai 600048",CHENGALPET,SELF FINANCING COLLEGES TIER 3,CS,Computer Science and Engineering,122148.0,130505.0,134437.0,,,,,0,1,1,0,0,0,0,2021
1426,"Sri Ramanujar Engineering College, Vandalur, Kolappakkam, Chennai 600048",CHENGALPET,SELF FINANCING COLLEGES TIER 3,EC,ELECTRONICS AND COMMUNICATION ENGINEERING,134296.0,,,,,,,1,0,0,0,0,0,0,2021
1426,"Sri Ramanujar Engineering College, Vandalur, Kolappakkam, Chennai 600048",CHENGALPET,SELF FINANCING COLLEGES TIER 3,EE,Electrical and Electronics Engineering,71278.0,,,,,,,1,0,0,0,0,0,0,2021
1426,"Sri Ramanujar Engineering College, Vandalur, Kolappakkam, Chennai 600048",CHENGALPET,SELF FINANCING COLLEGES TIER 3,IT,INFORMATION TECHNOLOGY,119400.0,131621.0,,,120654.0,,,0,1,0,0,1,0,0,2021
1426,"Sri Ramanujar Engineering College, Vandalur, Kolappakkam, Chennai 600048",CHENGALPET,SELF FINANCING COLLEGES TIER 3,ME,Mechanical Engineering,,,,,,,,0,0,0,0,0,0,0,2021
1427,"Sri Krishna Engineering College, Panappakkam, Padappai, Chennai 601301",KANCHEEPURAM,SELF FINANCING COLLEGES TIER 3,CS,Computer Science and Engineering,82636.0,123117.0,102293.0,,,,,0,0,0,0,0,0,0,2021
1427,"Sri Krishna Engineering College, Panappakkam, Padappai, Chennai 601301",KANCHEEPURAM,SELF FINANCING COLLEGES TIER 3,EC,ELECTRONICS AND COMMUNICATION ENGINEERING,125755.0,,,,,,,1,0,0,0,0,0,0,2021
1427,"Sri Krishna Engineering College, Panappakkam, Padappai, Chennai 601301",KANCHEEPURAM,SELF FINANCING COLLEGES TIER 3,EE,Electrical and Electronics Engineering,,,,,,,,0,0,0,0,0,0,0,2021
1427,"Sri Krishna Engineering College, Panappakkam, Padappai, Chennai 601301",KANCHEEPURAM,SELF FINANCING COLLEGES TIER 3,FT,FASHION TECHNOLOGY,,,,,,,,0,0,0,0,0,0,0,2021
1427,"Sri Krishna Engineering College, Panappakkam, Padappai, Chennai 601301",KANCHEEPURAM,SELF FINANCING COLLEGES TIER 3,IT,INFORMATION TECHNOLOGY,136139.0,,,,,,,0,0,0,0,0,0,0,2021
1430,"Maha Bharathi Engineering College, A Vasudevanur, Chinnasalem, Kallakurichi District 606201",KALLAKURICHI,SELF FINANCING COLLEGES TIER 3,CE,CIVIL ENGINEERING,133389.0,,,,,,,1,0,0,0,0,0,0,2021
1430,"Maha Bharathi Engineering College, A Vasudevanur, Chinnasalem, Kallakurichi District 606201",KALLAKURICHI,SELF FINANCING COLLEGES TIER 3,CS,Computer Science and Engineering,114052.0,136625.0,,,127567.0,,,0,1,0,0,0,0,0,2021
1430,"Maha Bharathi Engineering College, A Vasudevanur, Chinnasalem, Kallakurichi District 606201",KALLAKURICHI,SELF FINANCING COLLEGES TIER 3,EC,ELECTRONICS AND COMMUNICATION ENGINEERING,114259.0,135008.0,,134101.0,134565.0,,,0,1,0,0,0,0,0,2021
1430,"Maha Bharathi Engineering College, A Vasudevanur, Chinnasalem, Kallakurichi District 606201",KALLAKURICHI,SELF FINANCING COLLEGES TIER 3,EE,Electrical and Electronics Engineering,132248.0,,,,136946.0,,,0,0,0,0,1,0,0,2021
1430,"Maha Bharathi Engineering College, A Vasudevanur, Chinnasalem, Kallakurichi District 606201",KALLAKURICHI,SELF FINANCING COLLEGES TIER 3,ME,Mechanical Engineering,132033.0,,,,136915.0,,,0,0,0,0,1,0,0,2021
1431,"New Prince Shri Bhavani College of Engineering and Technology, Vengaivasal Main Road, Gowriwakkam, Chennai 600073",CHENGALPET,SELF FINANCING COLLEGES TIER 3,CE,CIVIL ENGINEERING,131056.0,,,,,,,1,0,0,0,0,0,0,2021
1431,"New Prince Shri Bhavani College of Engineering and Technology, Vengaivasal Main Road, Gowriwakkam, Chennai 600073",CHENGALPET,SELF FINANCING COLLEGES TIER 3,CS,Computer Science and Engineering,54298.0,90203.0,,124461.0,127654.0,91739.0,,0,0,0,0,0,0,0,2021
1431,"New Prince Shri Bhavani College of Engineering and Technology, Vengaivasal Main Road, Gowriwakkam, Chennai 600073",CHENGALPET,SELF FINANCING COLLEGES TIER 3,EC,ELECTRONICS AND COMMUNICATION ENGINEERING,90098.0,131320.0,,116282.0,134598.0,,,0,0,0,1,1,0,0,2021
1431,"New Prince Shri Bhavani College of Engineering and Technology, Vengaivasal Main Road, Gowriwakkam, Chennai 600073",CHENGALPET,SELF FINANCING COLLEGES TIER 3,EE,Electrical and Electronics Engineering,117906.0,125073.0,,,134701.0,,,0,1,0,0,1,0,0,2021
1431,"New Prince Shri Bhavani College of Engineering and Technology, Vengaivasal Main Road, Gowriwakkam, Chennai 600073",CHENGALPET,SELF FINANCING COLLEGES TIER 3,IT,INFORMATION TECHNOLOGY,79799.0,97909.0,93066.0,120987.0,126066.0,122372.0,,0,0,0,0,1,0,0,2021
1431,"New Prince Shri Bhavani College of Engineering and Technology, Vengaivasal Main Road, Gowriwakkam, Chennai 600073",CHENGALPET,SELF FINANCING COLLEGES TIER 3,ME,Mechanical Engineering,125563.0,133530.0,,,134328.0,,,0,1,0,0,1,0,0,2021
1432,"Rajalakshmi Institute of Technology, Irulapalayam, Kuthampakkam Post, Kancheepuram District 602107",KANCHEEPURAM,SELF FINANCING COLLEGES TIER 3,AD,Artificial Intelligence and Data Science,21281.0,26753.0,33534.0,32842.0,81373.0,93559.0,,0,0,0,0,0,0,0,2021
1432,"Rajalakshmi Institute of Technology, Irulapalayam, Kuthampakkam Post, Kancheepuram District 602107",KANCHEEPURAM,SELF FINANCING COLLEGES TIER 3,CB,COMPUTER SCIENCE AND BUSSINESS SYSTEM,14068.0,22632.0,34017.0,,84639.0,,,0,0,0,0,0,0,0,2021
1432,"Rajalakshmi Institute of Technology, Irulapalayam, Kuthampakkam Post, Kancheepuram District 602107",KANCHEEPURAM,SELF FINANCING COLLEGES TIER 3,CO,COMPUTER AND COMMUNICATION ENGINEERING,12605.0,27180.0,38707.0,20127.0,76108.0,,,0,0,0,0,0,0,0,2021
1432,"Rajalakshmi Institute of Technology, Irulapalayam, Kuthampakkam Post, Kancheepuram District 602107",KANCHEEPURAM,SELF FINANCING COLLEGES TIER 3,CS,Computer Science and Engineering,13746.0,17144.0,29455.0,19864.0,70221.0,127510.0,104008.0,0,0,0,0,0,1,0,2021
1432,"Rajalakshmi Institute of Technology, Irulapalayam, Kuthampakkam Post, Kancheepuram District 602107",KANCHEEPURAM,SELF FINANCING COLLEGES TIER 3,EC,ELECTRONICS AND COMMUNICATION ENGINEERING,22910.0,28456.0,40567.0,31365.0,90273.0,,42936.0,0,0,0,0,0,0,0,2021
1432,"Rajalakshmi Institute of Technology, Irulapalayam, Kuthampakkam Post, Kancheepuram District 602107",KANCHEEPURAM,SELF FINANCING COLLEGES TIER 3,ME,Mechanical Engineering,41603.0,48156.0,47793.0,54750.0,115768.0,,,0,0,0,0,0,0,0,2021
1434,"Surya Group of Institutions, GST Road, Vikravandi Village, Villupuram District 605652",VILUPPURAM,SELF FINANCING COLLEGES TIER 3,AE,AERONAUTICAL ENGINEERING,110526.0,,,,,,,1,0,0,0,0,0,0,2021
1434,"Surya Group of Institutions, GST Road, Vikravandi Village, Villupuram District 605652",VILUPPURAM,SELF FINANCING COLLEGES TIER 3,AU,AUTOMOBILE ENGINEERING,130275.0,,,,,,,1,0,0,0,0,0,0,2021
1434,"Surya Group of Institutions, GST Road, Vikravandi Village, Villupuram District 605652",VILUPPURAM,SELF FINANCING COLLEGES TIER 3,CE,CIVIL ENGINEERING,133921.0,,,,,,,1,0,0,0,0,0,0,2021
1434,"Surya Group of Institutions, GST Road, Vikravandi Village, Villupuram District 605652",VILUPPURAM,SELF FINANCING COLLEGES TIER 3,CS,Computer Science and Engineering,109641.0,134281.0,131453.0,,133338.0,,,0,1,0,0,1,0,0,2021
1434,"Surya Group of Institutions, GST Road, Vikravandi Village, Villupuram District 605652",VILUPPURAM,SELF FINANCING COLLEGES TIER 3,EC,ELECTRONICS AND COMMUNICATION ENGINEERING,122548.0,,,,,,,1,0,0,0,0,0,0,2021
1434,"Surya Group of Institutions, GST Road, Vikravandi Village, Villupuram District 605652",VILUPPURAM,SELF FINANCING COLLEGES TIER 3,EE,Electrical and Electronics Engineering,134333.0,,,,,,,1,0,0,0,0,0,0,2021
1434,"Surya Group of Institutions, GST Road, Vikravandi Village, Villupuram District 605652",VILUPPURAM,SELF FINANCING COLLEGES TIER 3,ME,Mechanical Engineering,133183.0,,,,,,,1,0,0,0,0,0,0,2021
1435,"Jagannath Institute of Technology, Thandalam Village, Thiruporur, Kancheepuram District 603110",CHENGALPET,SELF FINANCING COLLEGES TIER 3,CE,CIVIL ENGINEERING,,,,,,,,0,0,0,0,0,0,0,2021
1435,"Jagannath Institute of Technology, Thandalam Village, Thiruporur, Kancheepuram District 603110",CHENGALPET,SELF FINANCING COLLEGES TIER 3,CS,Computer Science and Engineering,136363.0,,,,,,,1,0,0,0,0,0,0,2021
1435,"Jagannath Institute of Technology, Thandalam Village, Thiruporur, Kancheepuram District 603110",CHENGALPET,SELF FINANCING COLLEGES TIER 3,EC,ELECTRONICS AND COMMUNICATION ENGINEERING,135854.0,,,,,,,1,0,0,0,0,0,0,2021
1435,"Jagannath Institute of Technology, Thandalam Village, Thiruporur, Kancheepuram District 603110",CHENGALPET,SELF FINANCING COLLEGES TIER 3,ME,Mechanical Engineering,,,,,,,,0,0,0,0,0,0,0,2021
1436,"A R Engineering College, Vadakuchipalayam, Kappiyampuliyur Post, Villupuram District 605601",VILUPPURAM,SELF FINANCING COLLEGES TIER 3,CE,CIVIL ENGINEERING,123457.0,,,,,,,1,0,0,0,0,0,0,2021
1436,"A R Engineering College, Vadakuchipalayam, Kappiyampuliyur Post, Villupuram District 605601",VILUPPURAM,SELF FINANCING COLLEGES TIER 3,CS,Computer Science and Engineering,112909.0,133510.0,,,,,,0,0,0,0,0,0,0,2021
1436,"A R Engineering College, Vadakuchipalayam, Kappiyampuliyur Post, Villupuram District 605601",VILUPPURAM,SELF FINANCING COLLEGES TIER 3,EC,ELECTRONICS AND COMMUNICATION ENGINEERING,135947.0,,,,,,,1,0,0,0,0,0,0,2021
1436,"A R Engineering College, Vadakuchipalayam, Kappiyampuliyur Post, Villupuram District 605601",VILUPPURAM,SELF FINANCING COLLEGES TIER 3,EE,Electrical and Electronics Engineering,131708.0,,,,,,,1,0,0,0,0,0,0,2021
1436,"A R Engineering College, Vadakuchipalayam, Kappiyampuliyur Post, Villupuram District 605601",VILUPPURAM,SELF FINANCING COLLEGES TIER 3,ME,Mechanical Engineering,135558.0,,,,,,,1,0,0,0,0,0,0,2021
1437,"Rrase College of Engineering, Padappai, Chennai 601301",KANCHEEPURAM,SELF FINANCING COLLEGES TIER 3,CE,CIVIL ENGINEERING,,,,,,,,0,0,0,0,0,0,0,2021
1437,"Rrase College of Engineering, Padappai, Chennai 601301",KANCHEEPURAM,SELF FINANCING COLLEGES TIER 3,CS,Computer Science and Engineering,135787.0,,,,,,,1,0,0,0,0,0,0,2021
1437,"Rrase College of Engineering, Padappai, Chennai 601301",KANCHEEPURAM,SELF FINANCING COLLEGES TIER 3,EC,ELECTRONICS AND COMMUNICATION ENGINEERING,128090.0,,,,,,,1,0,0,0,0,0,0,2021
1437,"Rrase College of Engineering, Padappai, Chennai 601301",KANCHEEPURAM,SELF FINANCING COLLEGES TIER 3,EE,Electrical and Electronics Engineering,76197.0,,,,,,,1,0,0,0,0,0,0,2021
1437,"Rrase College of Engineering, Padappai, Chennai 601301",KANCHEEPURAM,SELF FINANCING COLLEGES TIER 3,IT,INFORMATION TECHNOLOGY,133448.0,,,,,,,1,0,0,0,0,0,0,2021
1437,"Rrase College of Engineering, Padappai, Chennai 601301",KANCHEEPURAM,SELF FINANCING COLLEGES TIER 3,ME,Mechanical Engineering,136303.0,,,,,,,1,0,0,0,0,0,0,2021
1438,"Sree Krishna College of Engineering, Anaicut Post, Unnai Village, Vellore District 632101",VELLORE,SELF FINANCING COLLEGES TIER 3,CE,CIVIL ENGINEERING,,,,,,,,0,0,0,0,0,0,0,2021
1438,"Sree Krishna College of Engineering, Anaicut Post, Unnai Village, Vellore District 632101",VELLORE,SELF FINANCING COLLEGES TIER 3,CS,Computer Science and Engineering,128042.0,,,,,,,1,0,0,0,0,0,0,2021
1438,"Sree Krishna College of Engineering, Anaicut Post, Unnai Village, Vellore District 632101",VELLORE,SELF FINANCING COLLEGES TIER 3,EC,ELECTRONICS AND COMMUNICATION ENGINEERING,,,,,,,,0,0,0,0,0,0,0,2021
1438,"Sree Krishna College of Engineering, Anaicut Post, Unnai Village, Vellore District 632101",VELLORE,SELF FINANCING COLLEGES TIER 3,EE,Electrical and Electronics Engineering,,,,,,,,0,0,0,0,0,0,0,2021
1438,"Sree Krishna College of Engineering, Anaicut Post, Unnai Village, Vellore District 632101",VELLORE,SELF FINANCING COLLEGES TIER 3,ME,Mechanical Engineering,,,,,,,,0,0,0,0,0,0,0,2021
1441,"A K T Memorial College of Engineering and Technology, Neelamangalam Village, Kallakurichi District 606202",KALLAKURICHI,SELF FINANCING COLLEGES TIER 3,CE,CIVIL ENGINEERING,136164.0,,,,,,,1,0,0,0,0,0,0,2021
1441,"A K T Memorial College of Engineering and Technology, Neelamangalam Village, Kallakurichi District 606202",KALLAKURICHI,SELF FINANCING COLLEGES TIER 3,CS,Computer Science and Engineering,118691.0,129179.0,,132881.0,132872.0,,,0,1,0,1,1,0,0,2021
1441,"A K T Memorial College of Engineering and Technology, Neelamangalam Village, Kallakurichi District 606202",KALLAKURICHI,SELF FINANCING COLLEGES TIER 3,EC,ELECTRONICS AND COMMUNICATION ENGINEERING,133068.0,136236.0,,,,,,0,1,0,0,0,0,0,2021
1441,"A K T Memorial College of Engineering and Technology, Neelamangalam Village, Kallakurichi District 606202",KALLAKURICHI,SELF FINANCING COLLEGES TIER 3,EE,Electrical and Electronics Engineering,126373.0,134361.0,,,,,,0,1,0,0,0,0,0,2021
1441,"A K T Memorial College of Engineering and Technology, Neelamangalam Village, Kallakurichi District 606202",KALLAKURICHI,SELF FINANCING COLLEGES TIER 3,ME,Mechanical Engineering,134960.0,,,,,,,1,0,0,0,0,0,0,2021
1442,"Prince Dr. K Vasudevan College of Engineering and Technology, Medavakkam-Mambakkam Road, Ponmar, Chennai 600048",CHENGALPET,SELF FINANCING COLLEGES TIER 3,AD,Artificial Intelligence and Data Science,56016.0,76373.0,104690.0,63759.0,114480.0,109301.0,,0,0,0,0,0,0,0,2021
1442,"Prince Dr. K Vasudevan College of Engineering and Technology, Medavakkam-Mambakkam Road, Ponmar, Chennai 600048",CHENGALPET,SELF FINANCING COLLEGES TIER 3,BM,BIO MEDICAL ENGINEERING,83640.0,131240.0,110574.0,124524.0,127804.0,133877.0,,0,0,0,0,0,0,0,2021
1442,"Prince Dr. K Vasudevan College of Engineering and Technology, Medavakkam-Mambakkam Road, Ponmar, Chennai 600048",CHENGALPET,SELF FINANCING COLLEGES TIER 3,CS,Computer Science and Engineering,59560.0,82602.0,100961.0,86864.0,89938.0,,,0,0,0,0,0,0,0,2021
1444,"Chendu College of Engineering and Technology, Zamin Endathur Village, Madurantakam Taluk, Chengalpattu District 603331",CHENGALPET,SELF FINANCING COLLEGES TIER 3,CE,CIVIL ENGINEERING,,,,,,,,0,0,0,0,0,0,0,2021
1444,"Chendu College of Engineering and Technology, Zamin Endathur Village, Madurantakam Taluk, Chengalpattu District 603331",CHENGALPET,SELF FINANCING COLLEGES TIER 3,CS,Computer Science and Engineering,136418.0,,,,,,,1,0,0,0,0,0,0,2021
1444,"Chendu College of Engineering and Technology, Zamin Endathur Village, Madurantakam Taluk, Chengalpattu District 603331",CHENGALPET,SELF FINANCING COLLEGES TIER 3,EC,ELECTRONICS AND COMMUNICATION ENGINEERING,113094.0,,,,,,,1,0,0,0,0,0,0,2021
1444,"Chendu College of Engineering and Technology, Zamin Endathur Village, Madurantakam Taluk, Chengalpattu District 603331",CHENGALPET,SELF FINANCING COLLEGES TIER 3,ME,Mechanical Engineering,131477.0,,,,,,,1,0,0,0,0,0,0,2021
1445,"Sri Rangapoopathi College of Engineering, Alampoondi Village, Gingee, Villupuram District 604151",VILUPPURAM,SELF FINANCING COLLEGES TIER 3,CE,CIVIL ENGINEERING,,,,,,,,0,0,0,0,0,0,0,2021
1445,"Sri Rangapoopathi College of Engineering, Alampoondi Village, Gingee, Villupuram District 604151",VILUPPURAM,SELF FINANCING COLLEGES TIER 3,CS,Computer Science and Engineering,136387.0,,,,,,,0,0,0,0,0,0,0,2021
1445,"Sri Rangapoopathi College of Engineering, Alampoondi Village, Gingee, Villupuram District 604151",VILUPPURAM,SELF FINANCING COLLEGES TIER 3,EC,ELECTRONICS AND COMMUNICATION ENGINEERING,,,,,,,,0,0,0,0,0,0,0,2021
1445,"Sri Rangapoopathi College of Engineering, Alampoondi Village, Gingee, Villupuram District 604151",VILUPPURAM,SELF FINANCING COLLEGES TIER 3,EE,Electrical and Electronics Engineering,,,,,,,,0,0,0,0,0,0,0,2021
1445,"Sri Rangapoopathi College of Engineering, Alampoondi Village, Gingee, Villupuram District 604151",VILUPPURAM,SELF FINANCING COLLEGES TIER 3,ME,Mechanical Engineering,,,,,,,,0,0,0,0,0,0,0,2021
1447,"Jawahar Engineering College, Kaveri Rangan Nagar, Saligramam, Chennai 600093",CHENNAI,SELF FINANCING COLLEGES TIER 3,EC,ELECTRONICS AND COMMUNICATION ENGINEERING,124882.0,,,,,,,1,0,0,0,0,0,0,2021
1447,"Jawahar Engineering College, Kaveri Rangan Nagar, Saligramam, Chennai 600093",CHENNAI,SELF FINANCING COLLEGES TIER 3,EE,Electrical and Electronics Engineering,,,,,,,,0,0,0,0,0,0,0,2021
1447,"Jawahar Engineering College, Kaveri Rangan Nagar, Saligramam, Chennai 600093",CHENNAI,SELF FINANCING COLLEGES TIER 3,IE,INDUSTRIAL ENGINEERING,,,,,,,,0,0,0,0,0,0,0,2021
1447,"Jawahar Engineering College, Kaveri Rangan Nagar, Saligramam, Chennai 600093",CHENNAI,SELF FINANCING COLLEGES TIER 3,IT,INFORMATION TECHNOLOGY,61823.0,109699.0,,128896.0,132804.0,,,0,0,0,0,1,0,0,2021
1447,"Jawahar Engineering College, Kaveri Rangan Nagar, Saligramam, Chennai 600093",CHENNAI,SELF FINANCING COLLEGES TIER 3,ME,Mechanical Engineering,115997.0,,,,,,,1,0,0,0,0,0,0,2021
1449,"Saraswathy College of Engineering and Technology, NH-45, Main Road, Olakkur, Tindivanam Taluk, Villupuram District 604307",VILUPPURAM,SELF FINANCING COLLEGES TIER 3,AG,Agricultural Engineering,125905.0,,,,,,,1,0,0,0,0,0,0,2021
1449,"Saraswathy College of Engineering and Technology, NH-45, Main Road, Olakkur, Tindivanam Taluk, Villupuram District 604307",VILUPPURAM,SELF FINANCING COLLEGES TIER 3,CE,CIVIL ENGINEERING,,,,,,,,0,0,0,0,0,0,0,2021
1449,"Saraswathy College of Engineering and Technology, NH-45, Main Road, Olakkur, Tindivanam Taluk, Villupuram District 604307",VILUPPURAM,SELF FINANCING COLLEGES TIER 3,CS,Computer Science and Engineering,133637.0,,,,,,,1,0,0,0,0,0,0,2021
1449,"Saraswathy College of Engineering and Technology, NH-45, Main Road, Olakkur, Tindivanam Taluk, Villupuram District 604307",VILUPPURAM,SELF FINANCING COLLEGES TIER 3,EC,ELECTRONICS AND COMMUNICATION ENGINEERING,128515.0,,,,,,,1,0,0,0,0,0,0,2021
1449,"Saraswathy College of Engineering and Technology, NH-45, Main Road, Olakkur, Tindivanam Taluk, Villupuram District 604307",VILUPPURAM,SELF FINANCING COLLEGES TIER 3,ME,Mechanical Engineering,,,,,,,,0,0,0,0,0,0,0,2021
1450,"Loyola ICAM College of Engineering and Technology, Loyola College Campus, Nungambakkam, Chennai 600034",CHENNAI,SELF FINANCING COLLEGES TIER 2,CS,Computer Science and Engineering,4192.0,6176.0,4327.0,,13621.0,68902.0,,0,0,0,0,0,0,0,2021
1450,"Loyola ICAM College of Engineering and Technology, Loyola College Campus, Nungambakkam, Chennai 600034",CHENNAI,SELF FINANCING COLLEGES TIER 2,EC,ELECTRONICS AND COMMUNICATION ENGINEERING,8862.0,11131.0,13122.0,23592.0,25674.0,93228.0,,0,0,0,0,0,0,0,2021
1450,"Loyola ICAM College of Engineering and Technology, Loyola College Campus, Nungambakkam, Chennai 600034",CHENNAI,SELF FINANCING COLLEGES TIER 2,EE,Electrical and Electronics Engineering,15742.0,23584.0,16852.0,41542.0,63222.0,,,0,0,0,0,0,0,0,2021
1450,"Loyola ICAM College of Engineering and Technology, Loyola College Campus, Nungambakkam, Chennai 600034",CHENNAI,SELF FINANCING COLLEGES TIER 2,IT,INFORMATION TECHNOLOGY,7380.0,10837.0,8399.0,8132.0,26313.0,45717.0,,0,0,0,0,0,0,0,2021
1450,"Loyola ICAM College of Engineering and Technology, Loyola College Campus, Nungambakkam, Chennai 600034",CHENNAI,SELF FINANCING COLLEGES TIER 2,ME,Mechanical Engineering,30079.0,40355.0,43758.0,31511.0,78963.0,,,0,0,0,0,0,0,0,2021
1452,"PERI Institute of Technology, Mannivakkam, West Tambaram, Chennai 600048",CHENGALPET,SELF FINANCING COLLEGES TIER 3,CE,CIVIL ENGINEERING,120120.0,,,,131862.0,,,0,0,0,0,1,0,0,2021
1452,"PERI Institute of Technology, Mannivakkam, West Tambaram, Chennai 600048",CHENGALPET,SELF FINANCING COLLEGES TIER 3,CS,Computer Science and Engineering,54709.0,78789.0,82312.0,74308.0,94507.0,,86426.0,0,0,0,0,0,0,0,2021
1452,"PERI Institute of Technology, Mannivakkam, West Tambaram, Chennai 600048",CHENGALPET,SELF FINANCING COLLEGES TIER 3,EC,ELECTRONICS AND COMMUNICATION ENGINEERING,71499.0,133006.0,95836.0,109607.0,110643.0,114658.0,110690.0,0,1,0,0,0,0,0,2021
1452,"PERI Institute of Technology, Mannivakkam, West Tambaram, Chennai 600048",CHENGALPET,SELF FINANCING COLLEGES TIER 3,EE,Electrical and Electronics Engineering,101149.0,,134627.0,111386.0,136920.0,,,0,0,0,0,1,0,0,2021
1452,"PERI Institute of Technology, Mannivakkam, West Tambaram, Chennai 600048",CHENGALPET,SELF FINANCING COLLEGES TIER 3,ME,Mechanical Engineering,123273.0,130298.0,,,128948.0,,,0,1,0,0,1,0,0,2021
1501,"Adhiparasakthi College of Engineering, Kalavai, Ranipet District 632506",RANIPET,SELF FINANCING COLLEGES TIER 3,CE,CIVIL ENGINEERING,132397.0,,,,,,,1,0,0,0,0,0,0,2021
1501,"Adhiparasakthi College of Engineering, Kalavai, Ranipet District 632506",RANIPET,SELF FINANCING COLLEGES TIER 3,CS,Computer Science and Engineering,82320.0,104450.0,115917.0,85780.0,134086.0,,,0,0,0,0,1,0,0,2021
1501,"Adhiparasakthi College of Engineering, Kalavai, Ranipet District 632506",RANIPET,SELF FINANCING COLLEGES TIER 3,EC,ELECTRONICS AND COMMUNICATION ENGINEERING,83735.0,132197.0,,,,,,0,1,0,0,0,0,0,2021
1501,"Adhiparasakthi College of Engineering, Kalavai, Ranipet District 632506",RANIPET,SELF FINANCING COLLEGES TIER 3,EE,Electrical and Electronics Engineering,127731.0,,,,,,,0,0,0,0,0,0,0,2021
1501,"Adhiparasakthi College of Engineering, Kalavai, Ranipet District 632506",RANIPET,SELF FINANCING COLLEGES TIER 3,IT,INFORMATION TECHNOLOGY,53822.0,94172.0,,102474.0,104281.0,,,0,0,0,0,1,0,0,2021
1501,"Adhiparasakthi College of Engineering, Kalavai, Ranipet District 632506",RANIPET,SELF FINANCING COLLEGES TIER 3,ME,Mechanical Engineering,134365.0,,,,,,,1,0,0,0,0,0,0,2021
1503,"Arulmigu Meenakshi Amman College of Engineering, Vadamavandal,Thiruvannamalai District 604410",THIRUVANNAMALAI,SELF FINANCING COLLEGES TIER 3,BT,BIO TECHNOLOGY,135320.0,,,,,,,1,0,0,0,0,0,0,2021
1503,"Arulmigu Meenakshi Amman College of Engineering, Vadamavandal,Thiruvannamalai District 604410",THIRUVANNAMALAI,SELF FINANCING COLLEGES TIER 3,CE,CIVIL ENGINEERING,135590.0,,,,,,,1,0,0,0,0,0,0,2021
1503,"Arulmigu Meenakshi Amman College of Engineering, Vadamavandal,Thiruvannamalai District 604410",THIRUVANNAMALAI,SELF FINANCING COLLEGES TIER 3,CH,CHEMICAL ENGINEERING,130667.0,,,,,,,1,0,0,0,0,0,0,2021
1503,"Arulmigu Meenakshi Amman College of Engineering, Vadamavandal,Thiruvannamalai District 604410",THIRUVANNAMALAI,SELF FINANCING COLLEGES TIER 3,CS,Computer Science and Engineering,118382.0,125993.0,,,,,,0,1,0,0,0,0,0,2021
1503,"Arulmigu Meenakshi Amman College of Engineering, Vadamavandal,Thiruvannamalai District 604410",THIRUVANNAMALAI,SELF FINANCING COLLEGES TIER 3,EC,ELECTRONICS AND COMMUNICATION ENGINEERING,,,,,,,,0,0,0,0,0,0,0,2021
1503,"Arulmigu Meenakshi Amman College of Engineering, Vadamavandal,Thiruvannamalai District 604410",THIRUVANNAMALAI,SELF FINANCING COLLEGES TIER 3,EE,Electrical and Electronics Engineering,,,,,,,,0,0,0,0,0,0,0,2021
1503,"Arulmigu Meenakshi Amman College of Engineering, Vadamavandal,Thiruvannamalai District 604410",THIRUVANNAMALAI,SELF FINANCING COLLEGES TIER 3,IC,INSTRUMENTATION AND CONTROL ENGINEERING,,,,,,,,0,0,0,0,0,0,0,2021
1503,"Arulmigu Meenakshi Amman College of Engineering, Vadamavandal,Thiruvannamalai District 604410",THIRUVANNAMALAI,SELF FINANCING COLLEGES TIER 3,IT,INFORMATION TECHNOLOGY,91724.0,133515.0,,,,,,0,0,0,0,0,0,0,2021
1503,"Arulmigu Meenakshi Amman College of Engineering, Vadamavandal,Thiruvannamalai District 604410",THIRUVANNAMALAI,SELF FINANCING COLLEGES TIER 3,ME,Mechanical Engineering,134750.0,,,,,,,1,0,0,0,0,0,0,2021
1504,"Arunai Engineering College, Mathur, Thiruvannamalai District 606603",THIRUVANNAMALAI,SELF FINANCING COLLEGES TIER 3,BT,BIO TECHNOLOGY,53999.0,85587.0,,,125560.0,,,0,0,0,0,1,0,0,2021
1504,"Arunai Engineering College, Mathur, Thiruvannamalai District 606603",THIRUVANNAMALAI,SELF FINANCING COLLEGES TIER 3,CE,CIVIL ENGINEERING,134381.0,,,,,,,0,1,0,0,0,0,0,2021
1504,"Arunai Engineering College, Mathur, Thiruvannamalai District 606603",THIRUVANNAMALAI,SELF FINANCING COLLEGES TIER 3,CH,CHEMICAL ENGINEERING,108376.0,134728.0,,,,,,0,1,0,0,0,0,0,2021
1504,"Arunai Engineering College, Mathur, Thiruvannamalai District 606603",THIRUVANNAMALAI,SELF FINANCING COLLEGES TIER 3,CS,Computer Science and Engineering,46363.0,66816.0,83220.0,104327.0,136161.0,,,0,0,0,0,0,0,0,2021
1504,"Arunai Engineering College, Mathur, Thiruvannamalai District 606603",THIRUVANNAMALAI,SELF FINANCING COLLEGES TIER 3,EC,ELECTRONICS AND COMMUNICATION ENGINEERING,67370.0,83359.0,68913.0,109218.0,133120.0,,,0,0,0,0,1,0,0,2021
1504,"Arunai Engineering College, Mathur, Thiruvannamalai District 606603",THIRUVANNAMALAI,SELF FINANCING COLLEGES TIER 3,EE,Electrical and Electronics Engineering,65392.0,104802.0,,126219.0,121914.0,,,0,0,0,0,1,0,0,2021
1504,"Arunai Engineering College, Mathur, Thiruvannamalai District 606603",THIRUVANNAMALAI,SELF FINANCING COLLEGES TIER 3,IT,INFORMATION TECHNOLOGY,43055.0,62443.0,67378.0,80711.0,119071.0,49667.0,,0,0,0,0,0,0,0,2021
1504,"Arunai Engineering College, Mathur, Thiruvannamalai District 606603",THIRUVANNAMALAI,SELF FINANCING COLLEGES TIER 3,ME,Mechanical Engineering,88367.0,133699.0,107856.0,,114759.0,,,0,1,1,0,1,0,0,2021
1505,"C Abdul Hakeem College of Engineering and Technology, Melvisharam, Ranipet District 632509",RANIPET,SELF FINANCING COLLEGES TIER 3,CE,CIVIL ENGINEERING,133155.0,,,,,,,1,0,0,0,0,0,0,2021
1505,"C Abdul Hakeem College of Engineering and Technology, Melvisharam, Ranipet District 632509",RANIPET,SELF FINANCING COLLEGES TIER 3,CS,Computer Science and Engineering,44431.0,93931.0,49229.0,125134.0,135333.0,,,0,0,0,0,1,0,0,2021
1505,"C Abdul Hakeem College of Engineering and Technology, Melvisharam, Ranipet District 632509",RANIPET,SELF FINANCING COLLEGES TIER 3,EC,ELECTRONICS AND COMMUNICATION ENGINEERING,92360.0,124858.0,117181.0,,,,,0,0,0,0,0,0,0,2021
1505,"C Abdul Hakeem College of Engineering and Technology, Melvisharam, Ranipet District 632509",RANIPET,SELF FINANCING COLLEGES TIER 3,EE,Electrical and Electronics Engineering,99429.0,121050.0,128361.0,,124129.0,,,0,1,0,0,1,0,0,2021
1505,"C Abdul Hakeem College of Engineering and Technology, Melvisharam, Ranipet District 632509",RANIPET,SELF FINANCING COLLEGES TIER 3,IT,INFORMATION TECHNOLOGY,65373.0,94261.0,72613.0,112687.0,110267.0,,,0,0,0,0,1,0,0,2021
1505,"C Abdul Hakeem College of Engineering and Technology, Melvisharam, Ranipet District 632509",RANIPET,SELF FINANCING COLLEGES TIER 3,ME,Mechanical Engineering,131596.0,,,,,,,1,0,0,0,0,0,0,2021
1507,"Ganadipathy Tulsiâ€™s Jain Engineering College, Kaniyambadi, Vellore District 632102",VELLORE,SELF FINANCING COLLEGES TIER 3,CS,Computer Science and Engineering,81122.0,124842.0,,95694.0,103921.0,90379.0,,0,0,0,0,0,0,0,2021
1507,"Ganadipathy Tulsiâ€™s Jain Engineering College, Kaniyambadi, Vellore District 632102",VELLORE,SELF FINANCING COLLEGES TIER 3,EC,ELECTRONICS AND COMMUNICATION ENGINEERING,133789.0,,,,,,,0,0,0,0,0,0,0,2021
1507,"Ganadipathy Tulsiâ€™s Jain Engineering College, Kaniyambadi, Vellore District 632102",VELLORE,SELF FINANCING COLLEGES TIER 3,EE,Electrical and Electronics Engineering,132954.0,,,,,,,1,0,0,0,0,0,0,2021
1507,"Ganadipathy Tulsiâ€™s Jain Engineering College, Kaniyambadi, Vellore District 632102",VELLORE,SELF FINANCING COLLEGES TIER 3,IT,INFORMATION TECHNOLOGY,83628.0,100410.0,,,135385.0,,,0,0,0,0,1,0,0,2021
1507,"Ganadipathy Tulsiâ€™s Jain Engineering College, Kaniyambadi, Vellore District 632102",VELLORE,SELF FINANCING COLLEGES TIER 3,ME,Mechanical Engineering,129765.0,,,,,,,1,0,0,0,0,0,0,2021
1509,"Meenakshi College of Engineering, Vembuliamman Koil Street, K K Nagar (West), Chennai 600078",CHENNAI,SELF FINANCING COLLEGES TIER 3,CE,CIVIL ENGINEERING,119028.0,,,,,,,1,0,0,0,0,0,0,2021
1509,"Meenakshi College of Engineering, Vembuliamman Koil Street, K K Nagar (West), Chennai 600078",CHENNAI,SELF FINANCING COLLEGES TIER 3,CS,Computer Science and Engineering,40904.0,48068.0,71509.0,67347.0,106756.0,,,0,0,0,0,0,0,0,2021
1509,"Meenakshi College of Engineering, Vembuliamman Koil Street, K K Nagar (West), Chennai 600078",CHENNAI,SELF FINANCING COLLEGES TIER 3,EC,ELECTRONICS AND COMMUNICATION ENGINEERING,71948.0,103710.0,88536.0,90798.0,130006.0,,,0,0,0,0,1,0,0,2021
1509,"Meenakshi College of Engineering, Vembuliamman Koil Street, K K Nagar (West), Chennai 600078",CHENNAI,SELF FINANCING COLLEGES TIER 3,EE,Electrical and Electronics Engineering,123982.0,131350.0,,131421.0,133563.0,,,0,1,0,0,1,0,0,2021
1509,"Meenakshi College of Engineering, Vembuliamman Koil Street, K K Nagar (West), Chennai 600078",CHENNAI,SELF FINANCING COLLEGES TIER 3,EI,ELECTRONICS AND INSTRUMENTATION ENGINEERING,129417.0,,,,,,,0,0,0,0,0,0,0,2021
1509,"Meenakshi College of Engineering, Vembuliamman Koil Street, K K Nagar (West), Chennai 600078",CHENNAI,SELF FINANCING COLLEGES TIER 3,IT,INFORMATION TECHNOLOGY,51653.0,62183.0,56523.0,67100.0,98766.0,,,0,0,0,0,0,0,0,2021
1509,"Meenakshi College of Engineering, Vembuliamman Koil Street, K K Nagar (West), Chennai 600078",CHENNAI,SELF FINANCING COLLEGES TIER 3,ME,Mechanical Engineering,134925.0,,,,,,,1,0,0,0,0,0,0,2021
1510,"Priyadarshini Engineering College, Vaniyambadi Post, Thiruppattur District 635751",THIRUPATHUR,SELF FINANCING COLLEGES TIER 3,CE,CIVIL ENGINEERING,135553.0,,,,,,,1,0,0,0,0,0,0,2021
1510,"Priyadarshini Engineering College, Vaniyambadi Post, Thiruppattur District 635751",THIRUPATHUR,SELF FINANCING COLLEGES TIER 3,CS,Computer Science and Engineering,92329.0,136058.0,127467.0,125658.0,125899.0,111874.0,,0,1,1,1,0,0,0,2021
1510,"Priyadarshini Engineering College, Vaniyambadi Post, Thiruppattur District 635751",THIRUPATHUR,SELF FINANCING COLLEGES TIER 3,EC,ELECTRONICS AND COMMUNICATION ENGINEERING,136856.0,,,,,,,1,0,0,0,0,0,0,2021
1510,"Priyadarshini Engineering College, Vaniyambadi Post, Thiruppattur District 635751",THIRUPATHUR,SELF FINANCING COLLEGES TIER 3,EE,Electrical and Electronics Engineering,130330.0,,,,,,,0,0,0,0,0,0,0,2021
1510,"Priyadarshini Engineering College, Vaniyambadi Post, Thiruppattur District 635751",THIRUPATHUR,SELF FINANCING COLLEGES TIER 3,ME,Mechanical Engineering,136365.0,,,,,,,1,0,0,0,0,0,0,2021
1511,"Ranipettai Engineering College, Thenkadappanthangal, Ranipet District 632513",VELLORE,SELF FINANCING COLLEGES TIER 3,CE,CIVIL ENGINEERING,136500.0,,,,,,,1,0,0,0,0,0,0,2021
1511,"Ranipettai Engineering College, Thenkadappanthangal, Ranipet District 632513",VELLORE,SELF FINANCING COLLEGES TIER 3,CS,Computer Science and Engineering,62349.0,,,,,,,1,0,0,0,0,0,0,2021
1511,"Ranipettai Engineering College, Thenkadappanthangal, Ranipet District 632513",VELLORE,SELF FINANCING COLLEGES TIER 3,EC,ELECTRONICS AND COMMUNICATION ENGINEERING,,,,,,,,0,0,0,0,0,0,0,2021
1511,"Ranipettai Engineering College, Thenkadappanthangal, Ranipet District 632513",VELLORE,SELF FINANCING COLLEGES TIER 3,EE,Electrical and Electronics Engineering,,,,,,,,0,0,0,0,0,0,0,2021
1511,"Ranipettai Engineering College, Thenkadappanthangal, Ranipet District 632513",VELLORE,SELF FINANCING COLLEGES TIER 3,ME,Mechanical Engineering,116734.0,,,,,,,1,0,0,0,0,0,0,2021
1512,"S K P Engineering College, Thiruvannamalai District 606611",THIRUVANNAMALAI,SELF FINANCING COLLEGES TIER 3,CE,CIVIL ENGINEERING,,,,,,,,0,0,0,0,0,0,0,2021
1512,"S K P Engineering College, Thiruvannamalai District 606611",THIRUVANNAMALAI,SELF FINANCING COLLEGES TIER 3,CS,Computer Science and Engineering,121553.0,130359.0,,,,,,0,1,0,0,0,0,0,2021
1512,"S K P Engineering College, Thiruvannamalai District 606611",THIRUVANNAMALAI,SELF FINANCING COLLEGES TIER 3,EC,ELECTRONICS AND COMMUNICATION ENGINEERING,132191.0,,,,,,,1,0,0,0,0,0,0,2021
1512,"S K P Engineering College, Thiruvannamalai District 606611",THIRUVANNAMALAI,SELF FINANCING COLLEGES TIER 3,EE,Electrical and Electronics Engineering,125518.0,,,,,,,1,0,0,0,0,0,0,2021
1512,"S K P Engineering College, Thiruvannamalai District 606611",THIRUVANNAMALAI,SELF FINANCING COLLEGES TIER 3,IT,INFORMATION TECHNOLOGY,127243.0,,136181.0,,,,,0,0,0,0,0,0,0,2021
1512,"S K P Engineering College, Thiruvannamalai District 606611",THIRUVANNAMALAI,SELF FINANCING COLLEGES TIER 3,ME,Mechanical Engineering,127739.0,,,,,,,1,0,0,0,0,0,0,2021
1512,"S K P Engineering College, Thiruvannamalai District 606611",THIRUVANNAMALAI,SELF FINANCING COLLEGES TIER 3,RM,ROBOTICS AND AUTOMATION,,,,,,,,0,0,0,0,0,0,0,2021
1513,"Sri Balaji Chockalingam Engineering College, Arni, Thiruvannamalai District 632317",THIRUVANNAMALAI,SELF FINANCING COLLEGES TIER 3,CE,CIVIL ENGINEERING,120211.0,,,,,,,1,0,0,0,0,0,0,2021
1513,"Sri Balaji Chockalingam Engineering College, Arni, Thiruvannamalai District 632317",THIRUVANNAMALAI,SELF FINANCING COLLEGES TIER 3,CS,Computer Science and Engineering,98196.0,128444.0,,,130259.0,121046.0,,0,1,0,0,1,0,0,2021
1513,"Sri Balaji Chockalingam Engineering College, Arni, Thiruvannamalai District 632317",THIRUVANNAMALAI,SELF FINANCING COLLEGES TIER 3,EC,ELECTRONICS AND COMMUNICATION ENGINEERING,110136.0,,,,,,,1,0,0,0,0,0,0,2021
1513,"Sri Balaji Chockalingam Engineering College, Arni, Thiruvannamalai District 632317",THIRUVANNAMALAI,SELF FINANCING COLLEGES TIER 3,EE,Electrical and Electronics Engineering,134876.0,,,,,,,1,0,0,0,0,0,0,2021
1513,"Sri Balaji Chockalingam Engineering College, Arni, Thiruvannamalai District 632317",THIRUVANNAMALAI,SELF FINANCING COLLEGES TIER 3,IT,INFORMATION TECHNOLOGY,84463.0,111983.0,123528.0,,118694.0,,,0,1,1,0,1,0,0,2021
1513,"Sri Balaji Chockalingam Engineering College, Arni, Thiruvannamalai District 632317",THIRUVANNAMALAI,SELF FINANCING COLLEGES TIER 3,ME,Mechanical Engineering,131224.0,,,,,,,1,0,0,0,0,0,0,2021
1517,"Thirumalai Engineering College, Kilambi, Kancheepuram District 631551",KANCHEEPURAM,SELF FINANCING COLLEGES TIER 3,CE,CIVIL ENGINEERING,89138.0,,,,,,,1,0,0,0,0,0,0,2021
1517,"Thirumalai Engineering College, Kilambi, Kancheepuram District 631551",KANCHEEPURAM,SELF FINANCING COLLEGES TIER 3,CS,Computer Science and Engineering,136819.0,,,,,,,1,0,0,0,0,0,0,2021
1517,"Thirumalai Engineering College, Kilambi, Kancheepuram District 631551",KANCHEEPURAM,SELF FINANCING COLLEGES TIER 3,EC,ELECTRONICS AND COMMUNICATION ENGINEERING,,,,,,,,0,0,0,0,0,0,0,2021
1517,"Thirumalai Engineering College, Kilambi, Kancheepuram District 631551",KANCHEEPURAM,SELF FINANCING COLLEGES TIER 3,EE,Electrical and Electronics Engineering,134720.0,,,,,,,1,0,0,0,0,0,0,2021
1517,"Thirumalai Engineering College, Kilambi, Kancheepuram District 631551",KANCHEEPURAM,SELF FINANCING COLLEGES TIER 3,IT,INFORMATION TECHNOLOGY,107590.0,133586.0,,,133666.0,,,0,1,0,0,1,0,0,2021
1517,"Thirumalai Engineering College, Kilambi, Kancheepuram District 631551",KANCHEEPURAM,SELF FINANCING COLLEGES TIER 3,ME,Mechanical Engineering,136585.0,,,,,,,1,0,0,0,0,0,0,2021
1518,"Thiruvalluvar College of Engineering and Technology, Vandavasi, Thiruvannamalai District 604505",THIRUVANNAMALAI,SELF FINANCING COLLEGES TIER 3,AE,AERONAUTICAL ENGINEERING,61674.0,,,,,,,1,0,0,0,0,0,0,2021
1518,"Thiruvalluvar College of Engineering and Technology, Vandavasi, Thiruvannamalai District 604505",THIRUVANNAMALAI,SELF FINANCING COLLEGES TIER 3,AU,AUTOMOBILE ENGINEERING,,,,,,,,0,0,0,0,0,0,0,2021
1518,"Thiruvalluvar College of Engineering and Technology, Vandavasi, Thiruvannamalai District 604505",THIRUVANNAMALAI,SELF FINANCING COLLEGES TIER 3,CE,CIVIL ENGINEERING,,,,,,,,0,0,0,0,0,0,0,2021
1518,"Thiruvalluvar College of Engineering and Technology, Vandavasi, Thiruvannamalai District 604505",THIRUVANNAMALAI,SELF FINANCING COLLEGES TIER 3,CS,Computer Science and Engineering,126850.0,,,,,,,1,0,0,0,0,0,0,2021
1518,"Thiruvalluvar College of Engineering and Technology, Vandavasi, Thiruvannamalai District 604505",THIRUVANNAMALAI,SELF FINANCING COLLEGES TIER 3,EC,ELECTRONICS AND COMMUNICATION ENGINEERING,134648.0,,,,,,,1,0,0,0,0,0,0,2021
1518,"Thiruvalluvar College of Engineering and Technology, Vandavasi, Thiruvannamalai District 604505",THIRUVANNAMALAI,SELF FINANCING COLLEGES TIER 3,EE,Electrical and Electronics Engineering,126941.0,,,,,,,1,0,0,0,0,0,0,2021
1518,"Thiruvalluvar College of Engineering and Technology, Vandavasi, Thiruvannamalai District 604505",THIRUVANNAMALAI,SELF FINANCING COLLEGES TIER 3,EI,ELECTRONICS AND INSTRUMENTATION ENGINEERING,,,,,,,,0,0,0,0,0,0,0,2021
1518,"Thiruvalluvar College of Engineering and Technology, Vandavasi, Thiruvannamalai District 604505",THIRUVANNAMALAI,SELF FINANCING COLLEGES TIER 3,IT,INFORMATION TECHNOLOGY,131852.0,,,,133349.0,,,0,0,0,0,1,0,0,2021
1518,"Thiruvalluvar College of Engineering and Technology, Vandavasi, Thiruvannamalai District 604505",THIRUVANNAMALAI,SELF FINANCING COLLEGES TIER 3,ME,Mechanical Engineering,135889.0,,,,,,,1,0,0,0,0,0,0,2021
1519,"Bharathidasan Engineering College, Nattrampalli Post, Thiruppathur District 635854",THIRUPATHUR,SELF FINANCING COLLEGES TIER 3,CE,CIVIL ENGINEERING,133034.0,,,,,,,1,0,0,0,0,0,0,2021
1519,"Bharathidasan Engineering College, Nattrampalli Post, Thiruppathur District 635854",THIRUPATHUR,SELF FINANCING COLLEGES TIER 3,CS,Computer Science and Engineering,111933.0,134680.0,131671.0,121606.0,126550.0,127252.0,,0,1,0,0,0,0,0,2021
1519,"Bharathidasan Engineering College, Nattrampalli Post, Thiruppathur District 635854",THIRUPATHUR,SELF FINANCING COLLEGES TIER 3,EC,ELECTRONICS AND COMMUNICATION ENGINEERING,134448.0,,,,,,,0,0,0,0,0,0,0,2021
1519,"Bharathidasan Engineering College, Nattrampalli Post, Thiruppathur District 635854",THIRUPATHUR,SELF FINANCING COLLEGES TIER 3,EE,Electrical and Electronics Engineering,134427.0,,,,,,,1,0,0,0,0,0,0,2021
1519,"Bharathidasan Engineering College, Nattrampalli Post, Thiruppathur District 635854",THIRUPATHUR,SELF FINANCING COLLEGES TIER 3,IT,INFORMATION TECHNOLOGY,102393.0,130739.0,,,128077.0,,,0,1,0,0,0,0,0,2021
1519,"Bharathidasan Engineering College, Nattrampalli Post, Thiruppathur District 635854",THIRUPATHUR,SELF FINANCING COLLEGES TIER 3,ME,Mechanical Engineering,134368.0,,,,,,,1,0,0,0,0,0,0,2021
1520,"Kingston Engineering College, Chithoor Main Road, Christianpet Village, Katpadi Taluk, Vellore District 632059",VELLORE,SELF FINANCING COLLEGES TIER 3,CE,CIVIL ENGINEERING,77216.0,,,,,,,1,0,0,0,0,0,0,2021
1520,"Kingston Engineering College, Chithoor Main Road, Christianpet Village, Katpadi Taluk, Vellore District 632059",VELLORE,SELF FINANCING COLLEGES TIER 3,CS,Computer Science and Engineering,61577.0,87335.0,118628.0,130987.0,136639.0,,,0,0,1,0,1,0,0,2021
1520,"Kingston Engineering College, Chithoor Main Road, Christianpet Village, Katpadi Taluk, Vellore District 632059",VELLORE,SELF FINANCING COLLEGES TIER 3,EC,ELECTRONICS AND COMMUNICATION ENGINEERING,95535.0,127729.0,130626.0,,,,,0,0,0,0,0,0,0,2021
1520,"Kingston Engineering College, Chithoor Main Road, Christianpet Village, Katpadi Taluk, Vellore District 632059",VELLORE,SELF FINANCING COLLEGES TIER 3,EE,Electrical and Electronics Engineering,132278.0,,,,,,,1,0,0,0,0,0,0,2021
1520,"Kingston Engineering College, Chithoor Main Road, Christianpet Village, Katpadi Taluk, Vellore District 632059",VELLORE,SELF FINANCING COLLEGES TIER 3,IT,INFORMATION TECHNOLOGY,56226.0,98102.0,,64046.0,134877.0,,,0,0,0,0,1,0,0,2021
1520,"Kingston Engineering College, Chithoor Main Road, Christianpet Village, Katpadi Taluk, Vellore District 632059",VELLORE,SELF FINANCING COLLEGES TIER 3,ME,Mechanical Engineering,135468.0,,,,,,,1,0,0,0,0,0,0,2021
1523,"Global Institute of Engineering and Technology, Bangalore-Chennai Highway, Melvisharam, Walajah Taluk, Ranipet District 632506",RANIPET,SELF FINANCING COLLEGES TIER 3,AU,AUTOMOBILE ENGINEERING,131437.0,,,,134936.0,,,0,0,0,0,0,0,0,2021
1523,"Global Institute of Engineering and Technology, Bangalore-Chennai Highway, Melvisharam, Walajah Taluk, Ranipet District 632506",RANIPET,SELF FINANCING COLLEGES TIER 3,CE,CIVIL ENGINEERING,134439.0,,,,,,,1,0,0,0,0,0,0,2021
1523,"Global Institute of Engineering and Technology, Bangalore-Chennai Highway, Melvisharam, Walajah Taluk, Ranipet District 632506",RANIPET,SELF FINANCING COLLEGES TIER 3,CS,Computer Science and Engineering,84935.0,115870.0,,96752.0,132294.0,,,0,0,0,0,1,0,0,2021
1523,"Global Institute of Engineering and Technology, Bangalore-Chennai Highway, Melvisharam, Walajah Taluk, Ranipet District 632506",RANIPET,SELF FINANCING COLLEGES TIER 3,EC,ELECTRONICS AND COMMUNICATION ENGINEERING,123620.0,132301.0,133511.0,,,125685.0,,0,1,0,0,0,0,0,2021
1523,"Global Institute of Engineering and Technology, Bangalore-Chennai Highway, Melvisharam, Walajah Taluk, Ranipet District 632506",RANIPET,SELF FINANCING COLLEGES TIER 3,EE,Electrical and Electronics Engineering,134596.0,,,,,,,0,0,0,0,0,0,0,2021
1523,"Global Institute of Engineering and Technology, Bangalore-Chennai Highway, Melvisharam, Walajah Taluk, Ranipet District 632506",RANIPET,SELF FINANCING COLLEGES TIER 3,IT,INFORMATION TECHNOLOGY,75286.0,121877.0,118567.0,114117.0,120692.0,,,0,0,0,0,1,0,0,2021
1523,"Global Institute of Engineering and Technology, Bangalore-Chennai Highway, Melvisharam, Walajah Taluk, Ranipet District 632506",RANIPET,SELF FINANCING COLLEGES TIER 3,ME,Mechanical Engineering,134758.0,,,,,,,0,0,0,0,0,0,0,2021
1523,"Global Institute of Engineering and Technology, Bangalore-Chennai Highway, Melvisharam, Walajah Taluk, Ranipet District 632506",RANIPET,SELF FINANCING COLLEGES TIER 3,PE,PETROLEUM ENGINEERING,110950.0,,,,,,,1,0,0,0,0,0,0,2021
1524,"Annamalaiar College of Engineering, Modaiyur Village, Polur Taluk, Thiruvannamalai District 606902",THIRUVANNAMALAI,SELF FINANCING COLLEGES TIER 3,CE,CIVIL ENGINEERING,,,,,,,,0,0,0,0,0,0,0,2021
1524,"Annamalaiar College of Engineering, Modaiyur Village, Polur Taluk, Thiruvannamalai District 606902",THIRUVANNAMALAI,SELF FINANCING COLLEGES TIER 3,CS,Computer Science and Engineering,134716.0,,,,,,,1,0,0,0,0,0,0,2021
1524,"Annamalaiar College of Engineering, Modaiyur Village, Polur Taluk, Thiruvannamalai District 606902",THIRUVANNAMALAI,SELF FINANCING COLLEGES TIER 3,EC,ELECTRONICS AND COMMUNICATION ENGINEERING,135846.0,,,,,,,1,0,0,0,0,0,0,2021
1524,"Annamalaiar College of Engineering, Modaiyur Village, Polur Taluk, Thiruvannamalai District 606902",THIRUVANNAMALAI,SELF FINANCING COLLEGES TIER 3,EE,Electrical and Electronics Engineering,115952.0,,,,,,,1,0,0,0,0,0,0,2021
1524,"Annamalaiar College of Engineering, Modaiyur Village, Polur Taluk, Thiruvannamalai District 606902",THIRUVANNAMALAI,SELF FINANCING COLLEGES TIER 3,ME,Mechanical Engineering,129911.0,,,,,,,1,0,0,0,0,0,0,2021
1525,"Podhigai College of Engineering and Technology, Vinayakapuram, Adiyur Post, Tirupattur District 635601",THIRUPATHUR,SELF FINANCING COLLEGES TIER 3,CE,CIVIL ENGINEERING,136166.0,,,,,,,1,0,0,0,0,0,0,2021
1525,"Podhigai College of Engineering and Technology, Vinayakapuram, Adiyur Post, Tirupattur District 635601",THIRUPATHUR,SELF FINANCING COLLEGES TIER 3,CS,Computer Science and Engineering,120061.0,123196.0,133950.0,128716.0,136798.0,,,0,1,0,0,1,0,0,2021
1525,"Podhigai College of Engineering and Technology, Vinayakapuram, Adiyur Post, Tirupattur District 635601",THIRUPATHUR,SELF FINANCING COLLEGES TIER 3,EC,ELECTRONICS AND COMMUNICATION ENGINEERING,94785.0,,,,,,,1,0,0,0,0,0,0,2021
1525,"Podhigai College of Engineering and Technology, Vinayakapuram, Adiyur Post, Tirupattur District 635601",THIRUPATHUR,SELF FINANCING COLLEGES TIER 3,EE,Electrical and Electronics Engineering,132267.0,,,,,,,1,0,0,0,0,0,0,2021
1525,"Podhigai College of Engineering and Technology, Vinayakapuram, Adiyur Post, Tirupattur District 635601",THIRUPATHUR,SELF FINANCING COLLEGES TIER 3,ME,Mechanical Engineering,134940.0,,,,,,,1,0,0,0,0,0,0,2021
1526,"Sri Krishna College of Engineering, Tiruttani High Road, Arakkonam, Ranipet District 631003",RANIPET,SELF FINANCING COLLEGES TIER 3,CE,CIVIL ENGINEERING,,,,,,,,0,0,0,0,0,0,0,2021
1526,"Sri Krishna College of Engineering, Tiruttani High Road, Arakkonam, Ranipet District 631003",RANIPET,SELF FINANCING COLLEGES TIER 3,CS,Computer Science and Engineering,109316.0,,134431.0,,,,,0,0,0,0,0,0,0,2021
1526,"Sri Krishna College of Engineering, Tiruttani High Road, Arakkonam, Ranipet District 631003",RANIPET,SELF FINANCING COLLEGES TIER 3,EC,ELECTRONICS AND COMMUNICATION ENGINEERING,74941.0,,,,,,,1,0,0,0,0,0,0,2021
1526,"Sri Krishna College of Engineering, Tiruttani High Road, Arakkonam, Ranipet District 631003",RANIPET,SELF FINANCING COLLEGES TIER 3,EE,Electrical and Electronics Engineering,36226.0,,,,,,,1,0,0,0,0,0,0,2021
1526,"Sri Krishna College of Engineering, Tiruttani High Road, Arakkonam, Ranipet District 631003",RANIPET,SELF FINANCING COLLEGES TIER 3,ME,Mechanical Engineering,,,,,,,,0,0,0,0,0,0,0,2021
1529,"Oxford College of Engineering, Venmani Village, Karaipoondi Post, Polur Taluk, Thiruvannamalai District 606803",THIRUVANNAMALAI,SELF FINANCING COLLEGES TIER 3,CE,CIVIL ENGINEERING,127719.0,,,,,,,1,0,0,0,0,0,0,2021
1529,"Oxford College of Engineering, Venmani Village, Karaipoondi Post, Polur Taluk, Thiruvannamalai District 606803",THIRUVANNAMALAI,SELF FINANCING COLLEGES TIER 3,CS,Computer Science and Engineering,81212.0,,,,,,,1,0,0,0,0,0,0,2021
1529,"Oxford College of Engineering, Venmani Village, Karaipoondi Post, Polur Taluk, Thiruvannamalai District 606803",THIRUVANNAMALAI,SELF FINANCING COLLEGES TIER 3,EC,ELECTRONICS AND COMMUNICATION ENGINEERING,,,,,,,,0,0,0,0,0,0,0,2021
1529,"Oxford College of Engineering, Venmani Village, Karaipoondi Post, Polur Taluk, Thiruvannamalai District 606803",THIRUVANNAMALAI,SELF FINANCING COLLEGES TIER 3,EE,Electrical and Electronics Engineering,,,,,,,,0,0,0,0,0,0,0,2021
1529,"Oxford College of Engineering, Venmani Village, Karaipoondi Post, Polur Taluk, Thiruvannamalai District 606803",THIRUVANNAMALAI,SELF FINANCING COLLEGES TIER 3,ME,Mechanical Engineering,,,,,,,,0,0,0,0,0,0,0,2021
1605,"Idhaya Engineering College for Women, Chinnasalem, Kallakkurichi District 606201",KALLAKURICHI,SELF FINANCING COLLEGES TIER 3,CS,Computer Science and Engineering,73152.0,135957.0,101010.0,136375.0,107139.0,,,0,1,0,0,1,0,0,2021
1605,"Idhaya Engineering College for Women, Chinnasalem, Kallakkurichi District 606201",KALLAKURICHI,SELF FINANCING COLLEGES TIER 3,EC,ELECTRONICS AND COMMUNICATION ENGINEERING,134860.0,,,,,,,1,0,0,0,0,0,0,2021
1605,"Idhaya Engineering College for Women, Chinnasalem, Kallakkurichi District 606201",KALLAKURICHI,SELF FINANCING COLLEGES TIER 3,EE,Electrical and Electronics Engineering,73525.0,,,,,,,1,0,0,0,0,0,0,2021
1605,"Idhaya Engineering College for Women, Chinnasalem, Kallakkurichi District 606201",KALLAKURICHI,SELF FINANCING COLLEGES TIER 3,IT,INFORMATION TECHNOLOGY,132650.0,,,,,,,0,0,0,0,0,0,0,2021
2302,"Sri Shanmugha College of Engineering and Technology, Morur Bit II Village, Salem District 637302",SALEM,SELF FINANCING COLLEGES TIER 3,AD,Artificial Intelligence and Data Science,86849.0,128668.0,,87168.0,123994.0,117898.0,,0,1,0,0,1,0,0,2021
2302,"Sri Shanmugha College of Engineering and Technology, Morur Bit II Village, Salem District 637302",SALEM,SELF FINANCING COLLEGES TIER 3,AG,Agricultural Engineering,89064.0,101821.0,,,136397.0,115878.0,,0,1,0,0,1,0,0,2021
2302,"Sri Shanmugha College of Engineering and Technology, Morur Bit II Village, Salem District 637302",SALEM,SELF FINANCING COLLEGES TIER 3,BM,BIO MEDICAL ENGINEERING,94017.0,136851.0,,135963.0,136570.0,118751.0,,0,1,0,1,1,0,0,2021
2302,"Sri Shanmugha College of Engineering and Technology, Morur Bit II Village, Salem District 637302",SALEM,SELF FINANCING COLLEGES TIER 3,CS,Computer Science and Engineering,63825.0,112956.0,,,132953.0,102088.0,,0,0,0,0,1,0,0,2021
2302,"Sri Shanmugha College of Engineering and Technology, Morur Bit II Village, Salem District 637302",SALEM,SELF FINANCING COLLEGES TIER 3,EC,ELECTRONICS AND COMMUNICATION ENGINEERING,127148.0,129788.0,,,130237.0,129632.0,,0,1,0,0,1,0,0,2021
2302,"Sri Shanmugha College of Engineering and Technology, Morur Bit II Village, Salem District 637302",SALEM,SELF FINANCING COLLEGES TIER 3,IT,INFORMATION TECHNOLOGY,77176.0,131443.0,,136179.0,135060.0,115601.0,,0,1,0,1,1,1,0,2021
2302,"Sri Shanmugha College of Engineering and Technology, Morur Bit II Village, Salem District 637302",SALEM,SELF FINANCING COLLEGES TIER 3,ME,Mechanical Engineering,136046.0,,,,,,,1,0,0,0,0,0,0,2021
2314,"Muthayammal College of Engineering, Kakkaveri Post, Namakkal District 637408",NAMAKKAL,SELF FINANCING COLLEGES TIER 3,AD,Artificial Intelligence and Data Science,104195.0,133658.0,,111740.0,129936.0,,116790.0,0,1,0,0,1,0,0,2021
2314,"Muthayammal College of Engineering, Kakkaveri Post, Namakkal District 637408",NAMAKKAL,SELF FINANCING COLLEGES TIER 3,AG,Agricultural Engineering,108784.0,124968.0,,130029.0,130653.0,,116385.0,0,1,0,1,1,0,0,2021
2314,"Muthayammal College of Engineering, Kakkaveri Post, Namakkal District 637408",NAMAKKAL,SELF FINANCING COLLEGES TIER 3,CS,Computer Science and Engineering,79015.0,104328.0,,81285.0,131761.0,98936.0,111058.0,0,0,0,0,0,0,0,2021
2314,"Muthayammal College of Engineering, Kakkaveri Post, Namakkal District 637408",NAMAKKAL,SELF FINANCING COLLEGES TIER 3,EC,ELECTRONICS AND COMMUNICATION ENGINEERING,88857.0,131278.0,,120658.0,129361.0,112537.0,,0,0,0,0,0,0,0,2021
2314,"Muthayammal College of Engineering, Kakkaveri Post, Namakkal District 637408",NAMAKKAL,SELF FINANCING COLLEGES TIER 3,EE,Electrical and Electronics Engineering,114586.0,127088.0,,128533.0,136178.0,,,0,1,0,0,1,0,0,2021
2327,"N S N College of Engineering and Technology, Karur-Madurai NH7, Manalmedu, Karur District 639003",KARUR,SELF FINANCING COLLEGES TIER 3,CE,CIVIL ENGINEERING,,,,,,,,0,0,0,0,0,0,0,2021
2327,"N S N College of Engineering and Technology, Karur-Madurai NH7, Manalmedu, Karur District 639003",KARUR,SELF FINANCING COLLEGES TIER 3,CS,Computer Science and Engineering,101214.0,128200.0,,113778.0,121098.0,104897.0,,0,1,0,0,0,0,0,2021
2327,"N S N College of Engineering and Technology, Karur-Madurai NH7, Manalmedu, Karur District 639003",KARUR,SELF FINANCING COLLEGES TIER 3,EC,ELECTRONICS AND COMMUNICATION ENGINEERING,135159.0,,,,,,,0,0,0,0,0,0,0,2021
2327,"N S N College of Engineering and Technology, Karur-Madurai NH7, Manalmedu, Karur District 639003",KARUR,SELF FINANCING COLLEGES TIER 3,EE,Electrical and Electronics Engineering,129881.0,,,,,,,1,0,0,0,0,0,0,2021
2327,"N S N College of Engineering and Technology, Karur-Madurai NH7, Manalmedu, Karur District 639003",KARUR,SELF FINANCING COLLEGES TIER 3,ME,Mechanical Engineering,134771.0,,,,,,,1,0,0,0,0,0,0,2021
2328,"K S R Institute for Engineering and Technology, Thokkavadi, Namakkal District 637215",NAMAKKAL,SELF FINANCING COLLEGES TIER 3,BM,BIO MEDICAL ENGINEERING,68589.0,114792.0,113300.0,104736.0,118681.0,69646.0,,0,0,0,0,0,0,0,2021
2328,"K S R Institute for Engineering and Technology, Thokkavadi, Namakkal District 637215",NAMAKKAL,SELF FINANCING COLLEGES TIER 3,CS,Computer Science and Engineering,46700.0,72846.0,106988.0,58477.0,109634.0,,,0,0,0,0,1,0,0,2021
2328,"K S R Institute for Engineering and Technology, Thokkavadi, Namakkal District 637215",NAMAKKAL,SELF FINANCING COLLEGES TIER 3,EC,ELECTRONICS AND COMMUNICATION ENGINEERING,52604.0,85152.0,,81247.0,126354.0,125150.0,,0,0,0,0,1,0,0,2021
2328,"K S R Institute for Engineering and Technology, Thokkavadi, Namakkal District 637215",NAMAKKAL,SELF FINANCING COLLEGES TIER 3,EE,Electrical and Electronics Engineering,84996.0,110193.0,,119430.0,,,,0,0,0,0,0,0,0,2021
2328,"K S R Institute for Engineering and Technology, Thokkavadi, Namakkal District 637215",NAMAKKAL,SELF FINANCING COLLEGES TIER 3,IT,INFORMATION TECHNOLOGY,66620.0,82906.0,128099.0,88697.0,115670.0,72289.0,,0,0,0,0,0,0,0,2021
2328,"K S R Institute for Engineering and Technology, Thokkavadi, Namakkal District 637215",NAMAKKAL,SELF FINANCING COLLEGES TIER 3,ME,Mechanical Engineering,107305.0,128567.0,,116726.0,126191.0,,,0,1,0,0,1,0,0,2021
2329,"Rathinam Technical Campus, Pollachi Road, Eachanari, Coimbatore District 641021",COIMBATORE,SELF FINANCING COLLEGES TIER 3,AD,Artificial Intelligence and Data Science,44576.0,56635.0,72264.0,67649.0,126080.0,,,0,0,0,0,0,0,0,2021
2329,"Rathinam Technical Campus, Pollachi Road, Eachanari, Coimbatore District 641021",COIMBATORE,SELF FINANCING COLLEGES TIER 3,AG,Agricultural Engineering,59807.0,95436.0,,100570.0,82550.0,,,0,0,0,0,1,0,0,2021
2329,"Rathinam Technical Campus, Pollachi Road, Eachanari, Coimbatore District 641021",COIMBATORE,SELF FINANCING COLLEGES TIER 3,BM,BIO MEDICAL ENGINEERING,73521.0,92977.0,76666.0,80032.0,127678.0,110072.0,,0,0,0,0,1,0,0,2021
2329,"Rathinam Technical Campus, Pollachi Road, Eachanari, Coimbatore District 641021",COIMBATORE,SELF FINANCING COLLEGES TIER 3,BT,BIO TECHNOLOGY,35057.0,74179.0,89003.0,60289.0,82948.0,,,0,0,0,0,0,0,0,2021
2329,"Rathinam Technical Campus, Pollachi Road, Eachanari, Coimbatore District 641021",COIMBATORE,SELF FINANCING COLLEGES TIER 3,CS,Computer Science and Engineering,46863.0,56849.0,73755.0,69303.0,110644.0,88859.0,72464.0,0,0,0,0,0,0,0,2021
2329,"Rathinam Technical Campus, Pollachi Road, Eachanari, Coimbatore District 641021",COIMBATORE,SELF FINANCING COLLEGES TIER 3,EC,ELECTRONICS AND COMMUNICATION ENGINEERING,58138.0,62961.0,68167.0,61071.0,107594.0,,,0,0,0,0,1,0,0,2021
2329,"Rathinam Technical Campus, Pollachi Road, Eachanari, Coimbatore District 641021",COIMBATORE,SELF FINANCING COLLEGES TIER 3,IT,INFORMATION TECHNOLOGY,43209.0,59748.0,53768.0,63564.0,103178.0,83961.0,,0,0,0,0,0,0,0,2021
2329,"Rathinam Technical Campus, Pollachi Road, Eachanari, Coimbatore District 641021",COIMBATORE,SELF FINANCING COLLEGES TIER 3,ME,Mechanical Engineering,94636.0,115938.0,108079.0,,131782.0,,,0,0,0,0,1,0,0,2021
2329,"Rathinam Technical Campus, Pollachi Road, Eachanari, Coimbatore District 641021",COIMBATORE,SELF FINANCING COLLEGES TIER 3,XS,COMPUTER SCIENCE AND ENGINEERING (TAMIL),92701.0,121969.0,,,136906.0,125849.0,,0,0,0,0,1,1,0,2021
2332,"Aishwarya College of Engineering and Technology, Errattaikaradu Paruvachi Post, Anthiyur (Via), Bhavani Taluk, Erode District 638312",ERODE,SELF FINANCING COLLEGES TIER 3,CE,CIVIL ENGINEERING,,,,,,,,0,0,0,0,0,0,0,2021
2332,"Aishwarya College of Engineering and Technology, Errattaikaradu Paruvachi Post, Anthiyur (Via), Bhavani Taluk, Erode District 638312",ERODE,SELF FINANCING COLLEGES TIER 3,CS,Computer Science and Engineering,69823.0,,,,,,,1,0,0,0,0,0,0,2021
2332,"Aishwarya College of Engineering and Technology, Errattaikaradu Paruvachi Post, Anthiyur (Via), Bhavani Taluk, Erode District 638312",ERODE,SELF FINANCING COLLEGES TIER 3,EC,ELECTRONICS AND COMMUNICATION ENGINEERING,,,,,,,,0,0,0,0,0,0,0,2021
2332,"Aishwarya College of Engineering and Technology, Errattaikaradu Paruvachi Post, Anthiyur (Via), Bhavani Taluk, Erode District 638312",ERODE,SELF FINANCING COLLEGES TIER 3,EE,Electrical and Electronics Engineering,,,,,,,,0,0,0,0,0,0,0,2021
2332,"Aishwarya College of Engineering and Technology, Errattaikaradu Paruvachi Post, Anthiyur (Via), Bhavani Taluk, Erode District 638312",ERODE,SELF FINANCING COLLEGES TIER 3,ME,Mechanical Engineering,,,,,,,,0,0,0,0,0,0,0,2021
2338,"Asian College of Engineering and Technology, Asian College Road, Kondayampalayam, Near Saravanampatti, Coimbatore District 641110",COIMBATORE,SELF FINANCING COLLEGES TIER 3,AG,Agricultural Engineering,118322.0,135774.0,,,132948.0,126835.0,,0,1,0,0,1,0,0,2021
2338,"Asian College of Engineering and Technology, Asian College Road, Kondayampalayam, Near Saravanampatti, Coimbatore District 641110",COIMBATORE,SELF FINANCING COLLEGES TIER 3,BM,BIO MEDICAL ENGINEERING,98335.0,125121.0,121720.0,,136230.0,126150.0,,0,1,1,0,0,1,0,2021
2338,"Asian College of Engineering and Technology, Asian College Road, Kondayampalayam, Near Saravanampatti, Coimbatore District 641110",COIMBATORE,SELF FINANCING COLLEGES TIER 3,CS,Computer Science and Engineering,121580.0,,,,128681.0,,,0,0,0,0,0,0,0,2021
2338,"Asian College of Engineering and Technology, Asian College Road, Kondayampalayam, Near Saravanampatti, Coimbatore District 641110",COIMBATORE,SELF FINANCING COLLEGES TIER 3,EE,Electrical and Electronics Engineering,136614.0,,,,,,,1,0,0,0,0,0,0,2021
2338,"Asian College of Engineering and Technology, Asian College Road, Kondayampalayam, Near Saravanampatti, Coimbatore District 641110",COIMBATORE,SELF FINANCING COLLEGES TIER 3,ME,Mechanical Engineering,134256.0,,,,,,,1,0,0,0,0,0,0,2021
2341,"Ganesh College of Engineering, Attur Main Road, Mettupatti, Salem District 636111",SALEM,SELF FINANCING COLLEGES TIER 3,BM,BIO MEDICAL ENGINEERING,133231.0,,,,,,,1,0,0,0,0,0,0,2021
2341,"Ganesh College of Engineering, Attur Main Road, Mettupatti, Salem District 636111",SALEM,SELF FINANCING COLLEGES TIER 3,CE,CIVIL ENGINEERING,,,,,,,,0,0,0,0,0,0,0,2021
2341,"Ganesh College of Engineering, Attur Main Road, Mettupatti, Salem District 636111",SALEM,SELF FINANCING COLLEGES TIER 3,CS,Computer Science and Engineering,136708.0,,,,,,,1,0,0,0,0,0,0,2021
2341,"Ganesh College of Engineering, Attur Main Road, Mettupatti, Salem District 636111",SALEM,SELF FINANCING COLLEGES TIER 3,EC,ELECTRONICS AND COMMUNICATION ENGINEERING,134924.0,,,,,,,1,0,0,0,0,0,0,2021
2341,"Ganesh College of Engineering, Attur Main Road, Mettupatti, Salem District 636111",SALEM,SELF FINANCING COLLEGES TIER 3,EE,Electrical and Electronics Engineering,136049.0,,,,,,,1,0,0,0,0,0,0,2021
2341,"Ganesh College of Engineering, Attur Main Road, Mettupatti, Salem District 636111",SALEM,SELF FINANCING COLLEGES TIER 3,ME,Mechanical Engineering,133756.0,,,,,,,1,0,0,0,0,0,0,2021
2342,"Sri Ranganathar Institute of Engineering and Technology, Thudialur-Kovilpalay Road, Coimbatore District 641110",COIMBATORE,SELF FINANCING COLLEGES TIER 3,CE,CIVIL ENGINEERING,119125.0,,,,,,,1,0,0,0,0,0,0,2021
2342,"Sri Ranganathar Institute of Engineering and Technology, Thudialur-Kovilpalay Road, Coimbatore District 641110",COIMBATORE,SELF FINANCING COLLEGES TIER 3,CS,Computer Science and Engineering,76421.0,90381.0,,,130385.0,98392.0,,0,0,0,0,0,0,0,2021
2342,"Sri Ranganathar Institute of Engineering and Technology, Thudialur-Kovilpalay Road, Coimbatore District 641110",COIMBATORE,SELF FINANCING COLLEGES TIER 3,EC,ELECTRONICS AND COMMUNICATION ENGINEERING,96412.0,133306.0,97367.0,103555.0,129770.0,,,0,1,1,0,1,0,0,2021
2342,"Sri Ranganathar Institute of Engineering and Technology, Thudialur-Kovilpalay Road, Coimbatore District 641110",COIMBATORE,SELF FINANCING COLLEGES TIER 3,EE,Electrical and Electronics Engineering,119040.0,127590.0,,,121057.0,,,0,1,0,0,1,0,0,2021
2342,"Sri Ranganathar Institute of Engineering and Technology, Thudialur-Kovilpalay Road, Coimbatore District 641110",COIMBATORE,SELF FINANCING COLLEGES TIER 3,ME,Mechanical Engineering,116023.0,132874.0,,,132224.0,136426.0,,0,1,0,0,1,1,0,2021
2345,"Dhirajlal Gandhi College of Technology, Sikkanampatty, (Opp. to Airport), Omalur Taluk, Salem District 636309",SALEM,SELF FINANCING COLLEGES TIER 3,AD,Artificial Intelligence and Data Science,92969.0,134392.0,105962.0,115286.0,129852.0,,,0,1,1,0,1,0,0,2021
2345,"Dhirajlal Gandhi College of Technology, Sikkanampatty, (Opp. to Airport), Omalur Taluk, Salem District 636309",SALEM,SELF FINANCING COLLEGES TIER 3,AG,Agricultural Engineering,120484.0,,,,,,,0,0,0,0,0,0,0,2021
2345,"Dhirajlal Gandhi College of Technology, Sikkanampatty, (Opp. to Airport), Omalur Taluk, Salem District 636309",SALEM,SELF FINANCING COLLEGES TIER 3,CE,CIVIL ENGINEERING,129296.0,,,,,,,1,0,0,0,0,0,0,2021
2345,"Dhirajlal Gandhi College of Technology, Sikkanampatty, (Opp. to Airport), Omalur Taluk, Salem District 636309",SALEM,SELF FINANCING COLLEGES TIER 3,CS,Computer Science and Engineering,58366.0,121878.0,126154.0,134752.0,135429.0,130371.0,,0,0,0,0,0,1,0,2021
2345,"Dhirajlal Gandhi College of Technology, Sikkanampatty, (Opp. to Airport), Omalur Taluk, Salem District 636309",SALEM,SELF FINANCING COLLEGES TIER 3,EC,ELECTRONICS AND COMMUNICATION ENGINEERING,114574.0,135454.0,,,116142.0,,,0,1,0,0,1,0,0,2021
2345,"Dhirajlal Gandhi College of Technology, Sikkanampatty, (Opp. to Airport), Omalur Taluk, Salem District 636309",SALEM,SELF FINANCING COLLEGES TIER 3,EE,Electrical and Electronics Engineering,85738.0,112702.0,,,,,,0,1,0,0,0,0,0,2021
2345,"Dhirajlal Gandhi College of Technology, Sikkanampatty, (Opp. to Airport), Omalur Taluk, Salem District 636309",SALEM,SELF FINANCING COLLEGES TIER 3,ME,Mechanical Engineering,136002.0,,,,,,,1,0,0,0,0,0,0,2021
2346,"Shree Sathyam College of Engineering and Technology, NH-47, Manjakkalpatti, Kuppanur Post, Sankari Taluk, Salem District 637301",SALEM,SELF FINANCING COLLEGES TIER 3,CE,CIVIL ENGINEERING,111842.0,,,,,,,1,0,0,0,0,0,0,2021
2346,"Shree Sathyam College of Engineering and Technology, NH-47, Manjakkalpatti, Kuppanur Post, Sankari Taluk, Salem District 637301",SALEM,SELF FINANCING COLLEGES TIER 3,CS,Computer Science and Engineering,131865.0,136629.0,,,134158.0,133847.0,,0,1,0,0,1,0,0,2021
2346,"Shree Sathyam College of Engineering and Technology, NH-47, Manjakkalpatti, Kuppanur Post, Sankari Taluk, Salem District 637301",SALEM,SELF FINANCING COLLEGES TIER 3,EC,ELECTRONICS AND COMMUNICATION ENGINEERING,,,,,,,,0,0,0,0,0,0,0,2021
2346,"Shree Sathyam College of Engineering and Technology, NH-47, Manjakkalpatti, Kuppanur Post, Sankari Taluk, Salem District 637301",SALEM,SELF FINANCING COLLEGES TIER 3,EE,Electrical and Electronics Engineering,103878.0,,,,,,,1,0,0,0,0,0,0,2021
2346,"Shree Sathyam College of Engineering and Technology, NH-47, Manjakkalpatti, Kuppanur Post, Sankari Taluk, Salem District 637301",SALEM,SELF FINANCING COLLEGES TIER 3,ME,Mechanical Engineering,,,,,,,,0,0,0,0,0,0,0,2021
2347,"AVS College of Technology, Attur Main Road, Near AVS College of Arts & Science, Chinnagoundapuram, Salem District 636106",SALEM,SELF FINANCING COLLEGES TIER 3,AG,Agricultural Engineering,86775.0,118670.0,,,128252.0,92097.0,87707.0,0,1,0,0,1,0,0,2021
2347,"AVS College of Technology, Attur Main Road, Near AVS College of Arts & Science, Chinnagoundapuram, Salem District 636106",SALEM,SELF FINANCING COLLEGES TIER 3,CS,Computer Science and Engineering,70147.0,103634.0,120747.0,74654.0,118673.0,124433.0,,0,0,1,0,0,1,0,2021
2347,"AVS College of Technology, Attur Main Road, Near AVS College of Arts & Science, Chinnagoundapuram, Salem District 636106",SALEM,SELF FINANCING COLLEGES TIER 3,EC,ELECTRONICS AND COMMUNICATION ENGINEERING,84915.0,133046.0,,96956.0,122518.0,,84946.0,0,1,0,0,1,0,0,2021
2347,"AVS College of Technology, Attur Main Road, Near AVS College of Arts & Science, Chinnagoundapuram, Salem District 636106",SALEM,SELF FINANCING COLLEGES TIER 3,EE,Electrical and Electronics Engineering,99958.0,129352.0,,118104.0,136526.0,,105321.0,0,1,0,1,1,0,0,2021
2347,"AVS College of Technology, Attur Main Road, Near AVS College of Arts & Science, Chinnagoundapuram, Salem District 636106",SALEM,SELF FINANCING COLLEGES TIER 3,ME,Mechanical Engineering,121993.0,,,,136799.0,,,0,0,0,0,1,0,0,2021
2349,"Dhaanish Ahmed Institute of Technology, Pichanur Post, (Near K G Chavadi), Coimbatore District 641105",COIMBATORE,SELF FINANCING COLLEGES TIER 3,AD,Artificial Intelligence and Data Science,104378.0,124252.0,112162.0,,119489.0,,,0,1,0,0,1,0,0,2021
2349,"Dhaanish Ahmed Institute of Technology, Pichanur Post, (Near K G Chavadi), Coimbatore District 641105",COIMBATORE,SELF FINANCING COLLEGES TIER 3,BM,BIO MEDICAL ENGINEERING,98859.0,127859.0,112337.0,100600.0,110988.0,99134.0,,0,1,0,0,1,1,0,2021
2349,"Dhaanish Ahmed Institute of Technology, Pichanur Post, (Near K G Chavadi), Coimbatore District 641105",COIMBATORE,SELF FINANCING COLLEGES TIER 3,CS,Computer Science and Engineering,85837.0,126132.0,96399.0,,134324.0,,,0,1,0,0,1,0,0,2021
2349,"Dhaanish Ahmed Institute of Technology, Pichanur Post, (Near K G Chavadi), Coimbatore District 641105",COIMBATORE,SELF FINANCING COLLEGES TIER 3,FD,FOOD TECHNOLOGY,134464.0,,,,,,,0,0,0,0,0,0,0,2021
2349,"Dhaanish Ahmed Institute of Technology, Pichanur Post, (Near K G Chavadi), Coimbatore District 641105",COIMBATORE,SELF FINANCING COLLEGES TIER 3,RM,ROBOTICS AND AUTOMATION,129026.0,,,,,,,1,0,0,0,0,0,0,2021
2350,"Jairupaa College of Engineering, Thottiapalayam, Kathankanni Post, Kangayam, Tiruppur District 641 604",TIRUPPUR,SELF FINANCING COLLEGES TIER 3,CE,CIVIL ENGINEERING,136951.0,,,,136952.0,,,0,0,0,0,1,0,0,2021
2350,"Jairupaa College of Engineering, Thottiapalayam, Kathankanni Post, Kangayam, Tiruppur District 641 604",TIRUPPUR,SELF FINANCING COLLEGES TIER 3,CS,Computer Science and Engineering,136848.0,,,,,,,1,0,0,0,0,0,0,2021
2350,"Jairupaa College of Engineering, Thottiapalayam, Kathankanni Post, Kangayam, Tiruppur District 641 604",TIRUPPUR,SELF FINANCING COLLEGES TIER 3,EC,ELECTRONICS AND COMMUNICATION ENGINEERING,136871.0,,,,,,,1,0,0,0,0,0,0,2021
2350,"Jairupaa College of Engineering, Thottiapalayam, Kathankanni Post, Kangayam, Tiruppur District 641 604",TIRUPPUR,SELF FINANCING COLLEGES TIER 3,EE,Electrical and Electronics Engineering,136873.0,,,,,,,1,0,0,0,0,0,0,2021
2350,"Jairupaa College of Engineering, Thottiapalayam, Kathankanni Post, Kangayam, Tiruppur District 641 604",TIRUPPUR,SELF FINANCING COLLEGES TIER 3,ME,Mechanical Engineering,136957.0,,,,,,,1,0,0,0,0,0,0,2021
2354,"Pollachi Institute of Engineering and Technology, Main Road, Poosaripatti, Pollachi Taluk, Coimbatore District 642205",COIMBATORE,SELF FINANCING COLLEGES TIER 3,CE,CIVIL ENGINEERING,,,,,,,,0,0,0,0,0,0,0,2021
2354,"Pollachi Institute of Engineering and Technology, Main Road, Poosaripatti, Pollachi Taluk, Coimbatore District 642205",COIMBATORE,SELF FINANCING COLLEGES TIER 3,CS,Computer Science and Engineering,60183.0,92709.0,,68231.0,135528.0,64790.0,61918.0,0,0,0,0,0,0,0,2021
2354,"Pollachi Institute of Engineering and Technology, Main Road, Poosaripatti, Pollachi Taluk, Coimbatore District 642205",COIMBATORE,SELF FINANCING COLLEGES TIER 3,EC,ELECTRONICS AND COMMUNICATION ENGINEERING,101547.0,129850.0,,,,119727.0,,0,1,0,0,0,0,0,2021
2354,"Pollachi Institute of Engineering and Technology, Main Road, Poosaripatti, Pollachi Taluk, Coimbatore District 642205",COIMBATORE,SELF FINANCING COLLEGES TIER 3,EE,Electrical and Electronics Engineering,65363.0,,,,,,,1,0,0,0,0,0,0,2021
2354,"Pollachi Institute of Engineering and Technology, Main Road, Poosaripatti, Pollachi Taluk, Coimbatore District 642205",COIMBATORE,SELF FINANCING COLLEGES TIER 3,ME,Mechanical Engineering,136022.0,,,,,,,0,0,0,0,0,0,0,2021
2355,"Cheran College of Engineering, Karur-Coimbatore Main Road, NH-67, K.Paramathi Post, Aravakurichi Taluk, Karur District 639111",KARUR,SELF FINANCING COLLEGES TIER 3,CE,CIVIL ENGINEERING,,,,,,,,0,0,0,0,0,0,0,2021
2355,"Cheran College of Engineering, Karur-Coimbatore Main Road, NH-67, K.Paramathi Post, Aravakurichi Taluk, Karur District 639111",KARUR,SELF FINANCING COLLEGES TIER 3,CS,Computer Science and Engineering,57450.0,,,,,,,1,0,0,0,0,0,0,2021
2355,"Cheran College of Engineering, Karur-Coimbatore Main Road, NH-67, K.Paramathi Post, Aravakurichi Taluk, Karur District 639111",KARUR,SELF FINANCING COLLEGES TIER 3,EC,ELECTRONICS AND COMMUNICATION ENGINEERING,,,,,,,,0,0,0,0,0,0,0,2021
2355,"Cheran College of Engineering, Karur-Coimbatore Main Road, NH-67, K.Paramathi Post, Aravakurichi Taluk, Karur District 639111",KARUR,SELF FINANCING COLLEGES TIER 3,EE,Electrical and Electronics Engineering,,,,,,,,0,0,0,0,0,0,0,2021
2355,"Cheran College of Engineering, Karur-Coimbatore Main Road, NH-67, K.Paramathi Post, Aravakurichi Taluk, Karur District 639111",KARUR,SELF FINANCING COLLEGES TIER 3,ME,Mechanical Engineering,,,,,,,,0,0,0,0,0,0,0,2021
2356,"Arulmurugan College of Engineering, Karvazhi Road, Thennilai Post, Karur District 639206",KARUR,SELF FINANCING COLLEGES TIER 3,CE,CIVIL ENGINEERING,,,,,,,,0,0,0,0,0,0,0,2021
2356,"Arulmurugan College of Engineering, Karvazhi Road, Thennilai Post, Karur District 639206",KARUR,SELF FINANCING COLLEGES TIER 3,CS,Computer Science and Engineering,,,,,,,,0,0,0,0,0,0,0,2021
2356,"Arulmurugan College of Engineering, Karvazhi Road, Thennilai Post, Karur District 639206",KARUR,SELF FINANCING COLLEGES TIER 3,EC,ELECTRONICS AND COMMUNICATION ENGINEERING,,,,,,,,0,0,0,0,0,0,0,2021
2356,"Arulmurugan College of Engineering, Karvazhi Road, Thennilai Post, Karur District 639206",KARUR,SELF FINANCING COLLEGES TIER 3,EE,Electrical and Electronics Engineering,91688.0,,,,,,,1,0,0,0,0,0,0,2021
2356,"Arulmurugan College of Engineering, Karvazhi Road, Thennilai Post, Karur District 639206",KARUR,SELF FINANCING COLLEGES TIER 3,ME,Mechanical Engineering,64874.0,,,,,,,1,0,0,0,0,0,0,2021
2357,"V S B College of Engineering Technical Campus, Ealur Pirivu, Solavampalayam Post, Coimbatore District 642109",COIMBATORE,SELF FINANCING COLLEGES TIER 3,AD,Artificial Intelligence and Data Science,43080.0,61146.0,84573.0,55837.0,127833.0,121159.0,,0,0,0,0,0,0,0,2021
2357,"V S B College of Engineering Technical Campus, Ealur Pirivu, Solavampalayam Post, Coimbatore District 642109",COIMBATORE,SELF FINANCING COLLEGES TIER 3,AG,Agricultural Engineering,32888.0,50696.0,43941.0,65664.0,124746.0,110695.0,,0,0,1,0,0,0,0,2021
2357,"V S B College of Engineering Technical Campus, Ealur Pirivu, Solavampalayam Post, Coimbatore District 642109",COIMBATORE,SELF FINANCING COLLEGES TIER 3,CE,CIVIL ENGINEERING,93288.0,127150.0,,127814.0,124794.0,,,0,0,0,0,1,0,0,2021
2357,"V S B College of Engineering Technical Campus, Ealur Pirivu, Solavampalayam Post, Coimbatore District 642109",COIMBATORE,SELF FINANCING COLLEGES TIER 3,CS,Computer Science and Engineering,56812.0,71525.0,72977.0,70194.0,127062.0,90238.0,96774.0,0,0,0,0,0,0,0,2021
2357,"V S B College of Engineering Technical Campus, Ealur Pirivu, Solavampalayam Post, Coimbatore District 642109",COIMBATORE,SELF FINANCING COLLEGES TIER 3,EC,ELECTRONICS AND COMMUNICATION ENGINEERING,56074.0,75814.0,121177.0,78020.0,133400.0,89763.0,,0,0,0,0,1,0,0,2021
2357,"V S B College of Engineering Technical Campus, Ealur Pirivu, Solavampalayam Post, Coimbatore District 642109",COIMBATORE,SELF FINANCING COLLEGES TIER 3,EE,Electrical and Electronics Engineering,66889.0,123350.0,,112944.0,135432.0,79386.0,,0,0,0,0,0,0,0,2021
2357,"V S B College of Engineering Technical Campus, Ealur Pirivu, Solavampalayam Post, Coimbatore District 642109",COIMBATORE,SELF FINANCING COLLEGES TIER 3,IT,INFORMATION TECHNOLOGY,60821.0,73758.0,70244.0,68555.0,122960.0,131174.0,,0,0,0,0,0,0,0,2021
2357,"V S B College of Engineering Technical Campus, Ealur Pirivu, Solavampalayam Post, Coimbatore District 642109",COIMBATORE,SELF FINANCING COLLEGES TIER 3,ME,Mechanical Engineering,99201.0,122855.0,114343.0,117090.0,133882.0,,,0,0,0,0,1,0,0,2021
2360,"Suguna College of Engineering, Kalappatti Road, Civil Aerodrome Post, Coimbatore District 641014",COIMBATORE,SELF FINANCING COLLEGES TIER 3,CS,Computer Science and Engineering,83894.0,131662.0,,115650.0,134979.0,125744.0,,0,1,0,0,1,0,0,2021
2360,"Suguna College of Engineering, Kalappatti Road, Civil Aerodrome Post, Coimbatore District 641014",COIMBATORE,SELF FINANCING COLLEGES TIER 3,EC,ELECTRONICS AND COMMUNICATION ENGINEERING,118155.0,,,,,,,1,0,0,0,0,0,0,2021
2360,"Suguna College of Engineering, Kalappatti Road, Civil Aerodrome Post, Coimbatore District 641014",COIMBATORE,SELF FINANCING COLLEGES TIER 3,ME,Mechanical Engineering,133732.0,,,,,,,1,0,0,0,0,0,0,2021
2360,"Suguna College of Engineering, Kalappatti Road, Civil Aerodrome Post, Coimbatore District 641014",COIMBATORE,SELF FINANCING COLLEGES TIER 3,MZ,Mechatronics Engineering,131378.0,,,,,,,1,0,0,0,0,0,0,2021
2367,"Arjun College of Technology, Chettiyakkapalayam, Kinathukadavu, Coimbatore District 642120",COIMBATORE,SELF FINANCING COLLEGES TIER 3,AD,Artificial Intelligence and Data Science,131598.0,,,,,,,1,0,0,0,0,0,0,2021
2367,"Arjun College of Technology, Chettiyakkapalayam, Kinathukadavu, Coimbatore District 642120",COIMBATORE,SELF FINANCING COLLEGES TIER 3,CB,COMPUTER SCIENCE AND BUSSINESS SYSTEM,135824.0,,,,,,,1,0,0,0,0,0,0,2021
2367,"Arjun College of Technology, Chettiyakkapalayam, Kinathukadavu, Coimbatore District 642120",COIMBATORE,SELF FINANCING COLLEGES TIER 3,CE,CIVIL ENGINEERING,112004.0,,,,,,,1,0,0,0,0,0,0,2021
2367,"Arjun College of Technology, Chettiyakkapalayam, Kinathukadavu, Coimbatore District 642120",COIMBATORE,SELF FINANCING COLLEGES TIER 3,CS,Computer Science and Engineering,130736.0,,,,,,,0,0,0,0,0,0,0,2021
2367,"Arjun College of Technology, Chettiyakkapalayam, Kinathukadavu, Coimbatore District 642120",COIMBATORE,SELF FINANCING COLLEGES TIER 3,EC,ELECTRONICS AND COMMUNICATION ENGINEERING,73020.0,,,,,,,1,0,0,0,0,0,0,2021
2367,"Arjun College of Technology, Chettiyakkapalayam, Kinathukadavu, Coimbatore District 642120",COIMBATORE,SELF FINANCING COLLEGES TIER 3,ME,Mechanical Engineering,111621.0,,,,,,,1,0,0,0,0,0,0,2021
2377,"PSG Institute of Technology and Applied Research, Avinashi Road, Neelambur, Coimbatore 641062",COIMBATORE,SELF FINANCING COLLEGES TIER 1,CE,CIVIL ENGINEERING,13363.0,16337.0,15589.0,20553.0,41308.0,63325.0,,0,0,0,0,0,0,0,2021
2377,"PSG Institute of Technology and Applied Research, Avinashi Road, Neelambur, Coimbatore 641062",COIMBATORE,SELF FINANCING COLLEGES TIER 1,CS,Computer Science and Engineering,1701.0,2124.0,4200.0,2921.0,13704.0,,,0,0,0,0,0,0,0,2021
2377,"PSG Institute of Technology and Applied Research, Avinashi Road, Neelambur, Coimbatore 641062",COIMBATORE,SELF FINANCING COLLEGES TIER 1,EC,ELECTRONICS AND COMMUNICATION ENGINEERING,2556.0,3007.0,4859.0,2650.0,16406.0,14843.0,21090.0,0,0,0,0,0,0,0,2021
2377,"PSG Institute of Technology and Applied Research, Avinashi Road, Neelambur, Coimbatore 641062",COIMBATORE,SELF FINANCING COLLEGES TIER 1,EE,Electrical and Electronics Engineering,4020.0,5468.0,6873.0,4626.0,25171.0,29831.0,71803.0,0,0,0,0,0,0,0,2021
2377,"PSG Institute of Technology and Applied Research, Avinashi Road, Neelambur, Coimbatore 641062",COIMBATORE,SELF FINANCING COLLEGES TIER 1,ME,Mechanical Engineering,7908.0,10112.0,11536.0,8073.0,41911.0,43938.0,,0,0,0,0,0,0,0,2021
2601,"Adhiyamaan College of Engineering (Autonomous), Hosur, Krishnagiri District 635109",KRISHNAGIRI,SELF FINANCING COLLEGES TIER 3,AE,AERONAUTICAL ENGINEERING,130260.0,,,,,,,0,0,0,0,0,0,0,2021
2601,"Adhiyamaan College of Engineering (Autonomous), Hosur, Krishnagiri District 635109",KRISHNAGIRI,SELF FINANCING COLLEGES TIER 3,BM,BIO MEDICAL ENGINEERING,61378.0,127744.0,69461.0,126629.0,83410.0,,,0,1,0,0,1,0,0,2021
2601,"Adhiyamaan College of Engineering (Autonomous), Hosur, Krishnagiri District 635109",KRISHNAGIRI,SELF FINANCING COLLEGES TIER 3,BT,BIO TECHNOLOGY,49380.0,84676.0,73846.0,95883.0,136624.0,,,0,0,1,0,1,0,0,2021
2601,"Adhiyamaan College of Engineering (Autonomous), Hosur, Krishnagiri District 635109",KRISHNAGIRI,SELF FINANCING COLLEGES TIER 3,CE,CIVIL ENGINEERING,135183.0,,,,,,,1,0,0,0,0,0,0,2021
2601,"Adhiyamaan College of Engineering (Autonomous), Hosur, Krishnagiri District 635109",KRISHNAGIRI,SELF FINANCING COLLEGES TIER 3,CH,CHEMICAL ENGINEERING,93922.0,135443.0,94715.0,129234.0,,,,0,1,0,1,0,0,0,2021
2601,"Adhiyamaan College of Engineering (Autonomous), Hosur, Krishnagiri District 635109",KRISHNAGIRI,SELF FINANCING COLLEGES TIER 3,CS,Computer Science and Engineering,35916.0,49947.0,80374.0,41060.0,121681.0,129467.0,,0,0,0,0,0,1,0,2021
2601,"Adhiyamaan College of Engineering (Autonomous), Hosur, Krishnagiri District 635109",KRISHNAGIRI,SELF FINANCING COLLEGES TIER 3,EC,ELECTRONICS AND COMMUNICATION ENGINEERING,63144.0,86968.0,120964.0,75205.0,132794.0,,,0,0,0,0,1,0,0,2021
2601,"Adhiyamaan College of Engineering (Autonomous), Hosur, Krishnagiri District 635109",KRISHNAGIRI,SELF FINANCING COLLEGES TIER 3,EE,Electrical and Electronics Engineering,81453.0,114326.0,115946.0,84643.0,,,,0,0,0,0,0,0,0,2021
2601,"Adhiyamaan College of Engineering (Autonomous), Hosur, Krishnagiri District 635109",KRISHNAGIRI,SELF FINANCING COLLEGES TIER 3,IT,INFORMATION TECHNOLOGY,41810.0,51622.0,59372.0,46792.0,102692.0,,,0,0,0,0,0,0,0,2021
2601,"Adhiyamaan College of Engineering (Autonomous), Hosur, Krishnagiri District 635109",KRISHNAGIRI,SELF FINANCING COLLEGES TIER 3,ME,Mechanical Engineering,129687.0,136710.0,,133627.0,,,,0,1,0,1,0,0,0,2021
2602,"Annai Mathammal Sheela Engineering College, Erumapatty Post, Namakkal District 637013",NAMAKKAL,SELF FINANCING COLLEGES TIER 3,CS,Computer Science and Engineering,136319.0,,,,,,,1,0,0,0,0,0,0,2021
2602,"Annai Mathammal Sheela Engineering College, Erumapatty Post, Namakkal District 637013",NAMAKKAL,SELF FINANCING COLLEGES TIER 3,EC,ELECTRONICS AND COMMUNICATION ENGINEERING,119609.0,,,,,,,1,0,0,0,0,0,0,2021
2602,"Annai Mathammal Sheela Engineering College, Erumapatty Post, Namakkal District 637013",NAMAKKAL,SELF FINANCING COLLEGES TIER 3,IE,INDUSTRIAL ENGINEERING,136567.0,,,,,,,1,0,0,0,0,0,0,2021
2602,"Annai Mathammal Sheela Engineering College, Erumapatty Post, Namakkal District 637013",NAMAKKAL,SELF FINANCING COLLEGES TIER 3,MD,MEDICAL ELECTRONICS ENGINEERING,95449.0,135718.0,,107247.0,111177.0,102294.0,133879.0,0,1,0,0,0,0,0,2021
2602,"Annai Mathammal Sheela Engineering College, Erumapatty Post, Namakkal District 637013",NAMAKKAL,SELF FINANCING COLLEGES TIER 3,ME,Mechanical Engineering,,,,,,,,0,0,0,0,0,0,0,2021
2606,"Jayam College of Engineering and Technology, Nallanur Post, Dharmapuri District 636813",DHARMAPURI,SELF FINANCING COLLEGES TIER 3,AE,AERONAUTICAL ENGINEERING,127706.0,,,,,,,1,0,0,0,0,0,0,2021
2606,"Jayam College of Engineering and Technology, Nallanur Post, Dharmapuri District 636813",DHARMAPURI,SELF FINANCING COLLEGES TIER 3,CE,CIVIL ENGINEERING,134664.0,,,,,,,1,0,0,0,0,0,0,2021
2606,"Jayam College of Engineering and Technology, Nallanur Post, Dharmapuri District 636813",DHARMAPURI,SELF FINANCING COLLEGES TIER 3,CS,Computer Science and Engineering,84472.0,136857.0,,,133235.0,,,0,1,0,0,0,0,0,2021
2606,"Jayam College of Engineering and Technology, Nallanur Post, Dharmapuri District 636813",DHARMAPURI,SELF FINANCING COLLEGES TIER 3,EC,ELECTRONICS AND COMMUNICATION ENGINEERING,123284.0,136171.0,,136635.0,,,,0,1,0,1,0,0,0,2021
2606,"Jayam College of Engineering and Technology, Nallanur Post, Dharmapuri District 636813",DHARMAPURI,SELF FINANCING COLLEGES TIER 3,EE,Electrical and Electronics Engineering,133513.0,,,,,,,0,0,0,0,0,0,0,2021
2606,"Jayam College of Engineering and Technology, Nallanur Post, Dharmapuri District 636813",DHARMAPURI,SELF FINANCING COLLEGES TIER 3,ME,Mechanical Engineering,136603.0,,,,,,,1,0,0,0,0,0,0,2021
2607,"K S Rangasamy College of Technology (Autonomous), Tiruchengode, Namakkal District 637215",NAMAKKAL,SELF FINANCING COLLEGES TIER 3,AD,Artificial Intelligence and Data Science,33555.0,50559.0,70352.0,61916.0,125627.0,90571.0,,0,0,0,0,1,0,0,2021
2607,"K S Rangasamy College of Technology (Autonomous), Tiruchengode, Namakkal District 637215",NAMAKKAL,SELF FINANCING COLLEGES TIER 3,BT,BIO TECHNOLOGY,32515.0,66148.0,60433.0,57100.0,135977.0,104154.0,,0,0,0,0,1,1,0,2021
2607,"K S Rangasamy College of Technology (Autonomous), Tiruchengode, Namakkal District 637215",NAMAKKAL,SELF FINANCING COLLEGES TIER 3,CB,COMPUTER SCIENCE AND BUSSINESS SYSTEM,55528.0,63107.0,75765.0,74716.0,,133107.0,,0,0,0,0,0,0,0,2021
2607,"K S Rangasamy College of Technology (Autonomous), Tiruchengode, Namakkal District 637215",NAMAKKAL,SELF FINANCING COLLEGES TIER 3,CE,CIVIL ENGINEERING,72101.0,124477.0,,,,,,0,1,0,0,0,0,0,2021
2607,"K S Rangasamy College of Technology (Autonomous), Tiruchengode, Namakkal District 637215",NAMAKKAL,SELF FINANCING COLLEGES TIER 3,CS,Computer Science and Engineering,32950.0,39894.0,90286.0,49054.0,129827.0,89103.0,,0,0,0,0,0,0,0,2021
2607,"K S Rangasamy College of Technology (Autonomous), Tiruchengode, Namakkal District 637215",NAMAKKAL,SELF FINANCING COLLEGES TIER 3,EC,ELECTRONICS AND COMMUNICATION ENGINEERING,46153.0,58058.0,124356.0,53718.0,113517.0,,,0,0,1,0,1,0,0,2021
2607,"K S Rangasamy College of Technology (Autonomous), Tiruchengode, Namakkal District 637215",NAMAKKAL,SELF FINANCING COLLEGES TIER 3,EE,Electrical and Electronics Engineering,59050.0,78430.0,,91736.0,,,,0,0,0,0,0,0,0,2021
2607,"K S Rangasamy College of Technology (Autonomous), Tiruchengode, Namakkal District 637215",NAMAKKAL,SELF FINANCING COLLEGES TIER 3,FD,FOOD TECHNOLOGY,55840.0,88241.0,,77124.0,122152.0,134791.0,,0,0,0,0,1,0,0,2021
2607,"K S Rangasamy College of Technology (Autonomous), Tiruchengode, Namakkal District 637215",NAMAKKAL,SELF FINANCING COLLEGES TIER 3,IT,INFORMATION TECHNOLOGY,44103.0,49277.0,64652.0,52712.0,135407.0,115195.0,,0,0,0,0,0,1,0,2021
2607,"K S Rangasamy College of Technology (Autonomous), Tiruchengode, Namakkal District 637215",NAMAKKAL,SELF FINANCING COLLEGES TIER 3,ME,Mechanical Engineering,104249.0,132623.0,,105395.0,115552.0,131674.0,,0,0,0,0,1,0,0,2021
2607,"K S Rangasamy College of Technology (Autonomous), Tiruchengode, Namakkal District 637215",NAMAKKAL,SELF FINANCING COLLEGES TIER 3,MZ,Mechatronics Engineering,84008.0,126899.0,,99038.0,,136384.0,,0,0,0,0,0,0,0,2021
2607,"K S Rangasamy College of Technology (Autonomous), Tiruchengode, Namakkal District 637215",NAMAKKAL,SELF FINANCING COLLEGES TIER 3,TX,TEXTILE TECHNOLOGY,74099.0,119856.0,,128502.0,,81303.0,,0,0,0,0,0,0,0,2021
2608,"M Kumarasamy College of Engineering (Autonomous), Thalavapalayam, Karur District 639113",KARUR,SELF FINANCING COLLEGES TIER 3,AD,Artificial Intelligence and Data Science,36821.0,44544.0,,44377.0,132276.0,,,0,0,0,0,1,0,0,2021
2608,"M Kumarasamy College of Engineering (Autonomous), Thalavapalayam, Karur District 639113",KARUR,SELF FINANCING COLLEGES TIER 3,AL,Artificial Intelligence and Machine Learning,33092.0,44998.0,83858.0,43638.0,74815.0,,,0,0,0,0,1,0,0,2021
2608,"M Kumarasamy College of Engineering (Autonomous), Thalavapalayam, Karur District 639113",KARUR,SELF FINANCING COLLEGES TIER 3,CB,COMPUTER SCIENCE AND BUSSINESS SYSTEM,33459.0,43594.0,57514.0,,64994.0,,,0,0,0,0,1,0,0,2021
2608,"M Kumarasamy College of Engineering (Autonomous), Thalavapalayam, Karur District 639113",KARUR,SELF FINANCING COLLEGES TIER 3,CE,CIVIL ENGINEERING,101250.0,123249.0,135692.0,111446.0,117844.0,,,0,0,0,0,1,0,0,2021
2608,"M Kumarasamy College of Engineering (Autonomous), Thalavapalayam, Karur District 639113",KARUR,SELF FINANCING COLLEGES TIER 3,CS,Computer Science and Engineering,19163.0,26181.0,46861.0,22066.0,125040.0,82791.0,,0,0,0,0,1,1,0,2021
2608,"M Kumarasamy College of Engineering (Autonomous), Thalavapalayam, Karur District 639113",KARUR,SELF FINANCING COLLEGES TIER 3,EC,ELECTRONICS AND COMMUNICATION ENGINEERING,34412.0,45087.0,113346.0,42956.0,130564.0,91626.0,,0,0,0,0,1,1,0,2021
2608,"M Kumarasamy College of Engineering (Autonomous), Thalavapalayam, Karur District 639113",KARUR,SELF FINANCING COLLEGES TIER 3,EE,Electrical and Electronics Engineering,44735.0,56159.0,112820.0,60331.0,118074.0,,,0,0,0,0,1,0,0,2021
2608,"M Kumarasamy College of Engineering (Autonomous), Thalavapalayam, Karur District 639113",KARUR,SELF FINANCING COLLEGES TIER 3,IT,INFORMATION TECHNOLOGY,29511.0,33492.0,62982.0,37253.0,135339.0,78276.0,,0,0,0,0,1,0,0,2021
2608,"M Kumarasamy College of Engineering (Autonomous), Thalavapalayam, Karur District 639113",KARUR,SELF FINANCING COLLEGES TIER 3,ME,Mechanical Engineering,79285.0,97957.0,,100974.0,131519.0,,,0,0,0,0,1,0,0,2021
2609,"Mahendra Engineering College (Autonomous), Mahendhirapuri, Mallasamudram, Namakkal District 637503",NAMAKKAL,SELF FINANCING COLLEGES TIER 1,AD,Artificial Intelligence and Data Science,63914.0,82278.0,96126.0,75945.0,134340.0,126471.0,,0,0,0,0,1,0,0,2021
2609,"Mahendra Engineering College (Autonomous), Mahendhirapuri, Mallasamudram, Namakkal District 637503",NAMAKKAL,SELF FINANCING COLLEGES TIER 1,AE,AERONAUTICAL ENGINEERING,113927.0,133964.0,,,,,,0,1,0,0,0,0,0,2021
2609,"Mahendra Engineering College (Autonomous), Mahendhirapuri, Mallasamudram, Namakkal District 637503",NAMAKKAL,SELF FINANCING COLLEGES TIER 1,AG,Agricultural Engineering,71358.0,131564.0,,,89094.0,,,0,1,0,0,1,0,0,2021
2609,"Mahendra Engineering College (Autonomous), Mahendhirapuri, Mallasamudram, Namakkal District 637503",NAMAKKAL,SELF FINANCING COLLEGES TIER 1,AO,AEROSPACE ENGINEERING,128768.0,,,,134037.0,132871.0,,0,0,0,0,1,0,0,2021
2609,"Mahendra Engineering College (Autonomous), Mahendhirapuri, Mallasamudram, Namakkal District 637503",NAMAKKAL,SELF FINANCING COLLEGES TIER 1,CE,CIVIL ENGINEERING,128870.0,,,,,,135484.0,0,0,0,0,0,0,0,2021
2609,"Mahendra Engineering College (Autonomous), Mahendhirapuri, Mallasamudram, Namakkal District 637503",NAMAKKAL,SELF FINANCING COLLEGES TIER 1,CH,CHEMICAL ENGINEERING,109214.0,128304.0,,117391.0,135597.0,,,0,1,0,0,1,0,0,2021
2609,"Mahendra Engineering College (Autonomous), Mahendhirapuri, Mallasamudram, Namakkal District 637503",NAMAKKAL,SELF FINANCING COLLEGES TIER 1,CS,Computer Science and Engineering,76935.0,98870.0,126308.0,92628.0,124195.0,113205.0,,0,0,0,0,1,1,0,2021
2609,"Mahendra Engineering College (Autonomous), Mahendhirapuri, Mallasamudram, Namakkal District 637503",NAMAKKAL,SELF FINANCING COLLEGES TIER 1,CY,Cyber Security,65954.0,84902.0,117836.0,98123.0,126758.0,,117204.0,0,0,0,0,1,0,0,2021
2609,"Mahendra Engineering College (Autonomous), Mahendhirapuri, Mallasamudram, Namakkal District 637503",NAMAKKAL,SELF FINANCING COLLEGES TIER 1,EC,ELECTRONICS AND COMMUNICATION ENGINEERING,93799.0,126317.0,120303.0,116427.0,,,,0,0,1,0,0,0,0,2021
2609,"Mahendra Engineering College (Autonomous), Mahendhirapuri, Mallasamudram, Namakkal District 637503",NAMAKKAL,SELF FINANCING COLLEGES TIER 1,EE,Electrical and Electronics Engineering,115068.0,128754.0,,134454.0,135990.0,122428.0,124172.0,0,1,0,1,1,1,0,2021
2609,"Mahendra Engineering College (Autonomous), Mahendhirapuri, Mallasamudram, Namakkal District 637503",NAMAKKAL,SELF FINANCING COLLEGES TIER 1,FD,FOOD TECHNOLOGY,99293.0,128313.0,,,125972.0,117238.0,,0,1,0,0,1,0,0,2021
2609,"Mahendra Engineering College (Autonomous), Mahendhirapuri, Mallasamudram, Namakkal District 637503",NAMAKKAL,SELF FINANCING COLLEGES TIER 1,IT,INFORMATION TECHNOLOGY,75672.0,99254.0,105701.0,98493.0,126708.0,127557.0,106510.0,0,0,0,0,1,0,0,2021
2609,"Mahendra Engineering College (Autonomous), Mahendhirapuri, Mallasamudram, Namakkal District 637503",NAMAKKAL,SELF FINANCING COLLEGES TIER 1,ME,Mechanical Engineering,121034.0,133536.0,,124977.0,133905.0,,,0,1,0,0,1,0,0,2021
2609,"Mahendra Engineering College (Autonomous), Mahendhirapuri, Mallasamudram, Namakkal District 637503",NAMAKKAL,SELF FINANCING COLLEGES TIER 1,PU,PHARMACEUTICAL ENGINEERING,116800.0,125637.0,125529.0,,134129.0,136858.0,,0,1,0,0,0,1,0,2021
2610,"Muthayammal Engineering College (Autonomous), Rasipuram, Namakkal District 637408",NAMAKKAL,SELF FINANCING COLLEGES TIER 3,AD,Artificial Intelligence and Data Science,67826.0,84030.0,113827.0,,98379.0,,,0,0,1,0,1,0,0,2021
2610,"Muthayammal Engineering College (Autonomous), Rasipuram, Namakkal District 637408",NAMAKKAL,SELF FINANCING COLLEGES TIER 3,BM,BIO MEDICAL ENGINEERING,82265.0,136165.0,125157.0,103886.0,123188.0,105980.0,,0,1,1,0,0,0,0,2021
2610,"Muthayammal Engineering College (Autonomous), Rasipuram, Namakkal District 637408",NAMAKKAL,SELF FINANCING COLLEGES TIER 3,BT,BIO TECHNOLOGY,86418.0,135959.0,98269.0,123615.0,136929.0,115582.0,,0,1,0,0,1,0,0,2021
2610,"Muthayammal Engineering College (Autonomous), Rasipuram, Namakkal District 637408",NAMAKKAL,SELF FINANCING COLLEGES TIER 3,CE,CIVIL ENGINEERING,135639.0,,,,136640.0,,,0,0,0,0,1,0,0,2021
2610,"Muthayammal Engineering College (Autonomous), Rasipuram, Namakkal District 637408",NAMAKKAL,SELF FINANCING COLLEGES TIER 3,CS,Computer Science and Engineering,46761.0,64864.0,130307.0,68450.0,121388.0,118184.0,127095.0,0,0,1,0,1,0,0,2021
2610,"Muthayammal Engineering College (Autonomous), Rasipuram, Namakkal District 637408",NAMAKKAL,SELF FINANCING COLLEGES TIER 3,CY,Cyber Security,83620.0,105411.0,,85501.0,130911.0,130059.0,,0,0,0,0,1,0,0,2021
2610,"Muthayammal Engineering College (Autonomous), Rasipuram, Namakkal District 637408",NAMAKKAL,SELF FINANCING COLLEGES TIER 3,EC,ELECTRONICS AND COMMUNICATION ENGINEERING,74854.0,100867.0,,108781.0,131345.0,128949.0,94626.0,0,0,0,0,1,1,0,2021
2610,"Muthayammal Engineering College (Autonomous), Rasipuram, Namakkal District 637408",NAMAKKAL,SELF FINANCING COLLEGES TIER 3,EE,Electrical and Electronics Engineering,103297.0,130779.0,,115485.0,133753.0,,,0,0,0,0,1,0,0,2021
2610,"Muthayammal Engineering College (Autonomous), Rasipuram, Namakkal District 637408",NAMAKKAL,SELF FINANCING COLLEGES TIER 3,IT,INFORMATION TECHNOLOGY,48736.0,66651.0,123232.0,60633.0,136227.0,105682.0,130623.0,0,0,0,0,1,0,0,2021
2610,"Muthayammal Engineering College (Autonomous), Rasipuram, Namakkal District 637408",NAMAKKAL,SELF FINANCING COLLEGES TIER 3,ME,Mechanical Engineering,124190.0,135919.0,,133065.0,,135368.0,,0,1,0,0,0,1,0,2021
2610,"Muthayammal Engineering College (Autonomous), Rasipuram, Namakkal District 637408",NAMAKKAL,SELF FINANCING COLLEGES TIER 3,MZ,Mechatronics Engineering,126927.0,136427.0,,,,,,0,1,0,0,0,0,0,2021
2610,"Muthayammal Engineering College (Autonomous), Rasipuram, Namakkal District 637408",NAMAKKAL,SELF FINANCING COLLEGES TIER 3,RM,ROBOTICS AND AUTOMATION,112076.0,136123.0,,125960.0,,,,0,1,0,0,0,0,0,2021
2611,"Paavai Engineering College (Autonomous) , NH-7, Pachal Post, Namakkal District 637018",NAMAKKAL,SELF FINANCING COLLEGES TIER 2,AE,AERONAUTICAL ENGINEERING,121106.0,135303.0,132103.0,,136456.0,,,0,1,1,0,1,0,0,2021
2611,"Paavai Engineering College (Autonomous) , NH-7, Pachal Post, Namakkal District 637018",NAMAKKAL,SELF FINANCING COLLEGES TIER 2,AG,Agricultural Engineering,98152.0,130398.0,112960.0,,135516.0,111510.0,123111.0,0,1,1,0,1,1,0,2021
2611,"Paavai Engineering College (Autonomous) , NH-7, Pachal Post, Namakkal District 637018",NAMAKKAL,SELF FINANCING COLLEGES TIER 2,BM,BIO MEDICAL ENGINEERING,80185.0,125986.0,102574.0,89237.0,132022.0,132691.0,,0,1,1,0,0,1,0,2021
2611,"Paavai Engineering College (Autonomous) , NH-7, Pachal Post, Namakkal District 637018",NAMAKKAL,SELF FINANCING COLLEGES TIER 2,CE,CIVIL ENGINEERING,127169.0,132535.0,,,128753.0,,,0,1,0,0,1,0,0,2021
2611,"Paavai Engineering College (Autonomous) , NH-7, Pachal Post, Namakkal District 637018",NAMAKKAL,SELF FINANCING COLLEGES TIER 2,CH,CHEMICAL ENGINEERING,126297.0,134564.0,129547.0,,128044.0,,,0,1,0,0,1,0,0,2021
2611,"Paavai Engineering College (Autonomous) , NH-7, Pachal Post, Namakkal District 637018",NAMAKKAL,SELF FINANCING COLLEGES TIER 2,CS,Computer Science and Engineering,55050.0,83867.0,126465.0,56108.0,132925.0,105787.0,77550.0,0,0,0,0,0,1,0,2021
2611,"Paavai Engineering College (Autonomous) , NH-7, Pachal Post, Namakkal District 637018",NAMAKKAL,SELF FINANCING COLLEGES TIER 2,CY,Cyber Security,48076.0,88706.0,60995.0,102763.0,119687.0,,,0,0,0,0,0,0,0,2021
2611,"Paavai Engineering College (Autonomous) , NH-7, Pachal Post, Namakkal District 637018",NAMAKKAL,SELF FINANCING COLLEGES TIER 2,EC,ELECTRONICS AND COMMUNICATION ENGINEERING,86700.0,111850.0,126834.0,118700.0,136284.0,130823.0,127667.0,0,0,1,0,1,1,0,2021
2611,"Paavai Engineering College (Autonomous) , NH-7, Pachal Post, Namakkal District 637018",NAMAKKAL,SELF FINANCING COLLEGES TIER 2,EE,Electrical and Electronics Engineering,99802.0,130145.0,,126210.0,135820.0,124681.0,,0,0,0,0,1,0,0,2021
2611,"Paavai Engineering College (Autonomous) , NH-7, Pachal Post, Namakkal District 637018",NAMAKKAL,SELF FINANCING COLLEGES TIER 2,FD,FOOD TECHNOLOGY,82431.0,136525.0,133800.0,117572.0,124272.0,130651.0,,0,1,1,1,1,1,0,2021
2611,"Paavai Engineering College (Autonomous) , NH-7, Pachal Post, Namakkal District 637018",NAMAKKAL,SELF FINANCING COLLEGES TIER 2,IT,INFORMATION TECHNOLOGY,50505.0,70666.0,98463.0,54901.0,100247.0,67914.0,131075.0,0,0,0,0,0,0,0,2021
2611,"Paavai Engineering College (Autonomous) , NH-7, Pachal Post, Namakkal District 637018",NAMAKKAL,SELF FINANCING COLLEGES TIER 2,MC,MECHATRONICS,104440.0,135125.0,133662.0,119717.0,108294.0,,,0,1,0,0,1,0,0,2021
2611,"Paavai Engineering College (Autonomous) , NH-7, Pachal Post, Namakkal District 637018",NAMAKKAL,SELF FINANCING COLLEGES TIER 2,MD,MEDICAL ELECTRONICS ENGINEERING,136386.0,,,,,,,1,0,0,0,0,0,0,2021
2611,"Paavai Engineering College (Autonomous) , NH-7, Pachal Post, Namakkal District 637018",NAMAKKAL,SELF FINANCING COLLEGES TIER 2,ME,Mechanical Engineering,125435.0,136080.0,,129741.0,129268.0,,131627.0,0,1,0,0,1,0,0,2021
2611,"Paavai Engineering College (Autonomous) , NH-7, Pachal Post, Namakkal District 637018",NAMAKKAL,SELF FINANCING COLLEGES TIER 2,PU,PHARMACEUTICAL ENGINEERING,132289.0,135872.0,,,133131.0,,134254.0,0,1,0,0,1,0,0,2021
2612,"P G P College of Engineering and Technology, Paramathi Post, Namakkal District 637207",NAMAKKAL,SELF FINANCING COLLEGES TIER 3,CE,CIVIL ENGINEERING,,,,,,,,0,0,0,0,0,0,0,2021
2612,"P G P College of Engineering and Technology, Paramathi Post, Namakkal District 637207",NAMAKKAL,SELF FINANCING COLLEGES TIER 3,CS,Computer Science and Engineering,136528.0,,,,,,,1,0,0,0,0,0,0,2021
2612,"P G P College of Engineering and Technology, Paramathi Post, Namakkal District 637207",NAMAKKAL,SELF FINANCING COLLEGES TIER 3,EC,ELECTRONICS AND COMMUNICATION ENGINEERING,136531.0,,,,,,,1,0,0,0,0,0,0,2021
2612,"P G P College of Engineering and Technology, Paramathi Post, Namakkal District 637207",NAMAKKAL,SELF FINANCING COLLEGES TIER 3,EE,Electrical and Electronics Engineering,,,,,,,,0,0,0,0,0,0,0,2021
2612,"P G P College of Engineering and Technology, Paramathi Post, Namakkal District 637207",NAMAKKAL,SELF FINANCING COLLEGES TIER 3,ME,Mechanical Engineering,,,,,,,,0,0,0,0,0,0,0,2021
2613,"K S R College of Engineering (Autonomous), Tiruchengode, Namakkal District 637215",NAMAKKAL,SELF FINANCING COLLEGES TIER 3,AU,AUTOMOBILE ENGINEERING,135093.0,,,,,,,0,0,0,0,0,0,0,2021
2613,"K S R College of Engineering (Autonomous), Tiruchengode, Namakkal District 637215",NAMAKKAL,SELF FINANCING COLLEGES TIER 3,CE,CIVIL ENGINEERING,109273.0,132928.0,,,135958.0,120939.0,,0,1,0,0,1,0,0,2021
2613,"K S R College of Engineering (Autonomous), Tiruchengode, Namakkal District 637215",NAMAKKAL,SELF FINANCING COLLEGES TIER 3,CS,Computer Science and Engineering,52020.0,62984.0,92902.0,62772.0,134923.0,99219.0,118893.0,0,0,0,0,1,0,0,2021
2613,"K S R College of Engineering (Autonomous), Tiruchengode, Namakkal District 637215",NAMAKKAL,SELF FINANCING COLLEGES TIER 3,EC,ELECTRONICS AND COMMUNICATION ENGINEERING,64122.0,83156.0,117262.0,81282.0,135538.0,130424.0,,0,0,1,0,1,0,0,2021
2613,"K S R College of Engineering (Autonomous), Tiruchengode, Namakkal District 637215",NAMAKKAL,SELF FINANCING COLLEGES TIER 3,EE,Electrical and Electronics Engineering,83395.0,109722.0,,108588.0,,,,0,0,0,0,0,0,0,2021
2613,"K S R College of Engineering (Autonomous), Tiruchengode, Namakkal District 637215",NAMAKKAL,SELF FINANCING COLLEGES TIER 3,IT,INFORMATION TECHNOLOGY,47026.0,60219.0,123505.0,,97513.0,,,0,0,0,0,1,0,0,2021
2613,"K S R College of Engineering (Autonomous), Tiruchengode, Namakkal District 637215",NAMAKKAL,SELF FINANCING COLLEGES TIER 3,ME,Mechanical Engineering,105325.0,130166.0,,123319.0,,,,0,1,0,0,0,0,0,2021
2613,"K S R College of Engineering (Autonomous), Tiruchengode, Namakkal District 637215",NAMAKKAL,SELF FINANCING COLLEGES TIER 3,SF,Safety and Fire Engineering,118801.0,119825.0,,,,,,0,1,0,0,0,0,0,2021
2614,"S S M College of Engineering, Komarapalayam, Namakkal District 638183",NAMAKKAL,SELF FINANCING COLLEGES TIER 3,CE,CIVIL ENGINEERING,,,,,,,,0,0,0,0,0,0,0,2021
2614,"S S M College of Engineering, Komarapalayam, Namakkal District 638183",NAMAKKAL,SELF FINANCING COLLEGES TIER 3,CS,Computer Science and Engineering,116602.0,136268.0,,117012.0,129366.0,,,0,1,0,0,1,0,0,2021
2614,"S S M College of Engineering, Komarapalayam, Namakkal District 638183",NAMAKKAL,SELF FINANCING COLLEGES TIER 3,EC,ELECTRONICS AND COMMUNICATION ENGINEERING,130587.0,,,,,,,1,0,0,0,0,0,0,2021
2614,"S S M College of Engineering, Komarapalayam, Namakkal District 638183",NAMAKKAL,SELF FINANCING COLLEGES TIER 3,EE,Electrical and Electronics Engineering,134345.0,,,,,,,0,0,0,0,0,0,0,2021
2614,"S S M College of Engineering, Komarapalayam, Namakkal District 638183",NAMAKKAL,SELF FINANCING COLLEGES TIER 3,IT,INFORMATION TECHNOLOGY,134854.0,,,,,,,1,0,0,0,0,0,0,2021
2614,"S S M College of Engineering, Komarapalayam, Namakkal District 638183",NAMAKKAL,SELF FINANCING COLLEGES TIER 3,ME,Mechanical Engineering,128246.0,,,,,,,1,0,0,0,0,0,0,2021
2614,"S S M College of Engineering, Komarapalayam, Namakkal District 638183",NAMAKKAL,SELF FINANCING COLLEGES TIER 3,PC,PETRO CHEMICAL TECHNOLOGY,135936.0,,,,,,,1,0,0,0,0,0,0,2021
2614,"S S M College of Engineering, Komarapalayam, Namakkal District 638183",NAMAKKAL,SELF FINANCING COLLEGES TIER 3,PE,PETROLEUM ENGINEERING,70737.0,,,,,,,1,0,0,0,0,0,0,2021
2614,"S S M College of Engineering, Komarapalayam, Namakkal District 638183",NAMAKKAL,SELF FINANCING COLLEGES TIER 3,TC,TEXTILE CHEMISTRY,130463.0,,,,,,,1,0,0,0,0,0,0,2021
2614,"S S M College of Engineering, Komarapalayam, Namakkal District 638183",NAMAKKAL,SELF FINANCING COLLEGES TIER 3,TX,TEXTILE TECHNOLOGY,102747.0,129828.0,,,,,,0,1,0,0,0,0,0,2021
2617,"Sengunthar Engineering College (Autonomous), Tiruchengode, Namakkal District 637205",NAMAKKAL,SELF FINANCING COLLEGES TIER 3,CE,CIVIL ENGINEERING,118783.0,,,,,,,1,0,0,0,0,0,0,2021
2617,"Sengunthar Engineering College (Autonomous), Tiruchengode, Namakkal District 637205",NAMAKKAL,SELF FINANCING COLLEGES TIER 3,CS,Computer Science and Engineering,85355.0,102894.0,127659.0,89388.0,128318.0,99108.0,,0,0,0,0,1,0,0,2021
2617,"Sengunthar Engineering College (Autonomous), Tiruchengode, Namakkal District 637205",NAMAKKAL,SELF FINANCING COLLEGES TIER 3,EC,ELECTRONICS AND COMMUNICATION ENGINEERING,130095.0,130628.0,,,132726.0,,,0,1,0,0,1,0,0,2021
2617,"Sengunthar Engineering College (Autonomous), Tiruchengode, Namakkal District 637205",NAMAKKAL,SELF FINANCING COLLEGES TIER 3,EE,Electrical and Electronics Engineering,133888.0,,,,,,,1,0,0,0,0,0,0,2021
2617,"Sengunthar Engineering College (Autonomous), Tiruchengode, Namakkal District 637205",NAMAKKAL,SELF FINANCING COLLEGES TIER 3,ME,Mechanical Engineering,125028.0,,,,,,,1,0,0,0,0,0,0,2021
2618,"Sona College of Technology (Autonomous), Suramangalam Post, Salem District 636005",SALEM,SELF FINANCING COLLEGES TIER 1,AD,Artificial Intelligence and Data Science,24512.0,28771.0,44031.0,31648.0,80515.0,90391.0,,0,0,0,0,0,0,0,2021
2618,"Sona College of Technology (Autonomous), Suramangalam Post, Salem District 636005",SALEM,SELF FINANCING COLLEGES TIER 1,BM,BIO MEDICAL ENGINEERING,44925.0,63139.0,68181.0,50375.0,115795.0,124450.0,,0,0,0,0,0,0,0,2021
2618,"Sona College of Technology (Autonomous), Suramangalam Post, Salem District 636005",SALEM,SELF FINANCING COLLEGES TIER 1,CE,CIVIL ENGINEERING,64182.0,97575.0,81932.0,99704.0,135477.0,131048.0,,0,0,1,0,1,1,0,2021
2618,"Sona College of Technology (Autonomous), Suramangalam Post, Salem District 636005",SALEM,SELF FINANCING COLLEGES TIER 1,CS,Computer Science and Engineering,16874.0,21654.0,45036.0,21789.0,89404.0,121087.0,,0,0,0,0,0,0,0,2021
2618,"Sona College of Technology (Autonomous), Suramangalam Post, Salem District 636005",SALEM,SELF FINANCING COLLEGES TIER 1,EC,ELECTRONICS AND COMMUNICATION ENGINEERING,28571.0,34473.0,57642.0,32091.0,114271.0,63572.0,,0,0,0,0,0,1,0,2021
2618,"Sona College of Technology (Autonomous), Suramangalam Post, Salem District 636005",SALEM,SELF FINANCING COLLEGES TIER 1,EE,Electrical and Electronics Engineering,39969.0,49255.0,78174.0,42057.0,131051.0,106145.0,,0,0,0,0,0,1,0,2021
2618,"Sona College of Technology (Autonomous), Suramangalam Post, Salem District 636005",SALEM,SELF FINANCING COLLEGES TIER 1,FT,FASHION TECHNOLOGY,79575.0,100972.0,,119499.0,136425.0,,,0,0,0,0,1,0,0,2021
2618,"Sona College of Technology (Autonomous), Suramangalam Post, Salem District 636005",SALEM,SELF FINANCING COLLEGES TIER 1,IT,INFORMATION TECHNOLOGY,22716.0,25486.0,45504.0,28204.0,100453.0,73298.0,108573.0,0,0,0,0,0,1,0,2021
2618,"Sona College of Technology (Autonomous), Suramangalam Post, Salem District 636005",SALEM,SELF FINANCING COLLEGES TIER 1,ME,Mechanical Engineering,71009.0,88731.0,117357.0,84959.0,132599.0,,,0,0,1,0,1,0,0,2021
2618,"Sona College of Technology (Autonomous), Suramangalam Post, Salem District 636005",SALEM,SELF FINANCING COLLEGES TIER 1,MZ,Mechatronics Engineering,58011.0,79431.0,98814.0,58393.0,110012.0,,,0,0,0,0,1,0,0,2021
2620,"Vivekanandha College of Engineering for Women (Autonomous), Sathinaickenpalayam, Elayampalayam Village, Kumaramangalam, Namakkal District 637205",NAMAKKAL,SELF FINANCING COLLEGES TIER 2,BM,BIO MEDICAL ENGINEERING,43347.0,134613.0,,44303.0,76085.0,54460.0,,0,1,0,0,0,0,0,2021
2620,"Vivekanandha College of Engineering for Women (Autonomous), Sathinaickenpalayam, Elayampalayam Village, Kumaramangalam, Namakkal District 637205",NAMAKKAL,SELF FINANCING COLLEGES TIER 2,BT,BIO TECHNOLOGY,38909.0,86107.0,86282.0,39609.0,75051.0,,,0,0,0,0,0,0,0,2021
2620,"Vivekanandha College of Engineering for Women (Autonomous), Sathinaickenpalayam, Elayampalayam Village, Kumaramangalam, Namakkal District 637205",NAMAKKAL,SELF FINANCING COLLEGES TIER 2,CS,Computer Science and Engineering,44092.0,78292.0,94113.0,118041.0,108891.0,64983.0,120194.0,0,0,0,0,0,0,0,2021
2620,"Vivekanandha College of Engineering for Women (Autonomous), Sathinaickenpalayam, Elayampalayam Village, Kumaramangalam, Namakkal District 637205",NAMAKKAL,SELF FINANCING COLLEGES TIER 2,EC,ELECTRONICS AND COMMUNICATION ENGINEERING,50737.0,108485.0,,124820.0,135732.0,68036.0,,0,0,0,1,1,0,0,2021
2620,"Vivekanandha College of Engineering for Women (Autonomous), Sathinaickenpalayam, Elayampalayam Village, Kumaramangalam, Namakkal District 637205",NAMAKKAL,SELF FINANCING COLLEGES TIER 2,EE,Electrical and Electronics Engineering,85231.0,124280.0,,88809.0,135826.0,101421.0,,0,1,0,0,0,0,0,2021
2620,"Vivekanandha College of Engineering for Women (Autonomous), Sathinaickenpalayam, Elayampalayam Village, Kumaramangalam, Namakkal District 637205",NAMAKKAL,SELF FINANCING COLLEGES TIER 2,IT,INFORMATION TECHNOLOGY,45710.0,60384.0,,47107.0,98144.0,92657.0,,0,0,0,0,0,0,0,2021
2620,"Vivekanandha College of Engineering for Women (Autonomous), Sathinaickenpalayam, Elayampalayam Village, Kumaramangalam, Namakkal District 637205",NAMAKKAL,SELF FINANCING COLLEGES TIER 2,TS,Computer Science and Technology,57439.0,98574.0,100372.0,85668.0,113293.0,99609.0,,0,0,1,0,0,0,0,2021
2621,"Er. Perumal Manimekalai College of Engineering, Near Koneripalli, Hosur, Krishnagiri District 635117",KRISHNAGIRI,SELF FINANCING COLLEGES TIER 3,AE,AERONAUTICAL ENGINEERING,106577.0,136184.0,,107523.0,119729.0,,,0,1,0,0,1,0,0,2021
2621,"Er. Perumal Manimekalai College of Engineering, Near Koneripalli, Hosur, Krishnagiri District 635117",KRISHNAGIRI,SELF FINANCING COLLEGES TIER 3,CE,CIVIL ENGINEERING,120480.0,136519.0,125626.0,,,,,0,1,0,0,0,0,0,2021
2621,"Er. Perumal Manimekalai College of Engineering, Near Koneripalli, Hosur, Krishnagiri District 635117",KRISHNAGIRI,SELF FINANCING COLLEGES TIER 3,CS,Computer Science and Engineering,51155.0,78306.0,96865.0,,129528.0,58993.0,,0,0,0,0,1,0,0,2021
2621,"Er. Perumal Manimekalai College of Engineering, Near Koneripalli, Hosur, Krishnagiri District 635117",KRISHNAGIRI,SELF FINANCING COLLEGES TIER 3,EC,ELECTRONICS AND COMMUNICATION ENGINEERING,69084.0,111827.0,114516.0,95846.0,120778.0,,,0,0,0,0,1,0,0,2021
2621,"Er. Perumal Manimekalai College of Engineering, Near Koneripalli, Hosur, Krishnagiri District 635117",KRISHNAGIRI,SELF FINANCING COLLEGES TIER 3,EE,Electrical and Electronics Engineering,89594.0,127264.0,121125.0,99312.0,115115.0,125242.0,,0,0,0,0,1,0,0,2021
2621,"Er. Perumal Manimekalai College of Engineering, Near Koneripalli, Hosur, Krishnagiri District 635117",KRISHNAGIRI,SELF FINANCING COLLEGES TIER 3,IT,INFORMATION TECHNOLOGY,66484.0,93017.0,104621.0,80107.0,135894.0,134449.0,,0,0,0,0,1,1,0,2021
2621,"Er. Perumal Manimekalai College of Engineering, Near Koneripalli, Hosur, Krishnagiri District 635117",KRISHNAGIRI,SELF FINANCING COLLEGES TIER 3,ME,Mechanical Engineering,123410.0,134787.0,126713.0,132935.0,,,,0,1,1,1,0,0,0,2021
2621,"Er. Perumal Manimekalai College of Engineering, Near Koneripalli, Hosur, Krishnagiri District 635117",KRISHNAGIRI,SELF FINANCING COLLEGES TIER 3,MZ,Mechatronics Engineering,98150.0,128734.0,,125546.0,124521.0,,,0,1,0,0,1,0,0,2021
2622,"V S B Engineering College, Kovai Road, Karur District 639111",KARUR,SELF FINANCING COLLEGES TIER 3,AD,Artificial Intelligence and Data Science,41667.0,53150.0,75585.0,68773.0,96300.0,70471.0,,0,0,0,0,0,0,0,2021
2622,"V S B Engineering College, Kovai Road, Karur District 639111",KARUR,SELF FINANCING COLLEGES TIER 3,BM,BIO MEDICAL ENGINEERING,37786.0,78112.0,124715.0,49110.0,111598.0,114491.0,123154.0,0,0,0,0,0,0,0,2021
2622,"V S B Engineering College, Kovai Road, Karur District 639111",KARUR,SELF FINANCING COLLEGES TIER 3,BT,BIO TECHNOLOGY,33689.0,83310.0,43049.0,63711.0,93864.0,63538.0,125992.0,0,0,0,0,0,0,0,2021
2622,"V S B Engineering College, Kovai Road, Karur District 639111",KARUR,SELF FINANCING COLLEGES TIER 3,CE,CIVIL ENGINEERING,38411.0,116258.0,38532.0,89481.0,133062.0,109391.0,,0,0,0,0,0,0,0,2021
2622,"V S B Engineering College, Kovai Road, Karur District 639111",KARUR,SELF FINANCING COLLEGES TIER 3,CH,CHEMICAL ENGINEERING,41469.0,130671.0,125342.0,48562.0,121513.0,50472.0,,0,0,0,0,0,0,0,2021
2622,"V S B Engineering College, Kovai Road, Karur District 639111",KARUR,SELF FINANCING COLLEGES TIER 3,CS,Computer Science and Engineering,23347.0,43251.0,66501.0,57894.0,117757.0,128671.0,,0,0,0,0,0,0,0,2021
2622,"V S B Engineering College, Kovai Road, Karur District 639111",KARUR,SELF FINANCING COLLEGES TIER 3,EC,ELECTRONICS AND COMMUNICATION ENGINEERING,30279.0,56462.0,118349.0,67274.0,109382.0,70740.0,103471.0,0,0,0,0,0,0,0,2021
2622,"V S B Engineering College, Kovai Road, Karur District 639111",KARUR,SELF FINANCING COLLEGES TIER 3,EE,Electrical and Electronics Engineering,40964.0,79043.0,42783.0,,116606.0,,,0,0,0,0,0,0,0,2021
2622,"V S B Engineering College, Kovai Road, Karur District 639111",KARUR,SELF FINANCING COLLEGES TIER 3,IT,INFORMATION TECHNOLOGY,45102.0,55866.0,78517.0,71553.0,122468.0,117439.0,89387.0,0,0,0,0,0,0,0,2021
2622,"V S B Engineering College, Kovai Road, Karur District 639111",KARUR,SELF FINANCING COLLEGES TIER 3,ME,Mechanical Engineering,59988.0,121634.0,,109366.0,135040.0,107457.0,,0,0,0,0,1,0,0,2021
2623,"Mahendra College of Engineering, Attur Road, Minnampalli, Valapady, Salem District 636106",SALEM,SELF FINANCING COLLEGES TIER 1,BM,BIO MEDICAL ENGINEERING,128058.0,,,,128646.0,,,0,0,0,0,1,0,0,2021
2623,"Mahendra College of Engineering, Attur Road, Minnampalli, Valapady, Salem District 636106",SALEM,SELF FINANCING COLLEGES TIER 1,CS,Computer Science and Engineering,116951.0,133298.0,,126724.0,128382.0,,,0,1,0,1,1,0,0,2021
2623,"Mahendra College of Engineering, Attur Road, Minnampalli, Valapady, Salem District 636106",SALEM,SELF FINANCING COLLEGES TIER 1,EC,ELECTRONICS AND COMMUNICATION ENGINEERING,127585.0,136752.0,,136189.0,,,,0,1,0,1,0,0,0,2021
2623,"Mahendra College of Engineering, Attur Road, Minnampalli, Valapady, Salem District 636106",SALEM,SELF FINANCING COLLEGES TIER 1,IT,INFORMATION TECHNOLOGY,97112.0,116929.0,,119741.0,,,,0,0,0,0,0,0,0,2021
2624,"Gnanamani College of Technology, Pachal Post, Namakkal District 637018",NAMAKKAL,SELF FINANCING COLLEGES TIER 2,AD,Artificial Intelligence and Data Science,100919.0,135253.0,115762.0,113524.0,134065.0,,117369.0,0,1,0,0,1,0,0,2021
2624,"Gnanamani College of Technology, Pachal Post, Namakkal District 637018",NAMAKKAL,SELF FINANCING COLLEGES TIER 2,AG,Agricultural Engineering,120224.0,133141.0,,,,129206.0,,0,1,0,0,0,0,0,2021
2624,"Gnanamani College of Technology, Pachal Post, Namakkal District 637018",NAMAKKAL,SELF FINANCING COLLEGES TIER 2,BM,BIO MEDICAL ENGINEERING,85311.0,118992.0,135202.0,,115194.0,111355.0,,0,1,1,0,0,0,0,2021
2624,"Gnanamani College of Technology, Pachal Post, Namakkal District 637018",NAMAKKAL,SELF FINANCING COLLEGES TIER 2,BT,BIO TECHNOLOGY,84271.0,97977.0,,88235.0,109253.0,91719.0,,0,1,0,0,0,0,0,2021
2624,"Gnanamani College of Technology, Pachal Post, Namakkal District 637018",NAMAKKAL,SELF FINANCING COLLEGES TIER 2,CH,CHEMICAL ENGINEERING,133483.0,,,,,,,1,0,0,0,0,0,0,2021
2624,"Gnanamani College of Technology, Pachal Post, Namakkal District 637018",NAMAKKAL,SELF FINANCING COLLEGES TIER 2,CS,Computer Science and Engineering,83751.0,123761.0,,112130.0,125475.0,109526.0,,0,0,0,0,1,0,0,2021
2624,"Gnanamani College of Technology, Pachal Post, Namakkal District 637018",NAMAKKAL,SELF FINANCING COLLEGES TIER 2,EC,ELECTRONICS AND COMMUNICATION ENGINEERING,130428.0,133702.0,131042.0,,136961.0,,135166.0,0,1,1,0,1,0,0,2021
2624,"Gnanamani College of Technology, Pachal Post, Namakkal District 637018",NAMAKKAL,SELF FINANCING COLLEGES TIER 2,EE,Electrical and Electronics Engineering,136754.0,,,,,,,1,0,0,0,0,0,0,2021
2624,"Gnanamani College of Technology, Pachal Post, Namakkal District 637018",NAMAKKAL,SELF FINANCING COLLEGES TIER 2,FD,FOOD TECHNOLOGY,108453.0,116924.0,112819.0,112492.0,130299.0,,110101.0,0,1,0,0,1,0,0,2021
2624,"Gnanamani College of Technology, Pachal Post, Namakkal District 637018",NAMAKKAL,SELF FINANCING COLLEGES TIER 2,IT,INFORMATION TECHNOLOGY,92959.0,126678.0,,113329.0,131643.0,113190.0,,0,1,0,0,1,0,0,2021
2624,"Gnanamani College of Technology, Pachal Post, Namakkal District 637018",NAMAKKAL,SELF FINANCING COLLEGES TIER 2,ME,Mechanical Engineering,132435.0,,,,,,,1,0,0,0,0,0,0,2021
2624,"Gnanamani College of Technology, Pachal Post, Namakkal District 637018",NAMAKKAL,SELF FINANCING COLLEGES TIER 2,PH,PHARMACEUTICAL TECHNOLOGY,93873.0,125943.0,,,119399.0,117396.0,,0,1,0,0,0,0,0,2021
2624,"Gnanamani College of Technology, Pachal Post, Namakkal District 637018",NAMAKKAL,SELF FINANCING COLLEGES TIER 2,RM,ROBOTICS AND AUTOMATION,,,,,,,,0,0,0,0,0,0,0,2021
2625,"The Kavery Engineering College, M Kalipatti Post, Mecheri, Salem District 634456",SALEM,SELF FINANCING COLLEGES TIER 3,AG,Agricultural Engineering,128222.0,,,,,,,0,0,0,0,0,0,0,2021
2625,"The Kavery Engineering College, M Kalipatti Post, Mecheri, Salem District 634456",SALEM,SELF FINANCING COLLEGES TIER 3,BM,BIO MEDICAL ENGINEERING,130551.0,,,133217.0,,,,0,0,0,0,0,0,0,2021
2625,"The Kavery Engineering College, M Kalipatti Post, Mecheri, Salem District 634456",SALEM,SELF FINANCING COLLEGES TIER 3,CE,CIVIL ENGINEERING,132141.0,,,,,,,1,0,0,0,0,0,0,2021
2625,"The Kavery Engineering College, M Kalipatti Post, Mecheri, Salem District 634456",SALEM,SELF FINANCING COLLEGES TIER 3,CH,CHEMICAL ENGINEERING,129486.0,,,,,,,1,0,0,0,0,0,0,2021
2625,"The Kavery Engineering College, M Kalipatti Post, Mecheri, Salem District 634456",SALEM,SELF FINANCING COLLEGES TIER 3,CS,Computer Science and Engineering,134150.0,,,,136939.0,,134895.0,0,0,0,0,1,0,0,2021
2625,"The Kavery Engineering College, M Kalipatti Post, Mecheri, Salem District 634456",SALEM,SELF FINANCING COLLEGES TIER 3,EC,ELECTRONICS AND COMMUNICATION ENGINEERING,135997.0,,,,,,,1,0,0,0,0,0,0,2021
2625,"The Kavery Engineering College, M Kalipatti Post, Mecheri, Salem District 634456",SALEM,SELF FINANCING COLLEGES TIER 3,EE,Electrical and Electronics Engineering,133636.0,,,,,,,1,0,0,0,0,0,0,2021
2625,"The Kavery Engineering College, M Kalipatti Post, Mecheri, Salem District 634456",SALEM,SELF FINANCING COLLEGES TIER 3,IT,INFORMATION TECHNOLOGY,105945.0,,,123785.0,,,,0,0,0,0,0,0,0,2021
2625,"The Kavery Engineering College, M Kalipatti Post, Mecheri, Salem District 634456",SALEM,SELF FINANCING COLLEGES TIER 3,ME,Mechanical Engineering,133766.0,,,,,,,1,0,0,0,0,0,0,2021
2627,"Selvam College of Technology, Pappanaickenpatti Post, Namakkal District 637003",NAMAKKAL,SELF FINANCING COLLEGES TIER 3,BT,BIO TECHNOLOGY,73865.0,93406.0,,,100359.0,95388.0,,0,1,0,0,0,0,0,2021
2627,"Selvam College of Technology, Pappanaickenpatti Post, Namakkal District 637003",NAMAKKAL,SELF FINANCING COLLEGES TIER 3,CE,CIVIL ENGINEERING,,,,,,,,0,0,0,0,0,0,0,2021
2627,"Selvam College of Technology, Pappanaickenpatti Post, Namakkal District 637003",NAMAKKAL,SELF FINANCING COLLEGES TIER 3,CS,Computer Science and Engineering,92314.0,131719.0,,95538.0,117434.0,103138.0,,0,1,0,0,0,0,0,2021
2627,"Selvam College of Technology, Pappanaickenpatti Post, Namakkal District 637003",NAMAKKAL,SELF FINANCING COLLEGES TIER 3,EC,ELECTRONICS AND COMMUNICATION ENGINEERING,135370.0,,136682.0,,,,,0,0,1,0,0,0,0,2021
2627,"Selvam College of Technology, Pappanaickenpatti Post, Namakkal District 637003",NAMAKKAL,SELF FINANCING COLLEGES TIER 3,EE,Electrical and Electronics Engineering,136548.0,,,,,,,1,0,0,0,0,0,0,2021
2627,"Selvam College of Technology, Pappanaickenpatti Post, Namakkal District 637003",NAMAKKAL,SELF FINANCING COLLEGES TIER 3,ME,Mechanical Engineering,136594.0,,,,,,,1,0,0,0,0,0,0,2021
2628,"Paavai College of Engineering, NH-7, Pachal Post, Namakkal District 637018",NAMAKKAL,SELF FINANCING COLLEGES TIER 3,AD,Artificial Intelligence and Data Science,49714.0,84810.0,82805.0,64442.0,130828.0,,,0,0,0,0,1,0,0,2021
2628,"Paavai College of Engineering, NH-7, Pachal Post, Namakkal District 637018",NAMAKKAL,SELF FINANCING COLLEGES TIER 3,AU,AUTOMOBILE ENGINEERING,132917.0,,,,,,,1,0,0,0,0,0,0,2021
2628,"Paavai College of Engineering, NH-7, Pachal Post, Namakkal District 637018",NAMAKKAL,SELF FINANCING COLLEGES TIER 3,BM,BIO MEDICAL ENGINEERING,125033.0,,,130294.0,132753.0,,,0,0,0,1,1,0,0,2021
2628,"Paavai College of Engineering, NH-7, Pachal Post, Namakkal District 637018",NAMAKKAL,SELF FINANCING COLLEGES TIER 3,CS,Computer Science and Engineering,86524.0,111010.0,129535.0,97275.0,135896.0,131677.0,89813.0,0,0,1,0,0,1,0,2021
2628,"Paavai College of Engineering, NH-7, Pachal Post, Namakkal District 637018",NAMAKKAL,SELF FINANCING COLLEGES TIER 3,EE,Electrical and Electronics Engineering,127459.0,135237.0,,135002.0,136134.0,,,0,1,0,0,1,0,0,2021
2628,"Paavai College of Engineering, NH-7, Pachal Post, Namakkal District 637018",NAMAKKAL,SELF FINANCING COLLEGES TIER 3,ME,Mechanical Engineering,130072.0,,,,,,,1,0,0,0,0,0,0,2021
2629,"Sengunthar College of Engineering, Tiruchengode, Namakkal District 637205",NAMAKKAL,SELF FINANCING COLLEGES TIER 3,IT,INFORMATION TECHNOLOGY,103249.0,125739.0,,131339.0,124212.0,125714.0,,0,0,0,0,1,0,0,2021
2629,"Sengunthar College of Engineering, Tiruchengode, Namakkal District 637205",NAMAKKAL,SELF FINANCING COLLEGES TIER 3,MD,MEDICAL ELECTRONICS ENGINEERING,107712.0,132240.0,124064.0,,136609.0,128561.0,,0,1,1,0,1,0,0,2021
2629,"Sengunthar College of Engineering, Tiruchengode, Namakkal District 637205",NAMAKKAL,SELF FINANCING COLLEGES TIER 3,RM,ROBOTICS AND AUTOMATION,,,,,,,,0,0,0,0,0,0,0,2021
2630,"Chettinad College of Engineering and Technology, NH-67, Trichy Main Road, Puliyur C F, Karur District 639114",KARUR,SELF FINANCING COLLEGES TIER 3,CS,Computer Science and Engineering,75361.0,100983.0,77813.0,77617.0,130561.0,89179.0,,0,0,1,0,0,1,0,2021
2630,"Chettinad College of Engineering and Technology, NH-67, Trichy Main Road, Puliyur C F, Karur District 639114",KARUR,SELF FINANCING COLLEGES TIER 3,EC,ELECTRONICS AND COMMUNICATION ENGINEERING,78462.0,131201.0,130152.0,101417.0,130766.0,113142.0,,0,0,0,0,0,0,0,2021
2630,"Chettinad College of Engineering and Technology, NH-67, Trichy Main Road, Puliyur C F, Karur District 639114",KARUR,SELF FINANCING COLLEGES TIER 3,EE,Electrical and Electronics Engineering,120157.0,,,131221.0,131619.0,,,0,0,0,1,1,0,0,2021
2630,"Chettinad College of Engineering and Technology, NH-67, Trichy Main Road, Puliyur C F, Karur District 639114",KARUR,SELF FINANCING COLLEGES TIER 3,ME,Mechanical Engineering,105498.0,132923.0,,111117.0,119524.0,106655.0,,0,1,0,0,1,1,0,2021
2632,"Mahendra Institute of Technology (Autonomous), Mahendhirapuri, Mallasamudram, Namakkal District 637503",NAMAKKAL,SELF FINANCING COLLEGES TIER 2,BM,BIO MEDICAL ENGINEERING,93016.0,126978.0,132645.0,104278.0,124618.0,126534.0,,0,1,0,0,0,0,0,2021
2632,"Mahendra Institute of Technology (Autonomous), Mahendhirapuri, Mallasamudram, Namakkal District 637503",NAMAKKAL,SELF FINANCING COLLEGES TIER 2,CE,CIVIL ENGINEERING,,,,,,,,0,0,0,0,0,0,0,2021
2632,"Mahendra Institute of Technology (Autonomous), Mahendhirapuri, Mallasamudram, Namakkal District 637503",NAMAKKAL,SELF FINANCING COLLEGES TIER 2,CS,Computer Science and Engineering,92736.0,112992.0,135272.0,95861.0,125405.0,,114454.0,0,0,0,0,1,0,0,2021
2632,"Mahendra Institute of Technology (Autonomous), Mahendhirapuri, Mallasamudram, Namakkal District 637503",NAMAKKAL,SELF FINANCING COLLEGES TIER 2,EC,ELECTRONICS AND COMMUNICATION ENGINEERING,120325.0,135196.0,,128902.0,136553.0,,130382.0,0,1,0,0,1,0,0,2021
2632,"Mahendra Institute of Technology (Autonomous), Mahendhirapuri, Mallasamudram, Namakkal District 637503",NAMAKKAL,SELF FINANCING COLLEGES TIER 2,EE,Electrical and Electronics Engineering,134447.0,,,,,,,1,0,0,0,0,0,0,2021
2632,"Mahendra Institute of Technology (Autonomous), Mahendhirapuri, Mallasamudram, Namakkal District 637503",NAMAKKAL,SELF FINANCING COLLEGES TIER 2,IT,INFORMATION TECHNOLOGY,92684.0,113165.0,136429.0,97537.0,106751.0,,,0,0,1,0,1,0,0,2021
2632,"Mahendra Institute of Technology (Autonomous), Mahendhirapuri, Mallasamudram, Namakkal District 637503",NAMAKKAL,SELF FINANCING COLLEGES TIER 2,ME,Mechanical Engineering,133252.0,135730.0,136818.0,,135131.0,133260.0,,0,1,0,0,1,1,0,2021
2633,"Vidyaa Vikas College of Engineering and Technology, Varahoorampatti, Tiruchengode, Namakkal District 637 214",NAMAKKAL,SELF FINANCING COLLEGES TIER 3,CE,CIVIL ENGINEERING,,,,,,,,0,0,0,0,0,0,0,2021
2633,"Vidyaa Vikas College of Engineering and Technology, Varahoorampatti, Tiruchengode, Namakkal District 637 214",NAMAKKAL,SELF FINANCING COLLEGES TIER 3,CS,Computer Science and Engineering,109638.0,,,,,,,1,0,0,0,0,0,0,2021
2633,"Vidyaa Vikas College of Engineering and Technology, Varahoorampatti, Tiruchengode, Namakkal District 637 214",NAMAKKAL,SELF FINANCING COLLEGES TIER 3,EC,ELECTRONICS AND COMMUNICATION ENGINEERING,,,,,,,,0,0,0,0,0,0,0,2021
2633,"Vidyaa Vikas College of Engineering and Technology, Varahoorampatti, Tiruchengode, Namakkal District 637 214",NAMAKKAL,SELF FINANCING COLLEGES TIER 3,EE,Electrical and Electronics Engineering,,,,,,,,0,0,0,0,0,0,0,2021
2633,"Vidyaa Vikas College of Engineering and Technology, Varahoorampatti, Tiruchengode, Namakkal District 637 214",NAMAKKAL,SELF FINANCING COLLEGES TIER 3,ME,Mechanical Engineering,,,,,,,,0,0,0,0,0,0,0,2021
2634,"Excel Engineering College (Autonomous), NH-544, Salem Main Road, Pallakapalayam, Sankari West Post, Komarapalayam Taluk, Namakkal District - 637303",NAMAKKAL,SELF FINANCING COLLEGES TIER 3,AD,Artificial Intelligence and Data Science,71337.0,107059.0,,95625.0,108244.0,72500.0,,0,0,0,0,0,0,0,2021
2634,"Excel Engineering College (Autonomous), NH-544, Salem Main Road, Pallakapalayam, Sankari West Post, Komarapalayam Taluk, Namakkal District - 637303",NAMAKKAL,SELF FINANCING COLLEGES TIER 3,AE,AERONAUTICAL ENGINEERING,129045.0,,,,,,,1,0,0,0,0,0,0,2021
2634,"Excel Engineering College (Autonomous), NH-544, Salem Main Road, Pallakapalayam, Sankari West Post, Komarapalayam Taluk, Namakkal District - 637303",NAMAKKAL,SELF FINANCING COLLEGES TIER 3,AG,Agricultural Engineering,72702.0,122979.0,,106694.0,135719.0,98874.0,,0,1,0,0,0,0,0,2021
2634,"Excel Engineering College (Autonomous), NH-544, Salem Main Road, Pallakapalayam, Sankari West Post, Komarapalayam Taluk, Namakkal District - 637303",NAMAKKAL,SELF FINANCING COLLEGES TIER 3,BM,BIO MEDICAL ENGINEERING,81017.0,124119.0,121091.0,,108557.0,87654.0,,0,1,0,0,0,0,0,2021
2634,"Excel Engineering College (Autonomous), NH-544, Salem Main Road, Pallakapalayam, Sankari West Post, Komarapalayam Taluk, Namakkal District - 637303",NAMAKKAL,SELF FINANCING COLLEGES TIER 3,CE,CIVIL ENGINEERING,131210.0,,,,,,,1,0,0,0,0,0,0,2021
2634,"Excel Engineering College (Autonomous), NH-544, Salem Main Road, Pallakapalayam, Sankari West Post, Komarapalayam Taluk, Namakkal District - 637303",NAMAKKAL,SELF FINANCING COLLEGES TIER 3,CS,Computer Science and Engineering,81003.0,110133.0,133761.0,90978.0,128264.0,136842.0,,0,0,0,0,1,0,0,2021
2634,"Excel Engineering College (Autonomous), NH-544, Salem Main Road, Pallakapalayam, Sankari West Post, Komarapalayam Taluk, Namakkal District - 637303",NAMAKKAL,SELF FINANCING COLLEGES TIER 3,EC,ELECTRONICS AND COMMUNICATION ENGINEERING,93817.0,123280.0,133957.0,100978.0,136948.0,,,0,1,1,0,1,0,0,2021
2634,"Excel Engineering College (Autonomous), NH-544, Salem Main Road, Pallakapalayam, Sankari West Post, Komarapalayam Taluk, Namakkal District - 637303",NAMAKKAL,SELF FINANCING COLLEGES TIER 3,FD,FOOD TECHNOLOGY,118489.0,,,121506.0,136716.0,,,0,0,0,0,1,0,0,2021
2634,"Excel Engineering College (Autonomous), NH-544, Salem Main Road, Pallakapalayam, Sankari West Post, Komarapalayam Taluk, Namakkal District - 637303",NAMAKKAL,SELF FINANCING COLLEGES TIER 3,IT,INFORMATION TECHNOLOGY,63720.0,86898.0,126393.0,67873.0,135239.0,79798.0,,0,0,0,0,0,0,0,2021
2634,"Excel Engineering College (Autonomous), NH-544, Salem Main Road, Pallakapalayam, Sankari West Post, Komarapalayam Taluk, Namakkal District - 637303",NAMAKKAL,SELF FINANCING COLLEGES TIER 3,ME,Mechanical Engineering,136264.0,,,,,,,1,0,0,0,0,0,0,2021
2634,"Excel Engineering College (Autonomous), NH-544, Salem Main Road, Pallakapalayam, Sankari West Post, Komarapalayam Taluk, Namakkal District - 637303",NAMAKKAL,SELF FINANCING COLLEGES TIER 3,SF,Safety and Fire Engineering,111864.0,,,,,,,1,0,0,0,0,0,0,2021
2635,"CMS College of Engineering, Emapuram Post, Namakkal District 637003",NAMAKKAL,SELF FINANCING COLLEGES TIER 3,CS,Computer Science and Engineering,134973.0,,,,,,,1,0,0,0,0,0,0,2021
2635,"CMS College of Engineering, Emapuram Post, Namakkal District 637003",NAMAKKAL,SELF FINANCING COLLEGES TIER 3,EC,ELECTRONICS AND COMMUNICATION ENGINEERING,,,,,,,,0,0,0,0,0,0,0,2021
2635,"CMS College of Engineering, Emapuram Post, Namakkal District 637003",NAMAKKAL,SELF FINANCING COLLEGES TIER 3,EE,Electrical and Electronics Engineering,115541.0,,,,,,,1,0,0,0,0,0,0,2021
2635,"CMS College of Engineering, Emapuram Post, Namakkal District 637003",NAMAKKAL,SELF FINANCING COLLEGES TIER 3,ME,Mechanical Engineering,,,,,,,,0,0,0,0,0,0,0,2021
2636,"A V S Engineering College, Military Road, Ammapet, Salem District 636003",SALEM,SELF FINANCING COLLEGES TIER 3,AD,Artificial Intelligence and Data Science,83369.0,131434.0,87617.0,,135034.0,100553.0,,0,1,1,0,0,0,0,2021
2636,"A V S Engineering College, Military Road, Ammapet, Salem District 636003",SALEM,SELF FINANCING COLLEGES TIER 3,CE,CIVIL ENGINEERING,109173.0,134072.0,,,136513.0,114421.0,113955.0,0,1,0,0,0,0,0,2021
2636,"A V S Engineering College, Military Road, Ammapet, Salem District 636003",SALEM,SELF FINANCING COLLEGES TIER 3,CS,Computer Science and Engineering,70513.0,105874.0,132400.0,110951.0,110596.0,95402.0,103471.0,0,0,0,0,0,0,0,2021
2636,"A V S Engineering College, Military Road, Ammapet, Salem District 636003",SALEM,SELF FINANCING COLLEGES TIER 3,EC,ELECTRONICS AND COMMUNICATION ENGINEERING,78516.0,122933.0,94801.0,86392.0,127456.0,110727.0,89821.0,0,0,1,0,0,0,0,2021
2636,"A V S Engineering College, Military Road, Ammapet, Salem District 636003",SALEM,SELF FINANCING COLLEGES TIER 3,EE,Electrical and Electronics Engineering,86781.0,129171.0,,121640.0,132598.0,118721.0,,0,1,0,0,0,0,0,2021
2636,"A V S Engineering College, Military Road, Ammapet, Salem District 636003",SALEM,SELF FINANCING COLLEGES TIER 3,ME,Mechanical Engineering,124747.0,134336.0,127270.0,,135033.0,132178.0,126820.0,0,1,1,0,1,1,0,2021
2638,"Mahendra Engineering College for Women, Kumaramangalam, Namakkal District 637205",NAMAKKAL,SELF FINANCING COLLEGES TIER 1,CS,Computer Science and Engineering,118954.0,135980.0,,136326.0,129597.0,119840.0,,0,1,0,1,1,1,0,2021
2638,"Mahendra Engineering College for Women, Kumaramangalam, Namakkal District 637205",NAMAKKAL,SELF FINANCING COLLEGES TIER 1,IT,INFORMATION TECHNOLOGY,96707.0,136388.0,,,126915.0,136087.0,,0,1,0,0,1,0,0,2021
2639,"Narasu's Sarathy Institute of Technology, Poosaripatty Village, Omalur Taluk, Salem District 636305",SALEM,SELF FINANCING COLLEGES TIER 3,CS,Computer Science and Engineering,80005.0,130410.0,100844.0,120777.0,135780.0,,120111.0,0,1,1,1,1,0,0,2021
2639,"Narasu's Sarathy Institute of Technology, Poosaripatty Village, Omalur Taluk, Salem District 636305",SALEM,SELF FINANCING COLLEGES TIER 3,EC,ELECTRONICS AND COMMUNICATION ENGINEERING,94468.0,130516.0,,,108408.0,,,0,1,0,0,1,0,0,2021
2639,"Narasu's Sarathy Institute of Technology, Poosaripatty Village, Omalur Taluk, Salem District 636305",SALEM,SELF FINANCING COLLEGES TIER 3,EE,Electrical and Electronics Engineering,120394.0,,,,132780.0,,,0,0,0,0,1,0,0,2021
2639,"Narasu's Sarathy Institute of Technology, Poosaripatty Village, Omalur Taluk, Salem District 636305",SALEM,SELF FINANCING COLLEGES TIER 3,IT,INFORMATION TECHNOLOGY,124229.0,134506.0,,,,,,0,1,0,0,0,0,0,2021
2639,"Narasu's Sarathy Institute of Technology, Poosaripatty Village, Omalur Taluk, Salem District 636305",SALEM,SELF FINANCING COLLEGES TIER 3,ME,Mechanical Engineering,124161.0,,,,,,,0,0,0,0,0,0,0,2021
2640,"Jayalakshmi Institute of Technology, Thoppur, Dharmapuri District 635352",DHARMAPURI,SELF FINANCING COLLEGES TIER 3,AD,Artificial Intelligence and Data Science,126736.0,,,,,,,1,0,0,0,0,0,0,2021
2640,"Jayalakshmi Institute of Technology, Thoppur, Dharmapuri District 635352",DHARMAPURI,SELF FINANCING COLLEGES TIER 3,CE,CIVIL ENGINEERING,113664.0,,,,,,,1,0,0,0,0,0,0,2021
2640,"Jayalakshmi Institute of Technology, Thoppur, Dharmapuri District 635352",DHARMAPURI,SELF FINANCING COLLEGES TIER 3,CS,Computer Science and Engineering,136909.0,,,,,,,1,0,0,0,0,0,0,2021
2640,"Jayalakshmi Institute of Technology, Thoppur, Dharmapuri District 635352",DHARMAPURI,SELF FINANCING COLLEGES TIER 3,EC,ELECTRONICS AND COMMUNICATION ENGINEERING,136641.0,,,,,,,1,0,0,0,0,0,0,2021
2640,"Jayalakshmi Institute of Technology, Thoppur, Dharmapuri District 635352",DHARMAPURI,SELF FINANCING COLLEGES TIER 3,EE,Electrical and Electronics Engineering,117161.0,,,,,,,1,0,0,0,0,0,0,2021
2640,"Jayalakshmi Institute of Technology, Thoppur, Dharmapuri District 635352",DHARMAPURI,SELF FINANCING COLLEGES TIER 3,ME,Mechanical Engineering,136628.0,,,,,,,1,0,0,0,0,0,0,2021
2641,"Varuvan Vadivelan Institute of Technology, Nallanahalli, Dharmapuri District 636701",DHARMAPURI,SELF FINANCING COLLEGES TIER 3,CE,CIVIL ENGINEERING,125991.0,,,,,,,1,0,0,0,0,0,0,2021
2641,"Varuvan Vadivelan Institute of Technology, Nallanahalli, Dharmapuri District 636701",DHARMAPURI,SELF FINANCING COLLEGES TIER 3,CS,Computer Science and Engineering,118311.0,125588.0,,,,,,0,1,0,0,0,0,0,2021
2641,"Varuvan Vadivelan Institute of Technology, Nallanahalli, Dharmapuri District 636701",DHARMAPURI,SELF FINANCING COLLEGES TIER 3,EC,ELECTRONICS AND COMMUNICATION ENGINEERING,120213.0,,,,,,,0,0,0,0,0,0,0,2021
2641,"Varuvan Vadivelan Institute of Technology, Nallanahalli, Dharmapuri District 636701",DHARMAPURI,SELF FINANCING COLLEGES TIER 3,EE,Electrical and Electronics Engineering,112471.0,,,,,,,1,0,0,0,0,0,0,2021
2641,"Varuvan Vadivelan Institute of Technology, Nallanahalli, Dharmapuri District 636701",DHARMAPURI,SELF FINANCING COLLEGES TIER 3,ME,Mechanical Engineering,135121.0,,,,,,,1,0,0,0,0,0,0,2021
2642,"P S V College of Engineeering and Technology, Mittapalli, Balinayanapalli Post, Elathagiri, Krishnagiri District 635108",KRISHNAGIRI,SELF FINANCING COLLEGES TIER 3,CE,CIVIL ENGINEERING,134096.0,,,,,,,1,0,0,0,0,0,0,2021
2642,"P S V College of Engineeering and Technology, Mittapalli, Balinayanapalli Post, Elathagiri, Krishnagiri District 635108",KRISHNAGIRI,SELF FINANCING COLLEGES TIER 3,CS,Computer Science and Engineering,60913.0,131142.0,122159.0,104869.0,130792.0,134934.0,,0,1,0,0,0,1,0,2021
2642,"P S V College of Engineeering and Technology, Mittapalli, Balinayanapalli Post, Elathagiri, Krishnagiri District 635108",KRISHNAGIRI,SELF FINANCING COLLEGES TIER 3,EC,ELECTRONICS AND COMMUNICATION ENGINEERING,101210.0,136338.0,117952.0,115583.0,136883.0,116224.0,,0,1,0,0,1,1,0,2021
2642,"P S V College of Engineeering and Technology, Mittapalli, Balinayanapalli Post, Elathagiri, Krishnagiri District 635108",KRISHNAGIRI,SELF FINANCING COLLEGES TIER 3,EE,Electrical and Electronics Engineering,117761.0,125733.0,125864.0,120507.0,135994.0,,,0,1,0,0,1,0,0,2021
2642,"P S V College of Engineeering and Technology, Mittapalli, Balinayanapalli Post, Elathagiri, Krishnagiri District 635108",KRISHNAGIRI,SELF FINANCING COLLEGES TIER 3,IT,INFORMATION TECHNOLOGY,71056.0,136887.0,86785.0,84986.0,124268.0,125413.0,75966.0,0,1,0,0,0,0,0,2021
2642,"P S V College of Engineeering and Technology, Mittapalli, Balinayanapalli Post, Elathagiri, Krishnagiri District 635108",KRISHNAGIRI,SELF FINANCING COLLEGES TIER 3,ME,Mechanical Engineering,132202.0,132764.0,132704.0,135437.0,135708.0,,,0,1,1,0,1,0,0,2021
2643,"Bharathiyar Institute of Engineering for Women, Deviayakurichi, Attur Taluk, Salem District 636112",SALEM,SELF FINANCING COLLEGES TIER 3,CS,Computer Science and Engineering,72286.0,123082.0,80629.0,77275.0,129776.0,120760.0,89635.0,0,0,1,0,0,0,0,2021
2643,"Bharathiyar Institute of Engineering for Women, Deviayakurichi, Attur Taluk, Salem District 636112",SALEM,SELF FINANCING COLLEGES TIER 3,EC,ELECTRONICS AND COMMUNICATION ENGINEERING,119627.0,136859.0,,130380.0,134288.0,120117.0,122253.0,0,1,0,1,0,1,0,2021
2643,"Bharathiyar Institute of Engineering for Women, Deviayakurichi, Attur Taluk, Salem District 636112",SALEM,SELF FINANCING COLLEGES TIER 3,EE,Electrical and Electronics Engineering,136301.0,,,,,,,1,0,0,0,0,0,0,2021
2646,"Tagore Institute of Engineering and Technology, Deviyakurichi, Attur Taluk, Salem District 636112",SALEM,SELF FINANCING COLLEGES TIER 3,CE,CIVIL ENGINEERING,135807.0,,,,,,,1,0,0,0,0,0,0,2021
2646,"Tagore Institute of Engineering and Technology, Deviyakurichi, Attur Taluk, Salem District 636112",SALEM,SELF FINANCING COLLEGES TIER 3,CS,Computer Science and Engineering,80817.0,133827.0,,118288.0,,,,0,1,0,0,0,0,0,2021
2646,"Tagore Institute of Engineering and Technology, Deviyakurichi, Attur Taluk, Salem District 636112",SALEM,SELF FINANCING COLLEGES TIER 3,EC,ELECTRONICS AND COMMUNICATION ENGINEERING,129563.0,130652.0,,131274.0,,,,0,1,0,1,0,0,0,2021
2646,"Tagore Institute of Engineering and Technology, Deviyakurichi, Attur Taluk, Salem District 636112",SALEM,SELF FINANCING COLLEGES TIER 3,EE,Electrical and Electronics Engineering,127829.0,136673.0,,,132601.0,,,0,1,0,0,1,0,0,2021
2646,"Tagore Institute of Engineering and Technology, Deviyakurichi, Attur Taluk, Salem District 636112",SALEM,SELF FINANCING COLLEGES TIER 3,ME,Mechanical Engineering,136667.0,,,,,,,1,0,0,0,0,0,0,2021
2647,"J K K Nataraja College of Engineering and Technology, Komarapalayam Amani, Thattankuttai Panchayat, Namakkal District 638183",NAMAKKAL,SELF FINANCING COLLEGES TIER 3,CS,Computer Science and Engineering,128202.0,134875.0,,,131910.0,,,0,1,0,0,1,0,0,2021
2647,"J K K Nataraja College of Engineering and Technology, Komarapalayam Amani, Thattankuttai Panchayat, Namakkal District 638183",NAMAKKAL,SELF FINANCING COLLEGES TIER 3,EC,ELECTRONICS AND COMMUNICATION ENGINEERING,136367.0,,,,,,,1,0,0,0,0,0,0,2021
2647,"J K K Nataraja College of Engineering and Technology, Komarapalayam Amani, Thattankuttai Panchayat, Namakkal District 638183",NAMAKKAL,SELF FINANCING COLLEGES TIER 3,EE,Electrical and Electronics Engineering,130297.0,,,,,,,1,0,0,0,0,0,0,2021
2647,"J K K Nataraja College of Engineering and Technology, Komarapalayam Amani, Thattankuttai Panchayat, Namakkal District 638183",NAMAKKAL,SELF FINANCING COLLEGES TIER 3,IT,INFORMATION TECHNOLOGY,135571.0,,,,,,,0,0,0,0,0,0,0,2021
2647,"J K K Nataraja College of Engineering and Technology, Komarapalayam Amani, Thattankuttai Panchayat, Namakkal District 638183",NAMAKKAL,SELF FINANCING COLLEGES TIER 3,ME,Mechanical Engineering,130641.0,,,,,,,1,0,0,0,0,0,0,2021
2648,"Annapoorana Engineering College, Sankari Main Road, NH-47, Periaseeragapadi, Salem District 636308",SALEM,SELF FINANCING COLLEGES TIER 3,AU,AUTOMOBILE ENGINEERING,136532.0,,,,,,,1,0,0,0,0,0,0,2021
2648,"Annapoorana Engineering College, Sankari Main Road, NH-47, Periaseeragapadi, Salem District 636308",SALEM,SELF FINANCING COLLEGES TIER 3,CE,CIVIL ENGINEERING,,,,,,,,0,0,0,0,0,0,0,2021
2648,"Annapoorana Engineering College, Sankari Main Road, NH-47, Periaseeragapadi, Salem District 636308",SALEM,SELF FINANCING COLLEGES TIER 3,CS,Computer Science and Engineering,72465.0,128010.0,,,120353.0,86677.0,,0,0,0,0,1,0,0,2021
2648,"Annapoorana Engineering College, Sankari Main Road, NH-47, Periaseeragapadi, Salem District 636308",SALEM,SELF FINANCING COLLEGES TIER 3,EC,ELECTRONICS AND COMMUNICATION ENGINEERING,126090.0,129272.0,129221.0,,,,,0,1,1,0,0,0,0,2021
2648,"Annapoorana Engineering College, Sankari Main Road, NH-47, Periaseeragapadi, Salem District 636308",SALEM,SELF FINANCING COLLEGES TIER 3,EE,Electrical and Electronics Engineering,136827.0,,,,,,,1,0,0,0,0,0,0,2021
2648,"Annapoorana Engineering College, Sankari Main Road, NH-47, Periaseeragapadi, Salem District 636308",SALEM,SELF FINANCING COLLEGES TIER 3,ME,Mechanical Engineering,132371.0,,,,,,,1,0,0,0,0,0,0,2021
2650,"Christ The King Engineering College, Cecilia Gardens, Chikkarampalayam Village, Coimbatore District 641104",COIMBATORE,SELF FINANCING COLLEGES TIER 3,CE,CIVIL ENGINEERING,129919.0,,,,,,,1,0,0,0,0,0,0,2021
2650,"Christ The King Engineering College, Cecilia Gardens, Chikkarampalayam Village, Coimbatore District 641104",COIMBATORE,SELF FINANCING COLLEGES TIER 3,CS,Computer Science and Engineering,104951.0,135184.0,126606.0,112877.0,129055.0,110801.0,112644.0,0,1,1,0,1,0,0,2021
2650,"Christ The King Engineering College, Cecilia Gardens, Chikkarampalayam Village, Coimbatore District 641104",COIMBATORE,SELF FINANCING COLLEGES TIER 3,EC,ELECTRONICS AND COMMUNICATION ENGINEERING,109518.0,132609.0,,,120732.0,,,0,1,0,0,1,0,0,2021
2650,"Christ The King Engineering College, Cecilia Gardens, Chikkarampalayam Village, Coimbatore District 641104",COIMBATORE,SELF FINANCING COLLEGES TIER 3,EE,Electrical and Electronics Engineering,122724.0,,,,,,,1,0,0,0,0,0,0,2021
2650,"Christ The King Engineering College, Cecilia Gardens, Chikkarampalayam Village, Coimbatore District 641104",COIMBATORE,SELF FINANCING COLLEGES TIER 3,ME,Mechanical Engineering,128638.0,,,,134838.0,,,0,0,0,0,1,0,0,2021
2651,"Jai Shriram Engineering College, Dharapuram Road, Avinashi Palayam, Tiruppur District 638660",TIRUPPUR,SELF FINANCING COLLEGES TIER 3,AD,Artificial Intelligence and Data Science,82163.0,125255.0,,95675.0,129762.0,,,0,0,0,0,1,0,0,2021
2651,"Jai Shriram Engineering College, Dharapuram Road, Avinashi Palayam, Tiruppur District 638660",TIRUPPUR,SELF FINANCING COLLEGES TIER 3,CE,CIVIL ENGINEERING,136719.0,,,,,,,1,0,0,0,0,0,0,2021
2651,"Jai Shriram Engineering College, Dharapuram Road, Avinashi Palayam, Tiruppur District 638660",TIRUPPUR,SELF FINANCING COLLEGES TIER 3,CS,Computer Science and Engineering,54235.0,112134.0,136786.0,63525.0,136428.0,112237.0,,0,1,0,0,1,0,0,2021
2651,"Jai Shriram Engineering College, Dharapuram Road, Avinashi Palayam, Tiruppur District 638660",TIRUPPUR,SELF FINANCING COLLEGES TIER 3,EC,ELECTRONICS AND COMMUNICATION ENGINEERING,80085.0,122744.0,103538.0,94177.0,118936.0,94404.0,,0,0,1,0,1,0,0,2021
2651,"Jai Shriram Engineering College, Dharapuram Road, Avinashi Palayam, Tiruppur District 638660",TIRUPPUR,SELF FINANCING COLLEGES TIER 3,EE,Electrical and Electronics Engineering,101732.0,123175.0,,131079.0,124745.0,110620.0,,0,1,0,0,1,0,0,2021
2651,"Jai Shriram Engineering College, Dharapuram Road, Avinashi Palayam, Tiruppur District 638660",TIRUPPUR,SELF FINANCING COLLEGES TIER 3,FT,FASHION TECHNOLOGY,120066.0,132695.0,,,,,,0,1,0,0,0,0,0,2021
2651,"Jai Shriram Engineering College, Dharapuram Road, Avinashi Palayam, Tiruppur District 638660",TIRUPPUR,SELF FINANCING COLLEGES TIER 3,ME,Mechanical Engineering,123026.0,133858.0,,,129600.0,,,0,1,0,0,1,0,0,2021
2652,"AL-Ameen Engineering College (Autonomous), Karundevan Palayam, Nanjai Uthukuli Post, Erode District 638104",ERODE,SELF FINANCING COLLEGES TIER 3,CE,CIVIL ENGINEERING,131654.0,,,,,,,1,0,0,0,0,0,0,2021
2652,"AL-Ameen Engineering College (Autonomous), Karundevan Palayam, Nanjai Uthukuli Post, Erode District 638104",ERODE,SELF FINANCING COLLEGES TIER 3,CS,Computer Science and Engineering,121965.0,128642.0,127079.0,,,,,0,1,0,0,0,0,0,2021
2652,"AL-Ameen Engineering College (Autonomous), Karundevan Palayam, Nanjai Uthukuli Post, Erode District 638104",ERODE,SELF FINANCING COLLEGES TIER 3,EC,ELECTRONICS AND COMMUNICATION ENGINEERING,119128.0,,120946.0,,,,,0,0,0,0,0,0,0,2021
2652,"AL-Ameen Engineering College (Autonomous), Karundevan Palayam, Nanjai Uthukuli Post, Erode District 638104",ERODE,SELF FINANCING COLLEGES TIER 3,EE,Electrical and Electronics Engineering,133724.0,,,,,,,0,0,0,0,0,0,0,2021
2652,"AL-Ameen Engineering College (Autonomous), Karundevan Palayam, Nanjai Uthukuli Post, Erode District 638104",ERODE,SELF FINANCING COLLEGES TIER 3,IT,INFORMATION TECHNOLOGY,101162.0,135564.0,,,115924.0,,,0,1,0,0,1,0,0,2021
2652,"AL-Ameen Engineering College (Autonomous), Karundevan Palayam, Nanjai Uthukuli Post, Erode District 638104",ERODE,SELF FINANCING COLLEGES TIER 3,ME,Mechanical Engineering,132613.0,,,,,,,1,0,0,0,0,0,0,2021
2653,"Knowledge Institute of Technology, KIOT Campus, Kakapalayam Post, Salem District 637504",SALEM,SELF FINANCING COLLEGES TIER 3,AD,Artificial Intelligence and Data Science,42119.0,49821.0,78746.0,67548.0,124953.0,,,0,0,0,0,0,0,0,2021
2653,"Knowledge Institute of Technology, KIOT Campus, Kakapalayam Post, Salem District 637504",SALEM,SELF FINANCING COLLEGES TIER 3,CB,COMPUTER SCIENCE AND BUSSINESS SYSTEM,41432.0,54153.0,85140.0,72021.0,130759.0,119464.0,,0,0,0,0,1,0,0,2021
2653,"Knowledge Institute of Technology, KIOT Campus, Kakapalayam Post, Salem District 637504",SALEM,SELF FINANCING COLLEGES TIER 3,CE,CIVIL ENGINEERING,103159.0,122126.0,,,,,,0,0,0,0,0,0,0,2021
2653,"Knowledge Institute of Technology, KIOT Campus, Kakapalayam Post, Salem District 637504",SALEM,SELF FINANCING COLLEGES TIER 3,CS,Computer Science and Engineering,28630.0,44354.0,72671.0,50369.0,132816.0,99892.0,,0,0,0,0,1,0,0,2021
2653,"Knowledge Institute of Technology, KIOT Campus, Kakapalayam Post, Salem District 637504",SALEM,SELF FINANCING COLLEGES TIER 3,EC,ELECTRONICS AND COMMUNICATION ENGINEERING,42640.0,57615.0,95351.0,70118.0,134844.0,,,0,0,0,0,1,0,0,2021
2653,"Knowledge Institute of Technology, KIOT Campus, Kakapalayam Post, Salem District 637504",SALEM,SELF FINANCING COLLEGES TIER 3,EE,Electrical and Electronics Engineering,48825.0,71546.0,,81572.0,132095.0,,,0,0,0,0,1,0,0,2021
2653,"Knowledge Institute of Technology, KIOT Campus, Kakapalayam Post, Salem District 637504",SALEM,SELF FINANCING COLLEGES TIER 3,IT,INFORMATION TECHNOLOGY,33664.0,44237.0,64730.0,37295.0,131316.0,128226.0,,0,0,0,0,0,0,0,2021
2653,"Knowledge Institute of Technology, KIOT Campus, Kakapalayam Post, Salem District 637504",SALEM,SELF FINANCING COLLEGES TIER 3,ME,Mechanical Engineering,79778.0,114262.0,134663.0,105104.0,,,,0,0,0,0,0,0,0,2021
2656,"Builders Engineering college, Nathakadaiyur, Erode Road, Palayakottai Village, Kangeyam, Tiruppur District 638108",TIRUPPUR,SELF FINANCING COLLEGES TIER 3,AD,Artificial Intelligence and Data Science,20392.0,33647.0,72842.0,72778.0,85034.0,,,0,0,0,0,1,0,0,2021
2656,"Builders Engineering college, Nathakadaiyur, Erode Road, Palayakottai Village, Kangeyam, Tiruppur District 638108",TIRUPPUR,SELF FINANCING COLLEGES TIER 3,CE,CIVIL ENGINEERING,54169.0,103061.0,,74158.0,,,,0,1,0,0,0,0,0,2021
2656,"Builders Engineering college, Nathakadaiyur, Erode Road, Palayakottai Village, Kangeyam, Tiruppur District 638108",TIRUPPUR,SELF FINANCING COLLEGES TIER 3,CS,Computer Science and Engineering,33350.0,44954.0,34203.0,35957.0,95459.0,64922.0,87136.0,0,0,0,0,1,0,0,2021
2656,"Builders Engineering college, Nathakadaiyur, Erode Road, Palayakottai Village, Kangeyam, Tiruppur District 638108",TIRUPPUR,SELF FINANCING COLLEGES TIER 3,EC,ELECTRONICS AND COMMUNICATION ENGINEERING,40995.0,76573.0,41334.0,42569.0,118458.0,,,0,0,0,0,1,0,0,2021
2656,"Builders Engineering college, Nathakadaiyur, Erode Road, Palayakottai Village, Kangeyam, Tiruppur District 638108",TIRUPPUR,SELF FINANCING COLLEGES TIER 3,EE,Electrical and Electronics Engineering,54510.0,82204.0,,78816.0,113623.0,101227.0,,0,0,0,0,1,0,0,2021
2656,"Builders Engineering college, Nathakadaiyur, Erode Road, Palayakottai Village, Kangeyam, Tiruppur District 638108",TIRUPPUR,SELF FINANCING COLLEGES TIER 3,ME,Mechanical Engineering,60070.0,112369.0,,,,,,0,1,0,0,0,0,0,2021
2657,"Paavai College of Technology, NH-7, Pachal Post, Namakkal District 637018",NAMAKKAL,SELF FINANCING COLLEGES TIER 3,BT,BIO TECHNOLOGY,102912.0,136377.0,131376.0,,136393.0,,124065.0,0,1,1,0,1,0,0,2021
2657,"Paavai College of Technology, NH-7, Pachal Post, Namakkal District 637018",NAMAKKAL,SELF FINANCING COLLEGES TIER 3,CE,CIVIL ENGINEERING,,,,,,,,0,0,0,0,0,0,0,2021
2657,"Paavai College of Technology, NH-7, Pachal Post, Namakkal District 637018",NAMAKKAL,SELF FINANCING COLLEGES TIER 3,CS,Computer Science and Engineering,85470.0,115050.0,131724.0,100535.0,111415.0,104891.0,119841.0,0,0,0,0,0,0,0,2021
2657,"Paavai College of Technology, NH-7, Pachal Post, Namakkal District 637018",NAMAKKAL,SELF FINANCING COLLEGES TIER 3,EC,ELECTRONICS AND COMMUNICATION ENGINEERING,108580.0,135460.0,,123309.0,125910.0,136496.0,,0,1,0,0,1,1,0,2021
2657,"Paavai College of Technology, NH-7, Pachal Post, Namakkal District 637018",NAMAKKAL,SELF FINANCING COLLEGES TIER 3,ME,Mechanical Engineering,,,,,,,,0,0,0,0,0,0,0,2021
2657,"Paavai College of Technology, NH-7, Pachal Post, Namakkal District 637018",NAMAKKAL,SELF FINANCING COLLEGES TIER 3,RM,ROBOTICS AND AUTOMATION,136163.0,,,,,,,1,0,0,0,0,0,0,2021
2657,"Paavai College of Technology, NH-7, Pachal Post, Namakkal District 637018",NAMAKKAL,SELF FINANCING COLLEGES TIER 3,SF,Safety and Fire Engineering,123976.0,,,,,,,1,0,0,0,0,0,0,2021
2658,"V S A Group of Institutions, NH-47, Uthamasola Puram Post, Salem District 636010",SALEM,SELF FINANCING COLLEGES TIER 3,CE,CIVIL ENGINEERING,119611.0,,,,,,,1,0,0,0,0,0,0,2021
2658,"V S A Group of Institutions, NH-47, Uthamasola Puram Post, Salem District 636010",SALEM,SELF FINANCING COLLEGES TIER 3,CS,Computer Science and Engineering,136889.0,,,,,,,1,0,0,0,0,0,0,2021
2658,"V S A Group of Institutions, NH-47, Uthamasola Puram Post, Salem District 636010",SALEM,SELF FINANCING COLLEGES TIER 3,EC,ELECTRONICS AND COMMUNICATION ENGINEERING,,,,,,,,0,0,0,0,0,0,0,2021
2658,"V S A Group of Institutions, NH-47, Uthamasola Puram Post, Salem District 636010",SALEM,SELF FINANCING COLLEGES TIER 3,EE,Electrical and Electronics Engineering,,,,,,,,0,0,0,0,0,0,0,2021
2658,"V S A Group of Institutions, NH-47, Uthamasola Puram Post, Salem District 636010",SALEM,SELF FINANCING COLLEGES TIER 3,ME,Mechanical Engineering,,,,,,,,0,0,0,0,0,0,0,2021
2659,"Salem College of Engineering and Technology, Salem-Attur Main Road, NH-68, Mettupatty Perumapalayam, Salem District 636111",SALEM,SELF FINANCING COLLEGES TIER 3,BM,BIO MEDICAL ENGINEERING,91293.0,132084.0,122598.0,108645.0,133036.0,111512.0,,0,1,0,0,0,0,0,2021
2659,"Salem College of Engineering and Technology, Salem-Attur Main Road, NH-68, Mettupatty Perumapalayam, Salem District 636111",SALEM,SELF FINANCING COLLEGES TIER 3,CE,CIVIL ENGINEERING,132571.0,,,,,,,1,0,0,0,0,0,0,2021
2659,"Salem College of Engineering and Technology, Salem-Attur Main Road, NH-68, Mettupatty Perumapalayam, Salem District 636111",SALEM,SELF FINANCING COLLEGES TIER 3,CS,Computer Science and Engineering,95561.0,133470.0,130731.0,,123022.0,126748.0,,0,1,0,0,1,1,0,2021
2659,"Salem College of Engineering and Technology, Salem-Attur Main Road, NH-68, Mettupatty Perumapalayam, Salem District 636111",SALEM,SELF FINANCING COLLEGES TIER 3,EC,ELECTRONICS AND COMMUNICATION ENGINEERING,99125.0,127531.0,121812.0,,133839.0,115692.0,,0,1,0,0,1,0,0,2021
2659,"Salem College of Engineering and Technology, Salem-Attur Main Road, NH-68, Mettupatty Perumapalayam, Salem District 636111",SALEM,SELF FINANCING COLLEGES TIER 3,EE,Electrical and Electronics Engineering,126496.0,128640.0,,,128554.0,,,0,1,0,0,1,0,0,2021
2659,"Salem College of Engineering and Technology, Salem-Attur Main Road, NH-68, Mettupatty Perumapalayam, Salem District 636111",SALEM,SELF FINANCING COLLEGES TIER 3,ME,Mechanical Engineering,127489.0,130403.0,,,133026.0,,132715.0,0,1,0,0,1,0,0,2021
2661,"Vivekanandha College of Technology for Women, Sathinaickenpalayam, Elayampalayam Village, Kumaramangalam, Namakkal District 637205",NAMAKKAL,SELF FINANCING COLLEGES TIER 3,CE,CIVIL ENGINEERING,125349.0,,,,,,,1,0,0,0,0,0,0,2021
2661,"Vivekanandha College of Technology for Women, Sathinaickenpalayam, Elayampalayam Village, Kumaramangalam, Namakkal District 637205",NAMAKKAL,SELF FINANCING COLLEGES TIER 3,CS,Computer Science and Engineering,55127.0,95201.0,91647.0,80193.0,117671.0,75874.0,,0,0,1,0,0,0,0,2021
2661,"Vivekanandha College of Technology for Women, Sathinaickenpalayam, Elayampalayam Village, Kumaramangalam, Namakkal District 637205",NAMAKKAL,SELF FINANCING COLLEGES TIER 3,EC,ELECTRONICS AND COMMUNICATION ENGINEERING,60875.0,136211.0,63176.0,64964.0,122249.0,76784.0,,0,1,0,0,1,0,0,2021
2661,"Vivekanandha College of Technology for Women, Sathinaickenpalayam, Elayampalayam Village, Kumaramangalam, Namakkal District 637205",NAMAKKAL,SELF FINANCING COLLEGES TIER 3,EE,Electrical and Electronics Engineering,114301.0,135935.0,,,133959.0,,,0,1,0,0,1,0,0,2021
2661,"Vivekanandha College of Technology for Women, Sathinaickenpalayam, Elayampalayam Village, Kumaramangalam, Namakkal District 637205",NAMAKKAL,SELF FINANCING COLLEGES TIER 3,IT,INFORMATION TECHNOLOGY,57263.0,107577.0,117352.0,122430.0,122949.0,87165.0,,0,0,1,0,0,0,0,2021
2662,"Dr. Nagarathinams College of Engineering, Anadhagoundam Palayam, Minakkal Post, Rasipuram, Namakkal District 637505",NAMAKKAL,SELF FINANCING COLLEGES TIER 3,CE,CIVIL ENGINEERING,,,,,,,,0,0,0,0,0,0,0,2021
2662,"Dr. Nagarathinams College of Engineering, Anadhagoundam Palayam, Minakkal Post, Rasipuram, Namakkal District 637505",NAMAKKAL,SELF FINANCING COLLEGES TIER 3,CS,Computer Science and Engineering,,,,,,,,0,0,0,0,0,0,0,2021
2662,"Dr. Nagarathinams College of Engineering, Anadhagoundam Palayam, Minakkal Post, Rasipuram, Namakkal District 637505",NAMAKKAL,SELF FINANCING COLLEGES TIER 3,EC,ELECTRONICS AND COMMUNICATION ENGINEERING,,,,,,,,0,0,0,0,0,0,0,2021
2662,"Dr. Nagarathinams College of Engineering, Anadhagoundam Palayam, Minakkal Post, Rasipuram, Namakkal District 637505",NAMAKKAL,SELF FINANCING COLLEGES TIER 3,EE,Electrical and Electronics Engineering,,,,,,,,0,0,0,0,0,0,0,2021
2662,"Dr. Nagarathinams College of Engineering, Anadhagoundam Palayam, Minakkal Post, Rasipuram, Namakkal District 637505",NAMAKKAL,SELF FINANCING COLLEGES TIER 3,ME,Mechanical Engineering,,,,,,,,0,0,0,0,0,0,0,2021
2665,"Mahendra Institute of Engineering and Technology, Mahendrapuri, Mallasamudram, Namakkal District 637503",NAMAKKAL,SELF FINANCING COLLEGES TIER 2,CS,Computer Science and Engineering,118134.0,132078.0,136962.0,135853.0,136892.0,136671.0,136407.0,0,1,0,0,1,0,0,2021
2673,"Sree Sakthi Engineering College, Bettathapuram, Bilichi Village, Karamadai, Coimbatore District 641104",COIMBATORE,SELF FINANCING COLLEGES TIER 3,CE,CIVIL ENGINEERING,125450.0,,,,,,,1,0,0,0,0,0,0,2021
2673,"Sree Sakthi Engineering College, Bettathapuram, Bilichi Village, Karamadai, Coimbatore District 641104",COIMBATORE,SELF FINANCING COLLEGES TIER 3,CS,Computer Science and Engineering,60765.0,71283.0,87681.0,71860.0,136802.0,100717.0,,0,0,0,0,1,0,0,2021
2673,"Sree Sakthi Engineering College, Bettathapuram, Bilichi Village, Karamadai, Coimbatore District 641104",COIMBATORE,SELF FINANCING COLLEGES TIER 3,EC,ELECTRONICS AND COMMUNICATION ENGINEERING,90414.0,129131.0,,,,,,0,1,0,0,0,0,0,2021
2673,"Sree Sakthi Engineering College, Bettathapuram, Bilichi Village, Karamadai, Coimbatore District 641104",COIMBATORE,SELF FINANCING COLLEGES TIER 3,EE,Electrical and Electronics Engineering,131905.0,,,,,,,1,0,0,0,0,0,0,2021
2673,"Sree Sakthi Engineering College, Bettathapuram, Bilichi Village, Karamadai, Coimbatore District 641104",COIMBATORE,SELF FINANCING COLLEGES TIER 3,ME,Mechanical Engineering,136654.0,,,,,,,1,0,0,0,0,0,0,2021
2683,"Shreenivasa Engineering College, B Pallipatti, Bommidi, Pappireddipatti Taluk, Dharmapuri District 635301",DHARMAPURI,SELF FINANCING COLLEGES TIER 3,AG,Agricultural Engineering,128538.0,,,132272.0,,,,0,0,0,0,0,0,0,2021
2683,"Shreenivasa Engineering College, B Pallipatti, Bommidi, Pappireddipatti Taluk, Dharmapuri District 635301",DHARMAPURI,SELF FINANCING COLLEGES TIER 3,BM,BIO MEDICAL ENGINEERING,124818.0,,,,131609.0,135045.0,129376.0,0,0,0,0,0,1,0,2021
2683,"Shreenivasa Engineering College, B Pallipatti, Bommidi, Pappireddipatti Taluk, Dharmapuri District 635301",DHARMAPURI,SELF FINANCING COLLEGES TIER 3,CS,Computer Science and Engineering,109826.0,,,,136118.0,,133609.0,0,0,0,0,1,0,0,2021
2683,"Shreenivasa Engineering College, B Pallipatti, Bommidi, Pappireddipatti Taluk, Dharmapuri District 635301",DHARMAPURI,SELF FINANCING COLLEGES TIER 3,EE,Electrical and Electronics Engineering,134884.0,,,,,,,1,0,0,0,0,0,0,2021
2683,"Shreenivasa Engineering College, B Pallipatti, Bommidi, Pappireddipatti Taluk, Dharmapuri District 635301",DHARMAPURI,SELF FINANCING COLLEGES TIER 3,ME,Mechanical Engineering,134373.0,,,,,,,1,0,0,0,0,0,0,2021
2702,"Bannari Amman Institute of Technology (Autonomous), Sathyamanagalam, Erode District 638401",ERODE,SELF FINANCING COLLEGES TIER 1,AD,Artificial Intelligence and Data Science,12434.0,14476.0,28221.0,15934.0,63340.0,52088.0,38628.0,0,0,0,0,0,0,0,2021
2702,"Bannari Amman Institute of Technology (Autonomous), Sathyamanagalam, Erode District 638401",ERODE,SELF FINANCING COLLEGES TIER 1,AE,AERONAUTICAL ENGINEERING,24567.0,30840.0,59844.0,,72342.0,,,0,0,0,0,0,0,0,2021
2702,"Bannari Amman Institute of Technology (Autonomous), Sathyamanagalam, Erode District 638401",ERODE,SELF FINANCING COLLEGES TIER 1,AG,Agricultural Engineering,23082.0,33105.0,81684.0,32454.0,51358.0,27550.0,,0,0,0,0,0,0,0,2021
2702,"Bannari Amman Institute of Technology (Autonomous), Sathyamanagalam, Erode District 638401",ERODE,SELF FINANCING COLLEGES TIER 1,AL,Artificial Intelligence and Machine Learning,15012.0,17173.0,35983.0,16988.0,82632.0,,,0,0,0,0,0,0,0,2021
2702,"Bannari Amman Institute of Technology (Autonomous), Sathyamanagalam, Erode District 638401",ERODE,SELF FINANCING COLLEGES TIER 1,AU,AUTOMOBILE ENGINEERING,37292.0,45376.0,73611.0,41554.0,132893.0,,,0,0,0,0,0,0,0,2021
2702,"Bannari Amman Institute of Technology (Autonomous), Sathyamanagalam, Erode District 638401",ERODE,SELF FINANCING COLLEGES TIER 1,BM,BIO MEDICAL ENGINEERING,19263.0,26945.0,39732.0,32861.0,117929.0,103956.0,,0,0,0,0,0,0,0,2021
2702,"Bannari Amman Institute of Technology (Autonomous), Sathyamanagalam, Erode District 638401",ERODE,SELF FINANCING COLLEGES TIER 1,BT,BIO TECHNOLOGY,14188.0,20702.0,45202.0,21853.0,84289.0,104753.0,,0,0,0,0,0,1,0,2021
2702,"Bannari Amman Institute of Technology (Autonomous), Sathyamanagalam, Erode District 638401",ERODE,SELF FINANCING COLLEGES TIER 1,CB,COMPUTER SCIENCE AND BUSSINESS SYSTEM,14554.0,17478.0,32110.0,18521.0,92610.0,102684.0,,0,0,0,0,0,0,0,2021
2702,"Bannari Amman Institute of Technology (Autonomous), Sathyamanagalam, Erode District 638401",ERODE,SELF FINANCING COLLEGES TIER 1,CE,CIVIL ENGINEERING,38008.0,49340.0,55943.0,49239.0,127668.0,,,0,0,0,0,0,0,0,2021
2702,"Bannari Amman Institute of Technology (Autonomous), Sathyamanagalam, Erode District 638401",ERODE,SELF FINANCING COLLEGES TIER 1,CS,Computer Science and Engineering,7700.0,10302.0,20320.0,10243.0,45115.0,63232.0,104950.0,0,0,0,0,0,0,0,2021
2702,"Bannari Amman Institute of Technology (Autonomous), Sathyamanagalam, Erode District 638401",ERODE,SELF FINANCING COLLEGES TIER 1,CT,COMPUTER TECHNOLOGY,16724.0,18865.0,,29538.0,103089.0,,,0,0,0,0,0,0,0,2021
2702,"Bannari Amman Institute of Technology (Autonomous), Sathyamanagalam, Erode District 638401",ERODE,SELF FINANCING COLLEGES TIER 1,EC,ELECTRONICS AND COMMUNICATION ENGINEERING,14071.0,15461.0,33181.0,17289.0,108234.0,97981.0,,0,0,0,0,0,0,0,2021
2702,"Bannari Amman Institute of Technology (Autonomous), Sathyamanagalam, Erode District 638401",ERODE,SELF FINANCING COLLEGES TIER 1,EE,Electrical and Electronics Engineering,18276.0,21595.0,42329.0,19480.0,119966.0,123812.0,,0,0,0,0,0,0,0,2021
2702,"Bannari Amman Institute of Technology (Autonomous), Sathyamanagalam, Erode District 638401",ERODE,SELF FINANCING COLLEGES TIER 1,EI,ELECTRONICS AND INSTRUMENTATION ENGINEERING,23245.0,26585.0,42231.0,27059.0,133279.0,115069.0,,0,0,0,0,0,0,0,2021
2702,"Bannari Amman Institute of Technology (Autonomous), Sathyamanagalam, Erode District 638401",ERODE,SELF FINANCING COLLEGES TIER 1,FD,FOOD TECHNOLOGY,24297.0,34338.0,36204.0,25364.0,93187.0,63094.0,102439.0,0,0,0,0,0,0,0,2021
2702,"Bannari Amman Institute of Technology (Autonomous), Sathyamanagalam, Erode District 638401",ERODE,SELF FINANCING COLLEGES TIER 1,FT,FASHION TECHNOLOGY,28378.0,37488.0,,,133522.0,,,0,0,0,0,0,0,0,2021
2702,"Bannari Amman Institute of Technology (Autonomous), Sathyamanagalam, Erode District 638401",ERODE,SELF FINANCING COLLEGES TIER 1,IT,INFORMATION TECHNOLOGY,11035.0,12287.0,26251.0,12950.0,74336.0,81075.0,116544.0,0,0,0,0,0,0,0,2021
2702,"Bannari Amman Institute of Technology (Autonomous), Sathyamanagalam, Erode District 638401",ERODE,SELF FINANCING COLLEGES TIER 1,MC,MECHATRONICS,29213.0,35855.0,49038.0,49030.0,130210.0,,,0,0,0,0,1,0,0,2021
2702,"Bannari Amman Institute of Technology (Autonomous), Sathyamanagalam, Erode District 638401",ERODE,SELF FINANCING COLLEGES TIER 1,ME,Mechanical Engineering,37836.0,44563.0,61219.0,48827.0,129973.0,,,0,0,0,0,1,0,0,2021
2702,"Bannari Amman Institute of Technology (Autonomous), Sathyamanagalam, Erode District 638401",ERODE,SELF FINANCING COLLEGES TIER 1,SE,Information Science and Engineering,16967.0,19623.0,35336.0,20354.0,105902.0,135840.0,,0,0,0,0,0,0,0,2021
2702,"Bannari Amman Institute of Technology (Autonomous), Sathyamanagalam, Erode District 638401",ERODE,SELF FINANCING COLLEGES TIER 1,TX,TEXTILE TECHNOLOGY,45834.0,52950.0,76505.0,49384.0,81372.0,,,0,0,0,0,1,0,0,2021
2704,"Coimbatore Institute of Engineering and Technolgoy (Autonomous), Narasipuram Post, Coimbatore District 641109",COIMBATORE,SELF FINANCING COLLEGES TIER 3,CE,CIVIL ENGINEERING,75040.0,117959.0,112201.0,85526.0,131392.0,,,0,0,0,0,1,0,0,2021
2704,"Coimbatore Institute of Engineering and Technolgoy (Autonomous), Narasipuram Post, Coimbatore District 641109",COIMBATORE,SELF FINANCING COLLEGES TIER 3,CS,Computer Science and Engineering,26095.0,36237.0,42031.0,31721.0,81302.0,136787.0,,0,0,0,0,0,1,0,2021
2704,"Coimbatore Institute of Engineering and Technolgoy (Autonomous), Narasipuram Post, Coimbatore District 641109",COIMBATORE,SELF FINANCING COLLEGES TIER 3,EC,ELECTRONICS AND COMMUNICATION ENGINEERING,34034.0,45010.0,83404.0,41788.0,122781.0,87275.0,,0,0,0,0,0,0,0,2021
2704,"Coimbatore Institute of Engineering and Technolgoy (Autonomous), Narasipuram Post, Coimbatore District 641109",COIMBATORE,SELF FINANCING COLLEGES TIER 3,EE,Electrical and Electronics Engineering,55876.0,70203.0,99323.0,,134723.0,70331.0,,0,0,0,0,1,1,0,2021
2704,"Coimbatore Institute of Engineering and Technolgoy (Autonomous), Narasipuram Post, Coimbatore District 641109",COIMBATORE,SELF FINANCING COLLEGES TIER 3,IT,INFORMATION TECHNOLOGY,23115.0,34215.0,61604.0,29098.0,48981.0,107456.0,134309.0,0,0,0,0,0,0,0,2021
2704,"Coimbatore Institute of Engineering and Technolgoy (Autonomous), Narasipuram Post, Coimbatore District 641109",COIMBATORE,SELF FINANCING COLLEGES TIER 3,ME,Mechanical Engineering,74055.0,103153.0,,75417.0,125446.0,,136068.0,0,0,0,0,1,0,0,2021
2704,"Coimbatore Institute of Engineering and Technolgoy (Autonomous), Narasipuram Post, Coimbatore District 641109",COIMBATORE,SELF FINANCING COLLEGES TIER 3,MZ,Mechatronics Engineering,75160.0,96507.0,128849.0,79047.0,129667.0,,,0,0,1,0,1,0,0,2021
2705,"CSI College of Engineering, Ketti, The Nilgiris 643215",THE NILGIRIS,SELF FINANCING COLLEGES TIER 3,CE,CIVIL ENGINEERING,98441.0,,,,,,,1,0,0,0,0,0,0,2021
2705,"CSI College of Engineering, Ketti, The Nilgiris 643215",THE NILGIRIS,SELF FINANCING COLLEGES TIER 3,CS,Computer Science and Engineering,76445.0,110174.0,102582.0,105524.0,121851.0,127969.0,,0,0,0,0,0,0,0,2021
2705,"CSI College of Engineering, Ketti, The Nilgiris 643215",THE NILGIRIS,SELF FINANCING COLLEGES TIER 3,EC,ELECTRONICS AND COMMUNICATION ENGINEERING,105423.0,129750.0,,,,,,0,1,0,0,0,0,0,2021
2705,"CSI College of Engineering, Ketti, The Nilgiris 643215",THE NILGIRIS,SELF FINANCING COLLEGES TIER 3,EE,Electrical and Electronics Engineering,125553.0,,,,,,,1,0,0,0,0,0,0,2021
2705,"CSI College of Engineering, Ketti, The Nilgiris 643215",THE NILGIRIS,SELF FINANCING COLLEGES TIER 3,IT,INFORMATION TECHNOLOGY,76574.0,105677.0,,,124694.0,,,0,0,0,0,1,0,0,2021
2705,"CSI College of Engineering, Ketti, The Nilgiris 643215",THE NILGIRIS,SELF FINANCING COLLEGES TIER 3,ME,Mechanical Engineering,135200.0,,,,,,,1,0,0,0,0,0,0,2021
2706,"Dr. Mahalingam College of Engineering and Technology (Autonomous), Mackinaickenpatti Post, Pollachi Taluk, Coimbatore District 642003",COIMBATORE,SELF FINANCING COLLEGES TIER 1,AD,Artificial Intelligence and Data Science,21461.0,25072.0,47468.0,26085.0,104444.0,,,0,0,0,0,0,0,0,2021
2706,"Dr. Mahalingam College of Engineering and Technology (Autonomous), Mackinaickenpatti Post, Pollachi Taluk, Coimbatore District 642003",COIMBATORE,SELF FINANCING COLLEGES TIER 1,AU,AUTOMOBILE ENGINEERING,69094.0,83181.0,97044.0,69740.0,105661.0,,,0,0,0,0,1,0,0,2021
2706,"Dr. Mahalingam College of Engineering and Technology (Autonomous), Mackinaickenpatti Post, Pollachi Taluk, Coimbatore District 642003",COIMBATORE,SELF FINANCING COLLEGES TIER 1,CE,CIVIL ENGINEERING,62519.0,79044.0,,,93167.0,,,0,0,0,0,1,0,0,2021
2706,"Dr. Mahalingam College of Engineering and Technology (Autonomous), Mackinaickenpatti Post, Pollachi Taluk, Coimbatore District 642003",COIMBATORE,SELF FINANCING COLLEGES TIER 1,CS,Computer Science and Engineering,15838.0,19827.0,35492.0,20627.0,86257.0,80124.0,,0,0,0,0,0,0,0,2021
2706,"Dr. Mahalingam College of Engineering and Technology (Autonomous), Mackinaickenpatti Post, Pollachi Taluk, Coimbatore District 642003",COIMBATORE,SELF FINANCING COLLEGES TIER 1,EC,ELECTRONICS AND COMMUNICATION ENGINEERING,25652.0,27775.0,55509.0,27324.0,131065.0,114582.0,,0,0,0,0,1,1,0,2021
2706,"Dr. Mahalingam College of Engineering and Technology (Autonomous), Mackinaickenpatti Post, Pollachi Taluk, Coimbatore District 642003",COIMBATORE,SELF FINANCING COLLEGES TIER 1,EE,Electrical and Electronics Engineering,38513.0,44347.0,65466.0,40836.0,103222.0,,,0,0,0,0,1,0,0,2021
2706,"Dr. Mahalingam College of Engineering and Technology (Autonomous), Mackinaickenpatti Post, Pollachi Taluk, Coimbatore District 642003",COIMBATORE,SELF FINANCING COLLEGES TIER 1,EI,ELECTRONICS AND INSTRUMENTATION ENGINEERING,44412.0,49649.0,,51232.0,,,,0,0,0,0,0,0,0,2021
2706,"Dr. Mahalingam College of Engineering and Technology (Autonomous), Mackinaickenpatti Post, Pollachi Taluk, Coimbatore District 642003",COIMBATORE,SELF FINANCING COLLEGES TIER 1,IT,INFORMATION TECHNOLOGY,21730.0,24199.0,39233.0,30381.0,101294.0,106056.0,,0,0,0,0,0,0,0,2021
2706,"Dr. Mahalingam College of Engineering and Technology (Autonomous), Mackinaickenpatti Post, Pollachi Taluk, Coimbatore District 642003",COIMBATORE,SELF FINANCING COLLEGES TIER 1,ME,Mechanical Engineering,57279.0,72387.0,113618.0,58794.0,,,,0,0,0,0,0,0,0,2021
2707,"Erode Sengunthar Engineering College (Autonomous), Thudupathi Post, Erode District 638057",ERODE,SELF FINANCING COLLEGES TIER 3,AD,Artificial Intelligence and Data Science,65369.0,86067.0,86135.0,85072.0,129806.0,132015.0,115507.0,0,0,0,0,1,1,0,2021
2707,"Erode Sengunthar Engineering College (Autonomous), Thudupathi Post, Erode District 638057",ERODE,SELF FINANCING COLLEGES TIER 3,AG,Agricultural Engineering,75643.0,130813.0,,,130342.0,112770.0,133978.0,0,1,0,0,0,0,0,2021
2707,"Erode Sengunthar Engineering College (Autonomous), Thudupathi Post, Erode District 638057",ERODE,SELF FINANCING COLLEGES TIER 3,BM,BIO MEDICAL ENGINEERING,89620.0,126921.0,,97531.0,131282.0,99828.0,,0,1,0,0,0,0,0,2021
2707,"Erode Sengunthar Engineering College (Autonomous), Thudupathi Post, Erode District 638057",ERODE,SELF FINANCING COLLEGES TIER 3,CD,COMPUTER SCIENCE AND DESIGN,86241.0,99207.0,117580.0,111381.0,105096.0,,,0,0,0,0,1,0,0,2021
2707,"Erode Sengunthar Engineering College (Autonomous), Thudupathi Post, Erode District 638057",ERODE,SELF FINANCING COLLEGES TIER 3,CE,CIVIL ENGINEERING,106405.0,134776.0,,,127320.0,,,0,0,0,0,0,0,0,2021
2707,"Erode Sengunthar Engineering College (Autonomous), Thudupathi Post, Erode District 638057",ERODE,SELF FINANCING COLLEGES TIER 3,CH,CHEMICAL ENGINEERING,98037.0,135948.0,,,122047.0,118439.0,,0,1,0,0,0,0,0,2021
2707,"Erode Sengunthar Engineering College (Autonomous), Thudupathi Post, Erode District 638057",ERODE,SELF FINANCING COLLEGES TIER 3,CJ,M.Tech. Computer Science and Engineering (Integrated 5 years),68130.0,97729.0,118734.0,77529.0,134380.0,,,0,0,0,0,0,0,0,2021
2707,"Erode Sengunthar Engineering College (Autonomous), Thudupathi Post, Erode District 638057",ERODE,SELF FINANCING COLLEGES TIER 3,CS,Computer Science and Engineering,58603.0,79177.0,80747.0,73995.0,128311.0,,113732.0,0,0,0,0,1,0,0,2021
2707,"Erode Sengunthar Engineering College (Autonomous), Thudupathi Post, Erode District 638057",ERODE,SELF FINANCING COLLEGES TIER 3,EC,ELECTRONICS AND COMMUNICATION ENGINEERING,83863.0,96088.0,,95495.0,128185.0,89649.0,125662.0,0,0,0,0,1,0,0,2021
2707,"Erode Sengunthar Engineering College (Autonomous), Thudupathi Post, Erode District 638057",ERODE,SELF FINANCING COLLEGES TIER 3,EE,Electrical and Electronics Engineering,88007.0,124641.0,,,111370.0,110011.0,,0,0,0,0,0,0,0,2021
2707,"Erode Sengunthar Engineering College (Autonomous), Thudupathi Post, Erode District 638057",ERODE,SELF FINANCING COLLEGES TIER 3,EI,ELECTRONICS AND INSTRUMENTATION ENGINEERING,89155.0,132064.0,,,111045.0,94087.0,,0,0,0,0,0,0,0,2021
2707,"Erode Sengunthar Engineering College (Autonomous), Thudupathi Post, Erode District 638057",ERODE,SELF FINANCING COLLEGES TIER 3,IT,INFORMATION TECHNOLOGY,59451.0,81770.0,95783.0,60126.0,126394.0,79968.0,107888.0,0,0,0,0,0,0,0,2021
2707,"Erode Sengunthar Engineering College (Autonomous), Thudupathi Post, Erode District 638057",ERODE,SELF FINANCING COLLEGES TIER 3,ME,Mechanical Engineering,89070.0,133881.0,,116077.0,132862.0,89710.0,,0,0,0,0,0,0,0,2021
2707,"Erode Sengunthar Engineering College (Autonomous), Thudupathi Post, Erode District 638057",ERODE,SELF FINANCING COLLEGES TIER 3,RM,ROBOTICS AND AUTOMATION,73400.0,136683.0,79331.0,,90193.0,77877.0,,0,1,0,0,0,0,0,2021
2707,"Erode Sengunthar Engineering College (Autonomous), Thudupathi Post, Erode District 638057",ERODE,SELF FINANCING COLLEGES TIER 3,XM,MECHANICAL ENGINEERING (TAMIL MEDIUM),132165.0,,,,135568.0,,,0,0,0,0,1,0,0,2021
2708,"Hindusthan College of Engineering and Technology (Autonomous), Othakkalmandapam Post, Coimbatore District 641032",COIMBATORE,SELF FINANCING COLLEGES TIER 3,AE,AERONAUTICAL ENGINEERING,41210.0,58079.0,64703.0,105903.0,91812.0,,,0,0,0,0,0,0,0,2021
2708,"Hindusthan College of Engineering and Technology (Autonomous), Othakkalmandapam Post, Coimbatore District 641032",COIMBATORE,SELF FINANCING COLLEGES TIER 3,AG,Agricultural Engineering,53047.0,85343.0,85558.0,74886.0,122628.0,110895.0,,0,0,0,0,0,0,0,2021
2708,"Hindusthan College of Engineering and Technology (Autonomous), Othakkalmandapam Post, Coimbatore District 641032",COIMBATORE,SELF FINANCING COLLEGES TIER 3,AL,Artificial Intelligence and Machine Learning,35163.0,44517.0,55532.0,40979.0,106506.0,,,0,0,0,0,0,0,0,2021
2708,"Hindusthan College of Engineering and Technology (Autonomous), Othakkalmandapam Post, Coimbatore District 641032",COIMBATORE,SELF FINANCING COLLEGES TIER 3,AU,AUTOMOBILE ENGINEERING,100428.0,119789.0,122520.0,109707.0,109106.0,,,0,0,0,0,1,0,0,2021
2708,"Hindusthan College of Engineering and Technology (Autonomous), Othakkalmandapam Post, Coimbatore District 641032",COIMBATORE,SELF FINANCING COLLEGES TIER 3,BM,BIO MEDICAL ENGINEERING,36956.0,61474.0,64231.0,57101.0,111091.0,,,0,0,0,0,0,0,0,2021
2708,"Hindusthan College of Engineering and Technology (Autonomous), Othakkalmandapam Post, Coimbatore District 641032",COIMBATORE,SELF FINANCING COLLEGES TIER 3,CE,CIVIL ENGINEERING,76726.0,108421.0,97526.0,,120869.0,,,0,0,0,0,1,0,0,2021
2708,"Hindusthan College of Engineering and Technology (Autonomous), Othakkalmandapam Post, Coimbatore District 641032",COIMBATORE,SELF FINANCING COLLEGES TIER 3,CH,CHEMICAL ENGINEERING,51350.0,73627.0,66920.0,59319.0,96769.0,,,0,0,0,0,1,0,0,2021
2708,"Hindusthan College of Engineering and Technology (Autonomous), Othakkalmandapam Post, Coimbatore District 641032",COIMBATORE,SELF FINANCING COLLEGES TIER 3,CS,Computer Science and Engineering,33201.0,41633.0,43690.0,39229.0,89913.0,129172.0,,0,0,0,0,0,1,0,2021
2708,"Hindusthan College of Engineering and Technology (Autonomous), Othakkalmandapam Post, Coimbatore District 641032",COIMBATORE,SELF FINANCING COLLEGES TIER 3,EC,ELECTRONICS AND COMMUNICATION ENGINEERING,44464.0,51134.0,50702.0,49751.0,136217.0,82709.0,,0,0,0,0,1,1,0,2021
2708,"Hindusthan College of Engineering and Technology (Autonomous), Othakkalmandapam Post, Coimbatore District 641032",COIMBATORE,SELF FINANCING COLLEGES TIER 3,EE,Electrical and Electronics Engineering,51190.0,58623.0,,57992.0,133550.0,,,0,0,0,0,1,0,0,2021
2708,"Hindusthan College of Engineering and Technology (Autonomous), Othakkalmandapam Post, Coimbatore District 641032",COIMBATORE,SELF FINANCING COLLEGES TIER 3,EI,ELECTRONICS AND INSTRUMENTATION ENGINEERING,53904.0,69611.0,87509.0,71135.0,65097.0,,,0,0,0,0,1,0,0,2021
2708,"Hindusthan College of Engineering and Technology (Autonomous), Othakkalmandapam Post, Coimbatore District 641032",COIMBATORE,SELF FINANCING COLLEGES TIER 3,FD,FOOD TECHNOLOGY,42759.0,66830.0,47646.0,49751.0,134554.0,,,0,0,0,0,1,0,0,2021
2708,"Hindusthan College of Engineering and Technology (Autonomous), Othakkalmandapam Post, Coimbatore District 641032",COIMBATORE,SELF FINANCING COLLEGES TIER 3,IT,INFORMATION TECHNOLOGY,37194.0,45212.0,45779.0,40267.0,80307.0,112161.0,66652.0,0,0,0,0,0,0,0,2021
2708,"Hindusthan College of Engineering and Technology (Autonomous), Othakkalmandapam Post, Coimbatore District 641032",COIMBATORE,SELF FINANCING COLLEGES TIER 3,ME,Mechanical Engineering,78279.0,94508.0,117246.0,98233.0,126557.0,,,0,0,0,0,1,0,0,2021
2708,"Hindusthan College of Engineering and Technology (Autonomous), Othakkalmandapam Post, Coimbatore District 641032",COIMBATORE,SELF FINANCING COLLEGES TIER 3,MZ,Mechatronics Engineering,76891.0,88830.0,101892.0,80875.0,133423.0,,,0,0,0,0,1,0,0,2021
2710,"Karpagam College of Engineering (Autonomous), Othakkalmandapam, Coimbatore District 641032",COIMBATORE,SELF FINANCING COLLEGES TIER 1,AD,Artificial Intelligence and Data Science,23267.0,30086.0,34530.0,30406.0,87458.0,110394.0,,0,0,0,0,0,0,0,2021
2710,"Karpagam College of Engineering (Autonomous), Othakkalmandapam, Coimbatore District 641032",COIMBATORE,SELF FINANCING COLLEGES TIER 1,CD,COMPUTER SCIENCE AND DESIGN,35527.0,39126.0,55049.0,39849.0,104645.0,129833.0,,0,0,0,0,0,0,0,2021
2710,"Karpagam College of Engineering (Autonomous), Othakkalmandapam, Coimbatore District 641032",COIMBATORE,SELF FINANCING COLLEGES TIER 1,CE,CIVIL ENGINEERING,70604.0,89884.0,80182.0,83322.0,131698.0,115654.0,,0,0,0,0,0,0,0,2021
2710,"Karpagam College of Engineering (Autonomous), Othakkalmandapam, Coimbatore District 641032",COIMBATORE,SELF FINANCING COLLEGES TIER 1,CS,Computer Science and Engineering,19845.0,24564.0,38047.0,24682.0,82924.0,74006.0,102731.0,0,0,0,0,0,0,0,2021
2710,"Karpagam College of Engineering (Autonomous), Othakkalmandapam, Coimbatore District 641032",COIMBATORE,SELF FINANCING COLLEGES TIER 1,EC,ELECTRONICS AND COMMUNICATION ENGINEERING,30571.0,35742.0,63808.0,34593.0,120355.0,136131.0,36497.0,0,0,0,0,0,0,0,2021
2710,"Karpagam College of Engineering (Autonomous), Othakkalmandapam, Coimbatore District 641032",COIMBATORE,SELF FINANCING COLLEGES TIER 1,EE,Electrical and Electronics Engineering,43357.0,49860.0,81968.0,44199.0,134872.0,108984.0,,0,0,0,0,1,1,0,2021
2710,"Karpagam College of Engineering (Autonomous), Othakkalmandapam, Coimbatore District 641032",COIMBATORE,SELF FINANCING COLLEGES TIER 1,ET,ELECTRONICS AND TELECOMMUNICATION ENGINEERING,49295.0,55749.0,68873.0,54736.0,134546.0,,,0,0,0,0,1,0,0,2021
2710,"Karpagam College of Engineering (Autonomous), Othakkalmandapam, Coimbatore District 641032",COIMBATORE,SELF FINANCING COLLEGES TIER 1,IT,INFORMATION TECHNOLOGY,24650.0,26818.0,41942.0,27081.0,80196.0,92930.0,45337.0,0,0,0,0,0,0,0,2021
2710,"Karpagam College of Engineering (Autonomous), Othakkalmandapam, Coimbatore District 641032",COIMBATORE,SELF FINANCING COLLEGES TIER 1,ME,Mechanical Engineering,63026.0,84017.0,134912.0,83969.0,135932.0,130372.0,,0,0,1,0,1,1,0,2021
2710,"Karpagam College of Engineering (Autonomous), Othakkalmandapam, Coimbatore District 641032",COIMBATORE,SELF FINANCING COLLEGES TIER 1,SC,Computer Science and Engineering (Cyber Security),26821.0,31206.0,29187.0,36220.0,83918.0,48893.0,,0,0,0,0,0,0,0,2021
2710,"Karpagam College of Engineering (Autonomous), Othakkalmandapam, Coimbatore District 641032",COIMBATORE,SELF FINANCING COLLEGES TIER 1,TS,Computer Science and Technology,29371.0,34405.0,45320.0,,94813.0,87981.0,,0,0,0,0,0,0,0,2021
2711,"Kongu Engineering College (Autonomous), Perundurai, Erode District 638052",ERODE,SELF FINANCING COLLEGES TIER 1,AD,Artificial Intelligence and Data Science,12432.0,15275.0,30122.0,15361.0,77863.0,95857.0,,0,0,0,0,0,0,0,2021
2711,"Kongu Engineering College (Autonomous), Perundurai, Erode District 638052",ERODE,SELF FINANCING COLLEGES TIER 1,AL,Artificial Intelligence and Machine Learning,16605.0,18758.0,35334.0,17371.0,92798.0,,,0,0,0,0,0,0,0,2021
2711,"Kongu Engineering College (Autonomous), Perundurai, Erode District 638052",ERODE,SELF FINANCING COLLEGES TIER 1,AU,AUTOMOBILE ENGINEERING,51153.0,65491.0,124406.0,63418.0,120851.0,,,0,0,0,0,1,0,0,2021
2711,"Kongu Engineering College (Autonomous), Perundurai, Erode District 638052",ERODE,SELF FINANCING COLLEGES TIER 1,CD,COMPUTER SCIENCE AND DESIGN,17806.0,20047.0,34548.0,19576.0,102798.0,,,0,0,0,0,0,0,0,2021
2711,"Kongu Engineering College (Autonomous), Perundurai, Erode District 638052",ERODE,SELF FINANCING COLLEGES TIER 1,CE,CIVIL ENGINEERING,48264.0,63979.0,109415.0,53732.0,132834.0,,,0,0,0,0,1,0,0,2021
2711,"Kongu Engineering College (Autonomous), Perundurai, Erode District 638052",ERODE,SELF FINANCING COLLEGES TIER 1,CH,CHEMICAL ENGINEERING,45100.0,63791.0,86136.0,52821.0,134544.0,,,0,0,0,0,1,0,0,2021
2711,"Kongu Engineering College (Autonomous), Perundurai, Erode District 638052",ERODE,SELF FINANCING COLLEGES TIER 1,CS,Computer Science and Engineering,8290.0,9930.0,19953.0,12004.0,72965.0,80553.0,78556.0,0,0,0,0,0,0,0,2021
2711,"Kongu Engineering College (Autonomous), Perundurai, Erode District 638052",ERODE,SELF FINANCING COLLEGES TIER 1,EC,ELECTRONICS AND COMMUNICATION ENGINEERING,13478.0,16580.0,35417.0,16727.0,118666.0,133581.0,,0,0,0,0,0,1,0,2021
2711,"Kongu Engineering College (Autonomous), Perundurai, Erode District 638052",ERODE,SELF FINANCING COLLEGES TIER 1,EE,Electrical and Electronics Engineering,20930.0,23359.0,46419.0,24534.0,135304.0,121298.0,,0,0,0,0,0,1,0,2021
2711,"Kongu Engineering College (Autonomous), Perundurai, Erode District 638052",ERODE,SELF FINANCING COLLEGES TIER 1,EI,ELECTRONICS AND INSTRUMENTATION ENGINEERING,27751.0,35785.0,54549.0,40318.0,117975.0,,,0,0,0,0,1,0,0,2021
2711,"Kongu Engineering College (Autonomous), Perundurai, Erode District 638052",ERODE,SELF FINANCING COLLEGES TIER 1,FD,FOOD TECHNOLOGY,15971.0,33382.0,52730.0,48336.0,77009.0,76520.0,,0,0,0,0,0,1,0,2021
2711,"Kongu Engineering College (Autonomous), Perundurai, Erode District 638052",ERODE,SELF FINANCING COLLEGES TIER 1,IT,INFORMATION TECHNOLOGY,10451.0,11532.0,30549.0,10456.0,86335.0,91379.0,123868.0,0,0,0,0,0,0,0,2021
2711,"Kongu Engineering College (Autonomous), Perundurai, Erode District 638052",ERODE,SELF FINANCING COLLEGES TIER 1,ME,Mechanical Engineering,39239.0,46115.0,53460.0,43277.0,134484.0,,,0,0,0,0,1,0,0,2021
2711,"Kongu Engineering College (Autonomous), Perundurai, Erode District 638052",ERODE,SELF FINANCING COLLEGES TIER 1,MZ,Mechatronics Engineering,35013.0,44749.0,47205.0,44039.0,104602.0,,,0,0,0,0,1,0,0,2021
2712,"Kumaraguru College of Technology (Autonomous), Chinnavedampatti Post, Coimbatore District 641006",COIMBATORE,SELF FINANCING COLLEGES TIER 1,AD,Artificial Intelligence and Data Science,3708.0,4487.0,6919.0,4560.0,29078.0,40150.0,,0,0,0,0,0,0,0,2021
2712,"Kumaraguru College of Technology (Autonomous), Chinnavedampatti Post, Coimbatore District 641006",COIMBATORE,SELF FINANCING COLLEGES TIER 1,AE,AERONAUTICAL ENGINEERING,9214.0,13544.0,11621.0,16298.0,44340.0,23749.0,,0,0,0,0,0,0,0,2021
2712,"Kumaraguru College of Technology (Autonomous), Chinnavedampatti Post, Coimbatore District 641006",COIMBATORE,SELF FINANCING COLLEGES TIER 1,AU,AUTOMOBILE ENGINEERING,22149.0,27749.0,25637.0,,87896.0,103925.0,,0,0,0,0,0,0,0,2021
2712,"Kumaraguru College of Technology (Autonomous), Chinnavedampatti Post, Coimbatore District 641006",COIMBATORE,SELF FINANCING COLLEGES TIER 1,BT,BIO TECHNOLOGY,6127.0,8764.0,9664.0,6390.0,38839.0,72248.0,,0,0,0,0,0,0,0,2021
2712,"Kumaraguru College of Technology (Autonomous), Chinnavedampatti Post, Coimbatore District 641006",COIMBATORE,SELF FINANCING COLLEGES TIER 1,CE,CIVIL ENGINEERING,19752.0,25990.0,35609.0,21716.0,63736.0,98713.0,130673.0,0,0,0,0,0,0,0,2021
2712,"Kumaraguru College of Technology (Autonomous), Chinnavedampatti Post, Coimbatore District 641006",COIMBATORE,SELF FINANCING COLLEGES TIER 1,CS,Computer Science and Engineering,2440.0,2960.0,6065.0,3788.0,21521.0,39751.0,95177.0,0,0,0,0,0,0,0,2021
2712,"Kumaraguru College of Technology (Autonomous), Chinnavedampatti Post, Coimbatore District 641006",COIMBATORE,SELF FINANCING COLLEGES TIER 1,EC,ELECTRONICS AND COMMUNICATION ENGINEERING,3792.0,5024.0,7827.0,5282.0,31171.0,45459.0,97314.0,0,0,0,0,0,0,0,2021
2712,"Kumaraguru College of Technology (Autonomous), Chinnavedampatti Post, Coimbatore District 641006",COIMBATORE,SELF FINANCING COLLEGES TIER 1,EE,Electrical and Electronics Engineering,6687.0,8085.0,14582.0,6831.0,45051.0,57501.0,,0,0,0,0,0,0,0,2021
2712,"Kumaraguru College of Technology (Autonomous), Chinnavedampatti Post, Coimbatore District 641006",COIMBATORE,SELF FINANCING COLLEGES TIER 1,EI,ELECTRONICS AND INSTRUMENTATION ENGINEERING,9417.0,11061.0,21575.0,,60612.0,63912.0,,0,0,0,0,0,0,0,2021
2712,"Kumaraguru College of Technology (Autonomous), Chinnavedampatti Post, Coimbatore District 641006",COIMBATORE,SELF FINANCING COLLEGES TIER 1,FT,FASHION TECHNOLOGY,24801.0,33832.0,28753.0,37300.0,124939.0,92087.0,136172.0,0,0,0,0,0,0,0,2021
2712,"Kumaraguru College of Technology (Autonomous), Chinnavedampatti Post, Coimbatore District 641006",COIMBATORE,SELF FINANCING COLLEGES TIER 1,IT,INFORMATION TECHNOLOGY,3092.0,3628.0,,3947.0,22146.0,37759.0,61084.0,0,0,0,0,0,0,0,2021
2712,"Kumaraguru College of Technology (Autonomous), Chinnavedampatti Post, Coimbatore District 641006",COIMBATORE,SELF FINANCING COLLEGES TIER 1,ME,Mechanical Engineering,14727.0,18069.0,21380.0,21386.0,57490.0,73560.0,113682.0,0,0,0,0,0,0,0,2021
2712,"Kumaraguru College of Technology (Autonomous), Chinnavedampatti Post, Coimbatore District 641006",COIMBATORE,SELF FINANCING COLLEGES TIER 1,MZ,Mechatronics Engineering,12565.0,17410.0,22312.0,17786.0,60726.0,74004.0,94208.0,0,0,0,0,0,0,0,2021
2712,"Kumaraguru College of Technology (Autonomous), Chinnavedampatti Post, Coimbatore District 641006",COIMBATORE,SELF FINANCING COLLEGES TIER 1,SE,Information Science and Engineering,6388.0,8678.0,12073.0,8076.0,44119.0,71609.0,,0,0,0,0,0,0,0,2021
2712,"Kumaraguru College of Technology (Autonomous), Chinnavedampatti Post, Coimbatore District 641006",COIMBATORE,SELF FINANCING COLLEGES TIER 1,TX,TEXTILE TECHNOLOGY,27310.0,33376.0,51311.0,49979.0,134727.0,,,0,0,0,0,0,0,0,2021
2713,"M P Nachimuthu M Jaganathan Engineering College, Chennimalai, Erode District 638112",ERODE,SELF FINANCING COLLEGES TIER 3,CE,CIVIL ENGINEERING,,,,,,,,0,0,0,0,0,0,0,2021
2713,"M P Nachimuthu M Jaganathan Engineering College, Chennimalai, Erode District 638112",ERODE,SELF FINANCING COLLEGES TIER 3,CS,Computer Science and Engineering,101823.0,135748.0,,130269.0,126422.0,112180.0,,0,1,0,0,1,0,0,2021
2713,"M P Nachimuthu M Jaganathan Engineering College, Chennimalai, Erode District 638112",ERODE,SELF FINANCING COLLEGES TIER 3,EC,ELECTRONICS AND COMMUNICATION ENGINEERING,101574.0,135084.0,,123760.0,,,,0,1,0,0,0,0,0,2021
2713,"M P Nachimuthu M Jaganathan Engineering College, Chennimalai, Erode District 638112",ERODE,SELF FINANCING COLLEGES TIER 3,EE,Electrical and Electronics Engineering,115160.0,,,,,,,1,0,0,0,0,0,0,2021
2713,"M P Nachimuthu M Jaganathan Engineering College, Chennimalai, Erode District 638112",ERODE,SELF FINANCING COLLEGES TIER 3,IT,INFORMATION TECHNOLOGY,115909.0,136878.0,125968.0,,129543.0,128838.0,,0,1,1,0,1,0,0,2021
2713,"M P Nachimuthu M Jaganathan Engineering College, Chennimalai, Erode District 638112",ERODE,SELF FINANCING COLLEGES TIER 3,ME,Mechanical Engineering,128385.0,,,,,,,1,0,0,0,0,0,0,2021
2715,"Nandha Engineering College (Autonomous), Pitchandampalayam Post, Erode District 638052",ERODE,SELF FINANCING COLLEGES TIER 3,AD,Artificial Intelligence and Data Science,59420.0,82970.0,90810.0,65231.0,91434.0,129590.0,,0,0,0,0,1,0,0,2021
2715,"Nandha Engineering College (Autonomous), Pitchandampalayam Post, Erode District 638052",ERODE,SELF FINANCING COLLEGES TIER 3,AG,Agricultural Engineering,54739.0,135710.0,130263.0,,110955.0,83591.0,,0,1,0,0,0,0,0,2021
2715,"Nandha Engineering College (Autonomous), Pitchandampalayam Post, Erode District 638052",ERODE,SELF FINANCING COLLEGES TIER 3,BM,BIO MEDICAL ENGINEERING,84982.0,127224.0,135475.0,,131334.0,,128748.0,0,0,0,0,1,0,0,2021
2715,"Nandha Engineering College (Autonomous), Pitchandampalayam Post, Erode District 638052",ERODE,SELF FINANCING COLLEGES TIER 3,CE,CIVIL ENGINEERING,136403.0,,,,,,,1,0,0,0,0,0,0,2021
2715,"Nandha Engineering College (Autonomous), Pitchandampalayam Post, Erode District 638052",ERODE,SELF FINANCING COLLEGES TIER 3,CH,CHEMICAL ENGINEERING,105564.0,130822.0,,108518.0,134083.0,,,0,1,0,0,1,0,0,2021
2715,"Nandha Engineering College (Autonomous), Pitchandampalayam Post, Erode District 638052",ERODE,SELF FINANCING COLLEGES TIER 3,CS,Computer Science and Engineering,42769.0,52793.0,118505.0,60549.0,136017.0,71555.0,,0,0,0,0,1,0,0,2021
2715,"Nandha Engineering College (Autonomous), Pitchandampalayam Post, Erode District 638052",ERODE,SELF FINANCING COLLEGES TIER 3,EC,ELECTRONICS AND COMMUNICATION ENGINEERING,64431.0,85820.0,122211.0,89442.0,117425.0,69782.0,,0,0,1,0,1,0,0,2021
2715,"Nandha Engineering College (Autonomous), Pitchandampalayam Post, Erode District 638052",ERODE,SELF FINANCING COLLEGES TIER 3,EE,Electrical and Electronics Engineering,89685.0,113750.0,,97559.0,105144.0,,108470.0,0,0,0,0,1,0,0,2021
2715,"Nandha Engineering College (Autonomous), Pitchandampalayam Post, Erode District 638052",ERODE,SELF FINANCING COLLEGES TIER 3,IT,INFORMATION TECHNOLOGY,51612.0,65578.0,,78406.0,85585.0,,,0,0,0,0,1,0,0,2021
2715,"Nandha Engineering College (Autonomous), Pitchandampalayam Post, Erode District 638052",ERODE,SELF FINANCING COLLEGES TIER 3,ME,Mechanical Engineering,119675.0,127458.0,,135981.0,,125494.0,,0,1,0,0,0,1,0,2021
2716,"Park College of Engineering and Technology, Kaniyur, Coimbatore District 641659",COIMBATORE,SELF FINANCING COLLEGES TIER 3,AE,AERONAUTICAL ENGINEERING,128032.0,,,,,,,1,0,0,0,0,0,0,2021
2716,"Park College of Engineering and Technology, Kaniyur, Coimbatore District 641659",COIMBATORE,SELF FINANCING COLLEGES TIER 3,AG,Agricultural Engineering,102640.0,,,,134850.0,,,0,0,0,0,1,0,0,2021
2716,"Park College of Engineering and Technology, Kaniyur, Coimbatore District 641659",COIMBATORE,SELF FINANCING COLLEGES TIER 3,BM,BIO MEDICAL ENGINEERING,99083.0,117367.0,132819.0,117940.0,128261.0,,,0,1,1,0,1,0,0,2021
2716,"Park College of Engineering and Technology, Kaniyur, Coimbatore District 641659",COIMBATORE,SELF FINANCING COLLEGES TIER 3,CS,Computer Science and Engineering,59067.0,75833.0,79036.0,100422.0,132647.0,82203.0,,0,0,0,0,0,0,0,2021
2716,"Park College of Engineering and Technology, Kaniyur, Coimbatore District 641659",COIMBATORE,SELF FINANCING COLLEGES TIER 3,EC,ELECTRONICS AND COMMUNICATION ENGINEERING,103302.0,125230.0,,119922.0,,,,0,1,0,0,0,0,0,2021
2716,"Park College of Engineering and Technology, Kaniyur, Coimbatore District 641659",COIMBATORE,SELF FINANCING COLLEGES TIER 3,EE,Electrical and Electronics Engineering,130757.0,,,,,,,1,0,0,0,0,0,0,2021
2716,"Park College of Engineering and Technology, Kaniyur, Coimbatore District 641659",COIMBATORE,SELF FINANCING COLLEGES TIER 3,GI,GEO INFORMATICS,116446.0,126188.0,,,,,,0,1,0,0,0,0,0,2021
2716,"Park College of Engineering and Technology, Kaniyur, Coimbatore District 641659",COIMBATORE,SELF FINANCING COLLEGES TIER 3,IT,INFORMATION TECHNOLOGY,84714.0,103307.0,114611.0,113484.0,136479.0,101987.0,,0,0,0,0,1,0,0,2021
2716,"Park College of Engineering and Technology, Kaniyur, Coimbatore District 641659",COIMBATORE,SELF FINANCING COLLEGES TIER 3,MD,MEDICAL ELECTRONICS ENGINEERING,,,,,,,,0,0,0,0,0,0,0,2021
2716,"Park College of Engineering and Technology, Kaniyur, Coimbatore District 641659",COIMBATORE,SELF FINANCING COLLEGES TIER 3,ME,Mechanical Engineering,127747.0,,,,,,,1,0,0,0,0,0,0,2021
2716,"Park College of Engineering and Technology, Kaniyur, Coimbatore District 641659",COIMBATORE,SELF FINANCING COLLEGES TIER 3,MZ,Mechatronics Engineering,104859.0,,,,,,,1,0,0,0,0,0,0,2021
2716,"Park College of Engineering and Technology, Kaniyur, Coimbatore District 641659",COIMBATORE,SELF FINANCING COLLEGES TIER 3,RM,ROBOTICS AND AUTOMATION,122303.0,,,,,,,1,0,0,0,0,0,0,2021
2716,"Park College of Engineering and Technology, Kaniyur, Coimbatore District 641659",COIMBATORE,SELF FINANCING COLLEGES TIER 3,TX,TEXTILE TECHNOLOGY,108251.0,,,,,,,1,0,0,0,0,0,0,2021
2717,"Sasurie College of Engineering, Vijayamangalam, Tiruppur District 638056",TIRUPPUR,SELF FINANCING COLLEGES TIER 3,AD,Artificial Intelligence and Data Science,106877.0,,,,,,,1,0,0,0,0,0,0,2021
2717,"Sasurie College of Engineering, Vijayamangalam, Tiruppur District 638056",TIRUPPUR,SELF FINANCING COLLEGES TIER 3,CE,CIVIL ENGINEERING,,,,,,,,0,0,0,0,0,0,0,2021
2717,"Sasurie College of Engineering, Vijayamangalam, Tiruppur District 638056",TIRUPPUR,SELF FINANCING COLLEGES TIER 3,CS,Computer Science and Engineering,136521.0,,,,,,,1,0,0,0,0,0,0,2021
2717,"Sasurie College of Engineering, Vijayamangalam, Tiruppur District 638056",TIRUPPUR,SELF FINANCING COLLEGES TIER 3,EC,ELECTRONICS AND COMMUNICATION ENGINEERING,,,,,,,,0,0,0,0,0,0,0,2021
2717,"Sasurie College of Engineering, Vijayamangalam, Tiruppur District 638056",TIRUPPUR,SELF FINANCING COLLEGES TIER 3,EE,Electrical and Electronics Engineering,,,,,,,,0,0,0,0,0,0,0,2021
2717,"Sasurie College of Engineering, Vijayamangalam, Tiruppur District 638056",TIRUPPUR,SELF FINANCING COLLEGES TIER 3,ME,Mechanical Engineering,82135.0,,,,,,,1,0,0,0,0,0,0,2021
2717,"Sasurie College of Engineering, Vijayamangalam, Tiruppur District 638056",TIRUPPUR,SELF FINANCING COLLEGES TIER 3,RM,ROBOTICS AND AUTOMATION,,,,,,,,0,0,0,0,0,0,0,2021
2718,"Sri Krishna College of Enginering and Technology (Autonomous) , Kuniamuthur, Coimbatore District 641008",COIMBATORE,SELF FINANCING COLLEGES TIER 1,AD,Artificial Intelligence and Data Science,6370.0,7891.0,11896.0,6976.0,34080.0,72763.0,,0,0,0,0,0,0,0,2021
2718,"Sri Krishna College of Enginering and Technology (Autonomous) , Kuniamuthur, Coimbatore District 641008",COIMBATORE,SELF FINANCING COLLEGES TIER 1,CB,COMPUTER SCIENCE AND BUSSINESS SYSTEM,8103.0,9169.0,11368.0,8768.0,47106.0,60199.0,,0,0,0,0,0,0,0,2021
2718,"Sri Krishna College of Enginering and Technology (Autonomous) , Kuniamuthur, Coimbatore District 641008",COIMBATORE,SELF FINANCING COLLEGES TIER 1,CE,CIVIL ENGINEERING,31763.0,34671.0,33899.0,,86571.0,127419.0,,0,0,0,0,0,0,0,2021
2718,"Sri Krishna College of Enginering and Technology (Autonomous) , Kuniamuthur, Coimbatore District 641008",COIMBATORE,SELF FINANCING COLLEGES TIER 1,CJ,M.Tech. Computer Science and Engineering (Integrated 5 years),11963.0,15915.0,17415.0,13766.0,57928.0,,119313.0,0,0,0,0,0,0,0,2021
2718,"Sri Krishna College of Enginering and Technology (Autonomous) , Kuniamuthur, Coimbatore District 641008",COIMBATORE,SELF FINANCING COLLEGES TIER 1,CS,Computer Science and Engineering,4302.0,5155.0,9860.0,5460.0,29761.0,45247.0,84749.0,0,0,0,0,0,0,0,2021
2718,"Sri Krishna College of Enginering and Technology (Autonomous) , Kuniamuthur, Coimbatore District 641008",COIMBATORE,SELF FINANCING COLLEGES TIER 1,EC,ELECTRONICS AND COMMUNICATION ENGINEERING,6957.0,8460.0,14240.0,8702.0,48695.0,54642.0,136012.0,0,0,0,0,0,0,1,2021
2718,"Sri Krishna College of Enginering and Technology (Autonomous) , Kuniamuthur, Coimbatore District 641008",COIMBATORE,SELF FINANCING COLLEGES TIER 1,EE,Electrical and Electronics Engineering,11628.0,14782.0,29694.0,14493.0,74789.0,129291.0,,0,0,0,0,0,0,0,2021
2718,"Sri Krishna College of Enginering and Technology (Autonomous) , Kuniamuthur, Coimbatore District 641008",COIMBATORE,SELF FINANCING COLLEGES TIER 1,IT,INFORMATION TECHNOLOGY,5945.0,6882.0,12246.0,6118.0,39349.0,58452.0,115851.0,0,0,0,0,0,0,0,2021
2718,"Sri Krishna College of Enginering and Technology (Autonomous) , Kuniamuthur, Coimbatore District 641008",COIMBATORE,SELF FINANCING COLLEGES TIER 1,ME,Mechanical Engineering,21805.0,29372.0,36266.0,22820.0,88843.0,121174.0,,0,0,0,0,0,0,0,2021
2718,"Sri Krishna College of Enginering and Technology (Autonomous) , Kuniamuthur, Coimbatore District 641008",COIMBATORE,SELF FINANCING COLLEGES TIER 1,MZ,Mechatronics Engineering,23763.0,29327.0,40486.0,24703.0,100904.0,124135.0,,0,0,0,0,0,1,0,2021
2719,"Sri Ramakrishna Engineering College (Autonomous), Vattamalaipalayam, Coimbatore District 641022",COIMBATORE,SELF FINANCING COLLEGES TIER 1,AD,Artificial Intelligence and Data Science,16061.0,17436.0,19005.0,18130.0,69704.0,72397.0,,0,0,0,0,0,0,0,2021
2719,"Sri Ramakrishna Engineering College (Autonomous), Vattamalaipalayam, Coimbatore District 641022",COIMBATORE,SELF FINANCING COLLEGES TIER 1,AE,AERONAUTICAL ENGINEERING,34778.0,42015.0,77280.0,47129.0,111626.0,82138.0,,0,0,0,0,0,0,0,2021
2719,"Sri Ramakrishna Engineering College (Autonomous), Vattamalaipalayam, Coimbatore District 641022",COIMBATORE,SELF FINANCING COLLEGES TIER 1,BM,BIO MEDICAL ENGINEERING,21249.0,27771.0,33253.0,24629.0,106351.0,,,0,0,0,0,0,0,0,2021
2719,"Sri Ramakrishna Engineering College (Autonomous), Vattamalaipalayam, Coimbatore District 641022",COIMBATORE,SELF FINANCING COLLEGES TIER 1,CE,CIVIL ENGINEERING,45042.0,62193.0,61934.0,,136103.0,,,0,0,0,0,1,0,0,2021
2719,"Sri Ramakrishna Engineering College (Autonomous), Vattamalaipalayam, Coimbatore District 641022",COIMBATORE,SELF FINANCING COLLEGES TIER 1,CJ,M.Tech. Computer Science and Engineering (Integrated 5 years),20886.0,24706.0,30988.0,23330.0,75864.0,89430.0,,0,0,0,0,0,0,0,2021
2719,"Sri Ramakrishna Engineering College (Autonomous), Vattamalaipalayam, Coimbatore District 641022",COIMBATORE,SELF FINANCING COLLEGES TIER 1,CS,Computer Science and Engineering,9627.0,13117.0,25123.0,13058.0,63270.0,58658.0,115404.0,0,0,0,0,0,0,0,2021
2719,"Sri Ramakrishna Engineering College (Autonomous), Vattamalaipalayam, Coimbatore District 641022",COIMBATORE,SELF FINANCING COLLEGES TIER 1,EC,ELECTRONICS AND COMMUNICATION ENGINEERING,17174.0,19842.0,41768.0,17297.0,89534.0,90832.0,92132.0,0,0,0,0,0,0,0,2021
2719,"Sri Ramakrishna Engineering College (Autonomous), Vattamalaipalayam, Coimbatore District 641022",COIMBATORE,SELF FINANCING COLLEGES TIER 1,EE,Electrical and Electronics Engineering,24033.0,30041.0,44115.0,29209.0,95660.0,,,0,0,0,0,0,0,0,2021
2719,"Sri Ramakrishna Engineering College (Autonomous), Vattamalaipalayam, Coimbatore District 641022",COIMBATORE,SELF FINANCING COLLEGES TIER 1,EI,ELECTRONICS AND INSTRUMENTATION ENGINEERING,30580.0,35594.0,68986.0,30908.0,131581.0,,,0,0,0,0,1,0,0,2021
2719,"Sri Ramakrishna Engineering College (Autonomous), Vattamalaipalayam, Coimbatore District 641022",COIMBATORE,SELF FINANCING COLLEGES TIER 1,IT,INFORMATION TECHNOLOGY,13729.0,15977.0,30771.0,17513.0,77763.0,64528.0,,0,0,0,0,0,0,0,2021
2719,"Sri Ramakrishna Engineering College (Autonomous), Vattamalaipalayam, Coimbatore District 641022",COIMBATORE,SELF FINANCING COLLEGES TIER 1,ME,Mechanical Engineering,40256.0,50267.0,73024.0,60605.0,127337.0,102589.0,,0,0,0,0,1,1,0,2021
2719,"Sri Ramakrishna Engineering College (Autonomous), Vattamalaipalayam, Coimbatore District 641022",COIMBATORE,SELF FINANCING COLLEGES TIER 1,RM,ROBOTICS AND AUTOMATION,29845.0,36755.0,67890.0,30600.0,121189.0,75627.0,,0,0,0,0,1,0,0,2021
2721,"Tamilnadu College of Engineering, Karumathampatti Post, Coimbatore District 641659",COIMBATORE,SELF FINANCING COLLEGES TIER 3,AU,AUTOMOBILE ENGINEERING,122612.0,,,,,,,1,0,0,0,0,0,0,2021
2721,"Tamilnadu College of Engineering, Karumathampatti Post, Coimbatore District 641659",COIMBATORE,SELF FINANCING COLLEGES TIER 3,CE,CIVIL ENGINEERING,92259.0,116516.0,,126206.0,101045.0,,,0,1,0,0,1,0,0,2021
2721,"Tamilnadu College of Engineering, Karumathampatti Post, Coimbatore District 641659",COIMBATORE,SELF FINANCING COLLEGES TIER 3,CS,Computer Science and Engineering,41324.0,58808.0,60211.0,68485.0,90305.0,,67248.0,0,0,0,0,0,0,0,2021
2721,"Tamilnadu College of Engineering, Karumathampatti Post, Coimbatore District 641659",COIMBATORE,SELF FINANCING COLLEGES TIER 3,EC,ELECTRONICS AND COMMUNICATION ENGINEERING,65255.0,87237.0,107569.0,66837.0,134700.0,,82257.0,0,0,0,0,1,0,0,2021
2721,"Tamilnadu College of Engineering, Karumathampatti Post, Coimbatore District 641659",COIMBATORE,SELF FINANCING COLLEGES TIER 3,EE,Electrical and Electronics Engineering,94068.0,119309.0,,98239.0,,,,0,0,0,0,0,0,0,2021
2721,"Tamilnadu College of Engineering, Karumathampatti Post, Coimbatore District 641659",COIMBATORE,SELF FINANCING COLLEGES TIER 3,IC,INSTRUMENTATION AND CONTROL ENGINEERING,87628.0,132297.0,,97315.0,,,,0,1,0,0,0,0,0,2021
2721,"Tamilnadu College of Engineering, Karumathampatti Post, Coimbatore District 641659",COIMBATORE,SELF FINANCING COLLEGES TIER 3,ME,Mechanical Engineering,126192.0,,,126268.0,131284.0,,,0,0,0,0,1,0,0,2021
2722,"Sri Krishna College of Technology (Autonomous) , Kovaipudur Post, Coimbatore District 641042",COIMBATORE,SELF FINANCING COLLEGES TIER 1,AD,Artificial Intelligence and Data Science,13408.0,15860.0,16611.0,16910.0,67842.0,,,0,0,0,0,0,0,0,2021
2722,"Sri Krishna College of Technology (Autonomous) , Kovaipudur Post, Coimbatore District 641042",COIMBATORE,SELF FINANCING COLLEGES TIER 1,CE,CIVIL ENGINEERING,49797.0,60281.0,50448.0,71164.0,105157.0,101074.0,,0,0,0,0,0,1,0,2021
2722,"Sri Krishna College of Technology (Autonomous) , Kovaipudur Post, Coimbatore District 641042",COIMBATORE,SELF FINANCING COLLEGES TIER 1,CS,Computer Science and Engineering,10700.0,13664.0,13782.0,16704.0,59727.0,59063.0,100196.0,0,0,0,0,0,0,0,2021
2722,"Sri Krishna College of Technology (Autonomous) , Kovaipudur Post, Coimbatore District 641042",COIMBATORE,SELF FINANCING COLLEGES TIER 1,EC,ELECTRONICS AND COMMUNICATION ENGINEERING,17712.0,20598.0,32632.0,18854.0,91282.0,115193.0,,0,0,0,0,0,0,0,2021
2722,"Sri Krishna College of Technology (Autonomous) , Kovaipudur Post, Coimbatore District 641042",COIMBATORE,SELF FINANCING COLLEGES TIER 1,EE,Electrical and Electronics Engineering,26492.0,30892.0,43627.0,36493.0,129101.0,133160.0,,0,0,0,0,0,1,0,2021
2722,"Sri Krishna College of Technology (Autonomous) , Kovaipudur Post, Coimbatore District 641042",COIMBATORE,SELF FINANCING COLLEGES TIER 1,IC,INSTRUMENTATION AND CONTROL ENGINEERING,37208.0,44537.0,44850.0,37418.0,131127.0,,,0,0,0,0,1,0,0,2021
2722,"Sri Krishna College of Technology (Autonomous) , Kovaipudur Post, Coimbatore District 641042",COIMBATORE,SELF FINANCING COLLEGES TIER 1,IT,INFORMATION TECHNOLOGY,14227.0,15431.0,17907.0,17589.0,67871.0,78092.0,,0,0,0,0,0,0,0,2021
2722,"Sri Krishna College of Technology (Autonomous) , Kovaipudur Post, Coimbatore District 641042",COIMBATORE,SELF FINANCING COLLEGES TIER 1,ME,Mechanical Engineering,45265.0,52125.0,64930.0,51875.0,135560.0,125046.0,,0,0,0,0,1,1,0,2021
2723,"Velalar College of Engineering and Technology (Autonomous), Thindal Post, Erode District 638009",ERODE,SELF FINANCING COLLEGES TIER 3,BM,BIO MEDICAL ENGINEERING,35304.0,85817.0,107938.0,83390.0,130154.0,66079.0,114536.0,0,0,1,0,1,0,0,2021
2723,"Velalar College of Engineering and Technology (Autonomous), Thindal Post, Erode District 638009",ERODE,SELF FINANCING COLLEGES TIER 3,CE,CIVIL ENGINEERING,84229.0,128430.0,,89097.0,123608.0,,,0,1,0,0,1,0,0,2021
2723,"Velalar College of Engineering and Technology (Autonomous), Thindal Post, Erode District 638009",ERODE,SELF FINANCING COLLEGES TIER 3,CS,Computer Science and Engineering,24131.0,33146.0,74848.0,42005.0,129871.0,54689.0,,0,0,0,0,1,1,0,2021
2723,"Velalar College of Engineering and Technology (Autonomous), Thindal Post, Erode District 638009",ERODE,SELF FINANCING COLLEGES TIER 3,EC,ELECTRONICS AND COMMUNICATION ENGINEERING,40046.0,52146.0,121980.0,69256.0,128955.0,135494.0,,0,0,0,0,1,1,0,2021
2723,"Velalar College of Engineering and Technology (Autonomous), Thindal Post, Erode District 638009",ERODE,SELF FINANCING COLLEGES TIER 3,EE,Electrical and Electronics Engineering,55810.0,71167.0,76906.0,,57497.0,102538.0,,0,0,1,0,1,0,0,2021
2723,"Velalar College of Engineering and Technology (Autonomous), Thindal Post, Erode District 638009",ERODE,SELF FINANCING COLLEGES TIER 3,IT,INFORMATION TECHNOLOGY,33275.0,42725.0,63526.0,50577.0,122067.0,135561.0,135114.0,0,0,0,0,1,1,0,2021
2723,"Velalar College of Engineering and Technology (Autonomous), Thindal Post, Erode District 638009",ERODE,SELF FINANCING COLLEGES TIER 3,MD,MEDICAL ELECTRONICS ENGINEERING,65202.0,108719.0,102408.0,81338.0,135412.0,82969.0,,0,0,1,0,1,0,0,2021
2723,"Velalar College of Engineering and Technology (Autonomous), Thindal Post, Erode District 638009",ERODE,SELF FINANCING COLLEGES TIER 3,ME,Mechanical Engineering,75705.0,110295.0,,85061.0,88989.0,,,0,0,0,0,1,0,0,2021
2725,"Sri Ramakrishna Institute of Technology (Autonomous), Pachapalayam, Coimbatore District 641010",COIMBATORE,SELF FINANCING COLLEGES TIER 2,CS,Computer Science and Engineering,29971.0,36691.0,43287.0,38349.0,113962.0,134379.0,,0,0,0,0,0,0,0,2021
2725,"Sri Ramakrishna Institute of Technology (Autonomous), Pachapalayam, Coimbatore District 641010",COIMBATORE,SELF FINANCING COLLEGES TIER 2,EC,ELECTRONICS AND COMMUNICATION ENGINEERING,34233.0,40032.0,59538.0,44369.0,128493.0,,,0,0,0,0,0,0,0,2021
2725,"Sri Ramakrishna Institute of Technology (Autonomous), Pachapalayam, Coimbatore District 641010",COIMBATORE,SELF FINANCING COLLEGES TIER 2,EE,Electrical and Electronics Engineering,44784.0,46286.0,83665.0,46341.0,135893.0,,,0,0,0,0,1,0,0,2021
2725,"Sri Ramakrishna Institute of Technology (Autonomous), Pachapalayam, Coimbatore District 641010",COIMBATORE,SELF FINANCING COLLEGES TIER 2,IT,INFORMATION TECHNOLOGY,24265.0,31574.0,41624.0,,106323.0,76973.0,,0,0,0,0,0,0,0,2021
2725,"Sri Ramakrishna Institute of Technology (Autonomous), Pachapalayam, Coimbatore District 641010",COIMBATORE,SELF FINANCING COLLEGES TIER 2,ME,Mechanical Engineering,61914.0,72417.0,,93615.0,,,,0,0,0,0,0,0,0,2021
2726,"SNS College of Technology (Autonomous), Kalappatti Post, Coimbatore District 641035",COIMBATORE,SELF FINANCING COLLEGES TIER 3,AG,Agricultural Engineering,50226.0,95241.0,101690.0,,112111.0,,,0,0,0,0,0,0,0,2021
2726,"SNS College of Technology (Autonomous), Kalappatti Post, Coimbatore District 641035",COIMBATORE,SELF FINANCING COLLEGES TIER 3,AL,Artificial Intelligence and Machine Learning,41584.0,47263.0,67837.0,47183.0,47183.0,,,0,0,0,0,0,0,0,2021
2726,"SNS College of Technology (Autonomous), Kalappatti Post, Coimbatore District 641035",COIMBATORE,SELF FINANCING COLLEGES TIER 3,AO,AEROSPACE ENGINEERING,24923.0,42799.0,35801.0,56156.0,74781.0,,,0,0,0,0,0,0,0,2021
2726,"SNS College of Technology (Autonomous), Kalappatti Post, Coimbatore District 641035",COIMBATORE,SELF FINANCING COLLEGES TIER 3,AU,AUTOMOBILE ENGINEERING,111737.0,134102.0,,121862.0,,,,0,1,0,0,0,0,0,2021
2726,"SNS College of Technology (Autonomous), Kalappatti Post, Coimbatore District 641035",COIMBATORE,SELF FINANCING COLLEGES TIER 3,BM,BIO MEDICAL ENGINEERING,40973.0,60849.0,81753.0,62235.0,115885.0,73372.0,,0,0,0,0,0,0,0,2021
2726,"SNS College of Technology (Autonomous), Kalappatti Post, Coimbatore District 641035",COIMBATORE,SELF FINANCING COLLEGES TIER 3,CE,CIVIL ENGINEERING,97476.0,135178.0,,,114500.0,,,0,0,0,0,1,0,0,2021
2726,"SNS College of Technology (Autonomous), Kalappatti Post, Coimbatore District 641035",COIMBATORE,SELF FINANCING COLLEGES TIER 3,CS,Computer Science and Engineering,31891.0,38887.0,44548.0,36425.0,129169.0,136240.0,,0,0,0,0,0,1,0,2021
2726,"SNS College of Technology (Autonomous), Kalappatti Post, Coimbatore District 641035",COIMBATORE,SELF FINANCING COLLEGES TIER 3,EC,ELECTRONICS AND COMMUNICATION ENGINEERING,46431.0,52877.0,69745.0,48611.0,129402.0,,,0,0,0,0,1,0,0,2021
2726,"SNS College of Technology (Autonomous), Kalappatti Post, Coimbatore District 641035",COIMBATORE,SELF FINANCING COLLEGES TIER 3,EE,Electrical and Electronics Engineering,59658.0,66565.0,74027.0,67707.0,127305.0,135219.0,,0,0,0,0,1,0,0,2021
2726,"SNS College of Technology (Autonomous), Kalappatti Post, Coimbatore District 641035",COIMBATORE,SELF FINANCING COLLEGES TIER 3,FD,FOOD TECHNOLOGY,58208.0,86256.0,,63014.0,119534.0,80400.0,,0,0,0,0,1,0,0,2021
2726,"SNS College of Technology (Autonomous), Kalappatti Post, Coimbatore District 641035",COIMBATORE,SELF FINANCING COLLEGES TIER 3,IT,INFORMATION TECHNOLOGY,36822.0,41188.0,60265.0,37124.0,119250.0,119674.0,,0,0,0,0,0,0,0,2021
2726,"SNS College of Technology (Autonomous), Kalappatti Post, Coimbatore District 641035",COIMBATORE,SELF FINANCING COLLEGES TIER 3,ME,Mechanical Engineering,90008.0,122088.0,108602.0,100676.0,,,,0,0,1,0,0,0,0,2021
2726,"SNS College of Technology (Autonomous), Kalappatti Post, Coimbatore District 641035",COIMBATORE,SELF FINANCING COLLEGES TIER 3,MZ,Mechatronics Engineering,55183.0,84971.0,,89073.0,,,,0,0,0,0,0,0,0,2021
2727,"Sri Shakthi Institute of Engineering and Technology (Autonomous), L&T Bye-Pass, Venkitapuram Post, Comibatore District 641062",COIMBATORE,SELF FINANCING COLLEGES TIER 3,AD,Artificial Intelligence and Data Science,32224.0,35574.0,,40604.0,136839.0,,,0,0,0,0,1,0,0,2021
2727,"Sri Shakthi Institute of Engineering and Technology (Autonomous), L&T Bye-Pass, Venkitapuram Post, Comibatore District 641062",COIMBATORE,SELF FINANCING COLLEGES TIER 3,AG,Agricultural Engineering,66356.0,98281.0,107021.0,81797.0,134904.0,88063.0,,0,0,1,0,1,1,0,2021
2727,"Sri Shakthi Institute of Engineering and Technology (Autonomous), L&T Bye-Pass, Venkitapuram Post, Comibatore District 641062",COIMBATORE,SELF FINANCING COLLEGES TIER 3,AL,Artificial Intelligence and Machine Learning,37664.0,43549.0,80475.0,,135746.0,,,0,0,0,0,1,0,0,2021
2727,"Sri Shakthi Institute of Engineering and Technology (Autonomous), L&T Bye-Pass, Venkitapuram Post, Comibatore District 641062",COIMBATORE,SELF FINANCING COLLEGES TIER 3,BM,BIO MEDICAL ENGINEERING,54226.0,76730.0,85242.0,76388.0,82085.0,122108.0,,0,0,0,0,1,0,0,2021
2727,"Sri Shakthi Institute of Engineering and Technology (Autonomous), L&T Bye-Pass, Venkitapuram Post, Comibatore District 641062",COIMBATORE,SELF FINANCING COLLEGES TIER 3,BT,BIO TECHNOLOGY,35340.0,47060.0,62033.0,38669.0,135752.0,95461.0,,0,0,0,0,1,0,0,2021
2727,"Sri Shakthi Institute of Engineering and Technology (Autonomous), L&T Bye-Pass, Venkitapuram Post, Comibatore District 641062",COIMBATORE,SELF FINANCING COLLEGES TIER 3,CE,CIVIL ENGINEERING,107131.0,127669.0,,116940.0,136788.0,,,0,1,0,1,1,0,0,2021
2727,"Sri Shakthi Institute of Engineering and Technology (Autonomous), L&T Bye-Pass, Venkitapuram Post, Comibatore District 641062",COIMBATORE,SELF FINANCING COLLEGES TIER 3,CS,Computer Science and Engineering,24619.0,31760.0,61782.0,26796.0,135529.0,121176.0,122104.0,0,0,0,0,0,0,0,2021
2727,"Sri Shakthi Institute of Engineering and Technology (Autonomous), L&T Bye-Pass, Venkitapuram Post, Comibatore District 641062",COIMBATORE,SELF FINANCING COLLEGES TIER 3,EC,ELECTRONICS AND COMMUNICATION ENGINEERING,36996.0,43082.0,78707.0,38552.0,129443.0,,,0,0,0,0,1,0,0,2021
2727,"Sri Shakthi Institute of Engineering and Technology (Autonomous), L&T Bye-Pass, Venkitapuram Post, Comibatore District 641062",COIMBATORE,SELF FINANCING COLLEGES TIER 3,EE,Electrical and Electronics Engineering,52278.0,61454.0,73247.0,61625.0,132260.0,56289.0,,0,0,0,0,1,1,0,2021
2727,"Sri Shakthi Institute of Engineering and Technology (Autonomous), L&T Bye-Pass, Venkitapuram Post, Comibatore District 641062",COIMBATORE,SELF FINANCING COLLEGES TIER 3,FD,FOOD TECHNOLOGY,48359.0,84744.0,106885.0,50499.0,110611.0,107854.0,,0,0,1,0,1,0,0,2021
2727,"Sri Shakthi Institute of Engineering and Technology (Autonomous), L&T Bye-Pass, Venkitapuram Post, Comibatore District 641062",COIMBATORE,SELF FINANCING COLLEGES TIER 3,IT,INFORMATION TECHNOLOGY,30509.0,33482.0,63181.0,31541.0,134975.0,,,0,0,0,0,0,0,0,2021
2727,"Sri Shakthi Institute of Engineering and Technology (Autonomous), L&T Bye-Pass, Venkitapuram Post, Comibatore District 641062",COIMBATORE,SELF FINANCING COLLEGES TIER 3,ME,Mechanical Engineering,72305.0,79289.0,130691.0,78389.0,127516.0,,,0,0,0,0,1,0,0,2021
2729,"Nehru Institute of Engineering and Technology, Thirumalayampalayam Post, Coimbatore District 641105",COIMBATORE,SELF FINANCING COLLEGES TIER 3,AD,Artificial Intelligence and Data Science,43538.0,56754.0,50931.0,49664.0,93542.0,77963.0,,0,0,0,0,0,0,0,2021
2729,"Nehru Institute of Engineering and Technology, Thirumalayampalayam Post, Coimbatore District 641105",COIMBATORE,SELF FINANCING COLLEGES TIER 3,AE,AERONAUTICAL ENGINEERING,61026.0,88321.0,112036.0,85189.0,103218.0,125736.0,,0,0,0,0,0,1,0,2021
2729,"Nehru Institute of Engineering and Technology, Thirumalayampalayam Post, Coimbatore District 641105",COIMBATORE,SELF FINANCING COLLEGES TIER 3,CB,COMPUTER SCIENCE AND BUSSINESS SYSTEM,63337.0,69468.0,81101.0,65141.0,129594.0,,,0,0,0,0,0,0,0,2021
2729,"Nehru Institute of Engineering and Technology, Thirumalayampalayam Post, Coimbatore District 641105",COIMBATORE,SELF FINANCING COLLEGES TIER 3,CS,Computer Science and Engineering,43812.0,54342.0,48384.0,60719.0,94808.0,75985.0,,0,0,0,0,0,0,0,2021
2729,"Nehru Institute of Engineering and Technology, Thirumalayampalayam Post, Coimbatore District 641105",COIMBATORE,SELF FINANCING COLLEGES TIER 3,EC,ELECTRONICS AND COMMUNICATION ENGINEERING,68418.0,79806.0,97141.0,73139.0,134997.0,,,0,0,0,0,1,0,0,2021
2729,"Nehru Institute of Engineering and Technology, Thirumalayampalayam Post, Coimbatore District 641105",COIMBATORE,SELF FINANCING COLLEGES TIER 3,EE,Electrical and Electronics Engineering,92044.0,121302.0,125954.0,,113215.0,,135745.0,0,1,0,0,1,0,0,2021
2729,"Nehru Institute of Engineering and Technology, Thirumalayampalayam Post, Coimbatore District 641105",COIMBATORE,SELF FINANCING COLLEGES TIER 3,ME,Mechanical Engineering,106113.0,125376.0,127233.0,128377.0,123116.0,,,0,1,0,0,1,0,0,2021
2729,"Nehru Institute of Engineering and Technology, Thirumalayampalayam Post, Coimbatore District 641105",COIMBATORE,SELF FINANCING COLLEGES TIER 3,MZ,Mechatronics Engineering,89526.0,122645.0,,127431.0,134384.0,,,0,1,0,0,1,0,0,2021
2731,"R V S College of Engineering and Technology, Kannampalayam, Sulur, Coimbatore District 641402",COIMBATORE,SELF FINANCING COLLEGES TIER 3,CS,Computer Science and Engineering,54669.0,72541.0,82908.0,70775.0,86810.0,70719.0,61080.0,0,0,0,0,0,0,0,2021
2731,"R V S College of Engineering and Technology, Kannampalayam, Sulur, Coimbatore District 641402",COIMBATORE,SELF FINANCING COLLEGES TIER 3,EC,ELECTRONICS AND COMMUNICATION ENGINEERING,71655.0,102351.0,93348.0,,115330.0,80720.0,,0,0,1,0,0,0,0,2021
2731,"R V S College of Engineering and Technology, Kannampalayam, Sulur, Coimbatore District 641402",COIMBATORE,SELF FINANCING COLLEGES TIER 3,EE,Electrical and Electronics Engineering,102614.0,121318.0,,,129948.0,107333.0,,0,1,0,0,0,0,0,2021
2731,"R V S College of Engineering and Technology, Kannampalayam, Sulur, Coimbatore District 641402",COIMBATORE,SELF FINANCING COLLEGES TIER 3,ME,Mechanical Engineering,109736.0,127970.0,,134314.0,127441.0,119533.0,,0,1,0,0,1,0,0,2021
2731,"R V S College of Engineering and Technology, Kannampalayam, Sulur, Coimbatore District 641402",COIMBATORE,SELF FINANCING COLLEGES TIER 3,PD,PETRO CHEMICAL ENGINEERING,91654.0,134456.0,126803.0,,128690.0,,,0,1,0,0,0,0,0,2021
2732,"Info Institute of Engineering, Sarkar Samakulam, Coimbatore District 641107",COIMBATORE,SELF FINANCING COLLEGES TIER 3,CS,Computer Science and Engineering,90887.0,121618.0,,96550.0,136814.0,127473.0,,0,0,0,1,1,0,0,2021
2732,"Info Institute of Engineering, Sarkar Samakulam, Coimbatore District 641107",COIMBATORE,SELF FINANCING COLLEGES TIER 3,EC,ELECTRONICS AND COMMUNICATION ENGINEERING,129365.0,,,,,,,1,0,0,0,0,0,0,2021
2732,"Info Institute of Engineering, Sarkar Samakulam, Coimbatore District 641107",COIMBATORE,SELF FINANCING COLLEGES TIER 3,EE,Electrical and Electronics Engineering,,,,,,,,0,0,0,0,0,0,0,2021
2732,"Info Institute of Engineering, Sarkar Samakulam, Coimbatore District 641107",COIMBATORE,SELF FINANCING COLLEGES TIER 3,IT,INFORMATION TECHNOLOGY,64199.0,103719.0,,128540.0,111979.0,,,0,0,0,0,0,0,0,2021
2732,"Info Institute of Engineering, Sarkar Samakulam, Coimbatore District 641107",COIMBATORE,SELF FINANCING COLLEGES TIER 3,ME,Mechanical Engineering,127238.0,,,,,,,1,0,0,0,0,0,0,2021
2733,"Angel College of Engineering and Technology, P.K.Palayam, Ugayanur Village, Tirupur District 641 665",TIRUPPUR,SELF FINANCING COLLEGES TIER 3,CE,CIVIL ENGINEERING,,,,,,,,0,0,0,0,0,0,0,2021
2733,"Angel College of Engineering and Technology, P.K.Palayam, Ugayanur Village, Tirupur District 641 665",TIRUPPUR,SELF FINANCING COLLEGES TIER 3,CS,Computer Science and Engineering,136373.0,,,,,,,1,0,0,0,0,0,0,2021
2733,"Angel College of Engineering and Technology, P.K.Palayam, Ugayanur Village, Tirupur District 641 665",TIRUPPUR,SELF FINANCING COLLEGES TIER 3,EC,ELECTRONICS AND COMMUNICATION ENGINEERING,,,,,,,,0,0,0,0,0,0,0,2021
2733,"Angel College of Engineering and Technology, P.K.Palayam, Ugayanur Village, Tirupur District 641 665",TIRUPPUR,SELF FINANCING COLLEGES TIER 3,EE,Electrical and Electronics Engineering,,,,,,,,0,0,0,0,0,0,0,2021
2733,"Angel College of Engineering and Technology, P.K.Palayam, Ugayanur Village, Tirupur District 641 665",TIRUPPUR,SELF FINANCING COLLEGES TIER 3,FT,FASHION TECHNOLOGY,134832.0,,,,,,,1,0,0,0,0,0,0,2021
2733,"Angel College of Engineering and Technology, P.K.Palayam, Ugayanur Village, Tirupur District 641 665",TIRUPPUR,SELF FINANCING COLLEGES TIER 3,ME,Mechanical Engineering,,,,,,,,0,0,0,0,0,0,0,2021
2734,"SNS College of Engineering (Autonomous), Sathy Main Road, Kurumbapalayam Post, Coimbatore District 641107",COIMBATORE,SELF FINANCING COLLEGES TIER 3,AD,Artificial Intelligence and Data Science,42508.0,48333.0,82141.0,42516.0,112477.0,57088.0,,0,0,0,0,0,0,0,2021
2734,"SNS College of Engineering (Autonomous), Sathy Main Road, Kurumbapalayam Post, Coimbatore District 641107",COIMBATORE,SELF FINANCING COLLEGES TIER 3,CD,COMPUTER SCIENCE AND DESIGN,52691.0,56106.0,58317.0,55836.0,132139.0,,,0,0,0,0,1,0,0,2021
2734,"SNS College of Engineering (Autonomous), Sathy Main Road, Kurumbapalayam Post, Coimbatore District 641107",COIMBATORE,SELF FINANCING COLLEGES TIER 3,CS,Computer Science and Engineering,31492.0,35641.0,63441.0,34535.0,93928.0,51278.0,,0,0,0,0,0,0,0,2021
2734,"SNS College of Engineering (Autonomous), Sathy Main Road, Kurumbapalayam Post, Coimbatore District 641107",COIMBATORE,SELF FINANCING COLLEGES TIER 3,EC,ELECTRONICS AND COMMUNICATION ENGINEERING,46033.0,51567.0,75367.0,,126214.0,91618.0,,0,0,0,0,1,0,0,2021
2734,"SNS College of Engineering (Autonomous), Sathy Main Road, Kurumbapalayam Post, Coimbatore District 641107",COIMBATORE,SELF FINANCING COLLEGES TIER 3,EE,Electrical and Electronics Engineering,69135.0,85377.0,131209.0,,116905.0,90994.0,,0,0,0,0,1,0,0,2021
2734,"SNS College of Engineering (Autonomous), Sathy Main Road, Kurumbapalayam Post, Coimbatore District 641107",COIMBATORE,SELF FINANCING COLLEGES TIER 3,IT,INFORMATION TECHNOLOGY,34873.0,38963.0,60680.0,42026.0,125673.0,126681.0,,0,0,0,0,0,0,0,2021
2734,"SNS College of Engineering (Autonomous), Sathy Main Road, Kurumbapalayam Post, Coimbatore District 641107",COIMBATORE,SELF FINANCING COLLEGES TIER 3,ME,Mechanical Engineering,85833.0,112222.0,,99111.0,119994.0,104500.0,,0,0,0,0,1,0,0,2021
2734,"SNS College of Engineering (Autonomous), Sathy Main Road, Kurumbapalayam Post, Coimbatore District 641107",COIMBATORE,SELF FINANCING COLLEGES TIER 3,MO,Mechanical and Mechatronics Engineering (Additive Manufacturing),91874.0,120516.0,,116493.0,,,,0,0,0,0,0,0,0,2021
2734,"SNS College of Engineering (Autonomous), Sathy Main Road, Kurumbapalayam Post, Coimbatore District 641107",COIMBATORE,SELF FINANCING COLLEGES TIER 3,SB,Computer Science and Engineering (Internet of Things and Cyber Security including Block Chain Technology),43280.0,49334.0,69820.0,45159.0,93004.0,135274.0,,0,0,0,0,0,0,0,2021
2734,"SNS College of Engineering (Autonomous), Sathy Main Road, Kurumbapalayam Post, Coimbatore District 641107",COIMBATORE,SELF FINANCING COLLEGES TIER 3,TS,Computer Science and Technology,46588.0,50142.0,82681.0,47700.0,114006.0,,,0,0,0,0,1,0,0,2021
2735,"Karpagam Institute of Technology, Seerapalayam Village, L&T By pass Road, Coimbatore District 641021",COIMBATORE,SELF FINANCING COLLEGES TIER 2,AD,Artificial Intelligence and Data Science,32246.0,40325.0,,38149.0,78561.0,62616.0,,0,0,0,0,0,0,0,2021
2735,"Karpagam Institute of Technology, Seerapalayam Village, L&T By pass Road, Coimbatore District 641021",COIMBATORE,SELF FINANCING COLLEGES TIER 2,CS,Computer Science and Engineering,29375.0,35832.0,50231.0,32060.0,72569.0,54623.0,,0,0,0,0,0,0,0,2021
2735,"Karpagam Institute of Technology, Seerapalayam Village, L&T By pass Road, Coimbatore District 641021",COIMBATORE,SELF FINANCING COLLEGES TIER 2,EC,ELECTRONICS AND COMMUNICATION ENGINEERING,45133.0,53154.0,81838.0,50196.0,102516.0,80751.0,,0,0,0,0,0,0,0,2021
2735,"Karpagam Institute of Technology, Seerapalayam Village, L&T By pass Road, Coimbatore District 641021",COIMBATORE,SELF FINANCING COLLEGES TIER 2,EE,Electrical and Electronics Engineering,59986.0,69727.0,104175.0,67963.0,120139.0,,,0,0,0,0,0,0,0,2021
2735,"Karpagam Institute of Technology, Seerapalayam Village, L&T By pass Road, Coimbatore District 641021",COIMBATORE,SELF FINANCING COLLEGES TIER 2,IT,INFORMATION TECHNOLOGY,27683.0,36946.0,54250.0,29579.0,75953.0,76715.0,,0,0,0,0,0,0,0,2021
2735,"Karpagam Institute of Technology, Seerapalayam Village, L&T By pass Road, Coimbatore District 641021",COIMBATORE,SELF FINANCING COLLEGES TIER 2,ME,Mechanical Engineering,69689.0,90030.0,127140.0,89004.0,125000.0,104678.0,,0,0,1,0,0,0,0,2021
2736,"Dr. N G P Institute of Technology, Kalapatti Road, Coimbatore District 641035",COIMBATORE,SELF FINANCING COLLEGES TIER 3,AD,Artificial Intelligence and Data Science,38227.0,44407.0,38980.0,40607.0,110033.0,134845.0,,0,0,0,0,1,0,0,2021
2736,"Dr. N G P Institute of Technology, Kalapatti Road, Coimbatore District 641035",COIMBATORE,SELF FINANCING COLLEGES TIER 3,BM,BIO MEDICAL ENGINEERING,45053.0,85974.0,69052.0,62205.0,127894.0,,,0,0,0,0,1,0,0,2021
2736,"Dr. N G P Institute of Technology, Kalapatti Road, Coimbatore District 641035",COIMBATORE,SELF FINANCING COLLEGES TIER 3,CE,CIVIL ENGINEERING,82588.0,110817.0,,,,99044.0,,0,1,0,0,0,0,0,2021
2736,"Dr. N G P Institute of Technology, Kalapatti Road, Coimbatore District 641035",COIMBATORE,SELF FINANCING COLLEGES TIER 3,CS,Computer Science and Engineering,27218.0,35971.0,64502.0,35888.0,129874.0,115153.0,,0,0,0,0,1,1,0,2021
2736,"Dr. N G P Institute of Technology, Kalapatti Road, Coimbatore District 641035",COIMBATORE,SELF FINANCING COLLEGES TIER 3,EC,ELECTRONICS AND COMMUNICATION ENGINEERING,44151.0,52913.0,85829.0,49565.0,110629.0,,,0,0,0,0,1,0,0,2021
2736,"Dr. N G P Institute of Technology, Kalapatti Road, Coimbatore District 641035",COIMBATORE,SELF FINANCING COLLEGES TIER 3,EE,Electrical and Electronics Engineering,56740.0,65217.0,,73769.0,,,,0,0,0,0,0,0,0,2021
2736,"Dr. N G P Institute of Technology, Kalapatti Road, Coimbatore District 641035",COIMBATORE,SELF FINANCING COLLEGES TIER 3,IT,INFORMATION TECHNOLOGY,32446.0,39033.0,68483.0,,126217.0,,,0,0,0,0,1,0,0,2021
2736,"Dr. N G P Institute of Technology, Kalapatti Road, Coimbatore District 641035",COIMBATORE,SELF FINANCING COLLEGES TIER 3,ME,Mechanical Engineering,98806.0,121710.0,126149.0,114476.0,102342.0,,,0,0,1,0,1,0,0,2021
2737,"Sri Sai Ranganathan Engineering College, Zahirnaickenpalayam Village, Viraliyur Post, Thondamuthur Via, Coimbatore District 641109",COIMBATORE,SELF FINANCING COLLEGES TIER 3,CE,CIVIL ENGINEERING,50568.0,,,,,,,1,0,0,0,0,0,0,2021
2737,"Sri Sai Ranganathan Engineering College, Zahirnaickenpalayam Village, Viraliyur Post, Thondamuthur Via, Coimbatore District 641109",COIMBATORE,SELF FINANCING COLLEGES TIER 3,CS,Computer Science and Engineering,116714.0,134577.0,,,,,,0,1,0,0,0,0,0,2021
2737,"Sri Sai Ranganathan Engineering College, Zahirnaickenpalayam Village, Viraliyur Post, Thondamuthur Via, Coimbatore District 641109",COIMBATORE,SELF FINANCING COLLEGES TIER 3,EC,ELECTRONICS AND COMMUNICATION ENGINEERING,101344.0,,,,,,,1,0,0,0,0,0,0,2021
2737,"Sri Sai Ranganathan Engineering College, Zahirnaickenpalayam Village, Viraliyur Post, Thondamuthur Via, Coimbatore District 641109",COIMBATORE,SELF FINANCING COLLEGES TIER 3,EE,Electrical and Electronics Engineering,84219.0,,,,,,,1,0,0,0,0,0,0,2021
2737,"Sri Sai Ranganathan Engineering College, Zahirnaickenpalayam Village, Viraliyur Post, Thondamuthur Via, Coimbatore District 641109",COIMBATORE,SELF FINANCING COLLEGES TIER 3,IT,INFORMATION TECHNOLOGY,88065.0,126848.0,110355.0,,124810.0,,,0,0,0,0,1,0,0,2021
2737,"Sri Sai Ranganathan Engineering College, Zahirnaickenpalayam Village, Viraliyur Post, Thondamuthur Via, Coimbatore District 641109",COIMBATORE,SELF FINANCING COLLEGES TIER 3,ME,Mechanical Engineering,,,,,,,,0,0,0,0,0,0,0,2021
2739,"Sri Eshwar College of Engineering (Autonomous), Kondampatti Post, Vadasithur (Via), Kinathukadavu, Coimbatore District 641202",COIMBATORE,SELF FINANCING COLLEGES TIER 3,AD,Artificial Intelligence and Data Science,16053.0,20279.0,24072.0,24488.0,94457.0,119140.0,,0,0,0,0,0,0,0,2021
2739,"Sri Eshwar College of Engineering (Autonomous), Kondampatti Post, Vadasithur (Via), Kinathukadavu, Coimbatore District 641202",COIMBATORE,SELF FINANCING COLLEGES TIER 3,CB,COMPUTER SCIENCE AND BUSSINESS SYSTEM,20006.0,23275.0,33393.0,25521.0,121731.0,,,0,0,0,0,0,0,0,2021
2739,"Sri Eshwar College of Engineering (Autonomous), Kondampatti Post, Vadasithur (Via), Kinathukadavu, Coimbatore District 641202",COIMBATORE,SELF FINANCING COLLEGES TIER 3,CO,COMPUTER AND COMMUNICATION ENGINEERING,21842.0,24165.0,49761.0,25575.0,112295.0,,,0,0,0,0,0,0,0,2021
2739,"Sri Eshwar College of Engineering (Autonomous), Kondampatti Post, Vadasithur (Via), Kinathukadavu, Coimbatore District 641202",COIMBATORE,SELF FINANCING COLLEGES TIER 3,CS,Computer Science and Engineering,12093.0,15162.0,27615.0,12526.0,90587.0,100557.0,,0,0,0,0,0,0,0,2021
2739,"Sri Eshwar College of Engineering (Autonomous), Kondampatti Post, Vadasithur (Via), Kinathukadavu, Coimbatore District 641202",COIMBATORE,SELF FINANCING COLLEGES TIER 3,EC,ELECTRONICS AND COMMUNICATION ENGINEERING,19938.0,23725.0,42721.0,30596.0,108752.0,103199.0,,0,0,0,0,0,0,0,2021
2739,"Sri Eshwar College of Engineering (Autonomous), Kondampatti Post, Vadasithur (Via), Kinathukadavu, Coimbatore District 641202",COIMBATORE,SELF FINANCING COLLEGES TIER 3,EE,Electrical and Electronics Engineering,27242.0,30772.0,52584.0,30465.0,136186.0,,,0,0,0,0,1,0,0,2021
2739,"Sri Eshwar College of Engineering (Autonomous), Kondampatti Post, Vadasithur (Via), Kinathukadavu, Coimbatore District 641202",COIMBATORE,SELF FINANCING COLLEGES TIER 3,IT,INFORMATION TECHNOLOGY,15317.0,17671.0,31301.0,20287.0,85873.0,85559.0,,0,0,0,0,0,0,0,2021
2739,"Sri Eshwar College of Engineering (Autonomous), Kondampatti Post, Vadasithur (Via), Kinathukadavu, Coimbatore District 641202",COIMBATORE,SELF FINANCING COLLEGES TIER 3,ME,Mechanical Engineering,39209.0,52069.0,,55988.0,129154.0,,,0,0,0,0,1,0,0,2021
2740,"Hindusthan Institute of Technology (Autonomous), Othakkalmandapam, Coimbatore District 641032",COIMBATORE,SELF FINANCING COLLEGES TIER 3,AD,Artificial Intelligence and Data Science,39808.0,44380.0,62136.0,41366.0,96841.0,112066.0,,0,0,0,0,0,0,0,2021
2740,"Hindusthan Institute of Technology (Autonomous), Othakkalmandapam, Coimbatore District 641032",COIMBATORE,SELF FINANCING COLLEGES TIER 3,AE,AERONAUTICAL ENGINEERING,59772.0,74819.0,92700.0,78151.0,120800.0,74590.0,,0,0,0,0,0,0,0,2021
2740,"Hindusthan Institute of Technology (Autonomous), Othakkalmandapam, Coimbatore District 641032",COIMBATORE,SELF FINANCING COLLEGES TIER 3,CS,Computer Science and Engineering,41083.0,45173.0,64906.0,51496.0,115161.0,90092.0,129073.0,0,0,0,0,0,0,0,2021
2740,"Hindusthan Institute of Technology (Autonomous), Othakkalmandapam, Coimbatore District 641032",COIMBATORE,SELF FINANCING COLLEGES TIER 3,EC,ELECTRONICS AND COMMUNICATION ENGINEERING,51704.0,58351.0,86757.0,54108.0,132640.0,,,0,0,0,0,1,0,0,2021
2740,"Hindusthan Institute of Technology (Autonomous), Othakkalmandapam, Coimbatore District 641032",COIMBATORE,SELF FINANCING COLLEGES TIER 3,IT,INFORMATION TECHNOLOGY,43009.0,46947.0,,51804.0,118934.0,136576.0,,0,0,0,0,0,1,0,2021
2740,"Hindusthan Institute of Technology (Autonomous), Othakkalmandapam, Coimbatore District 641032",COIMBATORE,SELF FINANCING COLLEGES TIER 3,ME,Mechanical Engineering,86039.0,104432.0,120494.0,102492.0,126524.0,104304.0,,0,0,0,0,1,0,0,2021
2740,"Hindusthan Institute of Technology (Autonomous), Othakkalmandapam, Coimbatore District 641032",COIMBATORE,SELF FINANCING COLLEGES TIER 3,PH,PHARMACEUTICAL TECHNOLOGY,83035.0,134608.0,89945.0,85522.0,135917.0,,,0,1,0,0,0,0,0,2021
2741,"P A College of Engineering and Technology (Autonomous), Palladam Road, Pollachi, Coimbatore District 642002",COIMBATORE,SELF FINANCING COLLEGES TIER 3,CE,CIVIL ENGINEERING,102484.0,133866.0,,109400.0,133398.0,105284.0,,0,1,0,0,0,0,0,2021
2741,"P A College of Engineering and Technology (Autonomous), Palladam Road, Pollachi, Coimbatore District 642002",COIMBATORE,SELF FINANCING COLLEGES TIER 3,CS,Computer Science and Engineering,29721.0,50339.0,78936.0,61949.0,119678.0,62380.0,117326.0,0,0,0,0,0,0,0,2021
2741,"P A College of Engineering and Technology (Autonomous), Palladam Road, Pollachi, Coimbatore District 642002",COIMBATORE,SELF FINANCING COLLEGES TIER 3,EC,ELECTRONICS AND COMMUNICATION ENGINEERING,40591.0,62018.0,81343.0,66255.0,130100.0,69765.0,,0,0,0,0,0,0,0,2021
2741,"P A College of Engineering and Technology (Autonomous), Palladam Road, Pollachi, Coimbatore District 642002",COIMBATORE,SELF FINANCING COLLEGES TIER 3,EE,Electrical and Electronics Engineering,64762.0,81426.0,96982.0,77790.0,121381.0,90695.0,124771.0,0,0,0,0,0,0,0,2021
2741,"P A College of Engineering and Technology (Autonomous), Palladam Road, Pollachi, Coimbatore District 642002",COIMBATORE,SELF FINANCING COLLEGES TIER 3,ME,Mechanical Engineering,85843.0,131893.0,109332.0,127476.0,124462.0,93029.0,,0,0,0,0,0,0,0,2021
2743,"Dhanalakshmi Srinivasan College of Engineering (CBE), NH47, Palakkad Main Road, Navakkarai Post, Near Nandhi Temple, Coimbatore District 641105",COIMBATORE,SELF FINANCING COLLEGES TIER 3,AD,Artificial Intelligence and Data Science,76451.0,96261.0,93442.0,106431.0,136104.0,117385.0,,0,0,0,0,1,0,0,2021
2743,"Dhanalakshmi Srinivasan College of Engineering (CBE), NH47, Palakkad Main Road, Navakkarai Post, Near Nandhi Temple, Coimbatore District 641105",COIMBATORE,SELF FINANCING COLLEGES TIER 3,AG,Agricultural Engineering,89249.0,122053.0,,133650.0,109206.0,118078.0,,0,1,0,0,0,0,0,2021
2743,"Dhanalakshmi Srinivasan College of Engineering (CBE), NH47, Palakkad Main Road, Navakkarai Post, Near Nandhi Temple, Coimbatore District 641105",COIMBATORE,SELF FINANCING COLLEGES TIER 3,BM,BIO MEDICAL ENGINEERING,94375.0,120907.0,97346.0,,132006.0,109568.0,,0,1,0,0,0,0,0,2021
2743,"Dhanalakshmi Srinivasan College of Engineering (CBE), NH47, Palakkad Main Road, Navakkarai Post, Near Nandhi Temple, Coimbatore District 641105",COIMBATORE,SELF FINANCING COLLEGES TIER 3,CE,CIVIL ENGINEERING,129278.0,,,,,,,1,0,0,0,0,0,0,2021
2743,"Dhanalakshmi Srinivasan College of Engineering (CBE), NH47, Palakkad Main Road, Navakkarai Post, Near Nandhi Temple, Coimbatore District 641105",COIMBATORE,SELF FINANCING COLLEGES TIER 3,CS,Computer Science and Engineering,59437.0,79847.0,79922.0,70823.0,87608.0,,,0,0,0,0,1,0,0,2021
2743,"Dhanalakshmi Srinivasan College of Engineering (CBE), NH47, Palakkad Main Road, Navakkarai Post, Near Nandhi Temple, Coimbatore District 641105",COIMBATORE,SELF FINANCING COLLEGES TIER 3,EC,ELECTRONICS AND COMMUNICATION ENGINEERING,86444.0,125613.0,109264.0,118290.0,136933.0,104813.0,,0,0,0,1,0,1,0,2021
2743,"Dhanalakshmi Srinivasan College of Engineering (CBE), NH47, Palakkad Main Road, Navakkarai Post, Near Nandhi Temple, Coimbatore District 641105",COIMBATORE,SELF FINANCING COLLEGES TIER 3,EE,Electrical and Electronics Engineering,111383.0,123304.0,124756.0,,136696.0,,,0,1,1,0,1,0,0,2021
2743,"Dhanalakshmi Srinivasan College of Engineering (CBE), NH47, Palakkad Main Road, Navakkarai Post, Near Nandhi Temple, Coimbatore District 641105",COIMBATORE,SELF FINANCING COLLEGES TIER 3,FD,FOOD TECHNOLOGY,106721.0,134789.0,120016.0,119593.0,124467.0,135764.0,,0,1,1,0,1,0,0,2021
2743,"Dhanalakshmi Srinivasan College of Engineering (CBE), NH47, Palakkad Main Road, Navakkarai Post, Near Nandhi Temple, Coimbatore District 641105",COIMBATORE,SELF FINANCING COLLEGES TIER 3,ME,Mechanical Engineering,136449.0,,,,,,,1,0,0,0,0,0,0,2021
2744,"Adithya Institute of Technology, Kurumbapalayam Village, Coimbatore District 641107",COIMBATORE,SELF FINANCING COLLEGES TIER 3,CE,CIVIL ENGINEERING,129460.0,,,,,,,1,0,0,0,0,0,0,2021
2744,"Adithya Institute of Technology, Kurumbapalayam Village, Coimbatore District 641107",COIMBATORE,SELF FINANCING COLLEGES TIER 3,CS,Computer Science and Engineering,63705.0,82717.0,87757.0,72661.0,117964.0,131826.0,,0,0,0,0,1,0,0,2021
2744,"Adithya Institute of Technology, Kurumbapalayam Village, Coimbatore District 641107",COIMBATORE,SELF FINANCING COLLEGES TIER 3,EC,ELECTRONICS AND COMMUNICATION ENGINEERING,90134.0,107252.0,99151.0,102781.0,,,,0,0,1,0,0,0,0,2021
2744,"Adithya Institute of Technology, Kurumbapalayam Village, Coimbatore District 641107",COIMBATORE,SELF FINANCING COLLEGES TIER 3,EE,Electrical and Electronics Engineering,128307.0,,,,,,,1,0,0,0,0,0,0,2021
2744,"Adithya Institute of Technology, Kurumbapalayam Village, Coimbatore District 641107",COIMBATORE,SELF FINANCING COLLEGES TIER 3,IT,INFORMATION TECHNOLOGY,64588.0,76829.0,101856.0,84321.0,93265.0,119996.0,123683.0,0,0,0,0,1,0,0,2021
2744,"Adithya Institute of Technology, Kurumbapalayam Village, Coimbatore District 641107",COIMBATORE,SELF FINANCING COLLEGES TIER 3,ME,Mechanical Engineering,129030.0,,,,,,,1,0,0,0,0,0,0,2021
2745,"Kathir College of Engineering, Neelambur, Avinashi Road, Coimbatore District 641062",COIMBATORE,SELF FINANCING COLLEGES TIER 3,AD,Artificial Intelligence and Data Science,60675.0,86724.0,95655.0,62225.0,113136.0,,113137.0,0,0,0,0,1,0,0,2021
2745,"Kathir College of Engineering, Neelambur, Avinashi Road, Coimbatore District 641062",COIMBATORE,SELF FINANCING COLLEGES TIER 3,CS,Computer Science and Engineering,48229.0,85337.0,96143.0,67084.0,132614.0,112737.0,,0,0,0,0,1,0,0,2021
2745,"Kathir College of Engineering, Neelambur, Avinashi Road, Coimbatore District 641062",COIMBATORE,SELF FINANCING COLLEGES TIER 3,EC,ELECTRONICS AND COMMUNICATION ENGINEERING,94713.0,127081.0,121188.0,114309.0,,,,0,0,1,0,0,0,0,2021
2745,"Kathir College of Engineering, Neelambur, Avinashi Road, Coimbatore District 641062",COIMBATORE,SELF FINANCING COLLEGES TIER 3,EE,Electrical and Electronics Engineering,135763.0,,,,,,,1,0,0,0,0,0,0,2021
2745,"Kathir College of Engineering, Neelambur, Avinashi Road, Coimbatore District 641062",COIMBATORE,SELF FINANCING COLLEGES TIER 3,ME,Mechanical Engineering,129899.0,,,,,,,1,0,0,0,0,0,0,2021
2747,"Shree Venkateshwara Hi-Tech Engineering College, Othakuthirai, K Mettupalayam Post, Gobichettipalayam, Erode District 638455",ERODE,SELF FINANCING COLLEGES TIER 3,CE,CIVIL ENGINEERING,136020.0,,,,,,,1,0,0,0,0,0,0,2021
2747,"Shree Venkateshwara Hi-Tech Engineering College, Othakuthirai, K Mettupalayam Post, Gobichettipalayam, Erode District 638455",ERODE,SELF FINANCING COLLEGES TIER 3,CS,Computer Science and Engineering,90545.0,131030.0,,95714.0,132900.0,96935.0,,0,1,0,0,0,0,0,2021
2747,"Shree Venkateshwara Hi-Tech Engineering College, Othakuthirai, K Mettupalayam Post, Gobichettipalayam, Erode District 638455",ERODE,SELF FINANCING COLLEGES TIER 3,EC,ELECTRONICS AND COMMUNICATION ENGINEERING,102104.0,135006.0,122435.0,113264.0,136904.0,109447.0,,0,1,1,0,1,0,0,2021
2747,"Shree Venkateshwara Hi-Tech Engineering College, Othakuthirai, K Mettupalayam Post, Gobichettipalayam, Erode District 638455",ERODE,SELF FINANCING COLLEGES TIER 3,EE,Electrical and Electronics Engineering,120551.0,,,,,124752.0,,0,0,0,0,0,0,0,2021
2747,"Shree Venkateshwara Hi-Tech Engineering College, Othakuthirai, K Mettupalayam Post, Gobichettipalayam, Erode District 638455",ERODE,SELF FINANCING COLLEGES TIER 3,ME,Mechanical Engineering,136620.0,,,,,,,1,0,0,0,0,0,0,2021
2748,"Surya Engineering College, Mettukadai, Kathirampatti Post, Erode District 638107",ERODE,SELF FINANCING COLLEGES TIER 3,CE,CIVIL ENGINEERING,134551.0,,,,,,,1,0,0,0,0,0,0,2021
2748,"Surya Engineering College, Mettukadai, Kathirampatti Post, Erode District 638107",ERODE,SELF FINANCING COLLEGES TIER 3,CS,Computer Science and Engineering,126473.0,136177.0,135588.0,,136153.0,136113.0,,0,1,1,0,1,0,0,2021
2748,"Surya Engineering College, Mettukadai, Kathirampatti Post, Erode District 638107",ERODE,SELF FINANCING COLLEGES TIER 3,EC,ELECTRONICS AND COMMUNICATION ENGINEERING,136093.0,,,,,,,1,0,0,0,0,0,0,2021
2748,"Surya Engineering College, Mettukadai, Kathirampatti Post, Erode District 638107",ERODE,SELF FINANCING COLLEGES TIER 3,EE,Electrical and Electronics Engineering,115976.0,,,,,,,1,0,0,0,0,0,0,2021
2748,"Surya Engineering College, Mettukadai, Kathirampatti Post, Erode District 638107",ERODE,SELF FINANCING COLLEGES TIER 3,ME,Mechanical Engineering,136156.0,,,,,,,1,0,0,0,0,0,0,2021
2749,"Easa College of Engineering and Technology, NH-47, Coimbatore-Palakkad Main Road, Navakarai Post, Coimbatore District 641105",COIMBATORE,SELF FINANCING COLLEGES TIER 3,AD,Artificial Intelligence and Data Science,93767.0,132561.0,,106546.0,124955.0,,,0,1,0,1,1,0,0,2021
2749,"Easa College of Engineering and Technology, NH-47, Coimbatore-Palakkad Main Road, Navakarai Post, Coimbatore District 641105",COIMBATORE,SELF FINANCING COLLEGES TIER 3,AG,Agricultural Engineering,107162.0,136830.0,,,120354.0,,,0,1,0,0,1,0,0,2021
2749,"Easa College of Engineering and Technology, NH-47, Coimbatore-Palakkad Main Road, Navakarai Post, Coimbatore District 641105",COIMBATORE,SELF FINANCING COLLEGES TIER 3,CS,Computer Science and Engineering,91588.0,113252.0,130116.0,,134747.0,,,0,0,0,0,1,0,0,2021
2749,"Easa College of Engineering and Technology, NH-47, Coimbatore-Palakkad Main Road, Navakarai Post, Coimbatore District 641105",COIMBATORE,SELF FINANCING COLLEGES TIER 3,EC,ELECTRONICS AND COMMUNICATION ENGINEERING,114878.0,134971.0,,130413.0,135249.0,,,0,1,0,0,1,0,0,2021
2749,"Easa College of Engineering and Technology, NH-47, Coimbatore-Palakkad Main Road, Navakarai Post, Coimbatore District 641105",COIMBATORE,SELF FINANCING COLLEGES TIER 3,IT,INFORMATION TECHNOLOGY,77408.0,97308.0,106250.0,,136811.0,121651.0,,0,0,0,0,1,0,0,2021
2749,"Easa College of Engineering and Technology, NH-47, Coimbatore-Palakkad Main Road, Navakarai Post, Coimbatore District 641105",COIMBATORE,SELF FINANCING COLLEGES TIER 3,ME,Mechanical Engineering,136396.0,,,,,,,1,0,0,0,0,0,0,2021
2749,"Easa College of Engineering and Technology, NH-47, Coimbatore-Palakkad Main Road, Navakarai Post, Coimbatore District 641105",COIMBATORE,SELF FINANCING COLLEGES TIER 3,PE,PETROLEUM ENGINEERING,136039.0,,,,,,,1,0,0,0,0,0,0,2021
2750,"KIT - Kalaignar Karunanidhi Institute of Technology (Autonomous), Kannampalayam, Coimbatore District 641402",COIMBATORE,SELF FINANCING COLLEGES TIER 1,AD,Artificial Intelligence and Data Science,35940.0,42405.0,51678.0,43451.0,106795.0,115835.0,,0,0,0,0,0,0,0,2021
2750,"KIT - Kalaignar Karunanidhi Institute of Technology (Autonomous), Kannampalayam, Coimbatore District 641402",COIMBATORE,SELF FINANCING COLLEGES TIER 1,AE,AERONAUTICAL ENGINEERING,66277.0,111263.0,99842.0,76213.0,117695.0,80384.0,,0,0,0,0,0,0,0,2021
2750,"KIT - Kalaignar Karunanidhi Institute of Technology (Autonomous), Kannampalayam, Coimbatore District 641402",COIMBATORE,SELF FINANCING COLLEGES TIER 1,AG,Agricultural Engineering,43040.0,60807.0,85113.0,46664.0,80015.0,53887.0,,0,0,0,0,0,0,0,2021
2750,"KIT - Kalaignar Karunanidhi Institute of Technology (Autonomous), Kannampalayam, Coimbatore District 641402",COIMBATORE,SELF FINANCING COLLEGES TIER 1,BM,BIO MEDICAL ENGINEERING,45976.0,76653.0,51983.0,63682.0,119983.0,89486.0,,0,0,0,0,0,0,0,2021
2750,"KIT - Kalaignar Karunanidhi Institute of Technology (Autonomous), Kannampalayam, Coimbatore District 641402",COIMBATORE,SELF FINANCING COLLEGES TIER 1,BT,BIO TECHNOLOGY,29110.0,55425.0,36758.0,34039.0,82416.0,75376.0,,0,0,0,0,0,0,0,2021
2750,"KIT - Kalaignar Karunanidhi Institute of Technology (Autonomous), Kannampalayam, Coimbatore District 641402",COIMBATORE,SELF FINANCING COLLEGES TIER 1,CB,COMPUTER SCIENCE AND BUSSINESS SYSTEM,41652.0,49067.0,77044.0,47815.0,123548.0,110386.0,,0,0,0,0,0,0,0,2021
2750,"KIT - Kalaignar Karunanidhi Institute of Technology (Autonomous), Kannampalayam, Coimbatore District 641402",COIMBATORE,SELF FINANCING COLLEGES TIER 1,CS,Computer Science and Engineering,30828.0,36884.0,62026.0,33850.0,109098.0,55786.0,,0,0,0,0,0,0,0,2021
2750,"KIT - Kalaignar Karunanidhi Institute of Technology (Autonomous), Kannampalayam, Coimbatore District 641402",COIMBATORE,SELF FINANCING COLLEGES TIER 1,EC,ELECTRONICS AND COMMUNICATION ENGINEERING,43384.0,52695.0,72774.0,59427.0,130819.0,97450.0,98932.0,0,0,0,0,0,0,0,2021
2750,"KIT - Kalaignar Karunanidhi Institute of Technology (Autonomous), Kannampalayam, Coimbatore District 641402",COIMBATORE,SELF FINANCING COLLEGES TIER 1,EE,Electrical and Electronics Engineering,66186.0,72867.0,82186.0,84643.0,110663.0,115704.0,105549.0,0,0,0,0,0,0,0,2021
2750,"KIT - Kalaignar Karunanidhi Institute of Technology (Autonomous), Kannampalayam, Coimbatore District 641402",COIMBATORE,SELF FINANCING COLLEGES TIER 1,ME,Mechanical Engineering,85492.0,97349.0,,,124661.0,124933.0,,0,0,0,0,0,0,0,2021
2751,"KGISL Institute of Technology, KGISL Campus, Thudiyalur Road, Saravanampatti, Coimbatore District 641035",COIMBATORE,SELF FINANCING COLLEGES TIER 3,AD,Artificial Intelligence and Data Science,44329.0,49770.0,81197.0,63301.0,119844.0,,,0,0,0,0,1,1,0,2021
2751,"KGISL Institute of Technology, KGISL Campus, Thudiyalur Road, Saravanampatti, Coimbatore District 641035",COIMBATORE,SELF FINANCING COLLEGES TIER 3,CB,COMPUTER SCIENCE AND BUSSINESS SYSTEM,45532.0,58295.0,,51149.0,,,,0,0,0,0,0,0,0,2021
2751,"KGISL Institute of Technology, KGISL Campus, Thudiyalur Road, Saravanampatti, Coimbatore District 641035",COIMBATORE,SELF FINANCING COLLEGES TIER 3,CS,Computer Science and Engineering,30292.0,44083.0,64319.0,33056.0,134319.0,81288.0,,0,0,0,0,1,0,0,2021
2751,"KGISL Institute of Technology, KGISL Campus, Thudiyalur Road, Saravanampatti, Coimbatore District 641035",COIMBATORE,SELF FINANCING COLLEGES TIER 3,EC,ELECTRONICS AND COMMUNICATION ENGINEERING,49904.0,59356.0,94311.0,64779.0,98179.0,,,0,0,0,0,1,0,0,2021
2751,"KGISL Institute of Technology, KGISL Campus, Thudiyalur Road, Saravanampatti, Coimbatore District 641035",COIMBATORE,SELF FINANCING COLLEGES TIER 3,IT,INFORMATION TECHNOLOGY,35052.0,43879.0,66699.0,,109937.0,,,0,0,0,0,1,0,0,2021
2751,"KGISL Institute of Technology, KGISL Campus, Thudiyalur Road, Saravanampatti, Coimbatore District 641035",COIMBATORE,SELF FINANCING COLLEGES TIER 3,ME,Mechanical Engineering,82475.0,128079.0,134300.0,95563.0,,,,0,0,1,0,0,0,0,2021
2752,"Nandha College of Technology, Pitchandampalayam Post, Erode District 638052",ERODE,SELF FINANCING COLLEGES TIER 3,CS,Computer Science and Engineering,61539.0,84089.0,129692.0,84930.0,124791.0,96798.0,,0,0,1,0,1,0,0,2021
2752,"Nandha College of Technology, Pitchandampalayam Post, Erode District 638052",ERODE,SELF FINANCING COLLEGES TIER 3,EC,ELECTRONICS AND COMMUNICATION ENGINEERING,74218.0,96959.0,120023.0,95084.0,135566.0,,,0,0,1,0,1,0,0,2021
2752,"Nandha College of Technology, Pitchandampalayam Post, Erode District 638052",ERODE,SELF FINANCING COLLEGES TIER 3,EE,Electrical and Electronics Engineering,112349.0,136311.0,,115953.0,,,,0,1,0,0,0,0,0,2021
2752,"Nandha College of Technology, Pitchandampalayam Post, Erode District 638052",ERODE,SELF FINANCING COLLEGES TIER 3,IT,INFORMATION TECHNOLOGY,68382.0,93276.0,125664.0,92003.0,,92308.0,,0,0,0,0,0,0,0,2021
2752,"Nandha College of Technology, Pitchandampalayam Post, Erode District 638052",ERODE,SELF FINANCING COLLEGES TIER 3,ME,Mechanical Engineering,123047.0,,,,,,,1,0,0,0,0,0,0,2021
2753,"PPG Institute of Technology, Vilankurichi Village, Coimbatore District 641035",COIMBATORE,SELF FINANCING COLLEGES TIER 3,AG,Agricultural Engineering,114490.0,133123.0,,,121991.0,136478.0,,0,1,0,0,1,0,0,2021
2753,"PPG Institute of Technology, Vilankurichi Village, Coimbatore District 641035",COIMBATORE,SELF FINANCING COLLEGES TIER 3,BM,BIO MEDICAL ENGINEERING,110306.0,117115.0,,,136028.0,,,0,1,0,0,1,0,0,2021
2753,"PPG Institute of Technology, Vilankurichi Village, Coimbatore District 641035",COIMBATORE,SELF FINANCING COLLEGES TIER 3,CS,Computer Science and Engineering,75398.0,97550.0,,89097.0,114038.0,89662.0,,0,0,0,0,1,0,0,2021
2753,"PPG Institute of Technology, Vilankurichi Village, Coimbatore District 641035",COIMBATORE,SELF FINANCING COLLEGES TIER 3,EC,ELECTRONICS AND COMMUNICATION ENGINEERING,133495.0,135968.0,,,,,,0,1,0,0,0,0,0,2021
2753,"PPG Institute of Technology, Vilankurichi Village, Coimbatore District 641035",COIMBATORE,SELF FINANCING COLLEGES TIER 3,ME,Mechanical Engineering,136549.0,,,,,,,1,0,0,0,0,0,0,2021
2755,"Nehru Institute of Technology, Thirumalayampalayam Post, Coimbatore District 641105",COIMBATORE,SELF FINANCING COLLEGES TIER 3,AE,AERONAUTICAL ENGINEERING,85818.0,110776.0,106143.0,90872.0,122178.0,,,0,0,0,0,0,0,0,2021
2755,"Nehru Institute of Technology, Thirumalayampalayam Post, Coimbatore District 641105",COIMBATORE,SELF FINANCING COLLEGES TIER 3,AG,Agricultural Engineering,72310.0,121735.0,,82966.0,133576.0,114247.0,,0,0,0,0,1,0,0,2021
2755,"Nehru Institute of Technology, Thirumalayampalayam Post, Coimbatore District 641105",COIMBATORE,SELF FINANCING COLLEGES TIER 3,CE,CIVIL ENGINEERING,124275.0,,,,,,,1,0,0,0,0,0,0,2021
2755,"Nehru Institute of Technology, Thirumalayampalayam Post, Coimbatore District 641105",COIMBATORE,SELF FINANCING COLLEGES TIER 3,CS,Computer Science and Engineering,56903.0,64156.0,,75838.0,128563.0,117699.0,,0,0,0,0,0,0,0,2021
2755,"Nehru Institute of Technology, Thirumalayampalayam Post, Coimbatore District 641105",COIMBATORE,SELF FINANCING COLLEGES TIER 3,FD,FOOD TECHNOLOGY,86523.0,123779.0,,95200.0,127440.0,93425.0,89387.0,0,1,1,0,0,0,0,2021
2758,"J K K Munirajah College of Technology, T N Palayam, Gobi Taluk, Erode District 638506",ERODE,SELF FINANCING COLLEGES TIER 3,AU,AUTOMOBILE ENGINEERING,123430.0,,,,,,,1,0,0,0,0,0,0,2021
2758,"J K K Munirajah College of Technology, T N Palayam, Gobi Taluk, Erode District 638506",ERODE,SELF FINANCING COLLEGES TIER 3,CE,CIVIL ENGINEERING,,,,,,,,0,0,0,0,0,0,0,2021
2758,"J K K Munirajah College of Technology, T N Palayam, Gobi Taluk, Erode District 638506",ERODE,SELF FINANCING COLLEGES TIER 3,CS,Computer Science and Engineering,82716.0,112317.0,98965.0,134018.0,108500.0,96614.0,,0,1,0,0,0,0,0,2021
2758,"J K K Munirajah College of Technology, T N Palayam, Gobi Taluk, Erode District 638506",ERODE,SELF FINANCING COLLEGES TIER 3,EC,ELECTRONICS AND COMMUNICATION ENGINEERING,136899.0,,,,,,,1,0,0,0,0,0,0,2021
2758,"J K K Munirajah College of Technology, T N Palayam, Gobi Taluk, Erode District 638506",ERODE,SELF FINANCING COLLEGES TIER 3,EE,Electrical and Electronics Engineering,136275.0,,,,,,,0,0,0,0,0,0,0,2021
2758,"J K K Munirajah College of Technology, T N Palayam, Gobi Taluk, Erode District 638506",ERODE,SELF FINANCING COLLEGES TIER 3,IT,INFORMATION TECHNOLOGY,96477.0,133889.0,,,110277.0,106621.0,133052.0,0,1,0,0,0,0,0,2021
2758,"J K K Munirajah College of Technology, T N Palayam, Gobi Taluk, Erode District 638506",ERODE,SELF FINANCING COLLEGES TIER 3,ME,Mechanical Engineering,127439.0,,,,,,,1,0,0,0,0,0,0,2021
2761,"United Institute of Technology, Gadalore Village, Perianaickenpalayam, Coimbatore District 641020",COIMBATORE,SELF FINANCING COLLEGES TIER 3,AD,Artificial Intelligence and Data Science,63960.0,88088.0,78322.0,67834.0,,,,0,0,0,0,0,0,0,2021
2761,"United Institute of Technology, Gadalore Village, Perianaickenpalayam, Coimbatore District 641020",COIMBATORE,SELF FINANCING COLLEGES TIER 3,CS,Computer Science and Engineering,68398.0,95648.0,89994.0,75108.0,,,,0,0,0,0,0,0,0,2021
2761,"United Institute of Technology, Gadalore Village, Perianaickenpalayam, Coimbatore District 641020",COIMBATORE,SELF FINANCING COLLEGES TIER 3,EC,ELECTRONICS AND COMMUNICATION ENGINEERING,135386.0,,,,,,,1,0,0,0,0,0,0,2021
2761,"United Institute of Technology, Gadalore Village, Perianaickenpalayam, Coimbatore District 641020",COIMBATORE,SELF FINANCING COLLEGES TIER 3,RM,ROBOTICS AND AUTOMATION,102132.0,,,,,,,1,0,0,0,0,0,0,2021
2762,"Jansons Institute of Technology, Karumathampatty, Somaur, Coimbatore District 641659",COIMBATORE,SELF FINANCING COLLEGES TIER 3,AD,Artificial Intelligence and Data Science,56155.0,78884.0,114814.0,78931.0,,,,0,0,1,0,0,0,0,2021
2762,"Jansons Institute of Technology, Karumathampatty, Somaur, Coimbatore District 641659",COIMBATORE,SELF FINANCING COLLEGES TIER 3,CE,CIVIL ENGINEERING,131812.0,,,,,,,0,0,0,0,0,0,0,2021
2762,"Jansons Institute of Technology, Karumathampatty, Somaur, Coimbatore District 641659",COIMBATORE,SELF FINANCING COLLEGES TIER 3,CS,Computer Science and Engineering,64427.0,84543.0,128536.0,79056.0,99628.0,,,0,0,0,0,1,0,0,2021
2762,"Jansons Institute of Technology, Karumathampatty, Somaur, Coimbatore District 641659",COIMBATORE,SELF FINANCING COLLEGES TIER 3,EC,ELECTRONICS AND COMMUNICATION ENGINEERING,71084.0,96832.0,71551.0,72323.0,,80901.0,,0,0,1,0,0,0,0,2021
2762,"Jansons Institute of Technology, Karumathampatty, Somaur, Coimbatore District 641659",COIMBATORE,SELF FINANCING COLLEGES TIER 3,ME,Mechanical Engineering,132326.0,,,,,,,1,0,0,0,0,0,0,2021
2763,"Akshaya College of Engineering and Technology, Kinathukadavu, Coimbatore District 642109",COIMBATORE,SELF FINANCING COLLEGES TIER 3,CE,CIVIL ENGINEERING,133891.0,,,,,,,1,0,0,0,0,0,0,2021
2763,"Akshaya College of Engineering and Technology, Kinathukadavu, Coimbatore District 642109",COIMBATORE,SELF FINANCING COLLEGES TIER 3,CS,Computer Science and Engineering,77035.0,85307.0,83724.0,95919.0,136932.0,111261.0,,0,0,0,0,1,0,0,2021
2763,"Akshaya College of Engineering and Technology, Kinathukadavu, Coimbatore District 642109",COIMBATORE,SELF FINANCING COLLEGES TIER 3,EC,ELECTRONICS AND COMMUNICATION ENGINEERING,101065.0,125636.0,,116302.0,,,,0,1,0,0,0,0,0,2021
2763,"Akshaya College of Engineering and Technology, Kinathukadavu, Coimbatore District 642109",COIMBATORE,SELF FINANCING COLLEGES TIER 3,ME,Mechanical Engineering,114007.0,,,,,,,1,0,0,0,0,0,0,2021
2763,"Akshaya College of Engineering and Technology, Kinathukadavu, Coimbatore District 642109",COIMBATORE,SELF FINANCING COLLEGES TIER 3,MZ,Mechatronics Engineering,136813.0,,,,,,,1,0,0,0,0,0,0,2021
2764,"K P R Institute of Engineering and Technology (Autonomous), Kollupalayam Village, Arasur Panchayat, Coimbatore District 641407",COIMBATORE,SELF FINANCING COLLEGES TIER 3,AD,Artificial Intelligence and Data Science,21702.0,23422.0,52521.0,29153.0,130011.0,,,0,0,0,0,0,0,0,2021
2764,"K P R Institute of Engineering and Technology (Autonomous), Kollupalayam Village, Arasur Panchayat, Coimbatore District 641407",COIMBATORE,SELF FINANCING COLLEGES TIER 3,BM,BIO MEDICAL ENGINEERING,22197.0,37820.0,,38195.0,135448.0,,,0,0,0,0,1,0,0,2021
2764,"K P R Institute of Engineering and Technology (Autonomous), Kollupalayam Village, Arasur Panchayat, Coimbatore District 641407",COIMBATORE,SELF FINANCING COLLEGES TIER 3,CE,CIVIL ENGINEERING,57236.0,83733.0,114849.0,104754.0,130961.0,73414.0,,0,0,0,0,1,1,0,2021
2764,"K P R Institute of Engineering and Technology (Autonomous), Kollupalayam Village, Arasur Panchayat, Coimbatore District 641407",COIMBATORE,SELF FINANCING COLLEGES TIER 3,CH,CHEMICAL ENGINEERING,42605.0,54767.0,77813.0,51993.0,133721.0,,,0,0,0,0,0,0,0,2021
2764,"K P R Institute of Engineering and Technology (Autonomous), Kollupalayam Village, Arasur Panchayat, Coimbatore District 641407",COIMBATORE,SELF FINANCING COLLEGES TIER 3,CS,Computer Science and Engineering,15993.0,21611.0,48521.0,26611.0,129126.0,120392.0,,0,0,0,0,0,1,0,2021
2764,"K P R Institute of Engineering and Technology (Autonomous), Kollupalayam Village, Arasur Panchayat, Coimbatore District 641407",COIMBATORE,SELF FINANCING COLLEGES TIER 3,EC,ELECTRONICS AND COMMUNICATION ENGINEERING,25538.0,29575.0,61425.0,37928.0,108619.0,,,0,0,0,0,1,0,0,2021
2764,"K P R Institute of Engineering and Technology (Autonomous), Kollupalayam Village, Arasur Panchayat, Coimbatore District 641407",COIMBATORE,SELF FINANCING COLLEGES TIER 3,EE,Electrical and Electronics Engineering,37074.0,44958.0,69960.0,49144.0,128328.0,,134395.0,0,0,0,0,1,0,0,2021
2764,"K P R Institute of Engineering and Technology (Autonomous), Kollupalayam Village, Arasur Panchayat, Coimbatore District 641407",COIMBATORE,SELF FINANCING COLLEGES TIER 3,ME,Mechanical Engineering,50440.0,68997.0,90215.0,73101.0,81087.0,96068.0,,0,0,0,0,1,1,0,2021
2767,"SRG Engineering College, Aniyapuram Post, Namakkal District 637017",NAMAKKAL,SELF FINANCING COLLEGES TIER 3,BM,BIO MEDICAL ENGINEERING,122633.0,136630.0,,,,,,0,1,0,0,0,0,0,2021
2767,"SRG Engineering College, Aniyapuram Post, Namakkal District 637017",NAMAKKAL,SELF FINANCING COLLEGES TIER 3,CE,CIVIL ENGINEERING,,,,,,,,0,0,0,0,0,0,0,2021
2767,"SRG Engineering College, Aniyapuram Post, Namakkal District 637017",NAMAKKAL,SELF FINANCING COLLEGES TIER 3,CS,Computer Science and Engineering,114446.0,133893.0,136304.0,136882.0,136055.0,,115134.0,0,1,0,0,1,0,0,2021
2767,"SRG Engineering College, Aniyapuram Post, Namakkal District 637017",NAMAKKAL,SELF FINANCING COLLEGES TIER 3,EE,Electrical and Electronics Engineering,136615.0,,,,,,,1,0,0,0,0,0,0,2021
2767,"SRG Engineering College, Aniyapuram Post, Namakkal District 637017",NAMAKKAL,SELF FINANCING COLLEGES TIER 3,ME,Mechanical Engineering,134890.0,,,,,,,1,0,0,0,0,0,0,2021
2768,"Park College of Technology, Prema Ravi Nagar, Karumathampatti, Coimbatore - 641 659",COIMBATORE,SELF FINANCING COLLEGES TIER 3,AO,AEROSPACE ENGINEERING,131769.0,,,,,,,1,0,0,0,0,0,0,2021
2768,"Park College of Technology, Prema Ravi Nagar, Karumathampatti, Coimbatore - 641 659",COIMBATORE,SELF FINANCING COLLEGES TIER 3,CE,CIVIL ENGINEERING,,,,,,,,0,0,0,0,0,0,0,2021
2768,"Park College of Technology, Prema Ravi Nagar, Karumathampatti, Coimbatore - 641 659",COIMBATORE,SELF FINANCING COLLEGES TIER 3,CS,Computer Science and Engineering,96782.0,109884.0,133004.0,107571.0,,,,0,0,0,0,0,0,0,2021
2768,"Park College of Technology, Prema Ravi Nagar, Karumathampatti, Coimbatore - 641 659",COIMBATORE,SELF FINANCING COLLEGES TIER 3,EC,ELECTRONICS AND COMMUNICATION ENGINEERING,135466.0,,,,,,,1,0,0,0,0,0,0,2021
2768,"Park College of Technology, Prema Ravi Nagar, Karumathampatti, Coimbatore - 641 659",COIMBATORE,SELF FINANCING COLLEGES TIER 3,EN,ENVIRONMENTAL ENGINEERING,124737.0,,,,,,,1,0,0,0,0,0,0,2021
2768,"Park College of Technology, Prema Ravi Nagar, Karumathampatti, Coimbatore - 641 659",COIMBATORE,SELF FINANCING COLLEGES TIER 3,ME,Mechanical Engineering,132879.0,,,,,,,1,0,0,0,0,0,0,2021
2769,"J C T College of Engineering and Technology, Pichanur, Coimbatore District 641105",COIMBATORE,SELF FINANCING COLLEGES TIER 3,AD,Artificial Intelligence and Data Science,88187.0,119123.0,116965.0,108786.0,116880.0,,,0,0,0,0,1,0,0,2021
2769,"J C T College of Engineering and Technology, Pichanur, Coimbatore District 641105",COIMBATORE,SELF FINANCING COLLEGES TIER 3,BC,Bio Technology and Bio Chemical Engineering,120635.0,135390.0,,,124891.0,,,0,1,0,0,1,0,0,2021
2769,"J C T College of Engineering and Technology, Pichanur, Coimbatore District 641105",COIMBATORE,SELF FINANCING COLLEGES TIER 3,CB,COMPUTER SCIENCE AND BUSSINESS SYSTEM,133297.0,,,,,,,1,0,0,0,0,0,0,2021
2769,"J C T College of Engineering and Technology, Pichanur, Coimbatore District 641105",COIMBATORE,SELF FINANCING COLLEGES TIER 3,CE,CIVIL ENGINEERING,,,,,,,,0,0,0,0,0,0,0,2021
2769,"J C T College of Engineering and Technology, Pichanur, Coimbatore District 641105",COIMBATORE,SELF FINANCING COLLEGES TIER 3,CS,Computer Science and Engineering,84509.0,136465.0,115332.0,97723.0,136646.0,90231.0,,0,1,1,0,1,1,0,2021
2769,"J C T College of Engineering and Technology, Pichanur, Coimbatore District 641105",COIMBATORE,SELF FINANCING COLLEGES TIER 3,EC,ELECTRONICS AND COMMUNICATION ENGINEERING,104737.0,127138.0,,,,122150.0,,0,0,0,0,0,0,0,2021
2769,"J C T College of Engineering and Technology, Pichanur, Coimbatore District 641105",COIMBATORE,SELF FINANCING COLLEGES TIER 3,EE,Electrical and Electronics Engineering,126363.0,,,,,,,1,0,0,0,0,0,0,2021
2769,"J C T College of Engineering and Technology, Pichanur, Coimbatore District 641105",COIMBATORE,SELF FINANCING COLLEGES TIER 3,FD,FOOD TECHNOLOGY,90954.0,135409.0,135603.0,117286.0,133880.0,,,0,1,0,0,1,0,0,2021
2769,"J C T College of Engineering and Technology, Pichanur, Coimbatore District 641105",COIMBATORE,SELF FINANCING COLLEGES TIER 3,ME,Mechanical Engineering,103661.0,,,,,,,1,0,0,0,0,0,0,2021
2769,"J C T College of Engineering and Technology, Pichanur, Coimbatore District 641105",COIMBATORE,SELF FINANCING COLLEGES TIER 3,PD,PETRO CHEMICAL ENGINEERING,99020.0,133412.0,,,,,,0,1,0,0,0,0,0,2021
2769,"J C T College of Engineering and Technology, Pichanur, Coimbatore District 641105",COIMBATORE,SELF FINANCING COLLEGES TIER 3,PE,PETROLEUM ENGINEERING,129677.0,,,,,,,1,0,0,0,0,0,0,2021
2770,"Studyworld College of Engineering, Madukarai Post, Coimbatore - 641 105.",COIMBATORE,SELF FINANCING COLLEGES TIER 3,CS,Computer Science and Engineering,135658.0,136749.0,,,,,,0,1,0,0,0,0,0,2021
2770,"Studyworld College of Engineering, Madukarai Post, Coimbatore - 641 105.",COIMBATORE,SELF FINANCING COLLEGES TIER 3,EC,ELECTRONICS AND COMMUNICATION ENGINEERING,118240.0,,,,,,,1,0,0,0,0,0,0,2021
2770,"Studyworld College of Engineering, Madukarai Post, Coimbatore - 641 105.",COIMBATORE,SELF FINANCING COLLEGES TIER 3,EE,Electrical and Electronics Engineering,,,,,,,,0,0,0,0,0,0,0,2021
2770,"Studyworld College of Engineering, Madukarai Post, Coimbatore - 641 105.",COIMBATORE,SELF FINANCING COLLEGES TIER 3,ME,Mechanical Engineering,136834.0,,,,,,,1,0,0,0,0,0,0,2021
2772,"C M S College of Engineering and Technology, Appachigoundenpathy, Kumittipathi Post, Coimbatore District 641032",COIMBATORE,SELF FINANCING COLLEGES TIER 3,CE,CIVIL ENGINEERING,115893.0,,,,,,,1,0,0,0,0,0,0,2021
2772,"C M S College of Engineering and Technology, Appachigoundenpathy, Kumittipathi Post, Coimbatore District 641032",COIMBATORE,SELF FINANCING COLLEGES TIER 3,CS,Computer Science and Engineering,101894.0,131929.0,108514.0,,,,,0,1,0,0,0,0,0,2021
2772,"C M S College of Engineering and Technology, Appachigoundenpathy, Kumittipathi Post, Coimbatore District 641032",COIMBATORE,SELF FINANCING COLLEGES TIER 3,EC,ELECTRONICS AND COMMUNICATION ENGINEERING,134036.0,,,,,,,1,0,0,0,0,0,0,2021
2772,"C M S College of Engineering and Technology, Appachigoundenpathy, Kumittipathi Post, Coimbatore District 641032",COIMBATORE,SELF FINANCING COLLEGES TIER 3,EE,Electrical and Electronics Engineering,,,,,,,,0,0,0,0,0,0,0,2021
2772,"C M S College of Engineering and Technology, Appachigoundenpathy, Kumittipathi Post, Coimbatore District 641032",COIMBATORE,SELF FINANCING COLLEGES TIER 3,ME,Mechanical Engineering,124512.0,,,,,,,1,0,0,0,0,0,0,2021
2776,"R V S Technical Campus-Coimbatore, Kumaran Kottam Campus, Kannampalayam, Sulur, Coimbatore District 641 402",COIMBATORE,SELF FINANCING COLLEGES TIER 3,AG,Agricultural Engineering,72188.0,133420.0,,98048.0,87978.0,83095.0,129593.0,0,1,0,1,0,1,0,2021
2776,"R V S Technical Campus-Coimbatore, Kumaran Kottam Campus, Kannampalayam, Sulur, Coimbatore District 641 402",COIMBATORE,SELF FINANCING COLLEGES TIER 3,AU,AUTOMOBILE ENGINEERING,132597.0,,,,,,,1,0,0,0,0,0,0,2021
2776,"R V S Technical Campus-Coimbatore, Kumaran Kottam Campus, Kannampalayam, Sulur, Coimbatore District 641 402",COIMBATORE,SELF FINANCING COLLEGES TIER 3,CE,CIVIL ENGINEERING,130257.0,,,,,,,0,0,0,0,0,0,0,2021
2776,"R V S Technical Campus-Coimbatore, Kumaran Kottam Campus, Kannampalayam, Sulur, Coimbatore District 641 402",COIMBATORE,SELF FINANCING COLLEGES TIER 3,CS,Computer Science and Engineering,75447.0,94318.0,95259.0,82322.0,96932.0,91584.0,105543.0,0,0,0,0,0,0,0,2021
2776,"R V S Technical Campus-Coimbatore, Kumaran Kottam Campus, Kannampalayam, Sulur, Coimbatore District 641 402",COIMBATORE,SELF FINANCING COLLEGES TIER 3,ME,Mechanical Engineering,129837.0,,,,,,,0,0,0,0,0,0,0,2021
2776,"R V S Technical Campus-Coimbatore, Kumaran Kottam Campus, Kannampalayam, Sulur, Coimbatore District 641 402",COIMBATORE,SELF FINANCING COLLEGES TIER 3,MZ,Mechatronics Engineering,116491.0,134244.0,133358.0,,129942.0,,,0,1,0,0,1,0,0,2021
3410,"Krishnasamy College of Engineering and Technology, S Kumarapuram, Cuddalore District 607109",CUDDALORE,SELF FINANCING COLLEGES TIER 3,CE,CIVIL ENGINEERING,136911.0,,,,,,,1,0,0,0,0,0,0,2021
3410,"Krishnasamy College of Engineering and Technology, S Kumarapuram, Cuddalore District 607109",CUDDALORE,SELF FINANCING COLLEGES TIER 3,CS,Computer Science and Engineering,63175.0,135151.0,78267.0,71717.0,105936.0,,,0,0,0,1,0,0,0,2021
3410,"Krishnasamy College of Engineering and Technology, S Kumarapuram, Cuddalore District 607109",CUDDALORE,SELF FINANCING COLLEGES TIER 3,EC,ELECTRONICS AND COMMUNICATION ENGINEERING,83879.0,135856.0,120245.0,,132616.0,,,0,1,0,0,0,0,0,2021
3410,"Krishnasamy College of Engineering and Technology, S Kumarapuram, Cuddalore District 607109",CUDDALORE,SELF FINANCING COLLEGES TIER 3,EE,Electrical and Electronics Engineering,113666.0,133516.0,114553.0,133790.0,131470.0,,,0,1,1,0,1,0,0,2021
3410,"Krishnasamy College of Engineering and Technology, S Kumarapuram, Cuddalore District 607109",CUDDALORE,SELF FINANCING COLLEGES TIER 3,ME,Mechanical Engineering,127089.0,,134341.0,,135024.0,,129496.0,0,0,0,0,1,0,0,2021
3425,"C K College of Engineering and Technology, Chellangkuppam, Cuddalore District 607003",CUDDALORE,SELF FINANCING COLLEGES TIER 3,CE,CIVIL ENGINEERING,129752.0,,134578.0,,135165.0,,,0,0,1,0,1,0,0,2021
3425,"C K College of Engineering and Technology, Chellangkuppam, Cuddalore District 607003",CUDDALORE,SELF FINANCING COLLEGES TIER 3,CS,Computer Science and Engineering,50256.0,100979.0,,,117576.0,108510.0,,0,0,0,0,0,0,0,2021
3425,"C K College of Engineering and Technology, Chellangkuppam, Cuddalore District 607003",CUDDALORE,SELF FINANCING COLLEGES TIER 3,EC,ELECTRONICS AND COMMUNICATION ENGINEERING,57036.0,129582.0,133506.0,102227.0,122394.0,,,0,0,0,0,0,0,0,2021
3425,"C K College of Engineering and Technology, Chellangkuppam, Cuddalore District 607003",CUDDALORE,SELF FINANCING COLLEGES TIER 3,EE,Electrical and Electronics Engineering,87931.0,118495.0,,,132390.0,,,0,1,0,0,0,0,0,2021
3425,"C K College of Engineering and Technology, Chellangkuppam, Cuddalore District 607003",CUDDALORE,SELF FINANCING COLLEGES TIER 3,ME,Mechanical Engineering,119532.0,128634.0,129574.0,,130250.0,134268.0,,0,1,1,0,0,0,0,2021
3451,"SMR East Coast College of Engineering and Technology, East Coast Road, Somanathapattinam, Thanjavur District 614612",THANJAVUR,SELF FINANCING COLLEGES TIER 3,CE,CIVIL ENGINEERING,,,,,,,,0,0,0,0,0,0,0,2021
3451,"SMR East Coast College of Engineering and Technology, East Coast Road, Somanathapattinam, Thanjavur District 614612",THANJAVUR,SELF FINANCING COLLEGES TIER 3,CS,Computer Science and Engineering,,,,,,,,0,0,0,0,0,0,0,2021
3451,"SMR East Coast College of Engineering and Technology, East Coast Road, Somanathapattinam, Thanjavur District 614612",THANJAVUR,SELF FINANCING COLLEGES TIER 3,ME,Mechanical Engineering,,,,,,,,0,0,0,0,0,0,0,2021
3454,"Sri Ramakrishna College of Engineering, Sri Saradha Nagar, NH-45, Perambalur District 621113",PERAMBALUR,SELF FINANCING COLLEGES TIER 3,AG,Agricultural Engineering,103610.0,110169.0,,105385.0,135976.0,,,0,1,0,0,1,0,0,2021
3454,"Sri Ramakrishna College of Engineering, Sri Saradha Nagar, NH-45, Perambalur District 621113",PERAMBALUR,SELF FINANCING COLLEGES TIER 3,BM,BIO MEDICAL ENGINEERING,68260.0,124644.0,114862.0,69474.0,96052.0,127442.0,,0,1,0,0,0,0,0,2021
3454,"Sri Ramakrishna College of Engineering, Sri Saradha Nagar, NH-45, Perambalur District 621113",PERAMBALUR,SELF FINANCING COLLEGES TIER 3,CE,CIVIL ENGINEERING,,,,,,,,0,0,0,0,0,0,0,2021
3454,"Sri Ramakrishna College of Engineering, Sri Saradha Nagar, NH-45, Perambalur District 621113",PERAMBALUR,SELF FINANCING COLLEGES TIER 3,CS,Computer Science and Engineering,66907.0,124689.0,111980.0,86209.0,96680.0,,,0,0,1,0,0,0,0,2021
3454,"Sri Ramakrishna College of Engineering, Sri Saradha Nagar, NH-45, Perambalur District 621113",PERAMBALUR,SELF FINANCING COLLEGES TIER 3,ME,Mechanical Engineering,132729.0,,,,,,,1,0,0,0,0,0,0,2021
3456,"K S K College of Engineering and Technology, Thanjavur Main Road, Darasuram, Kumbakonam, Thanjavur District 612702",THANJAVUR,SELF FINANCING COLLEGES TIER 3,BM,BIO MEDICAL ENGINEERING,124517.0,,,,136772.0,,,0,0,0,0,1,0,0,2021
3456,"K S K College of Engineering and Technology, Thanjavur Main Road, Darasuram, Kumbakonam, Thanjavur District 612702",THANJAVUR,SELF FINANCING COLLEGES TIER 3,CS,Computer Science and Engineering,78011.0,123466.0,112782.0,94859.0,130536.0,,,0,1,0,0,0,0,0,2021
3456,"K S K College of Engineering and Technology, Thanjavur Main Road, Darasuram, Kumbakonam, Thanjavur District 612702",THANJAVUR,SELF FINANCING COLLEGES TIER 3,EC,ELECTRONICS AND COMMUNICATION ENGINEERING,,,,,,,,0,0,0,0,0,0,0,2021
3456,"K S K College of Engineering and Technology, Thanjavur Main Road, Darasuram, Kumbakonam, Thanjavur District 612702",THANJAVUR,SELF FINANCING COLLEGES TIER 3,EE,Electrical and Electronics Engineering,127153.0,,,,,,,1,0,0,0,0,0,0,2021
3456,"K S K College of Engineering and Technology, Thanjavur Main Road, Darasuram, Kumbakonam, Thanjavur District 612702",THANJAVUR,SELF FINANCING COLLEGES TIER 3,ME,Mechanical Engineering,134882.0,,,,,,,1,0,0,0,0,0,0,2021
3460,"Surya College of Engineering, Konalai, Tiruchirappalli District 621132",TIRUCHIRAPALLI,SELF FINANCING COLLEGES TIER 3,CE,CIVIL ENGINEERING,,,,,,,,0,0,0,0,0,0,0,2021
3460,"Surya College of Engineering, Konalai, Tiruchirappalli District 621132",TIRUCHIRAPALLI,SELF FINANCING COLLEGES TIER 3,CS,Computer Science and Engineering,136666.0,,,,,,,1,0,0,0,0,0,0,2021
3460,"Surya College of Engineering, Konalai, Tiruchirappalli District 621132",TIRUCHIRAPALLI,SELF FINANCING COLLEGES TIER 3,EE,Electrical and Electronics Engineering,136416.0,,,,,,,1,0,0,0,0,0,0,2021
3460,"Surya College of Engineering, Konalai, Tiruchirappalli District 621132",TIRUCHIRAPALLI,SELF FINANCING COLLEGES TIER 3,ME,Mechanical Engineering,136032.0,,,,,,,1,0,0,0,0,0,0,2021
3461,"Arifa Institute of Technology(Formly Haji sheik Ismail Engineering College), Esanoor, Keelaiyur Post, Thirukkuvalai Taluk, Nagapattinam District 611103",NAGAPATTINAM,SELF FINANCING COLLEGES TIER 3,CS,Computer Science and Engineering,114534.0,133109.0,131161.0,,134182.0,,,0,1,0,0,1,0,0,2021
3461,"Arifa Institute of Technology(Formly Haji sheik Ismail Engineering College), Esanoor, Keelaiyur Post, Thirukkuvalai Taluk, Nagapattinam District 611103",NAGAPATTINAM,SELF FINANCING COLLEGES TIER 3,EC,ELECTRONICS AND COMMUNICATION ENGINEERING,99082.0,,129520.0,,117402.0,,,0,0,0,0,1,0,0,2021
3461,"Arifa Institute of Technology(Formly Haji sheik Ismail Engineering College), Esanoor, Keelaiyur Post, Thirukkuvalai Taluk, Nagapattinam District 611103",NAGAPATTINAM,SELF FINANCING COLLEGES TIER 3,EE,Electrical and Electronics Engineering,127574.0,,,,,,,1,0,0,0,0,0,0,2021
3461,"Arifa Institute of Technology(Formly Haji sheik Ismail Engineering College), Esanoor, Keelaiyur Post, Thirukkuvalai Taluk, Nagapattinam District 611103",NAGAPATTINAM,SELF FINANCING COLLEGES TIER 3,ME,Mechanical Engineering,136791.0,,,,,,,1,0,0,0,0,0,0,2021
3462,"Ariyalur Engineering College, NH-227, Trichy-Chithambaram NH, Karuppur-Senapathy Post, Ariyalur District 621707",ARIYALUR,SELF FINANCING COLLEGES TIER 3,CE,CIVIL ENGINEERING,,,,,,,,0,0,0,0,0,0,0,2021
3462,"Ariyalur Engineering College, NH-227, Trichy-Chithambaram NH, Karuppur-Senapathy Post, Ariyalur District 621707",ARIYALUR,SELF FINANCING COLLEGES TIER 3,CS,Computer Science and Engineering,102496.0,136668.0,,,136440.0,,,0,1,0,0,1,0,0,2021
3462,"Ariyalur Engineering College, NH-227, Trichy-Chithambaram NH, Karuppur-Senapathy Post, Ariyalur District 621707",ARIYALUR,SELF FINANCING COLLEGES TIER 3,EC,ELECTRONICS AND COMMUNICATION ENGINEERING,135838.0,,,,,,,1,0,0,0,0,0,0,2021
3462,"Ariyalur Engineering College, NH-227, Trichy-Chithambaram NH, Karuppur-Senapathy Post, Ariyalur District 621707",ARIYALUR,SELF FINANCING COLLEGES TIER 3,EE,Electrical and Electronics Engineering,136021.0,,,,,,,1,0,0,0,0,0,0,2021
3462,"Ariyalur Engineering College, NH-227, Trichy-Chithambaram NH, Karuppur-Senapathy Post, Ariyalur District 621707",ARIYALUR,SELF FINANCING COLLEGES TIER 3,ME,Mechanical Engineering,134149.0,,,,136195.0,,,0,0,0,0,1,0,0,2021
3466,"Nelliandavar Institute of Technology, Nerunjikorai Village, Pudhupalayam, Ariyalur Taluk, Ariyalur District 621704",ARIYALUR,SELF FINANCING COLLEGES TIER 3,CE,CIVIL ENGINEERING,135425.0,,,,,,,1,0,0,0,0,0,0,2021
3466,"Nelliandavar Institute of Technology, Nerunjikorai Village, Pudhupalayam, Ariyalur Taluk, Ariyalur District 621704",ARIYALUR,SELF FINANCING COLLEGES TIER 3,CS,Computer Science and Engineering,136004.0,,,,,,,1,0,0,0,0,0,0,2021
3466,"Nelliandavar Institute of Technology, Nerunjikorai Village, Pudhupalayam, Ariyalur Taluk, Ariyalur District 621704",ARIYALUR,SELF FINANCING COLLEGES TIER 3,EC,ELECTRONICS AND COMMUNICATION ENGINEERING,120874.0,,,,135897.0,,,0,0,0,0,1,0,0,2021
3466,"Nelliandavar Institute of Technology, Nerunjikorai Village, Pudhupalayam, Ariyalur Taluk, Ariyalur District 621704",ARIYALUR,SELF FINANCING COLLEGES TIER 3,EE,Electrical and Electronics Engineering,133375.0,,,,136439.0,,,0,0,0,0,1,0,0,2021
3466,"Nelliandavar Institute of Technology, Nerunjikorai Village, Pudhupalayam, Ariyalur Taluk, Ariyalur District 621704",ARIYALUR,SELF FINANCING COLLEGES TIER 3,ME,Mechanical Engineering,136861.0,,,,,,,0,0,0,0,0,0,0,2021
3701,"K Ramakrishnan College of Technology (Autonomous), Kariyamanickam Road, Samayapuram, Manachanallur Taluk, Tiruchirappalli District 621112",TIRUCHIRAPALLI,SELF FINANCING COLLEGES TIER 3,AD,Artificial Intelligence and Data Science,45334.0,54625.0,46620.0,66628.0,117134.0,,,0,0,0,0,0,0,0,2021
3701,"K Ramakrishnan College of Technology (Autonomous), Kariyamanickam Road, Samayapuram, Manachanallur Taluk, Tiruchirappalli District 621112",TIRUCHIRAPALLI,SELF FINANCING COLLEGES TIER 3,AL,Artificial Intelligence and Machine Learning,58745.0,69005.0,62011.0,67960.0,130896.0,,,0,0,0,0,1,0,0,2021
3701,"K Ramakrishnan College of Technology (Autonomous), Kariyamanickam Road, Samayapuram, Manachanallur Taluk, Tiruchirappalli District 621112",TIRUCHIRAPALLI,SELF FINANCING COLLEGES TIER 3,CE,CIVIL ENGINEERING,83253.0,126756.0,100687.0,,128830.0,,,0,0,0,0,0,0,0,2021
3701,"K Ramakrishnan College of Technology (Autonomous), Kariyamanickam Road, Samayapuram, Manachanallur Taluk, Tiruchirappalli District 621112",TIRUCHIRAPALLI,SELF FINANCING COLLEGES TIER 3,CS,Computer Science and Engineering,38604.0,45171.0,58588.0,51510.0,86769.0,,122673.0,0,0,0,0,0,0,0,2021
3701,"K Ramakrishnan College of Technology (Autonomous), Kariyamanickam Road, Samayapuram, Manachanallur Taluk, Tiruchirappalli District 621112",TIRUCHIRAPALLI,SELF FINANCING COLLEGES TIER 3,EC,ELECTRONICS AND COMMUNICATION ENGINEERING,57670.0,66583.0,66536.0,67610.0,134784.0,,,0,0,0,0,1,0,0,2021
3701,"K Ramakrishnan College of Technology (Autonomous), Kariyamanickam Road, Samayapuram, Manachanallur Taluk, Tiruchirappalli District 621112",TIRUCHIRAPALLI,SELF FINANCING COLLEGES TIER 3,EE,Electrical and Electronics Engineering,68653.0,83872.0,86564.0,70579.0,125414.0,,,0,0,0,0,1,0,0,2021
3701,"K Ramakrishnan College of Technology (Autonomous), Kariyamanickam Road, Samayapuram, Manachanallur Taluk, Tiruchirappalli District 621112",TIRUCHIRAPALLI,SELF FINANCING COLLEGES TIER 3,ME,Mechanical Engineering,84370.0,107992.0,107591.0,,134537.0,,125467.0,0,0,0,0,0,0,0,2021
3760,"Sir Issac Newton College of Engineering and Technology, Anthanapeetai Post, Papakoil, Nagappattinam District 611102",NAGAPATTINAM,SELF FINANCING COLLEGES TIER 3,AD,Artificial Intelligence and Data Science,85506.0,127503.0,125479.0,,136870.0,120814.0,,0,1,1,0,0,1,0,2021
3760,"Sir Issac Newton College of Engineering and Technology, Anthanapeetai Post, Papakoil, Nagappattinam District 611102",NAGAPATTINAM,SELF FINANCING COLLEGES TIER 3,AG,Agricultural Engineering,92689.0,135530.0,,,109732.0,118400.0,,0,1,0,0,0,0,0,2021
3760,"Sir Issac Newton College of Engineering and Technology, Anthanapeetai Post, Papakoil, Nagappattinam District 611102",NAGAPATTINAM,SELF FINANCING COLLEGES TIER 3,CS,Computer Science and Engineering,97654.0,133895.0,,,125927.0,,,0,0,0,0,0,0,0,2021
3760,"Sir Issac Newton College of Engineering and Technology, Anthanapeetai Post, Papakoil, Nagappattinam District 611102",NAGAPATTINAM,SELF FINANCING COLLEGES TIER 3,EC,ELECTRONICS AND COMMUNICATION ENGINEERING,108695.0,121628.0,,120377.0,135120.0,,,0,1,0,1,0,0,0,2021
3760,"Sir Issac Newton College of Engineering and Technology, Anthanapeetai Post, Papakoil, Nagappattinam District 611102",NAGAPATTINAM,SELF FINANCING COLLEGES TIER 3,ME,Mechanical Engineering,114465.0,133380.0,,,130052.0,,,0,1,0,0,0,0,0,2021
3766,"Star Lion College of Engineering and Technology, Manankorai Main Road, Manankorai Village, Thanjavur District 614206",THANJAVUR,SELF FINANCING COLLEGES TIER 3,CE,CIVIL ENGINEERING,,,,,,,,0,0,0,0,0,0,0,2021
3766,"Star Lion College of Engineering and Technology, Manankorai Main Road, Manankorai Village, Thanjavur District 614206",THANJAVUR,SELF FINANCING COLLEGES TIER 3,CS,Computer Science and Engineering,136846.0,,,,,,,1,0,0,0,0,0,0,2021
3766,"Star Lion College of Engineering and Technology, Manankorai Main Road, Manankorai Village, Thanjavur District 614206",THANJAVUR,SELF FINANCING COLLEGES TIER 3,EC,ELECTRONICS AND COMMUNICATION ENGINEERING,,,,,,,,0,0,0,0,0,0,0,2021
3766,"Star Lion College of Engineering and Technology, Manankorai Main Road, Manankorai Village, Thanjavur District 614206",THANJAVUR,SELF FINANCING COLLEGES TIER 3,EE,Electrical and Electronics Engineering,,,,,,,,0,0,0,0,0,0,0,2021
3766,"Star Lion College of Engineering and Technology, Manankorai Main Road, Manankorai Village, Thanjavur District 614206",THANJAVUR,SELF FINANCING COLLEGES TIER 3,ME,Mechanical Engineering,136704.0,,,,,,,1,0,0,0,0,0,0,2021
3782,"OASYS Institute of Technology , Pulivalam Village, Musiri Taluk, Tiruchirappalli District 626001",TIRUCHIRAPALLI,SELF FINANCING COLLEGES TIER 3,CS,Computer Science and Engineering,91344.0,128363.0,,118835.0,136015.0,131017.0,,0,0,0,0,0,0,0,2021
3782,"OASYS Institute of Technology , Pulivalam Village, Musiri Taluk, Tiruchirappalli District 626001",TIRUCHIRAPALLI,SELF FINANCING COLLEGES TIER 3,EC,ELECTRONICS AND COMMUNICATION ENGINEERING,108103.0,133116.0,,136757.0,133744.0,128370.0,,0,1,0,0,1,0,0,2021
3782,"OASYS Institute of Technology , Pulivalam Village, Musiri Taluk, Tiruchirappalli District 626001",TIRUCHIRAPALLI,SELF FINANCING COLLEGES TIER 3,EE,Electrical and Electronics Engineering,131066.0,,,,,,,1,0,0,0,0,0,0,2021
3782,"OASYS Institute of Technology , Pulivalam Village, Musiri Taluk, Tiruchirappalli District 626001",TIRUCHIRAPALLI,SELF FINANCING COLLEGES TIER 3,ME,Mechanical Engineering,135672.0,,,,,,,1,0,0,0,0,0,0,2021
3786,"M.A.M. School of Engineering, Siruganur, Tiruchirappalli District 621105",TIRUCHIRAPALLI,SELF FINANCING COLLEGES TIER 3,AE,AERONAUTICAL ENGINEERING,103110.0,126898.0,135260.0,103154.0,111976.0,116287.0,109575.0,0,1,0,0,0,0,0,2021
3786,"M.A.M. School of Engineering, Siruganur, Tiruchirappalli District 621105",TIRUCHIRAPALLI,SELF FINANCING COLLEGES TIER 3,CS,Computer Science and Engineering,74991.0,122107.0,95807.0,101018.0,119749.0,,,0,0,0,0,0,0,0,2021
3786,"M.A.M. School of Engineering, Siruganur, Tiruchirappalli District 621105",TIRUCHIRAPALLI,SELF FINANCING COLLEGES TIER 3,EC,ELECTRONICS AND COMMUNICATION ENGINEERING,94173.0,117768.0,128714.0,,133089.0,,,0,1,0,0,1,0,0,2021
3786,"M.A.M. School of Engineering, Siruganur, Tiruchirappalli District 621105",TIRUCHIRAPALLI,SELF FINANCING COLLEGES TIER 3,EE,Electrical and Electronics Engineering,117142.0,124505.0,125682.0,,,,,0,1,0,0,0,0,0,2021
3786,"M.A.M. School of Engineering, Siruganur, Tiruchirappalli District 621105",TIRUCHIRAPALLI,SELF FINANCING COLLEGES TIER 3,ME,Mechanical Engineering,136921.0,,,,,,,1,0,0,0,0,0,0,2021
3786,"M.A.M. School of Engineering, Siruganur, Tiruchirappalli District 621105",TIRUCHIRAPALLI,SELF FINANCING COLLEGES TIER 3,MZ,Mechatronics Engineering,136597.0,,,,,,,0,0,0,0,0,0,0,2021
3795,"SRM TRP Engineering College, Irungalur, Manachanallur Taluk, Tiruchirappalli District 621105",TIRUCHIRAPALLI,SELF FINANCING COLLEGES TIER 2,CE,CIVIL ENGINEERING,120879.0,134192.0,,,,,,0,1,0,0,0,0,0,2021
3795,"SRM TRP Engineering College, Irungalur, Manachanallur Taluk, Tiruchirappalli District 621105",TIRUCHIRAPALLI,SELF FINANCING COLLEGES TIER 2,CS,Computer Science and Engineering,24596.0,34832.0,25988.0,38654.0,80333.0,,,0,0,0,0,0,0,0,2021
3795,"SRM TRP Engineering College, Irungalur, Manachanallur Taluk, Tiruchirappalli District 621105",TIRUCHIRAPALLI,SELF FINANCING COLLEGES TIER 2,EC,ELECTRONICS AND COMMUNICATION ENGINEERING,49508.0,59886.0,65022.0,55200.0,124720.0,120279.0,,0,0,0,0,0,0,0,2021
3795,"SRM TRP Engineering College, Irungalur, Manachanallur Taluk, Tiruchirappalli District 621105",TIRUCHIRAPALLI,SELF FINANCING COLLEGES TIER 2,EE,Electrical and Electronics Engineering,68537.0,87108.0,111369.0,,135102.0,,,0,0,0,0,1,0,0,2021
3795,"SRM TRP Engineering College, Irungalur, Manachanallur Taluk, Tiruchirappalli District 621105",TIRUCHIRAPALLI,SELF FINANCING COLLEGES TIER 2,ME,Mechanical Engineering,103827.0,134360.0,124058.0,127825.0,126923.0,,,0,1,0,1,1,0,0,2021
3801,"A V C College of Engineering, Mannampandal Post, MayiladuthuraiDistrict 609305",MAYILADUTHURAI,SELF FINANCING COLLEGES TIER 3,CE,CIVIL ENGINEERING,134239.0,,,,,,,1,0,0,0,0,0,0,2021
3801,"A V C College of Engineering, Mannampandal Post, MayiladuthuraiDistrict 609305",MAYILADUTHURAI,SELF FINANCING COLLEGES TIER 3,CS,Computer Science and Engineering,29077.0,64180.0,38273.0,65171.0,107851.0,,,0,0,0,0,0,0,0,2021
3801,"A V C College of Engineering, Mannampandal Post, MayiladuthuraiDistrict 609305",MAYILADUTHURAI,SELF FINANCING COLLEGES TIER 3,EC,ELECTRONICS AND COMMUNICATION ENGINEERING,66203.0,94000.0,,100550.0,130797.0,,,0,0,0,0,0,0,0,2021
3801,"A V C College of Engineering, Mannampandal Post, MayiladuthuraiDistrict 609305",MAYILADUTHURAI,SELF FINANCING COLLEGES TIER 3,EE,Electrical and Electronics Engineering,87696.0,134575.0,94760.0,,133903.0,,,0,1,0,0,1,0,0,2021
3801,"A V C College of Engineering, Mannampandal Post, MayiladuthuraiDistrict 609305",MAYILADUTHURAI,SELF FINANCING COLLEGES TIER 3,IC,INSTRUMENTATION AND CONTROL ENGINEERING,126936.0,,,,130086.0,,,0,0,0,0,1,0,0,2021
3801,"A V C College of Engineering, Mannampandal Post, MayiladuthuraiDistrict 609305",MAYILADUTHURAI,SELF FINANCING COLLEGES TIER 3,IT,INFORMATION TECHNOLOGY,42509.0,66894.0,56685.0,,118512.0,93777.0,,0,0,0,0,0,0,0,2021
3801,"A V C College of Engineering, Mannampandal Post, MayiladuthuraiDistrict 609305",MAYILADUTHURAI,SELF FINANCING COLLEGES TIER 3,ME,Mechanical Engineering,104238.0,131243.0,,125932.0,132589.0,,,0,1,0,0,1,0,0,2021
3802,"Shri Angalamman College of Engineering and Technology,Siruganoor,Tiruchirapalli-621 105",TIRUCHIRAPALLI,SELF FINANCING COLLEGES TIER 3,CE,CIVIL ENGINEERING,,,,,,,,0,0,0,0,0,0,0,2021
3802,"Shri Angalamman College of Engineering and Technology,Siruganoor,Tiruchirapalli-621 105",TIRUCHIRAPALLI,SELF FINANCING COLLEGES TIER 3,CS,Computer Science and Engineering,126928.0,,,,,,,1,0,0,0,0,0,0,2021
3802,"Shri Angalamman College of Engineering and Technology,Siruganoor,Tiruchirapalli-621 105",TIRUCHIRAPALLI,SELF FINANCING COLLEGES TIER 3,EC,ELECTRONICS AND COMMUNICATION ENGINEERING,93239.0,,,,,,,1,0,0,0,0,0,0,2021
3802,"Shri Angalamman College of Engineering and Technology,Siruganoor,Tiruchirapalli-621 105",TIRUCHIRAPALLI,SELF FINANCING COLLEGES TIER 3,EE,Electrical and Electronics Engineering,,,,,,,,0,0,0,0,0,0,0,2021
3802,"Shri Angalamman College of Engineering and Technology,Siruganoor,Tiruchirapalli-621 105",TIRUCHIRAPALLI,SELF FINANCING COLLEGES TIER 3,ME,Mechanical Engineering,,,,,,,,0,0,0,0,0,0,0,2021
3803,"Anjalai Ammal Mahalingam Engineering College, Kovilvenni, Thiruvarur District 614403",THIRUVARUR,SELF FINANCING COLLEGES TIER 3,CE,CIVIL ENGINEERING,119169.0,133044.0,,,135676.0,,,0,1,0,0,1,0,0,2021
3803,"Anjalai Ammal Mahalingam Engineering College, Kovilvenni, Thiruvarur District 614403",THIRUVARUR,SELF FINANCING COLLEGES TIER 3,CH,CHEMICAL ENGINEERING,107474.0,126196.0,,,,,,0,1,0,0,0,0,0,2021
3803,"Anjalai Ammal Mahalingam Engineering College, Kovilvenni, Thiruvarur District 614403",THIRUVARUR,SELF FINANCING COLLEGES TIER 3,CS,Computer Science and Engineering,25849.0,37606.0,41955.0,34537.0,107751.0,,,0,0,0,0,0,0,0,2021
3803,"Anjalai Ammal Mahalingam Engineering College, Kovilvenni, Thiruvarur District 614403",THIRUVARUR,SELF FINANCING COLLEGES TIER 3,EC,ELECTRONICS AND COMMUNICATION ENGINEERING,51660.0,71773.0,55190.0,72384.0,127753.0,,,0,0,0,0,1,0,0,2021
3803,"Anjalai Ammal Mahalingam Engineering College, Kovilvenni, Thiruvarur District 614403",THIRUVARUR,SELF FINANCING COLLEGES TIER 3,EE,Electrical and Electronics Engineering,86369.0,99874.0,89818.0,97365.0,125506.0,,,0,0,1,0,1,0,0,2021
3803,"Anjalai Ammal Mahalingam Engineering College, Kovilvenni, Thiruvarur District 614403",THIRUVARUR,SELF FINANCING COLLEGES TIER 3,IT,INFORMATION TECHNOLOGY,43574.0,49412.0,52177.0,50175.0,133890.0,,,0,0,0,0,1,0,0,2021
3803,"Anjalai Ammal Mahalingam Engineering College, Kovilvenni, Thiruvarur District 614403",THIRUVARUR,SELF FINANCING COLLEGES TIER 3,ME,Mechanical Engineering,98999.0,133452.0,110682.0,,111213.0,,,0,1,0,0,1,0,0,2021
3804,"Arasu Engineering College, Chennai Main Road, Kumbakonam, Thanjavur District 612501",THANJAVUR,SELF FINANCING COLLEGES TIER 3,AG,Agricultural Engineering,136013.0,,,,,,,1,0,0,0,0,0,0,2021
3804,"Arasu Engineering College, Chennai Main Road, Kumbakonam, Thanjavur District 612501",THANJAVUR,SELF FINANCING COLLEGES TIER 3,AU,AUTOMOBILE ENGINEERING,133751.0,,,,,,,1,0,0,0,0,0,0,2021
3804,"Arasu Engineering College, Chennai Main Road, Kumbakonam, Thanjavur District 612501",THANJAVUR,SELF FINANCING COLLEGES TIER 3,BM,BIO MEDICAL ENGINEERING,124435.0,,,,,,,1,0,0,0,0,0,0,2021
3804,"Arasu Engineering College, Chennai Main Road, Kumbakonam, Thanjavur District 612501",THANJAVUR,SELF FINANCING COLLEGES TIER 3,CE,CIVIL ENGINEERING,100331.0,,,,,,,1,0,0,0,0,0,0,2021
3804,"Arasu Engineering College, Chennai Main Road, Kumbakonam, Thanjavur District 612501",THANJAVUR,SELF FINANCING COLLEGES TIER 3,CS,Computer Science and Engineering,77201.0,128633.0,104104.0,105809.0,131441.0,96503.0,,0,0,0,0,1,1,0,2021
3804,"Arasu Engineering College, Chennai Main Road, Kumbakonam, Thanjavur District 612501",THANJAVUR,SELF FINANCING COLLEGES TIER 3,EC,ELECTRONICS AND COMMUNICATION ENGINEERING,125102.0,134951.0,,,,,,0,1,0,0,0,0,0,2021
3804,"Arasu Engineering College, Chennai Main Road, Kumbakonam, Thanjavur District 612501",THANJAVUR,SELF FINANCING COLLEGES TIER 3,EE,Electrical and Electronics Engineering,135266.0,,,,,,,1,0,0,0,0,0,0,2021
3804,"Arasu Engineering College, Chennai Main Road, Kumbakonam, Thanjavur District 612501",THANJAVUR,SELF FINANCING COLLEGES TIER 3,ME,Mechanical Engineering,134667.0,,,,,,,1,0,0,0,0,0,0,2021
3805,"Dhanalakshmi Srinivasan Engineering College (Autonomous), Thuraiyur Road, Perambalur District 621212",PERAMBALUR,SELF FINANCING COLLEGES TIER 1,AD,Artificial Intelligence and Data Science,51202.0,73227.0,94225.0,66548.0,112291.0,,,0,0,0,0,1,0,0,2021
3805,"Dhanalakshmi Srinivasan Engineering College (Autonomous), Thuraiyur Road, Perambalur District 621212",PERAMBALUR,SELF FINANCING COLLEGES TIER 1,AE,AERONAUTICAL ENGINEERING,107422.0,136925.0,,,122926.0,133915.0,,0,1,0,0,1,0,0,2021
3805,"Dhanalakshmi Srinivasan Engineering College (Autonomous), Thuraiyur Road, Perambalur District 621212",PERAMBALUR,SELF FINANCING COLLEGES TIER 1,AG,Agricultural Engineering,61065.0,119742.0,,122361.0,86372.0,,,0,1,0,0,0,0,0,2021
3805,"Dhanalakshmi Srinivasan Engineering College (Autonomous), Thuraiyur Road, Perambalur District 621212",PERAMBALUR,SELF FINANCING COLLEGES TIER 1,AO,AEROSPACE ENGINEERING,128700.0,,,,131262.0,,,0,0,0,0,1,0,0,2021
3805,"Dhanalakshmi Srinivasan Engineering College (Autonomous), Thuraiyur Road, Perambalur District 621212",PERAMBALUR,SELF FINANCING COLLEGES TIER 1,BM,BIO MEDICAL ENGINEERING,83077.0,135540.0,100930.0,,130856.0,125827.0,,0,1,1,0,1,1,0,2021
3805,"Dhanalakshmi Srinivasan Engineering College (Autonomous), Thuraiyur Road, Perambalur District 621212",PERAMBALUR,SELF FINANCING COLLEGES TIER 1,CE,CIVIL ENGINEERING,126075.0,132555.0,130308.0,,136143.0,,,0,1,1,0,1,0,0,2021
3805,"Dhanalakshmi Srinivasan Engineering College (Autonomous), Thuraiyur Road, Perambalur District 621212",PERAMBALUR,SELF FINANCING COLLEGES TIER 1,CH,CHEMICAL ENGINEERING,124414.0,134020.0,,127521.0,135503.0,,,0,1,0,0,1,0,0,2021
3805,"Dhanalakshmi Srinivasan Engineering College (Autonomous), Thuraiyur Road, Perambalur District 621212",PERAMBALUR,SELF FINANCING COLLEGES TIER 1,CS,Computer Science and Engineering,61850.0,86796.0,72349.0,85892.0,123552.0,114704.0,88354.0,0,0,0,0,0,1,0,2021
3805,"Dhanalakshmi Srinivasan Engineering College (Autonomous), Thuraiyur Road, Perambalur District 621212",PERAMBALUR,SELF FINANCING COLLEGES TIER 1,EC,ELECTRONICS AND COMMUNICATION ENGINEERING,88027.0,120696.0,113977.0,104925.0,132746.0,,,0,0,0,0,1,0,0,2021
3805,"Dhanalakshmi Srinivasan Engineering College (Autonomous), Thuraiyur Road, Perambalur District 621212",PERAMBALUR,SELF FINANCING COLLEGES TIER 1,EE,Electrical and Electronics Engineering,93199.0,132908.0,124182.0,97826.0,134579.0,,,0,1,0,0,1,0,0,2021
3805,"Dhanalakshmi Srinivasan Engineering College (Autonomous), Thuraiyur Road, Perambalur District 621212",PERAMBALUR,SELF FINANCING COLLEGES TIER 1,FD,FOOD TECHNOLOGY,57584.0,132830.0,72385.0,58875.0,93868.0,,,0,1,0,0,0,0,0,2021
3805,"Dhanalakshmi Srinivasan Engineering College (Autonomous), Thuraiyur Road, Perambalur District 621212",PERAMBALUR,SELF FINANCING COLLEGES TIER 1,IT,INFORMATION TECHNOLOGY,54635.0,87721.0,94012.0,,104182.0,,,0,0,0,0,0,0,0,2021
3805,"Dhanalakshmi Srinivasan Engineering College (Autonomous), Thuraiyur Road, Perambalur District 621212",PERAMBALUR,SELF FINANCING COLLEGES TIER 1,ME,Mechanical Engineering,113507.0,135355.0,133021.0,125708.0,136960.0,,,0,1,1,1,1,0,0,2021
3805,"Dhanalakshmi Srinivasan Engineering College (Autonomous), Thuraiyur Road, Perambalur District 621212",PERAMBALUR,SELF FINANCING COLLEGES TIER 1,PH,PHARMACEUTICAL TECHNOLOGY,93232.0,118499.0,120780.0,109275.0,134761.0,,,0,1,0,0,0,0,0,2021
3805,"Dhanalakshmi Srinivasan Engineering College (Autonomous), Thuraiyur Road, Perambalur District 621212",PERAMBALUR,SELF FINANCING COLLEGES TIER 1,RM,ROBOTICS AND AUTOMATION,118119.0,127957.0,,119061.0,136400.0,,,0,1,0,0,1,0,0,2021
3806,"E G S Pillay Engineering College (Autonomous), Nagapattinam District 611002",NAGAPATTINAM,SELF FINANCING COLLEGES TIER 3,BM,BIO MEDICAL ENGINEERING,73038.0,131244.0,97897.0,,101624.0,125721.0,,0,1,0,0,0,0,0,2021
3806,"E G S Pillay Engineering College (Autonomous), Nagapattinam District 611002",NAGAPATTINAM,SELF FINANCING COLLEGES TIER 3,CB,COMPUTER SCIENCE AND BUSSINESS SYSTEM,86396.0,104994.0,93486.0,96709.0,117071.0,,,0,0,0,0,0,0,0,2021
3806,"E G S Pillay Engineering College (Autonomous), Nagapattinam District 611002",NAGAPATTINAM,SELF FINANCING COLLEGES TIER 3,CE,CIVIL ENGINEERING,134878.0,,134942.0,,136007.0,,,0,0,1,0,1,0,0,2021
3806,"E G S Pillay Engineering College (Autonomous), Nagapattinam District 611002",NAGAPATTINAM,SELF FINANCING COLLEGES TIER 3,CS,Computer Science and Engineering,71170.0,103429.0,89119.0,84137.0,114708.0,,,0,0,0,0,0,0,0,2021
3806,"E G S Pillay Engineering College (Autonomous), Nagapattinam District 611002",NAGAPATTINAM,SELF FINANCING COLLEGES TIER 3,EC,ELECTRONICS AND COMMUNICATION ENGINEERING,105338.0,136060.0,128277.0,119564.0,122167.0,,,0,1,0,1,0,0,0,2021
3806,"E G S Pillay Engineering College (Autonomous), Nagapattinam District 611002",NAGAPATTINAM,SELF FINANCING COLLEGES TIER 3,EE,Electrical and Electronics Engineering,104716.0,135392.0,114286.0,,130350.0,,,0,1,0,0,0,0,0,2021
3806,"E G S Pillay Engineering College (Autonomous), Nagapattinam District 611002",NAGAPATTINAM,SELF FINANCING COLLEGES TIER 3,IT,INFORMATION TECHNOLOGY,35867.0,88863.0,58019.0,66864.0,111638.0,,,0,0,0,0,0,0,0,2021
3806,"E G S Pillay Engineering College (Autonomous), Nagapattinam District 611002",NAGAPATTINAM,SELF FINANCING COLLEGES TIER 3,ME,Mechanical Engineering,122059.0,136105.0,133641.0,,136805.0,,,0,1,1,0,1,0,0,2021
3807,"J J College of Engineering and Technology, Poolankulathupatti Post, Thiruchirappalli District 620009",TIRUCHIRAPALLI,SELF FINANCING COLLEGES TIER 3,AE,AERONAUTICAL ENGINEERING,122571.0,127345.0,,,,,,0,1,0,0,0,0,0,2021
3807,"J J College of Engineering and Technology, Poolankulathupatti Post, Thiruchirappalli District 620009",TIRUCHIRAPALLI,SELF FINANCING COLLEGES TIER 3,CE,CIVIL ENGINEERING,112837.0,,,,,,,1,0,0,0,0,0,0,2021
3807,"J J College of Engineering and Technology, Poolankulathupatti Post, Thiruchirappalli District 620009",TIRUCHIRAPALLI,SELF FINANCING COLLEGES TIER 3,CS,Computer Science and Engineering,64801.0,90674.0,87080.0,68447.0,120669.0,,,0,0,0,0,0,0,0,2021
3807,"J J College of Engineering and Technology, Poolankulathupatti Post, Thiruchirappalli District 620009",TIRUCHIRAPALLI,SELF FINANCING COLLEGES TIER 3,EC,ELECTRONICS AND COMMUNICATION ENGINEERING,102832.0,136116.0,,,125094.0,,,0,1,0,0,1,0,0,2021
3807,"J J College of Engineering and Technology, Poolankulathupatti Post, Thiruchirappalli District 620009",TIRUCHIRAPALLI,SELF FINANCING COLLEGES TIER 3,EE,Electrical and Electronics Engineering,105007.0,136442.0,,121306.0,132184.0,,,0,1,0,0,1,0,0,2021
3807,"J J College of Engineering and Technology, Poolankulathupatti Post, Thiruchirappalli District 620009",TIRUCHIRAPALLI,SELF FINANCING COLLEGES TIER 3,IT,INFORMATION TECHNOLOGY,55212.0,98061.0,67973.0,85130.0,121449.0,,,0,0,0,0,0,0,0,2021
3807,"J J College of Engineering and Technology, Poolankulathupatti Post, Thiruchirappalli District 620009",TIRUCHIRAPALLI,SELF FINANCING COLLEGES TIER 3,ME,Mechanical Engineering,134634.0,,,,136678.0,,,0,0,0,0,1,0,0,2021
3808,"Jayaram College of Engineering and Technology, Karattampatti, Pagalavadi Po,Thuraivur, Trichy-621014",TIRUCHIRAPALLI,SELF FINANCING COLLEGES TIER 3,CE,CIVIL ENGINEERING,,,,,,,,0,0,0,0,0,0,0,2021
3808,"Jayaram College of Engineering and Technology, Karattampatti, Pagalavadi Po,Thuraivur, Trichy-621014",TIRUCHIRAPALLI,SELF FINANCING COLLEGES TIER 3,CS,Computer Science and Engineering,121711.0,,,,,,,1,0,0,0,0,0,0,2021
3808,"Jayaram College of Engineering and Technology, Karattampatti, Pagalavadi Po,Thuraivur, Trichy-621014",TIRUCHIRAPALLI,SELF FINANCING COLLEGES TIER 3,EC,ELECTRONICS AND COMMUNICATION ENGINEERING,,,,,,,,0,0,0,0,0,0,0,2021
3808,"Jayaram College of Engineering and Technology, Karattampatti, Pagalavadi Po,Thuraivur, Trichy-621014",TIRUCHIRAPALLI,SELF FINANCING COLLEGES TIER 3,EE,Electrical and Electronics Engineering,,,,,,,,0,0,0,0,0,0,0,2021
3808,"Jayaram College of Engineering and Technology, Karattampatti, Pagalavadi Po,Thuraivur, Trichy-621014",TIRUCHIRAPALLI,SELF FINANCING COLLEGES TIER 3,IT,INFORMATION TECHNOLOGY,121578.0,,,,,,,1,0,0,0,0,0,0,2021
3808,"Jayaram College of Engineering and Technology, Karattampatti, Pagalavadi Po,Thuraivur, Trichy-621014",TIRUCHIRAPALLI,SELF FINANCING COLLEGES TIER 3,ME,Mechanical Engineering,,,,,,,,0,0,0,0,0,0,0,2021
3809,"Kurinji College of Engineering and Technology, Manapparai, Tiruchirappalli District 621307",TIRUCHIRAPALLI,SELF FINANCING COLLEGES TIER 3,CS,Computer Science and Engineering,131396.0,,,,,,,1,0,0,0,0,0,0,2021
3809,"Kurinji College of Engineering and Technology, Manapparai, Tiruchirappalli District 621307",TIRUCHIRAPALLI,SELF FINANCING COLLEGES TIER 3,EC,ELECTRONICS AND COMMUNICATION ENGINEERING,135686.0,,,,,,,1,0,0,0,0,0,0,2021
3809,"Kurinji College of Engineering and Technology, Manapparai, Tiruchirappalli District 621307",TIRUCHIRAPALLI,SELF FINANCING COLLEGES TIER 3,EE,Electrical and Electronics Engineering,,,,,,,,0,0,0,0,0,0,0,2021
3809,"Kurinji College of Engineering and Technology, Manapparai, Tiruchirappalli District 621307",TIRUCHIRAPALLI,SELF FINANCING COLLEGES TIER 3,ME,Mechanical Engineering,135264.0,,,,,,,1,0,0,0,0,0,0,2021
3810,"M.A.M. College of Engineering, Siruganur, Tiruchirappalli District 621105",TIRUCHIRAPALLI,SELF FINANCING COLLEGES TIER 3,AD,Artificial Intelligence and Data Science,64155.0,98780.0,70912.0,107984.0,124392.0,,,0,0,0,0,0,0,0,2021
3810,"M.A.M. College of Engineering, Siruganur, Tiruchirappalli District 621105",TIRUCHIRAPALLI,SELF FINANCING COLLEGES TIER 3,AG,Agricultural Engineering,79938.0,126313.0,,,97703.0,99963.0,,0,1,0,0,0,0,0,2021
3810,"M.A.M. College of Engineering, Siruganur, Tiruchirappalli District 621105",TIRUCHIRAPALLI,SELF FINANCING COLLEGES TIER 3,CE,CIVIL ENGINEERING,136168.0,,,,,,,1,0,0,0,0,0,0,2021
3810,"M.A.M. College of Engineering, Siruganur, Tiruchirappalli District 621105",TIRUCHIRAPALLI,SELF FINANCING COLLEGES TIER 3,CS,Computer Science and Engineering,89350.0,124125.0,99768.0,120395.0,136054.0,113084.0,,0,0,0,1,1,1,0,2021
3810,"M.A.M. College of Engineering, Siruganur, Tiruchirappalli District 621105",TIRUCHIRAPALLI,SELF FINANCING COLLEGES TIER 3,EC,ELECTRONICS AND COMMUNICATION ENGINEERING,82509.0,128611.0,85667.0,,135208.0,131854.0,,0,0,0,0,1,0,0,2021
3810,"M.A.M. College of Engineering, Siruganur, Tiruchirappalli District 621105",TIRUCHIRAPALLI,SELF FINANCING COLLEGES TIER 3,EE,Electrical and Electronics Engineering,117448.0,133681.0,128738.0,,136972.0,,,0,1,0,0,1,0,0,2021
3810,"M.A.M. College of Engineering, Siruganur, Tiruchirappalli District 621105",TIRUCHIRAPALLI,SELF FINANCING COLLEGES TIER 3,EI,ELECTRONICS AND INSTRUMENTATION ENGINEERING,135308.0,,,,,,,1,0,0,0,0,0,0,2021
3810,"M.A.M. College of Engineering, Siruganur, Tiruchirappalli District 621105",TIRUCHIRAPALLI,SELF FINANCING COLLEGES TIER 3,IT,INFORMATION TECHNOLOGY,81325.0,114626.0,89718.0,91295.0,120039.0,,,0,0,0,0,0,0,0,2021
3810,"M.A.M. College of Engineering, Siruganur, Tiruchirappalli District 621105",TIRUCHIRAPALLI,SELF FINANCING COLLEGES TIER 3,ME,Mechanical Engineering,126823.0,,,,,,,1,0,0,0,0,0,0,2021
3811,"M I E T Engineering College, Trichy-Pudukkottai Road, Tiruchirappalli District 620007",TIRUCHIRAPALLI,SELF FINANCING COLLEGES TIER 3,CE,CIVIL ENGINEERING,130977.0,,,,,,,1,0,0,0,0,0,0,2021
3811,"M I E T Engineering College, Trichy-Pudukkottai Road, Tiruchirappalli District 620007",TIRUCHIRAPALLI,SELF FINANCING COLLEGES TIER 3,CS,Computer Science and Engineering,78697.0,124510.0,85087.0,101879.0,128398.0,133096.0,,0,0,0,0,1,1,0,2021
3811,"M I E T Engineering College, Trichy-Pudukkottai Road, Tiruchirappalli District 620007",TIRUCHIRAPALLI,SELF FINANCING COLLEGES TIER 3,EC,ELECTRONICS AND COMMUNICATION ENGINEERING,120765.0,132360.0,126048.0,,127579.0,,,0,1,0,0,1,0,0,2021
3811,"M I E T Engineering College, Trichy-Pudukkottai Road, Tiruchirappalli District 620007",TIRUCHIRAPALLI,SELF FINANCING COLLEGES TIER 3,EE,Electrical and Electronics Engineering,132951.0,,,,,,,1,0,0,0,0,0,0,2021
3811,"M I E T Engineering College, Trichy-Pudukkottai Road, Tiruchirappalli District 620007",TIRUCHIRAPALLI,SELF FINANCING COLLEGES TIER 3,ME,Mechanical Engineering,134389.0,,,,,,,1,0,0,0,0,0,0,2021
3812,"Mookambigai College of Engineering, Keeranur, Pudukkottai District 622502",PUDUKKOTTAI,SELF FINANCING COLLEGES TIER 3,CE,CIVIL ENGINEERING,134117.0,,,,,,,1,0,0,0,0,0,0,2021
3812,"Mookambigai College of Engineering, Keeranur, Pudukkottai District 622502",PUDUKKOTTAI,SELF FINANCING COLLEGES TIER 3,CS,Computer Science and Engineering,82427.0,115459.0,98759.0,128730.0,132012.0,130155.0,,0,0,0,0,1,0,0,2021
3812,"Mookambigai College of Engineering, Keeranur, Pudukkottai District 622502",PUDUKKOTTAI,SELF FINANCING COLLEGES TIER 3,EC,ELECTRONICS AND COMMUNICATION ENGINEERING,113497.0,135827.0,125557.0,126810.0,129293.0,,,0,1,0,0,1,0,0,2021
3812,"Mookambigai College of Engineering, Keeranur, Pudukkottai District 622502",PUDUKKOTTAI,SELF FINANCING COLLEGES TIER 3,EE,Electrical and Electronics Engineering,112204.0,130735.0,,,134819.0,,,0,1,0,0,1,0,0,2021
3812,"Mookambigai College of Engineering, Keeranur, Pudukkottai District 622502",PUDUKKOTTAI,SELF FINANCING COLLEGES TIER 3,EI,ELECTRONICS AND INSTRUMENTATION ENGINEERING,124772.0,,,,,,,1,0,0,0,0,0,0,2021
3812,"Mookambigai College of Engineering, Keeranur, Pudukkottai District 622502",PUDUKKOTTAI,SELF FINANCING COLLEGES TIER 3,IT,INFORMATION TECHNOLOGY,75595.0,101035.0,88569.0,95478.0,123426.0,88255.0,,0,0,0,0,0,0,0,2021
3812,"Mookambigai College of Engineering, Keeranur, Pudukkottai District 622502",PUDUKKOTTAI,SELF FINANCING COLLEGES TIER 3,ME,Mechanical Engineering,128616.0,,,,,,,1,0,0,0,0,0,0,2021
3813,"Oxford Engineering College,Karumandapam,Pirattiyur,Trichy-620 009",TIRUCHIRAPALLI,SELF FINANCING COLLEGES TIER 3,CE,CIVIL ENGINEERING,,,,,,,,0,0,0,0,0,0,0,2021
3813,"Oxford Engineering College,Karumandapam,Pirattiyur,Trichy-620 009",TIRUCHIRAPALLI,SELF FINANCING COLLEGES TIER 3,CS,Computer Science and Engineering,113116.0,132098.0,119124.0,,,,,0,1,0,0,0,0,0,2021
3813,"Oxford Engineering College,Karumandapam,Pirattiyur,Trichy-620 009",TIRUCHIRAPALLI,SELF FINANCING COLLEGES TIER 3,EC,ELECTRONICS AND COMMUNICATION ENGINEERING,113585.0,,,,,,,1,0,0,0,0,0,0,2021
3813,"Oxford Engineering College,Karumandapam,Pirattiyur,Trichy-620 009",TIRUCHIRAPALLI,SELF FINANCING COLLEGES TIER 3,EE,Electrical and Electronics Engineering,,,,,,,,0,0,0,0,0,0,0,2021
3813,"Oxford Engineering College,Karumandapam,Pirattiyur,Trichy-620 009",TIRUCHIRAPALLI,SELF FINANCING COLLEGES TIER 3,IT,INFORMATION TECHNOLOGY,111453.0,135440.0,,,129359.0,,,0,1,0,0,1,0,0,2021
3813,"Oxford Engineering College,Karumandapam,Pirattiyur,Trichy-620 009",TIRUCHIRAPALLI,SELF FINANCING COLLEGES TIER 3,ME,Mechanical Engineering,100095.0,,,,,,,1,0,0,0,0,0,0,2021
3814,"P R Engineering College, Vallam, Thanjavur District 613403",THANJAVUR,SELF FINANCING COLLEGES TIER 3,CE,CIVIL ENGINEERING,,,,,,,,0,0,0,0,0,0,0,2021
3814,"P R Engineering College, Vallam, Thanjavur District 613403",THANJAVUR,SELF FINANCING COLLEGES TIER 3,CS,Computer Science and Engineering,110420.0,134611.0,,117209.0,120205.0,,,0,1,0,0,1,0,0,2021
3814,"P R Engineering College, Vallam, Thanjavur District 613403",THANJAVUR,SELF FINANCING COLLEGES TIER 3,EC,ELECTRONICS AND COMMUNICATION ENGINEERING,126903.0,,,,,,,1,0,0,0,0,0,0,2021
3814,"P R Engineering College, Vallam, Thanjavur District 613403",THANJAVUR,SELF FINANCING COLLEGES TIER 3,EE,Electrical and Electronics Engineering,,,,,,,,0,0,0,0,0,0,0,2021
3814,"P R Engineering College, Vallam, Thanjavur District 613403",THANJAVUR,SELF FINANCING COLLEGES TIER 3,ME,Mechanical Engineering,123509.0,,,,,,,1,0,0,0,0,0,0,2021
3815,"Pavendar Bharathidasan College of Engineering and Technology, Pudukkottai Main Road, Tiruchirappalli District 620024",TIRUCHIRAPALLI,SELF FINANCING COLLEGES TIER 3,BT,BIO TECHNOLOGY,60506.0,90699.0,,,74406.0,116646.0,,0,1,0,0,0,0,0,2021
3815,"Pavendar Bharathidasan College of Engineering and Technology, Pudukkottai Main Road, Tiruchirappalli District 620024",TIRUCHIRAPALLI,SELF FINANCING COLLEGES TIER 3,CE,CIVIL ENGINEERING,101663.0,,,,,,,1,0,0,0,0,0,0,2021
3815,"Pavendar Bharathidasan College of Engineering and Technology, Pudukkottai Main Road, Tiruchirappalli District 620024",TIRUCHIRAPALLI,SELF FINANCING COLLEGES TIER 3,CS,Computer Science and Engineering,55323.0,131299.0,71580.0,55673.0,102808.0,,,0,0,0,0,0,0,0,2021
3815,"Pavendar Bharathidasan College of Engineering and Technology, Pudukkottai Main Road, Tiruchirappalli District 620024",TIRUCHIRAPALLI,SELF FINANCING COLLEGES TIER 3,EC,ELECTRONICS AND COMMUNICATION ENGINEERING,97746.0,131511.0,113378.0,,,,,0,1,0,0,0,0,0,2021
3815,"Pavendar Bharathidasan College of Engineering and Technology, Pudukkottai Main Road, Tiruchirappalli District 620024",TIRUCHIRAPALLI,SELF FINANCING COLLEGES TIER 3,EE,Electrical and Electronics Engineering,97951.0,,,,,,,1,0,0,0,0,0,0,2021
3815,"Pavendar Bharathidasan College of Engineering and Technology, Pudukkottai Main Road, Tiruchirappalli District 620024",TIRUCHIRAPALLI,SELF FINANCING COLLEGES TIER 3,IT,INFORMATION TECHNOLOGY,70877.0,120837.0,97812.0,,102257.0,,,0,0,0,0,0,0,0,2021
3815,"Pavendar Bharathidasan College of Engineering and Technology, Pudukkottai Main Road, Tiruchirappalli District 620024",TIRUCHIRAPALLI,SELF FINANCING COLLEGES TIER 3,ME,Mechanical Engineering,131473.0,,,,,,,1,0,0,0,0,0,0,2021
3815,"Pavendar Bharathidasan College of Engineering and Technology, Pudukkottai Main Road, Tiruchirappalli District 620024",TIRUCHIRAPALLI,SELF FINANCING COLLEGES TIER 3,TX,TEXTILE TECHNOLOGY,126118.0,,,,,,,0,0,0,0,0,0,0,2021
3817,"Roever Engineering College, Elambalur, Perambalur District 621212",PERAMBALUR,SELF FINANCING COLLEGES TIER 3,BT,BIO TECHNOLOGY,106208.0,128937.0,,,129642.0,,,0,1,0,0,0,0,0,2021
3817,"Roever Engineering College, Elambalur, Perambalur District 621212",PERAMBALUR,SELF FINANCING COLLEGES TIER 3,CE,CIVIL ENGINEERING,131468.0,,,,,,,1,0,0,0,0,0,0,2021
3817,"Roever Engineering College, Elambalur, Perambalur District 621212",PERAMBALUR,SELF FINANCING COLLEGES TIER 3,CH,CHEMICAL ENGINEERING,133709.0,,,,,,,1,0,0,0,0,0,0,2021
3817,"Roever Engineering College, Elambalur, Perambalur District 621212",PERAMBALUR,SELF FINANCING COLLEGES TIER 3,CS,Computer Science and Engineering,88899.0,131916.0,127619.0,105968.0,113992.0,,,0,1,1,0,0,0,0,2021
3817,"Roever Engineering College, Elambalur, Perambalur District 621212",PERAMBALUR,SELF FINANCING COLLEGES TIER 3,EC,ELECTRONICS AND COMMUNICATION ENGINEERING,130627.0,,,,,,,1,0,0,0,0,0,0,2021
3817,"Roever Engineering College, Elambalur, Perambalur District 621212",PERAMBALUR,SELF FINANCING COLLEGES TIER 3,EE,Electrical and Electronics Engineering,119139.0,,,,124443.0,129836.0,,0,0,0,0,1,0,0,2021
3817,"Roever Engineering College, Elambalur, Perambalur District 621212",PERAMBALUR,SELF FINANCING COLLEGES TIER 3,ME,Mechanical Engineering,128864.0,,,,,,,1,0,0,0,0,0,0,2021
3819,"Saranathan College of Engineering, Panjappur, Tiruchirappalli District 620012",TIRUCHIRAPALLI,SELF FINANCING COLLEGES TIER 3,AD,Artificial Intelligence and Data Science,29671.0,37344.0,43475.0,32620.0,84564.0,,,0,0,0,0,0,0,0,2021
3819,"Saranathan College of Engineering, Panjappur, Tiruchirappalli District 620012",TIRUCHIRAPALLI,SELF FINANCING COLLEGES TIER 3,CB,COMPUTER SCIENCE AND BUSSINESS SYSTEM,40778.0,45967.0,,52339.0,101900.0,,,0,0,0,0,0,0,0,2021
3819,"Saranathan College of Engineering, Panjappur, Tiruchirappalli District 620012",TIRUCHIRAPALLI,SELF FINANCING COLLEGES TIER 3,CE,CIVIL ENGINEERING,59865.0,83002.0,68306.0,,92567.0,,,0,0,0,0,0,0,0,2021
3819,"Saranathan College of Engineering, Panjappur, Tiruchirappalli District 620012",TIRUCHIRAPALLI,SELF FINANCING COLLEGES TIER 3,CS,Computer Science and Engineering,18128.0,29117.0,40939.0,24078.0,69447.0,89513.0,88704.0,0,0,0,0,0,0,0,2021
3819,"Saranathan College of Engineering, Panjappur, Tiruchirappalli District 620012",TIRUCHIRAPALLI,SELF FINANCING COLLEGES TIER 3,EC,ELECTRONICS AND COMMUNICATION ENGINEERING,33628.0,42684.0,55763.0,37557.0,83354.0,109962.0,62630.0,0,0,0,0,0,1,0,2021
3819,"Saranathan College of Engineering, Panjappur, Tiruchirappalli District 620012",TIRUCHIRAPALLI,SELF FINANCING COLLEGES TIER 3,EE,Electrical and Electronics Engineering,47514.0,58282.0,78996.0,59711.0,109782.0,100172.0,,0,0,0,0,0,1,0,2021
3819,"Saranathan College of Engineering, Panjappur, Tiruchirappalli District 620012",TIRUCHIRAPALLI,SELF FINANCING COLLEGES TIER 3,IC,INSTRUMENTATION AND CONTROL ENGINEERING,55524.0,65773.0,71678.0,,,,,0,0,0,0,0,0,0,2021
3819,"Saranathan College of Engineering, Panjappur, Tiruchirappalli District 620012",TIRUCHIRAPALLI,SELF FINANCING COLLEGES TIER 3,IT,INFORMATION TECHNOLOGY,27248.0,35682.0,41697.0,28505.0,71160.0,99435.0,,0,0,0,0,0,0,0,2021
3819,"Saranathan College of Engineering, Panjappur, Tiruchirappalli District 620012",TIRUCHIRAPALLI,SELF FINANCING COLLEGES TIER 3,ME,Mechanical Engineering,60804.0,84205.0,65654.0,,119353.0,,,0,0,0,0,0,0,0,2021
3820,"Trichy Engineering College, Konalai, Tiruchirappalli District 621132",TIRUCHIRAPALLI,SELF FINANCING COLLEGES TIER 3,CE,CIVIL ENGINEERING,127299.0,,,,,,,1,0,0,0,0,0,0,2021
3820,"Trichy Engineering College, Konalai, Tiruchirappalli District 621132",TIRUCHIRAPALLI,SELF FINANCING COLLEGES TIER 3,CS,Computer Science and Engineering,107410.0,136231.0,,113589.0,136913.0,,,0,1,0,1,1,0,0,2021
3820,"Trichy Engineering College, Konalai, Tiruchirappalli District 621132",TIRUCHIRAPALLI,SELF FINANCING COLLEGES TIER 3,EC,ELECTRONICS AND COMMUNICATION ENGINEERING,130321.0,,,,,,,1,0,0,0,0,0,0,2021
3820,"Trichy Engineering College, Konalai, Tiruchirappalli District 621132",TIRUCHIRAPALLI,SELF FINANCING COLLEGES TIER 3,EE,Electrical and Electronics Engineering,135531.0,,,,,,,1,0,0,0,0,0,0,2021
3820,"Trichy Engineering College, Konalai, Tiruchirappalli District 621132",TIRUCHIRAPALLI,SELF FINANCING COLLEGES TIER 3,ME,Mechanical Engineering,71024.0,,,,,,,1,0,0,0,0,0,0,2021
3820,"Trichy Engineering College, Konalai, Tiruchirappalli District 621132",TIRUCHIRAPALLI,SELF FINANCING COLLEGES TIER 3,MZ,Mechatronics Engineering,,,,,,,,0,0,0,0,0,0,0,2021
3821,"A R J College of Engineering and Technology, Mannargudi Taluk, Thiruvarur District 614001",THIRUVARUR,SELF FINANCING COLLEGES TIER 3,CE,CIVIL ENGINEERING,116373.0,,,,,,,1,0,0,0,0,0,0,2021
3821,"A R J College of Engineering and Technology, Mannargudi Taluk, Thiruvarur District 614001",THIRUVARUR,SELF FINANCING COLLEGES TIER 3,CS,Computer Science and Engineering,123091.0,131881.0,133897.0,,133118.0,,,0,1,1,0,0,0,0,2021
3821,"A R J College of Engineering and Technology, Mannargudi Taluk, Thiruvarur District 614001",THIRUVARUR,SELF FINANCING COLLEGES TIER 3,EC,ELECTRONICS AND COMMUNICATION ENGINEERING,36438.0,,,,,,,1,0,0,0,0,0,0,2021
3821,"A R J College of Engineering and Technology, Mannargudi Taluk, Thiruvarur District 614001",THIRUVARUR,SELF FINANCING COLLEGES TIER 3,EE,Electrical and Electronics Engineering,117376.0,,,,,,,1,0,0,0,0,0,0,2021
3821,"A R J College of Engineering and Technology, Mannargudi Taluk, Thiruvarur District 614001",THIRUVARUR,SELF FINANCING COLLEGES TIER 3,ME,Mechanical Engineering,107214.0,,,,,,,1,0,0,0,0,0,0,2021
3822,"Dr.Navalar Nedunchezhiyan College of Engineering,Raja Nagar,Vaithiyanathapuram,tholudur, Cuddalore-606303",CUDDALORE,SELF FINANCING COLLEGES TIER 3,CE,CIVIL ENGINEERING,,,,,,,,0,0,0,0,0,0,0,2021
3822,"Dr.Navalar Nedunchezhiyan College of Engineering,Raja Nagar,Vaithiyanathapuram,tholudur, Cuddalore-606303",CUDDALORE,SELF FINANCING COLLEGES TIER 3,CS,Computer Science and Engineering,129562.0,,,,,,,0,0,0,0,0,0,0,2021
3822,"Dr.Navalar Nedunchezhiyan College of Engineering,Raja Nagar,Vaithiyanathapuram,tholudur, Cuddalore-606303",CUDDALORE,SELF FINANCING COLLEGES TIER 3,EC,ELECTRONICS AND COMMUNICATION ENGINEERING,,,,,,,,0,0,0,0,0,0,0,2021
3822,"Dr.Navalar Nedunchezhiyan College of Engineering,Raja Nagar,Vaithiyanathapuram,tholudur, Cuddalore-606303",CUDDALORE,SELF FINANCING COLLEGES TIER 3,EE,Electrical and Electronics Engineering,,,,,,,,0,0,0,0,0,0,0,2021
3822,"Dr.Navalar Nedunchezhiyan College of Engineering,Raja Nagar,Vaithiyanathapuram,tholudur, Cuddalore-606303",CUDDALORE,SELF FINANCING COLLEGES TIER 3,ME,Mechanical Engineering,,,,,,,,0,0,0,0,0,0,0,2021
3825,"St. Joseph's College of Engineering and Technology, Elupatti Village, Rawaspatti Post, Thanjavur District 613403",THANJAVUR,SELF FINANCING COLLEGES TIER 3,CS,Computer Science and Engineering,83361.0,136269.0,104892.0,92386.0,120757.0,,110307.0,0,1,0,0,0,0,0,2021
3825,"St. Joseph's College of Engineering and Technology, Elupatti Village, Rawaspatti Post, Thanjavur District 613403",THANJAVUR,SELF FINANCING COLLEGES TIER 3,EC,ELECTRONICS AND COMMUNICATION ENGINEERING,87048.0,110918.0,123066.0,,120969.0,,,0,1,0,0,1,0,0,2021
3825,"St. Joseph's College of Engineering and Technology, Elupatti Village, Rawaspatti Post, Thanjavur District 613403",THANJAVUR,SELF FINANCING COLLEGES TIER 3,EE,Electrical and Electronics Engineering,120104.0,120758.0,134249.0,,122143.0,,,0,1,0,0,1,0,0,2021
3825,"St. Joseph's College of Engineering and Technology, Elupatti Village, Rawaspatti Post, Thanjavur District 613403",THANJAVUR,SELF FINANCING COLLEGES TIER 3,ME,Mechanical Engineering,127945.0,130161.0,,,136477.0,,,0,1,0,0,1,0,0,2021
3826,"Kongunadu College of Engineering and Technology (Autonomous), Tholurpatti, Thottiyam, Tiruchirappalli District 621215",TIRUCHIRAPALLI,SELF FINANCING COLLEGES TIER 3,AD,Artificial Intelligence and Data Science,44171.0,55842.0,79446.0,,77241.0,,105636.0,0,0,0,0,0,0,0,2021
3826,"Kongunadu College of Engineering and Technology (Autonomous), Tholurpatti, Thottiyam, Tiruchirappalli District 621215",TIRUCHIRAPALLI,SELF FINANCING COLLEGES TIER 3,AG,Agricultural Engineering,82387.0,115040.0,,92166.0,121153.0,,107633.0,0,0,0,0,0,0,0,2021
3826,"Kongunadu College of Engineering and Technology (Autonomous), Tholurpatti, Thottiyam, Tiruchirappalli District 621215",TIRUCHIRAPALLI,SELF FINANCING COLLEGES TIER 3,BM,BIO MEDICAL ENGINEERING,59499.0,88031.0,71865.0,79821.0,130264.0,129515.0,,0,0,0,0,0,0,0,2021
3826,"Kongunadu College of Engineering and Technology (Autonomous), Tholurpatti, Thottiyam, Tiruchirappalli District 621215",TIRUCHIRAPALLI,SELF FINANCING COLLEGES TIER 3,CE,CIVIL ENGINEERING,95789.0,127715.0,,120088.0,128657.0,,,0,0,0,0,1,0,0,2021
3826,"Kongunadu College of Engineering and Technology (Autonomous), Tholurpatti, Thottiyam, Tiruchirappalli District 621215",TIRUCHIRAPALLI,SELF FINANCING COLLEGES TIER 3,CS,Computer Science and Engineering,24328.0,32855.0,54763.0,31772.0,110942.0,105833.0,98343.0,0,0,0,0,0,0,0,2021
3826,"Kongunadu College of Engineering and Technology (Autonomous), Tholurpatti, Thottiyam, Tiruchirappalli District 621215",TIRUCHIRAPALLI,SELF FINANCING COLLEGES TIER 3,EC,ELECTRONICS AND COMMUNICATION ENGINEERING,53215.0,69994.0,97570.0,68345.0,107548.0,125055.0,,0,0,0,0,0,0,0,2021
3826,"Kongunadu College of Engineering and Technology (Autonomous), Tholurpatti, Thottiyam, Tiruchirappalli District 621215",TIRUCHIRAPALLI,SELF FINANCING COLLEGES TIER 3,EE,Electrical and Electronics Engineering,73096.0,90848.0,75581.0,84124.0,119510.0,128093.0,,0,0,0,0,0,0,0,2021
3826,"Kongunadu College of Engineering and Technology (Autonomous), Tholurpatti, Thottiyam, Tiruchirappalli District 621215",TIRUCHIRAPALLI,SELF FINANCING COLLEGES TIER 3,IT,INFORMATION TECHNOLOGY,34358.0,44185.0,71191.0,42736.0,111829.0,102285.0,,0,0,0,0,0,0,0,2021
3826,"Kongunadu College of Engineering and Technology (Autonomous), Tholurpatti, Thottiyam, Tiruchirappalli District 621215",TIRUCHIRAPALLI,SELF FINANCING COLLEGES TIER 3,ME,Mechanical Engineering,95643.0,125128.0,123559.0,100783.0,135908.0,114409.0,130426.0,0,0,1,0,1,0,0,2021
3829,"M.A.M. College of Engineering and Technology, Trichy-Chennai Trunk Road, Siruganur, Tiruchirappalli District 621105",TIRUCHIRAPALLI,SELF FINANCING COLLEGES TIER 3,CE,CIVIL ENGINEERING,136902.0,,,,,,,1,0,0,0,0,0,0,2021
3829,"M.A.M. College of Engineering and Technology, Trichy-Chennai Trunk Road, Siruganur, Tiruchirappalli District 621105",TIRUCHIRAPALLI,SELF FINANCING COLLEGES TIER 3,CS,Computer Science and Engineering,80969.0,118975.0,99166.0,,134626.0,128086.0,,0,0,0,0,0,1,0,2021
3829,"M.A.M. College of Engineering and Technology, Trichy-Chennai Trunk Road, Siruganur, Tiruchirappalli District 621105",TIRUCHIRAPALLI,SELF FINANCING COLLEGES TIER 3,EC,ELECTRONICS AND COMMUNICATION ENGINEERING,101996.0,134675.0,105562.0,112125.0,132545.0,,,0,1,0,1,1,0,0,2021
3829,"M.A.M. College of Engineering and Technology, Trichy-Chennai Trunk Road, Siruganur, Tiruchirappalli District 621105",TIRUCHIRAPALLI,SELF FINANCING COLLEGES TIER 3,EE,Electrical and Electronics Engineering,123454.0,124662.0,135380.0,,132853.0,129006.0,,0,1,1,0,1,1,0,2021
3829,"M.A.M. College of Engineering and Technology, Trichy-Chennai Trunk Road, Siruganur, Tiruchirappalli District 621105",TIRUCHIRAPALLI,SELF FINANCING COLLEGES TIER 3,IT,INFORMATION TECHNOLOGY,78831.0,127180.0,90777.0,124570.0,112484.0,95494.0,,0,0,0,0,1,1,0,2021
3829,"M.A.M. College of Engineering and Technology, Trichy-Chennai Trunk Road, Siruganur, Tiruchirappalli District 621105",TIRUCHIRAPALLI,SELF FINANCING COLLEGES TIER 3,ME,Mechanical Engineering,136540.0,,,,,,,1,0,0,0,0,0,0,2021
3830,"K Ramakrishnan College of Engineering (Autonomous), Kariyamanickam Road, Samayapuram, Manachanallur Taluk, Tiruchirappalli District 621112",TIRUCHIRAPALLI,SELF FINANCING COLLEGES TIER 3,AD,Artificial Intelligence and Data Science,42391.0,53610.0,,46401.0,102254.0,126375.0,,0,0,0,0,0,0,0,2021
3830,"K Ramakrishnan College of Engineering (Autonomous), Kariyamanickam Road, Samayapuram, Manachanallur Taluk, Tiruchirappalli District 621112",TIRUCHIRAPALLI,SELF FINANCING COLLEGES TIER 3,AL,Artificial Intelligence and Machine Learning,54653.0,62828.0,65438.0,57278.0,123044.0,,,0,0,0,0,0,0,0,2021
3830,"K Ramakrishnan College of Engineering (Autonomous), Kariyamanickam Road, Samayapuram, Manachanallur Taluk, Tiruchirappalli District 621112",TIRUCHIRAPALLI,SELF FINANCING COLLEGES TIER 3,CB,COMPUTER SCIENCE AND BUSSINESS SYSTEM,46311.0,54562.0,57910.0,56020.0,127422.0,,,0,0,0,0,0,0,0,2021
3830,"K Ramakrishnan College of Engineering (Autonomous), Kariyamanickam Road, Samayapuram, Manachanallur Taluk, Tiruchirappalli District 621112",TIRUCHIRAPALLI,SELF FINANCING COLLEGES TIER 3,CS,Computer Science and Engineering,19445.0,31018.0,54458.0,37596.0,84224.0,98222.0,,0,0,0,0,0,0,0,2021
3830,"K Ramakrishnan College of Engineering (Autonomous), Kariyamanickam Road, Samayapuram, Manachanallur Taluk, Tiruchirappalli District 621112",TIRUCHIRAPALLI,SELF FINANCING COLLEGES TIER 3,EC,ELECTRONICS AND COMMUNICATION ENGINEERING,48069.0,57653.0,59533.0,59714.0,134310.0,118904.0,,0,0,0,0,0,1,0,2021
3830,"K Ramakrishnan College of Engineering (Autonomous), Kariyamanickam Road, Samayapuram, Manachanallur Taluk, Tiruchirappalli District 621112",TIRUCHIRAPALLI,SELF FINANCING COLLEGES TIER 3,EE,Electrical and Electronics Engineering,57509.0,78001.0,82514.0,60916.0,130880.0,,,0,0,0,0,0,0,0,2021
3830,"K Ramakrishnan College of Engineering (Autonomous), Kariyamanickam Road, Samayapuram, Manachanallur Taluk, Tiruchirappalli District 621112",TIRUCHIRAPALLI,SELF FINANCING COLLEGES TIER 3,IT,INFORMATION TECHNOLOGY,36452.0,39906.0,52174.0,38322.0,87284.0,,,0,0,0,0,0,0,0,2021
3830,"K Ramakrishnan College of Engineering (Autonomous), Kariyamanickam Road, Samayapuram, Manachanallur Taluk, Tiruchirappalli District 621112",TIRUCHIRAPALLI,SELF FINANCING COLLEGES TIER 3,ME,Mechanical Engineering,72953.0,94850.0,88158.0,,111122.0,108347.0,,0,0,0,0,0,0,0,2021
3831,"Indra Ganesan College of Engineering, Madurai Main Road, Manikandam, Tiruchirappalli District 620012",TIRUCHIRAPALLI,SELF FINANCING COLLEGES TIER 3,CS,Computer Science and Engineering,100569.0,130579.0,131607.0,,131524.0,,,0,1,0,0,1,0,0,2021
3831,"Indra Ganesan College of Engineering, Madurai Main Road, Manikandam, Tiruchirappalli District 620012",TIRUCHIRAPALLI,SELF FINANCING COLLEGES TIER 3,EC,ELECTRONICS AND COMMUNICATION ENGINEERING,124397.0,,,,,,,1,0,0,0,0,0,0,2021
3831,"Indra Ganesan College of Engineering, Madurai Main Road, Manikandam, Tiruchirappalli District 620012",TIRUCHIRAPALLI,SELF FINANCING COLLEGES TIER 3,EE,Electrical and Electronics Engineering,92852.0,,,,,,,1,0,0,0,0,0,0,2021
3831,"Indra Ganesan College of Engineering, Madurai Main Road, Manikandam, Tiruchirappalli District 620012",TIRUCHIRAPALLI,SELF FINANCING COLLEGES TIER 3,IT,INFORMATION TECHNOLOGY,134082.0,,,,,,,1,0,0,0,0,0,0,2021
3831,"Indra Ganesan College of Engineering, Madurai Main Road, Manikandam, Tiruchirappalli District 620012",TIRUCHIRAPALLI,SELF FINANCING COLLEGES TIER 3,ME,Mechanical Engineering,122006.0,,,,,,,1,0,0,0,0,0,0,2021
3833,"Parisutham Institute of Technology and Science, Ring Road, Nanjikottai, Thanjavur District 613006",THANJAVUR,SELF FINANCING COLLEGES TIER 3,AE,AERONAUTICAL ENGINEERING,78437.0,,,,,,,1,0,0,0,0,0,0,2021
3833,"Parisutham Institute of Technology and Science, Ring Road, Nanjikottai, Thanjavur District 613006",THANJAVUR,SELF FINANCING COLLEGES TIER 3,CE,CIVIL ENGINEERING,117645.0,,,,,,,1,0,0,0,0,0,0,2021
3833,"Parisutham Institute of Technology and Science, Ring Road, Nanjikottai, Thanjavur District 613006",THANJAVUR,SELF FINANCING COLLEGES TIER 3,CS,Computer Science and Engineering,54676.0,76301.0,95803.0,90337.0,119207.0,,,0,0,0,0,1,0,0,2021
3833,"Parisutham Institute of Technology and Science, Ring Road, Nanjikottai, Thanjavur District 613006",THANJAVUR,SELF FINANCING COLLEGES TIER 3,EC,ELECTRONICS AND COMMUNICATION ENGINEERING,99590.0,131697.0,108617.0,,121186.0,,,0,1,0,0,1,0,0,2021
3833,"Parisutham Institute of Technology and Science, Ring Road, Nanjikottai, Thanjavur District 613006",THANJAVUR,SELF FINANCING COLLEGES TIER 3,EE,Electrical and Electronics Engineering,127520.0,,,,,,,1,0,0,0,0,0,0,2021
3833,"Parisutham Institute of Technology and Science, Ring Road, Nanjikottai, Thanjavur District 613006",THANJAVUR,SELF FINANCING COLLEGES TIER 3,ME,Mechanical Engineering,126594.0,,,,,,,1,0,0,0,0,0,0,2021
3841,"CARE College of Engineering (Formerly C.A.R.E Group of Institutions), Thayanoor Village, Thayanoor Village, Kuttappatti, Srirangam Taluk, Tiruchirappalli District 620009",TIRUCHIRAPALLI,SELF FINANCING COLLEGES TIER 3,AD,Artificial Intelligence and Data Science,62131.0,86482.0,81706.0,67988.0,120802.0,,,0,0,0,0,0,0,0,2021
3841,"CARE College of Engineering (Formerly C.A.R.E Group of Institutions), Thayanoor Village, Thayanoor Village, Kuttappatti, Srirangam Taluk, Tiruchirappalli District 620009",TIRUCHIRAPALLI,SELF FINANCING COLLEGES TIER 3,CE,CIVIL ENGINEERING,130502.0,,,,,,,1,0,0,0,0,0,0,2021
3841,"CARE College of Engineering (Formerly C.A.R.E Group of Institutions), Thayanoor Village, Thayanoor Village, Kuttappatti, Srirangam Taluk, Tiruchirappalli District 620009",TIRUCHIRAPALLI,SELF FINANCING COLLEGES TIER 3,CS,Computer Science and Engineering,71351.0,84836.0,80850.0,79375.0,117927.0,83581.0,,0,0,0,0,0,0,0,2021
3841,"CARE College of Engineering (Formerly C.A.R.E Group of Institutions), Thayanoor Village, Thayanoor Village, Kuttappatti, Srirangam Taluk, Tiruchirappalli District 620009",TIRUCHIRAPALLI,SELF FINANCING COLLEGES TIER 3,EC,ELECTRONICS AND COMMUNICATION ENGINEERING,81192.0,111592.0,,,,,,0,0,0,0,0,0,0,2021
3841,"CARE College of Engineering (Formerly C.A.R.E Group of Institutions), Thayanoor Village, Thayanoor Village, Kuttappatti, Srirangam Taluk, Tiruchirappalli District 620009",TIRUCHIRAPALLI,SELF FINANCING COLLEGES TIER 3,ME,Mechanical Engineering,135471.0,,,,,,,1,0,0,0,0,0,0,2021
3843,"M R K Institute of Technology, Nattarmangalam Village, Kattumannarkoil, Cuddalore District 608306",CUDDALORE,SELF FINANCING COLLEGES TIER 3,CE,CIVIL ENGINEERING,127836.0,,,,,,,1,0,0,0,0,0,0,2021
3843,"M R K Institute of Technology, Nattarmangalam Village, Kattumannarkoil, Cuddalore District 608306",CUDDALORE,SELF FINANCING COLLEGES TIER 3,CS,Computer Science and Engineering,72858.0,117364.0,126717.0,95391.0,132742.0,,,0,0,0,0,1,0,0,2021
3843,"M R K Institute of Technology, Nattarmangalam Village, Kattumannarkoil, Cuddalore District 608306",CUDDALORE,SELF FINANCING COLLEGES TIER 3,EC,ELECTRONICS AND COMMUNICATION ENGINEERING,106148.0,132847.0,132689.0,119347.0,136743.0,,,0,1,1,1,1,0,0,2021
3843,"M R K Institute of Technology, Nattarmangalam Village, Kattumannarkoil, Cuddalore District 608306",CUDDALORE,SELF FINANCING COLLEGES TIER 3,EE,Electrical and Electronics Engineering,112488.0,132724.0,128241.0,127258.0,116926.0,,,0,1,1,0,1,0,0,2021
3843,"M R K Institute of Technology, Nattarmangalam Village, Kattumannarkoil, Cuddalore District 608306",CUDDALORE,SELF FINANCING COLLEGES TIER 3,ME,Mechanical Engineering,130326.0,135397.0,,130401.0,134408.0,,,0,1,0,1,1,0,0,2021
3844,"Shivani Engineering College, Trichy-Dindigul NH Road, Poolangulathupatti, Tiruchirappalli - 620009",TIRUCHIRAPALLI,SELF FINANCING COLLEGES TIER 3,BM,BIO MEDICAL ENGINEERING,136162.0,,,,,,,1,0,0,0,0,0,0,2021
3844,"Shivani Engineering College, Trichy-Dindigul NH Road, Poolangulathupatti, Tiruchirappalli - 620009",TIRUCHIRAPALLI,SELF FINANCING COLLEGES TIER 3,CS,Computer Science and Engineering,120369.0,133805.0,,,134438.0,,,0,1,0,0,1,0,0,2021
3844,"Shivani Engineering College, Trichy-Dindigul NH Road, Poolangulathupatti, Tiruchirappalli - 620009",TIRUCHIRAPALLI,SELF FINANCING COLLEGES TIER 3,EE,Electrical and Electronics Engineering,,,,,,,,0,0,0,0,0,0,0,2021
3844,"Shivani Engineering College, Trichy-Dindigul NH Road, Poolangulathupatti, Tiruchirappalli - 620009",TIRUCHIRAPALLI,SELF FINANCING COLLEGES TIER 3,ME,Mechanical Engineering,,,,,,,,0,0,0,0,0,0,0,2021
3846,"Mother Terasa College of Engineering and Technology, Mettusalai Post and Taluk, Pudukkottai District 622102",PUDUKKOTTAI,SELF FINANCING COLLEGES TIER 3,CE,CIVIL ENGINEERING,121304.0,,,,,,,1,0,0,0,0,0,0,2021
3846,"Mother Terasa College of Engineering and Technology, Mettusalai Post and Taluk, Pudukkottai District 622102",PUDUKKOTTAI,SELF FINANCING COLLEGES TIER 3,CS,Computer Science and Engineering,123452.0,,,,135600.0,,,0,0,0,0,1,0,0,2021
3846,"Mother Terasa College of Engineering and Technology, Mettusalai Post and Taluk, Pudukkottai District 622102",PUDUKKOTTAI,SELF FINANCING COLLEGES TIER 3,EC,ELECTRONICS AND COMMUNICATION ENGINEERING,106979.0,,,,,,,1,0,0,0,0,0,0,2021
3846,"Mother Terasa College of Engineering and Technology, Mettusalai Post and Taluk, Pudukkottai District 622102",PUDUKKOTTAI,SELF FINANCING COLLEGES TIER 3,EE,Electrical and Electronics Engineering,133856.0,,,,,,,1,0,0,0,0,0,0,2021
3846,"Mother Terasa College of Engineering and Technology, Mettusalai Post and Taluk, Pudukkottai District 622102",PUDUKKOTTAI,SELF FINANCING COLLEGES TIER 3,ME,Mechanical Engineering,102065.0,,,,,,,1,0,0,0,0,0,0,2021
3848,"Vandayar Engineering College, Pulavarnatham Post, Mariamman Koil (Via), Thanjavur District 613001",THANJAVUR,SELF FINANCING COLLEGES TIER 3,CE,CIVIL ENGINEERING,126699.0,,,,,,,1,0,0,0,0,0,0,2021
3848,"Vandayar Engineering College, Pulavarnatham Post, Mariamman Koil (Via), Thanjavur District 613001",THANJAVUR,SELF FINANCING COLLEGES TIER 3,CS,Computer Science and Engineering,136745.0,,,,,,,1,0,0,0,0,0,0,2021
3848,"Vandayar Engineering College, Pulavarnatham Post, Mariamman Koil (Via), Thanjavur District 613001",THANJAVUR,SELF FINANCING COLLEGES TIER 3,EC,ELECTRONICS AND COMMUNICATION ENGINEERING,,,,,,,,0,0,0,0,0,0,0,2021
3848,"Vandayar Engineering College, Pulavarnatham Post, Mariamman Koil (Via), Thanjavur District 613001",THANJAVUR,SELF FINANCING COLLEGES TIER 3,EE,Electrical and Electronics Engineering,,,,,,,,0,0,0,0,0,0,0,2021
3848,"Vandayar Engineering College, Pulavarnatham Post, Mariamman Koil (Via), Thanjavur District 613001",THANJAVUR,SELF FINANCING COLLEGES TIER 3,ME,Mechanical Engineering,134495.0,,,,,,,1,0,0,0,0,0,0,2021
3849,"Annai College of Engineering and Technology, Anakudi Road, Kovilacheri, Kumbakonam, Thanjavur District 612503",THANJAVUR,SELF FINANCING COLLEGES TIER 3,CE,CIVIL ENGINEERING,130156.0,,,,,,,1,0,0,0,0,0,0,2021
3849,"Annai College of Engineering and Technology, Anakudi Road, Kovilacheri, Kumbakonam, Thanjavur District 612503",THANJAVUR,SELF FINANCING COLLEGES TIER 3,CS,Computer Science and Engineering,112659.0,131418.0,136712.0,,135906.0,,,0,1,1,0,1,0,0,2021
3849,"Annai College of Engineering and Technology, Anakudi Road, Kovilacheri, Kumbakonam, Thanjavur District 612503",THANJAVUR,SELF FINANCING COLLEGES TIER 3,EC,ELECTRONICS AND COMMUNICATION ENGINEERING,136409.0,,,,,,,1,0,0,0,0,0,0,2021
3849,"Annai College of Engineering and Technology, Anakudi Road, Kovilacheri, Kumbakonam, Thanjavur District 612503",THANJAVUR,SELF FINANCING COLLEGES TIER 3,EE,Electrical and Electronics Engineering,123539.0,,,,,,,1,0,0,0,0,0,0,2021
3849,"Annai College of Engineering and Technology, Anakudi Road, Kovilacheri, Kumbakonam, Thanjavur District 612503",THANJAVUR,SELF FINANCING COLLEGES TIER 3,IT,INFORMATION TECHNOLOGY,96307.0,135204.0,108289.0,,118152.0,,,0,1,1,0,0,0,0,2021
3849,"Annai College of Engineering and Technology, Anakudi Road, Kovilacheri, Kumbakonam, Thanjavur District 612503",THANJAVUR,SELF FINANCING COLLEGES TIER 3,ME,Mechanical Engineering,136748.0,,,,,,,1,0,0,0,0,0,0,2021
3850,"Vetri Vinayaha College of Engineering and Technology, Namakkal-Trichy Main Road, Tholurpatti Village, Thottiam, Tiruchirappalli District 621215",TIRUCHIRAPALLI,SELF FINANCING COLLEGES TIER 3,CE,CIVIL ENGINEERING,,,,,,,,0,0,0,0,0,0,0,2021
3850,"Vetri Vinayaha College of Engineering and Technology, Namakkal-Trichy Main Road, Tholurpatti Village, Thottiam, Tiruchirappalli District 621215",TIRUCHIRAPALLI,SELF FINANCING COLLEGES TIER 3,CS,Computer Science and Engineering,124101.0,,,,,,,1,0,0,0,0,0,0,2021
3850,"Vetri Vinayaha College of Engineering and Technology, Namakkal-Trichy Main Road, Tholurpatti Village, Thottiam, Tiruchirappalli District 621215",TIRUCHIRAPALLI,SELF FINANCING COLLEGES TIER 3,EC,ELECTRONICS AND COMMUNICATION ENGINEERING,,,,,,,,0,0,0,0,0,0,0,2021
3850,"Vetri Vinayaha College of Engineering and Technology, Namakkal-Trichy Main Road, Tholurpatti Village, Thottiam, Tiruchirappalli District 621215",TIRUCHIRAPALLI,SELF FINANCING COLLEGES TIER 3,EE,Electrical and Electronics Engineering,,,,,,,,0,0,0,0,0,0,0,2021
3850,"Vetri Vinayaha College of Engineering and Technology, Namakkal-Trichy Main Road, Tholurpatti Village, Thottiam, Tiruchirappalli District 621215",TIRUCHIRAPALLI,SELF FINANCING COLLEGES TIER 3,ME,Mechanical Engineering,123219.0,,,,,,,1,0,0,0,0,0,0,2021
3852,"Sri Bharathi Engineering College for Women, Kaikkuruchi Village, Alangudi Taluk, Pudukkottai District 622303",PUDUKKOTTAI,SELF FINANCING COLLEGES TIER 3,CE,CIVIL ENGINEERING,88739.0,,,,,,,1,0,0,0,0,0,0,2021
3852,"Sri Bharathi Engineering College for Women, Kaikkuruchi Village, Alangudi Taluk, Pudukkottai District 622303",PUDUKKOTTAI,SELF FINANCING COLLEGES TIER 3,CS,Computer Science and Engineering,93022.0,93948.0,128021.0,,104272.0,,,0,1,0,0,1,0,0,2021
3852,"Sri Bharathi Engineering College for Women, Kaikkuruchi Village, Alangudi Taluk, Pudukkottai District 622303",PUDUKKOTTAI,SELF FINANCING COLLEGES TIER 3,EC,ELECTRONICS AND COMMUNICATION ENGINEERING,126587.0,,,,,,,1,0,0,0,0,0,0,2021
3852,"Sri Bharathi Engineering College for Women, Kaikkuruchi Village, Alangudi Taluk, Pudukkottai District 622303",PUDUKKOTTAI,SELF FINANCING COLLEGES TIER 3,EE,Electrical and Electronics Engineering,,,,,,,,0,0,0,0,0,0,0,2021
3854,"Mahath Amma Institute of Engineering and Technology (MIET), Ariyur, Annavasal Road, Illupur Taluk, Pudukkottai District 622101",PUDUKKOTTAI,SELF FINANCING COLLEGES TIER 3,CS,Computer Science and Engineering,136507.0,,,,,,,1,0,0,0,0,0,0,2021
3854,"Mahath Amma Institute of Engineering and Technology (MIET), Ariyur, Annavasal Road, Illupur Taluk, Pudukkottai District 622101",PUDUKKOTTAI,SELF FINANCING COLLEGES TIER 3,EE,Electrical and Electronics Engineering,135077.0,,,,,,,1,0,0,0,0,0,0,2021
3854,"Mahath Amma Institute of Engineering and Technology (MIET), Ariyur, Annavasal Road, Illupur Taluk, Pudukkottai District 622101",PUDUKKOTTAI,SELF FINANCING COLLEGES TIER 3,ME,Mechanical Engineering,134636.0,,,,,,,1,0,0,0,0,0,0,2021
3855,"As-Salam College of Engineering and Technology, Thirumangalakudi, Aduthurai, Thiruvidaimaruthur, Thanjavur District 612102",THANJAVUR,SELF FINANCING COLLEGES TIER 3,CE,CIVIL ENGINEERING,125262.0,,,,,,,1,0,0,0,0,0,0,2021
3855,"As-Salam College of Engineering and Technology, Thirumangalakudi, Aduthurai, Thiruvidaimaruthur, Thanjavur District 612102",THANJAVUR,SELF FINANCING COLLEGES TIER 3,CS,Computer Science and Engineering,114375.0,,,,,,,1,0,0,0,0,0,0,2021
3855,"As-Salam College of Engineering and Technology, Thirumangalakudi, Aduthurai, Thiruvidaimaruthur, Thanjavur District 612102",THANJAVUR,SELF FINANCING COLLEGES TIER 3,EC,ELECTRONICS AND COMMUNICATION ENGINEERING,98606.0,,,,,,,1,0,0,0,0,0,0,2021
3855,"As-Salam College of Engineering and Technology, Thirumangalakudi, Aduthurai, Thiruvidaimaruthur, Thanjavur District 612102",THANJAVUR,SELF FINANCING COLLEGES TIER 3,EE,Electrical and Electronics Engineering,118158.0,,,,,,,1,0,0,0,0,0,0,2021
3855,"As-Salam College of Engineering and Technology, Thirumangalakudi, Aduthurai, Thiruvidaimaruthur, Thanjavur District 612102",THANJAVUR,SELF FINANCING COLLEGES TIER 3,ME,Mechanical Engineering,,,,,,,,0,0,0,0,0,0,0,2021
3857,"Meenakshi Ramaswamy Engineering College, Trichy Main Road, Thathanur, Udayarpalayam, Ariyalur District 621804",ARIYALUR,SELF FINANCING COLLEGES TIER 3,CE,CIVIL ENGINEERING,135518.0,,,,,,,1,0,0,0,0,0,0,2021
3857,"Meenakshi Ramaswamy Engineering College, Trichy Main Road, Thathanur, Udayarpalayam, Ariyalur District 621804",ARIYALUR,SELF FINANCING COLLEGES TIER 3,CS,Computer Science and Engineering,129860.0,,,,,,,0,0,0,0,0,0,0,2021
3857,"Meenakshi Ramaswamy Engineering College, Trichy Main Road, Thathanur, Udayarpalayam, Ariyalur District 621804",ARIYALUR,SELF FINANCING COLLEGES TIER 3,EC,ELECTRONICS AND COMMUNICATION ENGINEERING,98422.0,,,,,,,1,0,0,0,0,0,0,2021
3857,"Meenakshi Ramaswamy Engineering College, Trichy Main Road, Thathanur, Udayarpalayam, Ariyalur District 621804",ARIYALUR,SELF FINANCING COLLEGES TIER 3,EE,Electrical and Electronics Engineering,133137.0,,,,,,,1,0,0,0,0,0,0,2021
3857,"Meenakshi Ramaswamy Engineering College, Trichy Main Road, Thathanur, Udayarpalayam, Ariyalur District 621804",ARIYALUR,SELF FINANCING COLLEGES TIER 3,ME,Mechanical Engineering,104906.0,,,,,,,1,0,0,0,0,0,0,2021
3859,"Sembodai Rukmani Varatharajan Engineering College, Sembodai Village, Vedaraniam, Nagappattinam District 614820",NAGAPATTINAM,SELF FINANCING COLLEGES TIER 3,CE,CIVIL ENGINEERING,,,,,,,,0,0,0,0,0,0,0,2021
3859,"Sembodai Rukmani Varatharajan Engineering College, Sembodai Village, Vedaraniam, Nagappattinam District 614820",NAGAPATTINAM,SELF FINANCING COLLEGES TIER 3,CS,Computer Science and Engineering,,,,,,,,0,0,0,0,0,0,0,2021
3859,"Sembodai Rukmani Varatharajan Engineering College, Sembodai Village, Vedaraniam, Nagappattinam District 614820",NAGAPATTINAM,SELF FINANCING COLLEGES TIER 3,EC,ELECTRONICS AND COMMUNICATION ENGINEERING,,,,,,,,0,0,0,0,0,0,0,2021
3859,"Sembodai Rukmani Varatharajan Engineering College, Sembodai Village, Vedaraniam, Nagappattinam District 614820",NAGAPATTINAM,SELF FINANCING COLLEGES TIER 3,EE,Electrical and Electronics Engineering,,,,,,,,0,0,0,0,0,0,0,2021
3859,"Sembodai Rukmani Varatharajan Engineering College, Sembodai Village, Vedaraniam, Nagappattinam District 614820",NAGAPATTINAM,SELF FINANCING COLLEGES TIER 3,ME,Mechanical Engineering,,,,,,,,0,0,0,0,0,0,0,2021
3860,"St. Anne's College of Engineering and Technology, Anguchettypalayam, Siruvathur Post, Panruti, Cuddalore District 607110",CUDDALORE,SELF FINANCING COLLEGES TIER 3,CS,Computer Science and Engineering,117720.0,,136943.0,,135809.0,,,0,0,1,0,0,0,0,2021
3860,"St. Anne's College of Engineering and Technology, Anguchettypalayam, Siruvathur Post, Panruti, Cuddalore District 607110",CUDDALORE,SELF FINANCING COLLEGES TIER 3,EC,ELECTRONICS AND COMMUNICATION ENGINEERING,136350.0,,,,,,,1,0,0,0,0,0,0,2021
3860,"St. Anne's College of Engineering and Technology, Anguchettypalayam, Siruvathur Post, Panruti, Cuddalore District 607110",CUDDALORE,SELF FINANCING COLLEGES TIER 3,EE,Electrical and Electronics Engineering,136312.0,,,,,,,1,0,0,0,0,0,0,2021
3860,"St. Anne's College of Engineering and Technology, Anguchettypalayam, Siruvathur Post, Panruti, Cuddalore District 607110",CUDDALORE,SELF FINANCING COLLEGES TIER 3,ME,Mechanical Engineering,133383.0,,,,,,,1,0,0,0,0,0,0,2021
3905,"Kings College of Engineering, Punalkulam, Pudukkottai District 613303",PUDUKKOTTAI,SELF FINANCING COLLEGES TIER 3,CE,CIVIL ENGINEERING,131768.0,,,,,,,1,0,0,0,0,0,0,2021
3905,"Kings College of Engineering, Punalkulam, Pudukkottai District 613303",PUDUKKOTTAI,SELF FINANCING COLLEGES TIER 3,CS,Computer Science and Engineering,59098.0,85718.0,73006.0,118488.0,104819.0,,,0,0,0,1,0,0,0,2021
3905,"Kings College of Engineering, Punalkulam, Pudukkottai District 613303",PUDUKKOTTAI,SELF FINANCING COLLEGES TIER 3,EC,ELECTRONICS AND COMMUNICATION ENGINEERING,93485.0,120151.0,95697.0,128352.0,111134.0,,,0,0,0,0,0,0,0,2021
3905,"Kings College of Engineering, Punalkulam, Pudukkottai District 613303",PUDUKKOTTAI,SELF FINANCING COLLEGES TIER 3,EE,Electrical and Electronics Engineering,118324.0,130643.0,123336.0,,135527.0,,,0,1,0,0,0,0,0,2021
3905,"Kings College of Engineering, Punalkulam, Pudukkottai District 613303",PUDUKKOTTAI,SELF FINANCING COLLEGES TIER 3,ME,Mechanical Engineering,119704.0,129057.0,,,133091.0,,,0,1,0,0,1,0,0,2021
3908,"Mount Zion College of Engineering and Technology, Pilivalam Post, Pudukkottai District 622507",PUDUKKOTTAI,SELF FINANCING COLLEGES TIER 3,CE,CIVIL ENGINEERING,121546.0,131705.0,,,133535.0,,,0,1,0,0,1,0,0,2021
3908,"Mount Zion College of Engineering and Technology, Pilivalam Post, Pudukkottai District 622507",PUDUKKOTTAI,SELF FINANCING COLLEGES TIER 3,CS,Computer Science and Engineering,76994.0,114351.0,99894.0,99808.0,131150.0,,,0,0,0,0,1,0,0,2021
3908,"Mount Zion College of Engineering and Technology, Pilivalam Post, Pudukkottai District 622507",PUDUKKOTTAI,SELF FINANCING COLLEGES TIER 3,EC,ELECTRONICS AND COMMUNICATION ENGINEERING,79202.0,125279.0,,103665.0,103400.0,,,0,0,0,0,1,0,0,2021
3908,"Mount Zion College of Engineering and Technology, Pilivalam Post, Pudukkottai District 622507",PUDUKKOTTAI,SELF FINANCING COLLEGES TIER 3,EE,Electrical and Electronics Engineering,116001.0,,118153.0,,126570.0,,,0,0,1,0,1,0,0,2021
3908,"Mount Zion College of Engineering and Technology, Pilivalam Post, Pudukkottai District 622507",PUDUKKOTTAI,SELF FINANCING COLLEGES TIER 3,ME,Mechanical Engineering,126050.0,128253.0,,130182.0,,,,0,1,0,0,0,0,0,2021
3918,"Shanmuganathan Engineering College, Pillivalam Post, Pudukkottai District 622507",PUDUKKOTTAI,SELF FINANCING COLLEGES TIER 3,CE,CIVIL ENGINEERING,134867.0,,,,,,,0,0,0,0,0,0,0,2021
3918,"Shanmuganathan Engineering College, Pillivalam Post, Pudukkottai District 622507",PUDUKKOTTAI,SELF FINANCING COLLEGES TIER 3,CS,Computer Science and Engineering,98388.0,128970.0,108340.0,105946.0,112964.0,,,0,1,0,0,1,0,0,2021
3918,"Shanmuganathan Engineering College, Pillivalam Post, Pudukkottai District 622507",PUDUKKOTTAI,SELF FINANCING COLLEGES TIER 3,EC,ELECTRONICS AND COMMUNICATION ENGINEERING,86528.0,135843.0,133106.0,121935.0,,,,0,0,0,0,0,0,0,2021
3918,"Shanmuganathan Engineering College, Pillivalam Post, Pudukkottai District 622507",PUDUKKOTTAI,SELF FINANCING COLLEGES TIER 3,EE,Electrical and Electronics Engineering,125252.0,,,,,,,1,0,0,0,0,0,0,2021
3918,"Shanmuganathan Engineering College, Pillivalam Post, Pudukkottai District 622507",PUDUKKOTTAI,SELF FINANCING COLLEGES TIER 3,ME,Mechanical Engineering,132118.0,,,,,,,1,0,0,0,0,0,0,2021
3920,"Sudharsan Engineering College, Sathiyamangalam Post, Pudukkottai District 622501",PUDUKKOTTAI,SELF FINANCING COLLEGES TIER 3,AD,Artificial Intelligence and Data Science,107966.0,135781.0,,122879.0,121083.0,,,0,1,0,0,1,0,0,2021
3920,"Sudharsan Engineering College, Sathiyamangalam Post, Pudukkottai District 622501",PUDUKKOTTAI,SELF FINANCING COLLEGES TIER 3,CE,CIVIL ENGINEERING,133954.0,,,,,,,1,0,0,0,0,0,0,2021
3920,"Sudharsan Engineering College, Sathiyamangalam Post, Pudukkottai District 622501",PUDUKKOTTAI,SELF FINANCING COLLEGES TIER 3,CS,Computer Science and Engineering,91963.0,133066.0,124455.0,98701.0,129164.0,,,0,1,0,0,1,0,0,2021
3920,"Sudharsan Engineering College, Sathiyamangalam Post, Pudukkottai District 622501",PUDUKKOTTAI,SELF FINANCING COLLEGES TIER 3,EC,ELECTRONICS AND COMMUNICATION ENGINEERING,71571.0,,,,,,,1,0,0,0,0,0,0,2021
3920,"Sudharsan Engineering College, Sathiyamangalam Post, Pudukkottai District 622501",PUDUKKOTTAI,SELF FINANCING COLLEGES TIER 3,EE,Electrical and Electronics Engineering,128757.0,133459.0,,,,,,0,1,0,0,0,0,0,2021
3920,"Sudharsan Engineering College, Sathiyamangalam Post, Pudukkottai District 622501",PUDUKKOTTAI,SELF FINANCING COLLEGES TIER 3,ME,Mechanical Engineering,135280.0,,,,,,,1,0,0,0,0,0,0,2021
3926,"Chendhuran College of Engineering and Technology, Madurai Road, Lenavilakku, Pilivalam Post, Pudukkottai - 622 507",PUDUKKOTTAI,SELF FINANCING COLLEGES TIER 3,CE,CIVIL ENGINEERING,135438.0,,,,,,,1,0,0,0,0,0,0,2021
3926,"Chendhuran College of Engineering and Technology, Madurai Road, Lenavilakku, Pilivalam Post, Pudukkottai - 622 507",PUDUKKOTTAI,SELF FINANCING COLLEGES TIER 3,CS,Computer Science and Engineering,134375.0,,,,,,,1,0,0,0,0,0,0,2021
3926,"Chendhuran College of Engineering and Technology, Madurai Road, Lenavilakku, Pilivalam Post, Pudukkottai - 622 507",PUDUKKOTTAI,SELF FINANCING COLLEGES TIER 3,EC,ELECTRONICS AND COMMUNICATION ENGINEERING,136415.0,,,,,,,1,0,0,0,0,0,0,2021
3926,"Chendhuran College of Engineering and Technology, Madurai Road, Lenavilakku, Pilivalam Post, Pudukkottai - 622 507",PUDUKKOTTAI,SELF FINANCING COLLEGES TIER 3,EE,Electrical and Electronics Engineering,125069.0,,,,,,,1,0,0,0,0,0,0,2021
3926,"Chendhuran College of Engineering and Technology, Madurai Road, Lenavilakku, Pilivalam Post, Pudukkottai - 622 507",PUDUKKOTTAI,SELF FINANCING COLLEGES TIER 3,ME,Mechanical Engineering,136228.0,,,,,,,1,0,0,0,0,0,0,2021
4669,"Thamirabharani Engineering College, Chathirampudukulam Village, Thatchanallur, Tirunelveli District 625358",TIRUNELVELI,SELF FINANCING COLLEGES TIER 3,CE,CIVIL ENGINEERING,136197.0,,,,,,,1,0,0,0,0,0,0,2021
4669,"Thamirabharani Engineering College, Chathirampudukulam Village, Thatchanallur, Tirunelveli District 625358",TIRUNELVELI,SELF FINANCING COLLEGES TIER 3,CS,Computer Science and Engineering,100108.0,136443.0,,108099.0,,,,0,1,0,0,0,0,0,2021
4669,"Thamirabharani Engineering College, Chathirampudukulam Village, Thatchanallur, Tirunelveli District 625358",TIRUNELVELI,SELF FINANCING COLLEGES TIER 3,EC,ELECTRONICS AND COMMUNICATION ENGINEERING,73200.0,123150.0,106111.0,121016.0,,,,0,1,0,1,0,0,0,2021
4669,"Thamirabharani Engineering College, Chathirampudukulam Village, Thatchanallur, Tirunelveli District 625358",TIRUNELVELI,SELF FINANCING COLLEGES TIER 3,EE,Electrical and Electronics Engineering,122374.0,,,,,,,1,0,0,0,0,0,0,2021
4669,"Thamirabharani Engineering College, Chathirampudukulam Village, Thatchanallur, Tirunelveli District 625358",TIRUNELVELI,SELF FINANCING COLLEGES TIER 3,ME,Mechanical Engineering,136379.0,,,,,,,1,0,0,0,0,0,0,2021
4670,"Rohini College of Engineering & Technology, Anjugramam-Kanyakumari Main Road, Palkulam, Variyoor Post, Kanyakumari District 629401",KANYAKUMARI,SELF FINANCING COLLEGES TIER 3,AG,Agricultural Engineering,60380.0,78650.0,,,118036.0,,,0,0,0,0,1,0,0,2021
4670,"Rohini College of Engineering & Technology, Anjugramam-Kanyakumari Main Road, Palkulam, Variyoor Post, Kanyakumari District 629401",KANYAKUMARI,SELF FINANCING COLLEGES TIER 3,CE,CIVIL ENGINEERING,90736.0,120884.0,,,,,,0,0,0,0,0,0,0,2021
4670,"Rohini College of Engineering & Technology, Anjugramam-Kanyakumari Main Road, Palkulam, Variyoor Post, Kanyakumari District 629401",KANYAKUMARI,SELF FINANCING COLLEGES TIER 3,CS,Computer Science and Engineering,40868.0,62281.0,51200.0,117622.0,107341.0,,,0,0,0,0,1,0,0,2021
4670,"Rohini College of Engineering & Technology, Anjugramam-Kanyakumari Main Road, Palkulam, Variyoor Post, Kanyakumari District 629401",KANYAKUMARI,SELF FINANCING COLLEGES TIER 3,EC,ELECTRONICS AND COMMUNICATION ENGINEERING,78420.0,118342.0,126617.0,80762.0,129334.0,,,0,0,1,1,1,0,0,2021
4670,"Rohini College of Engineering & Technology, Anjugramam-Kanyakumari Main Road, Palkulam, Variyoor Post, Kanyakumari District 629401",KANYAKUMARI,SELF FINANCING COLLEGES TIER 3,EE,Electrical and Electronics Engineering,88703.0,121151.0,124844.0,,,,,0,0,1,0,0,0,0,2021
4670,"Rohini College of Engineering & Technology, Anjugramam-Kanyakumari Main Road, Palkulam, Variyoor Post, Kanyakumari District 629401",KANYAKUMARI,SELF FINANCING COLLEGES TIER 3,ME,Mechanical Engineering,99086.0,123501.0,125679.0,129754.0,128218.0,,,0,0,1,1,1,0,0,2021
4672,"Stella Mary's College of Engineering, Arunthengan Vilai, Azhikal Post, Kanyakumari District 629202",KANYAKUMARI,SELF FINANCING COLLEGES TIER 3,CE,CIVIL ENGINEERING,113095.0,136572.0,,,,126946.0,,0,1,0,0,0,0,0,2021
4672,"Stella Mary's College of Engineering, Arunthengan Vilai, Azhikal Post, Kanyakumari District 629202",KANYAKUMARI,SELF FINANCING COLLEGES TIER 3,CS,Computer Science and Engineering,65028.0,79874.0,78683.0,105870.0,119724.0,,,0,0,0,0,1,0,0,2021
4672,"Stella Mary's College of Engineering, Arunthengan Vilai, Azhikal Post, Kanyakumari District 629202",KANYAKUMARI,SELF FINANCING COLLEGES TIER 3,EC,ELECTRONICS AND COMMUNICATION ENGINEERING,80266.0,119753.0,92971.0,94817.0,96870.0,,,0,0,0,0,1,0,0,2021
4672,"Stella Mary's College of Engineering, Arunthengan Vilai, Azhikal Post, Kanyakumari District 629202",KANYAKUMARI,SELF FINANCING COLLEGES TIER 3,EE,Electrical and Electronics Engineering,107329.0,132760.0,,,114604.0,,,0,0,0,0,1,0,0,2021
4672,"Stella Mary's College of Engineering, Arunthengan Vilai, Azhikal Post, Kanyakumari District 629202",KANYAKUMARI,SELF FINANCING COLLEGES TIER 3,ME,Mechanical Engineering,91774.0,121847.0,109590.0,,,101534.0,,0,0,0,0,0,0,0,2021
4675,"Universal College of Engineering and Technology, Anbagam Campus, Radhapuram Road, Vallioor, Tirunelveli District 627117",TIRUNELVELI,SELF FINANCING COLLEGES TIER 3,CE,CIVIL ENGINEERING,126507.0,,,,,,,1,0,0,0,0,0,0,2021
4675,"Universal College of Engineering and Technology, Anbagam Campus, Radhapuram Road, Vallioor, Tirunelveli District 627117",TIRUNELVELI,SELF FINANCING COLLEGES TIER 3,CS,Computer Science and Engineering,86560.0,118444.0,133101.0,,135187.0,,,0,0,0,0,0,0,0,2021
4675,"Universal College of Engineering and Technology, Anbagam Campus, Radhapuram Road, Vallioor, Tirunelveli District 627117",TIRUNELVELI,SELF FINANCING COLLEGES TIER 3,EC,ELECTRONICS AND COMMUNICATION ENGINEERING,94402.0,135933.0,,,134299.0,,,0,1,0,0,1,0,0,2021
4675,"Universal College of Engineering and Technology, Anbagam Campus, Radhapuram Road, Vallioor, Tirunelveli District 627117",TIRUNELVELI,SELF FINANCING COLLEGES TIER 3,EE,Electrical and Electronics Engineering,131195.0,,,,,,,1,0,0,0,0,0,0,2021
4675,"Universal College of Engineering and Technology, Anbagam Campus, Radhapuram Road, Vallioor, Tirunelveli District 627117",TIRUNELVELI,SELF FINANCING COLLEGES TIER 3,ME,Mechanical Engineering,127688.0,,,,,,,1,0,0,0,0,0,0,2021
4676,"Renganayagi Varatharaj College of Engineering, Salvarpatti, Sivakasi, Virudhunagar District 626128",VIRUDHUNAGAR,SELF FINANCING COLLEGES TIER 3,CS,Computer Science and Engineering,72179.0,130111.0,,87545.0,121635.0,,,0,0,0,0,0,0,0,2021
4676,"Renganayagi Varatharaj College of Engineering, Salvarpatti, Sivakasi, Virudhunagar District 626128",VIRUDHUNAGAR,SELF FINANCING COLLEGES TIER 3,EC,ELECTRONICS AND COMMUNICATION ENGINEERING,70918.0,126022.0,,,126548.0,85183.0,,0,0,0,0,1,0,0,2021
4676,"Renganayagi Varatharaj College of Engineering, Salvarpatti, Sivakasi, Virudhunagar District 626128",VIRUDHUNAGAR,SELF FINANCING COLLEGES TIER 3,EE,Electrical and Electronics Engineering,117112.0,,,,129029.0,,,0,0,0,0,1,0,0,2021
4676,"Renganayagi Varatharaj College of Engineering, Salvarpatti, Sivakasi, Virudhunagar District 626128",VIRUDHUNAGAR,SELF FINANCING COLLEGES TIER 3,ME,Mechanical Engineering,114412.0,132918.0,,,,,,0,1,0,0,0,0,0,2021
4677,"Lourdes Mount College of Engineering and Technology, Marthandam-Karungal Road, Chundavilai, Mullanganavilai, Nattalam Post, Kanyakumari District 629195",KANYAKUMARI,SELF FINANCING COLLEGES TIER 3,CE,CIVIL ENGINEERING,,,,,,,,0,0,0,0,0,0,0,2021
4677,"Lourdes Mount College of Engineering and Technology, Marthandam-Karungal Road, Chundavilai, Mullanganavilai, Nattalam Post, Kanyakumari District 629195",KANYAKUMARI,SELF FINANCING COLLEGES TIER 3,CS,Computer Science and Engineering,121721.0,,,,,,,1,0,0,0,0,0,0,2021
4677,"Lourdes Mount College of Engineering and Technology, Marthandam-Karungal Road, Chundavilai, Mullanganavilai, Nattalam Post, Kanyakumari District 629195",KANYAKUMARI,SELF FINANCING COLLEGES TIER 3,EC,ELECTRONICS AND COMMUNICATION ENGINEERING,,,,,,,,0,0,0,0,0,0,0,2021
4677,"Lourdes Mount College of Engineering and Technology, Marthandam-Karungal Road, Chundavilai, Mullanganavilai, Nattalam Post, Kanyakumari District 629195",KANYAKUMARI,SELF FINANCING COLLEGES TIER 3,EE,Electrical and Electronics Engineering,,,,,,,,0,0,0,0,0,0,0,2021
4677,"Lourdes Mount College of Engineering and Technology, Marthandam-Karungal Road, Chundavilai, Mullanganavilai, Nattalam Post, Kanyakumari District 629195",KANYAKUMARI,SELF FINANCING COLLEGES TIER 3,ME,Mechanical Engineering,125866.0,,,,,,,1,0,0,0,0,0,0,2021
4678,"Ramco Institute of Technology, North venganallur Village, Krishnapuram Panchayat, Rajapalayam, Virudhunagar District 626117",VIRUDHUNAGAR,SELF FINANCING COLLEGES TIER 3,AD,Artificial Intelligence and Data Science,27534.0,41472.0,46896.0,,129128.0,,,0,0,0,0,1,0,0,2021
4678,"Ramco Institute of Technology, North venganallur Village, Krishnapuram Panchayat, Rajapalayam, Virudhunagar District 626117",VIRUDHUNAGAR,SELF FINANCING COLLEGES TIER 3,CE,CIVIL ENGINEERING,62329.0,89641.0,124544.0,73978.0,125879.0,,,0,0,0,0,1,0,0,2021
4678,"Ramco Institute of Technology, North venganallur Village, Krishnapuram Panchayat, Rajapalayam, Virudhunagar District 626117",VIRUDHUNAGAR,SELF FINANCING COLLEGES TIER 3,CS,Computer Science and Engineering,14533.0,27158.0,,26571.0,105198.0,,,0,0,0,0,0,0,0,2021
4678,"Ramco Institute of Technology, North venganallur Village, Krishnapuram Panchayat, Rajapalayam, Virudhunagar District 626117",VIRUDHUNAGAR,SELF FINANCING COLLEGES TIER 3,EC,ELECTRONICS AND COMMUNICATION ENGINEERING,33465.0,45156.0,44349.0,35964.0,124033.0,,,0,0,0,0,1,0,0,2021
4678,"Ramco Institute of Technology, North venganallur Village, Krishnapuram Panchayat, Rajapalayam, Virudhunagar District 626117",VIRUDHUNAGAR,SELF FINANCING COLLEGES TIER 3,EE,Electrical and Electronics Engineering,43871.0,62430.0,62843.0,75443.0,74512.0,,,0,0,0,0,1,0,0,2021
4678,"Ramco Institute of Technology, North venganallur Village, Krishnapuram Panchayat, Rajapalayam, Virudhunagar District 626117",VIRUDHUNAGAR,SELF FINANCING COLLEGES TIER 3,ME,Mechanical Engineering,60514.0,82989.0,79275.0,74092.0,116739.0,,,0,0,0,0,1,0,0,2021
4680,"AAA College of Engineering and Technology, Kamarajar Educational Road, Amathur Village, Sivakasi, Virudhunagar District 626005",VIRUDHUNAGAR,SELF FINANCING COLLEGES TIER 3,CE,CIVIL ENGINEERING,90274.0,128991.0,,,122488.0,,,0,1,0,0,1,0,0,2021
4680,"AAA College of Engineering and Technology, Kamarajar Educational Road, Amathur Village, Sivakasi, Virudhunagar District 626005",VIRUDHUNAGAR,SELF FINANCING COLLEGES TIER 3,CS,Computer Science and Engineering,43400.0,64372.0,63163.0,,130022.0,,,0,0,0,0,1,0,0,2021
4680,"AAA College of Engineering and Technology, Kamarajar Educational Road, Amathur Village, Sivakasi, Virudhunagar District 626005",VIRUDHUNAGAR,SELF FINANCING COLLEGES TIER 3,EC,ELECTRONICS AND COMMUNICATION ENGINEERING,67167.0,96631.0,110373.0,81352.0,95411.0,,,0,0,0,0,1,0,0,2021
4680,"AAA College of Engineering and Technology, Kamarajar Educational Road, Amathur Village, Sivakasi, Virudhunagar District 626005",VIRUDHUNAGAR,SELF FINANCING COLLEGES TIER 3,EE,Electrical and Electronics Engineering,84130.0,117569.0,,103345.0,130000.0,,,0,1,0,0,1,0,0,2021
4680,"AAA College of Engineering and Technology, Kamarajar Educational Road, Amathur Village, Sivakasi, Virudhunagar District 626005",VIRUDHUNAGAR,SELF FINANCING COLLEGES TIER 3,ME,Mechanical Engineering,101167.0,132478.0,,,134367.0,129891.0,,0,1,0,0,1,1,0,2021
4686,"Good Shepherd College of Engineering and Technology, Maruthamparai, Kanyakumari District 629101",KANYAKUMARI,SELF FINANCING COLLEGES TIER 3,CE,CIVIL ENGINEERING,131341.0,,,,,,,1,0,0,0,0,0,0,2021
4686,"Good Shepherd College of Engineering and Technology, Maruthamparai, Kanyakumari District 629101",KANYAKUMARI,SELF FINANCING COLLEGES TIER 3,CS,Computer Science and Engineering,116885.0,,,,,,,1,0,0,0,0,0,0,2021
4686,"Good Shepherd College of Engineering and Technology, Maruthamparai, Kanyakumari District 629101",KANYAKUMARI,SELF FINANCING COLLEGES TIER 3,EC,ELECTRONICS AND COMMUNICATION ENGINEERING,,,,,,,,0,0,0,0,0,0,0,2021
4686,"Good Shepherd College of Engineering and Technology, Maruthamparai, Kanyakumari District 629101",KANYAKUMARI,SELF FINANCING COLLEGES TIER 3,ME,Mechanical Engineering,129569.0,,,,,,,1,0,0,0,0,0,0,2021
4864,"V V College of Engineering, Arasoor Village, Idaichivilai Post, Santhakulam Taluk, Thoothukudi District 628656",TUTICORIN,SELF FINANCING COLLEGES TIER 3,CE,CIVIL ENGINEERING,133528.0,,,,,,,1,0,0,0,0,0,0,2021
4864,"V V College of Engineering, Arasoor Village, Idaichivilai Post, Santhakulam Taluk, Thoothukudi District 628656",TUTICORIN,SELF FINANCING COLLEGES TIER 3,CS,Computer Science and Engineering,51242.0,70830.0,126990.0,,131721.0,,,0,0,0,1,1,0,0,2021
4864,"V V College of Engineering, Arasoor Village, Idaichivilai Post, Santhakulam Taluk, Thoothukudi District 628656",TUTICORIN,SELF FINANCING COLLEGES TIER 3,EC,ELECTRONICS AND COMMUNICATION ENGINEERING,52938.0,95017.0,,,118339.0,,,0,0,0,0,1,0,0,2021
4864,"V V College of Engineering, Arasoor Village, Idaichivilai Post, Santhakulam Taluk, Thoothukudi District 628656",TUTICORIN,SELF FINANCING COLLEGES TIER 3,EE,Electrical and Electronics Engineering,105799.0,136266.0,,,,,,0,1,0,0,0,0,0,2021
4864,"V V College of Engineering, Arasoor Village, Idaichivilai Post, Santhakulam Taluk, Thoothukudi District 628656",TUTICORIN,SELF FINANCING COLLEGES TIER 3,ME,Mechanical Engineering,122782.0,,,,,,,1,0,0,0,0,0,0,2021
4917,"Sethu Institute of Technology (Autonomous), Kariapatti Post, Virudhunagar District 626106",VIRUDHUNAGAR,SELF FINANCING COLLEGES TIER 2,AD,Artificial Intelligence and Data Science,44604.0,55690.0,48231.0,70668.0,,,,0,0,0,0,0,0,0,2021
4917,"Sethu Institute of Technology (Autonomous), Kariapatti Post, Virudhunagar District 626106",VIRUDHUNAGAR,SELF FINANCING COLLEGES TIER 2,AG,Agricultural Engineering,73618.0,134914.0,97912.0,,122514.0,81656.0,,0,0,0,0,1,1,0,2021
4917,"Sethu Institute of Technology (Autonomous), Kariapatti Post, Virudhunagar District 626106",VIRUDHUNAGAR,SELF FINANCING COLLEGES TIER 2,BM,BIO MEDICAL ENGINEERING,73614.0,136408.0,119042.0,,,,,0,0,0,0,0,0,0,2021
4917,"Sethu Institute of Technology (Autonomous), Kariapatti Post, Virudhunagar District 626106",VIRUDHUNAGAR,SELF FINANCING COLLEGES TIER 2,BT,BIO TECHNOLOGY,99506.0,133809.0,114212.0,,,,,0,1,0,0,0,0,0,2021
4917,"Sethu Institute of Technology (Autonomous), Kariapatti Post, Virudhunagar District 626106",VIRUDHUNAGAR,SELF FINANCING COLLEGES TIER 2,CB,COMPUTER SCIENCE AND BUSSINESS SYSTEM,60424.0,64760.0,66885.0,62139.0,,,,0,0,0,0,0,0,0,2021
4917,"Sethu Institute of Technology (Autonomous), Kariapatti Post, Virudhunagar District 626106",VIRUDHUNAGAR,SELF FINANCING COLLEGES TIER 2,CD,COMPUTER SCIENCE AND DESIGN,70836.0,85911.0,85479.0,75079.0,,,,0,0,0,0,0,0,0,2021
4917,"Sethu Institute of Technology (Autonomous), Kariapatti Post, Virudhunagar District 626106",VIRUDHUNAGAR,SELF FINANCING COLLEGES TIER 2,CE,CIVIL ENGINEERING,94584.0,133093.0,98645.0,103662.0,136617.0,,,0,1,0,1,1,0,0,2021
4917,"Sethu Institute of Technology (Autonomous), Kariapatti Post, Virudhunagar District 626106",VIRUDHUNAGAR,SELF FINANCING COLLEGES TIER 2,CH,CHEMICAL ENGINEERING,127702.0,,,,,,,1,0,0,0,0,0,0,2021
4917,"Sethu Institute of Technology (Autonomous), Kariapatti Post, Virudhunagar District 626106",VIRUDHUNAGAR,SELF FINANCING COLLEGES TIER 2,CS,Computer Science and Engineering,42752.0,52332.0,50537.0,60831.0,134114.0,,,0,0,0,0,1,0,0,2021
4917,"Sethu Institute of Technology (Autonomous), Kariapatti Post, Virudhunagar District 626106",VIRUDHUNAGAR,SELF FINANCING COLLEGES TIER 2,EC,ELECTRONICS AND COMMUNICATION ENGINEERING,64093.0,82855.0,74610.0,70245.0,132678.0,89139.0,,0,0,0,0,1,1,0,2021
4917,"Sethu Institute of Technology (Autonomous), Kariapatti Post, Virudhunagar District 626106",VIRUDHUNAGAR,SELF FINANCING COLLEGES TIER 2,EE,Electrical and Electronics Engineering,92716.0,133868.0,111683.0,117823.0,,,,0,1,0,0,0,0,0,2021
4917,"Sethu Institute of Technology (Autonomous), Kariapatti Post, Virudhunagar District 626106",VIRUDHUNAGAR,SELF FINANCING COLLEGES TIER 2,IT,INFORMATION TECHNOLOGY,43990.0,53498.0,44041.0,44648.0,86880.0,108215.0,,0,0,0,0,1,0,0,2021
4917,"Sethu Institute of Technology (Autonomous), Kariapatti Post, Virudhunagar District 626106",VIRUDHUNAGAR,SELF FINANCING COLLEGES TIER 2,ME,Mechanical Engineering,122357.0,135572.0,127097.0,127207.0,,,,0,1,1,1,0,0,0,2021
4927,"Maria College of Engineering and Technology, Attoor Puliyamoodu Junction, Thiruvattar Post, Kanyakumari District 629177",KANYAKUMARI,SELF FINANCING COLLEGES TIER 3,AU,AUTOMOBILE ENGINEERING,,,,,,,,0,0,0,0,0,0,0,2021
4927,"Maria College of Engineering and Technology, Attoor Puliyamoodu Junction, Thiruvattar Post, Kanyakumari District 629177",KANYAKUMARI,SELF FINANCING COLLEGES TIER 3,CE,CIVIL ENGINEERING,101518.0,,,,,,,1,0,0,0,0,0,0,2021
4927,"Maria College of Engineering and Technology, Attoor Puliyamoodu Junction, Thiruvattar Post, Kanyakumari District 629177",KANYAKUMARI,SELF FINANCING COLLEGES TIER 3,CS,Computer Science and Engineering,109063.0,126811.0,,,,,,0,1,0,0,0,0,0,2021
4927,"Maria College of Engineering and Technology, Attoor Puliyamoodu Junction, Thiruvattar Post, Kanyakumari District 629177",KANYAKUMARI,SELF FINANCING COLLEGES TIER 3,EC,ELECTRONICS AND COMMUNICATION ENGINEERING,81503.0,,,,,,,1,0,0,0,0,0,0,2021
4927,"Maria College of Engineering and Technology, Attoor Puliyamoodu Junction, Thiruvattar Post, Kanyakumari District 629177",KANYAKUMARI,SELF FINANCING COLLEGES TIER 3,EE,Electrical and Electronics Engineering,,,,,,,,0,0,0,0,0,0,0,2021
4927,"Maria College of Engineering and Technology, Attoor Puliyamoodu Junction, Thiruvattar Post, Kanyakumari District 629177",KANYAKUMARI,SELF FINANCING COLLEGES TIER 3,ME,Mechanical Engineering,113749.0,,,,,,,1,0,0,0,0,0,0,2021
4928,"MAR Ephraem College of Engineering & Technology, Malankara Hills, Elavuvillai, Marthandam, Kanyakumari District 629171",KANYAKUMARI,SELF FINANCING COLLEGES TIER 3,CE,CIVIL ENGINEERING,131164.0,,,,,,,1,0,0,0,0,0,0,2021
4928,"MAR Ephraem College of Engineering & Technology, Malankara Hills, Elavuvillai, Marthandam, Kanyakumari District 629171",KANYAKUMARI,SELF FINANCING COLLEGES TIER 3,CS,Computer Science and Engineering,59277.0,85457.0,,83006.0,,,,0,0,0,0,0,0,0,2021
4928,"MAR Ephraem College of Engineering & Technology, Malankara Hills, Elavuvillai, Marthandam, Kanyakumari District 629171",KANYAKUMARI,SELF FINANCING COLLEGES TIER 3,EC,ELECTRONICS AND COMMUNICATION ENGINEERING,87391.0,117567.0,,,,,,0,0,0,0,0,0,0,2021
4928,"MAR Ephraem College of Engineering & Technology, Malankara Hills, Elavuvillai, Marthandam, Kanyakumari District 629171",KANYAKUMARI,SELF FINANCING COLLEGES TIER 3,EE,Electrical and Electronics Engineering,130367.0,136612.0,,,,,,0,1,0,0,0,0,0,2021
4928,"MAR Ephraem College of Engineering & Technology, Malankara Hills, Elavuvillai, Marthandam, Kanyakumari District 629171",KANYAKUMARI,SELF FINANCING COLLEGES TIER 3,ME,Mechanical Engineering,114507.0,134996.0,,121154.0,,,,0,1,0,1,0,0,0,2021
4929,"M E T Engineering College, Mogals Garden, Thovalai Village, Aralvaimozhi Town Panchayat, Thovalai, Kanyakumari District 629304",KANYAKUMARI,SELF FINANCING COLLEGES TIER 3,CE,CIVIL ENGINEERING,128899.0,,,,,,,1,0,0,0,0,0,0,2021
4929,"M E T Engineering College, Mogals Garden, Thovalai Village, Aralvaimozhi Town Panchayat, Thovalai, Kanyakumari District 629304",KANYAKUMARI,SELF FINANCING COLLEGES TIER 3,CS,Computer Science and Engineering,129375.0,,,,,,,0,0,0,0,0,0,0,2021
4929,"M E T Engineering College, Mogals Garden, Thovalai Village, Aralvaimozhi Town Panchayat, Thovalai, Kanyakumari District 629304",KANYAKUMARI,SELF FINANCING COLLEGES TIER 3,EC,ELECTRONICS AND COMMUNICATION ENGINEERING,130395.0,,,,,,,1,0,0,0,0,0,0,2021
4929,"M E T Engineering College, Mogals Garden, Thovalai Village, Aralvaimozhi Town Panchayat, Thovalai, Kanyakumari District 629304",KANYAKUMARI,SELF FINANCING COLLEGES TIER 3,EE,Electrical and Electronics Engineering,121497.0,,,,,,,1,0,0,0,0,0,0,2021
4929,"M E T Engineering College, Mogals Garden, Thovalai Village, Aralvaimozhi Town Panchayat, Thovalai, Kanyakumari District 629304",KANYAKUMARI,SELF FINANCING COLLEGES TIER 3,ME,Mechanical Engineering,,,,,,,,0,0,0,0,0,0,0,2021
4931,"Grace College of Engineering, Chandy Nagar, Mullakkadu, Thoothukudi District 628005",TUTICORIN,SELF FINANCING COLLEGES TIER 3,CE,CIVIL ENGINEERING,129624.0,,,,,,,1,0,0,0,0,0,0,2021
4931,"Grace College of Engineering, Chandy Nagar, Mullakkadu, Thoothukudi District 628005",TUTICORIN,SELF FINANCING COLLEGES TIER 3,CS,Computer Science and Engineering,68577.0,128846.0,,75415.0,123051.0,,,0,0,0,0,1,0,0,2021
4931,"Grace College of Engineering, Chandy Nagar, Mullakkadu, Thoothukudi District 628005",TUTICORIN,SELF FINANCING COLLEGES TIER 3,EC,ELECTRONICS AND COMMUNICATION ENGINEERING,109553.0,121627.0,,,,,,0,1,0,0,0,0,0,2021
4931,"Grace College of Engineering, Chandy Nagar, Mullakkadu, Thoothukudi District 628005",TUTICORIN,SELF FINANCING COLLEGES TIER 3,EE,Electrical and Electronics Engineering,132130.0,136471.0,,,,,,0,1,0,0,0,0,0,2021
4931,"Grace College of Engineering, Chandy Nagar, Mullakkadu, Thoothukudi District 628005",TUTICORIN,SELF FINANCING COLLEGES TIER 3,ME,Mechanical Engineering,130126.0,,,,,,,1,0,0,0,0,0,0,2021
4932,"Immanuel Arasar J.J. College of Engineering, Edavilagam, Nattalam, Marthandam, Kanyakumari-629165",KANYAKUMARI,SELF FINANCING COLLEGES TIER 3,AE,AERONAUTICAL ENGINEERING,,,,,,,,0,0,0,0,0,0,0,2021
4932,"Immanuel Arasar J.J. College of Engineering, Edavilagam, Nattalam, Marthandam, Kanyakumari-629165",KANYAKUMARI,SELF FINANCING COLLEGES TIER 3,CE,CIVIL ENGINEERING,,,,,,,,0,0,0,0,0,0,0,2021
4932,"Immanuel Arasar J.J. College of Engineering, Edavilagam, Nattalam, Marthandam, Kanyakumari-629165",KANYAKUMARI,SELF FINANCING COLLEGES TIER 3,CS,Computer Science and Engineering,,,,,,,,0,0,0,0,0,0,0,2021
4932,"Immanuel Arasar J.J. College of Engineering, Edavilagam, Nattalam, Marthandam, Kanyakumari-629165",KANYAKUMARI,SELF FINANCING COLLEGES TIER 3,EC,ELECTRONICS AND COMMUNICATION ENGINEERING,,,,,,,,0,0,0,0,0,0,0,2021
4932,"Immanuel Arasar J.J. College of Engineering, Edavilagam, Nattalam, Marthandam, Kanyakumari-629165",KANYAKUMARI,SELF FINANCING COLLEGES TIER 3,EE,Electrical and Electronics Engineering,,,,,,,,0,0,0,0,0,0,0,2021
4932,"Immanuel Arasar J.J. College of Engineering, Edavilagam, Nattalam, Marthandam, Kanyakumari-629165",KANYAKUMARI,SELF FINANCING COLLEGES TIER 3,IT,INFORMATION TECHNOLOGY,,,,,,,,0,0,0,0,0,0,0,2021
4932,"Immanuel Arasar J.J. College of Engineering, Edavilagam, Nattalam, Marthandam, Kanyakumari-629165",KANYAKUMARI,SELF FINANCING COLLEGES TIER 3,ME,Mechanical Engineering,,,,,,,,0,0,0,0,0,0,0,2021
4933,"St. Mother Theresa Engineering College, Vagaikulam, Thoothukudi District 628102",TUTICORIN,SELF FINANCING COLLEGES TIER 3,CE,CIVIL ENGINEERING,132074.0,,,,,,,1,0,0,0,0,0,0,2021
4933,"St. Mother Theresa Engineering College, Vagaikulam, Thoothukudi District 628102",TUTICORIN,SELF FINANCING COLLEGES TIER 3,CS,Computer Science and Engineering,89687.0,115502.0,130775.0,,128636.0,122106.0,,0,0,0,0,1,1,0,2021
4933,"St. Mother Theresa Engineering College, Vagaikulam, Thoothukudi District 628102",TUTICORIN,SELF FINANCING COLLEGES TIER 3,EC,ELECTRONICS AND COMMUNICATION ENGINEERING,95258.0,135498.0,,95523.0,126358.0,,,0,1,0,1,1,0,0,2021
4933,"St. Mother Theresa Engineering College, Vagaikulam, Thoothukudi District 628102",TUTICORIN,SELF FINANCING COLLEGES TIER 3,EE,Electrical and Electronics Engineering,133728.0,,,,,,,0,0,0,0,0,0,0,2021
4933,"St. Mother Theresa Engineering College, Vagaikulam, Thoothukudi District 628102",TUTICORIN,SELF FINANCING COLLEGES TIER 3,ME,Mechanical Engineering,130774.0,,,,,,,1,0,0,0,0,0,0,2021
4934,"Holy Cross Engineering College, Vagaikulam, Sri Mulakarai, Srivaikuntam, Thoothukudi District 628851",TUTICORIN,SELF FINANCING COLLEGES TIER 3,CS,Computer Science and Engineering,89281.0,128805.0,123384.0,108736.0,136482.0,,,0,0,1,0,1,0,0,2021
4934,"Holy Cross Engineering College, Vagaikulam, Sri Mulakarai, Srivaikuntam, Thoothukudi District 628851",TUTICORIN,SELF FINANCING COLLEGES TIER 3,EC,ELECTRONICS AND COMMUNICATION ENGINEERING,90342.0,,,,,,,1,0,0,0,0,0,0,2021
4934,"Holy Cross Engineering College, Vagaikulam, Sri Mulakarai, Srivaikuntam, Thoothukudi District 628851",TUTICORIN,SELF FINANCING COLLEGES TIER 3,EE,Electrical and Electronics Engineering,117453.0,,,,,,,1,0,0,0,0,0,0,2021
4934,"Holy Cross Engineering College, Vagaikulam, Sri Mulakarai, Srivaikuntam, Thoothukudi District 628851",TUTICORIN,SELF FINANCING COLLEGES TIER 3,ME,Mechanical Engineering,86756.0,,,,,,,1,0,0,0,0,0,0,2021
4937,"A.R College of Engineering and Technology, A.R Nagar, Kadayam-Alangulam Road, Therkkumadathoor P.o,Ambasamudram Taluk,Tirunelveli-627423",TIRUNELVELI,SELF FINANCING COLLEGES TIER 3,CE,CIVIL ENGINEERING,,,,,,,,0,0,0,0,0,0,0,2021
4937,"A.R College of Engineering and Technology, A.R Nagar, Kadayam-Alangulam Road, Therkkumadathoor P.o,Ambasamudram Taluk,Tirunelveli-627423",TIRUNELVELI,SELF FINANCING COLLEGES TIER 3,CS,Computer Science and Engineering,,,,,,,,0,0,0,0,0,0,0,2021
4937,"A.R College of Engineering and Technology, A.R Nagar, Kadayam-Alangulam Road, Therkkumadathoor P.o,Ambasamudram Taluk,Tirunelveli-627423",TIRUNELVELI,SELF FINANCING COLLEGES TIER 3,EC,ELECTRONICS AND COMMUNICATION ENGINEERING,,,,,,,,0,0,0,0,0,0,0,2021
4937,"A.R College of Engineering and Technology, A.R Nagar, Kadayam-Alangulam Road, Therkkumadathoor P.o,Ambasamudram Taluk,Tirunelveli-627423",TIRUNELVELI,SELF FINANCING COLLEGES TIER 3,EE,Electrical and Electronics Engineering,,,,,,,,0,0,0,0,0,0,0,2021
4937,"A.R College of Engineering and Technology, A.R Nagar, Kadayam-Alangulam Road, Therkkumadathoor P.o,Ambasamudram Taluk,Tirunelveli-627423",TIRUNELVELI,SELF FINANCING COLLEGES TIER 3,ME,Mechanical Engineering,,,,,,,,0,0,0,0,0,0,0,2021
4937,"A.R College of Engineering and Technology, A.R Nagar, Kadayam-Alangulam Road, Therkkumadathoor P.o,Ambasamudram Taluk,Tirunelveli-627423",TIRUNELVELI,SELF FINANCING COLLEGES TIER 3,MZ,Mechatronics Engineering,83462.0,,,,,,,1,0,0,0,0,0,0,2021
4938,"Sivaji College of Engineering and Technology, Manivilla Palulai Panchayat, Vilavancode, Kanyakumari District 629170",KANYAKUMARI,SELF FINANCING COLLEGES TIER 3,CE,CIVIL ENGINEERING,,,,,,,,0,0,0,0,0,0,0,2021
4938,"Sivaji College of Engineering and Technology, Manivilla Palulai Panchayat, Vilavancode, Kanyakumari District 629170",KANYAKUMARI,SELF FINANCING COLLEGES TIER 3,CS,Computer Science and Engineering,119260.0,,,,,,,1,0,0,0,0,0,0,2021
4938,"Sivaji College of Engineering and Technology, Manivilla Palulai Panchayat, Vilavancode, Kanyakumari District 629170",KANYAKUMARI,SELF FINANCING COLLEGES TIER 3,EE,Electrical and Electronics Engineering,,,,,,,,0,0,0,0,0,0,0,2021
4938,"Sivaji College of Engineering and Technology, Manivilla Palulai Panchayat, Vilavancode, Kanyakumari District 629170",KANYAKUMARI,SELF FINANCING COLLEGES TIER 3,ME,Mechanical Engineering,46369.0,,,,,,,1,0,0,0,0,0,0,2021
4941,"Unnamalai Institute of Technology, Ayyaneri, Kovilpatti, Thoothukudi District 628502",TUTICORIN,SELF FINANCING COLLEGES TIER 3,CS,Computer Science and Engineering,122549.0,,,,,,,1,0,0,0,0,0,0,2021
4941,"Unnamalai Institute of Technology, Ayyaneri, Kovilpatti, Thoothukudi District 628502",TUTICORIN,SELF FINANCING COLLEGES TIER 3,EC,ELECTRONICS AND COMMUNICATION ENGINEERING,136140.0,,,,,,,1,0,0,0,0,0,0,2021
4941,"Unnamalai Institute of Technology, Ayyaneri, Kovilpatti, Thoothukudi District 628502",TUTICORIN,SELF FINANCING COLLEGES TIER 3,EE,Electrical and Electronics Engineering,125464.0,,,,,,,1,0,0,0,0,0,0,2021
4941,"Unnamalai Institute of Technology, Ayyaneri, Kovilpatti, Thoothukudi District 628502",TUTICORIN,SELF FINANCING COLLEGES TIER 3,ME,Mechanical Engineering,,,,,,,,0,0,0,0,0,0,0,2021
4943,"Satyam College of Engineering and Technology,Satyam Nagar,Aralvoimozhi,Kanyakumari-629301",KANYAKUMARI,SELF FINANCING COLLEGES TIER 3,AE,AERONAUTICAL ENGINEERING,136725.0,,,,,,,1,0,0,0,0,0,0,2021
4943,"Satyam College of Engineering and Technology,Satyam Nagar,Aralvoimozhi,Kanyakumari-629301",KANYAKUMARI,SELF FINANCING COLLEGES TIER 3,CE,CIVIL ENGINEERING,,,,,,,,0,0,0,0,0,0,0,2021
4943,"Satyam College of Engineering and Technology,Satyam Nagar,Aralvoimozhi,Kanyakumari-629301",KANYAKUMARI,SELF FINANCING COLLEGES TIER 3,CS,Computer Science and Engineering,113695.0,,,,,,,1,0,0,0,0,0,0,2021
4943,"Satyam College of Engineering and Technology,Satyam Nagar,Aralvoimozhi,Kanyakumari-629301",KANYAKUMARI,SELF FINANCING COLLEGES TIER 3,EC,ELECTRONICS AND COMMUNICATION ENGINEERING,,,,,,,,0,0,0,0,0,0,0,2021
4943,"Satyam College of Engineering and Technology,Satyam Nagar,Aralvoimozhi,Kanyakumari-629301",KANYAKUMARI,SELF FINANCING COLLEGES TIER 3,EE,Electrical and Electronics Engineering,,,,,,,,0,0,0,0,0,0,0,2021
4943,"Satyam College of Engineering and Technology,Satyam Nagar,Aralvoimozhi,Kanyakumari-629301",KANYAKUMARI,SELF FINANCING COLLEGES TIER 3,ME,Mechanical Engineering,71057.0,,,,,,,1,0,0,0,0,0,0,2021
4944,"Arunachala College of Engineering for Women, Thanka Gardens, Manavilai, Vellichanthai, Nagercoil, Kanyakumari District 629203",KANYAKUMARI,SELF FINANCING COLLEGES TIER 3,AD,Artificial Intelligence and Data Science,77520.0,114444.0,77882.0,117985.0,79398.0,,,0,0,1,0,1,0,0,2021
4944,"Arunachala College of Engineering for Women, Thanka Gardens, Manavilai, Vellichanthai, Nagercoil, Kanyakumari District 629203",KANYAKUMARI,SELF FINANCING COLLEGES TIER 3,CE,CIVIL ENGINEERING,86512.0,,,,,,,1,0,0,0,0,0,0,2021
4944,"Arunachala College of Engineering for Women, Thanka Gardens, Manavilai, Vellichanthai, Nagercoil, Kanyakumari District 629203",KANYAKUMARI,SELF FINANCING COLLEGES TIER 3,CS,Computer Science and Engineering,47081.0,76495.0,65747.0,57833.0,105755.0,,,0,0,0,1,1,0,0,2021
4944,"Arunachala College of Engineering for Women, Thanka Gardens, Manavilai, Vellichanthai, Nagercoil, Kanyakumari District 629203",KANYAKUMARI,SELF FINANCING COLLEGES TIER 3,EC,ELECTRONICS AND COMMUNICATION ENGINEERING,65756.0,134766.0,87682.0,,100246.0,,,0,1,1,0,1,0,0,2021
4944,"Arunachala College of Engineering for Women, Thanka Gardens, Manavilai, Vellichanthai, Nagercoil, Kanyakumari District 629203",KANYAKUMARI,SELF FINANCING COLLEGES TIER 3,EE,Electrical and Electronics Engineering,120435.0,122076.0,,,,,,0,1,0,0,0,0,0,2021
4945,"Vins Christian Women's College of Engineering, Chunkankadai Post, Nagercoil, Kanyakumari District 629807",KANYAKUMARI,SELF FINANCING COLLEGES TIER 3,CE,CIVIL ENGINEERING,,,,,,,,0,0,0,0,0,0,0,2021
4945,"Vins Christian Women's College of Engineering, Chunkankadai Post, Nagercoil, Kanyakumari District 629807",KANYAKUMARI,SELF FINANCING COLLEGES TIER 3,CS,Computer Science and Engineering,134318.0,,,,,,,1,0,0,0,0,0,0,2021
4945,"Vins Christian Women's College of Engineering, Chunkankadai Post, Nagercoil, Kanyakumari District 629807",KANYAKUMARI,SELF FINANCING COLLEGES TIER 3,EC,ELECTRONICS AND COMMUNICATION ENGINEERING,121930.0,,,,,,,1,0,0,0,0,0,0,2021
4946,"D M I Engineering College, Aralvaimozhi Village, Thovalai, Kanyakumari District 629301",KANYAKUMARI,SELF FINANCING COLLEGES TIER 3,CE,CIVIL ENGINEERING,114410.0,,,,,,,1,0,0,0,0,0,0,2021
4946,"D M I Engineering College, Aralvaimozhi Village, Thovalai, Kanyakumari District 629301",KANYAKUMARI,SELF FINANCING COLLEGES TIER 3,CS,Computer Science and Engineering,74546.0,116420.0,,,106450.0,,,0,0,0,0,1,0,0,2021
4946,"D M I Engineering College, Aralvaimozhi Village, Thovalai, Kanyakumari District 629301",KANYAKUMARI,SELF FINANCING COLLEGES TIER 3,EC,ELECTRONICS AND COMMUNICATION ENGINEERING,136451.0,,,,,,,1,0,0,0,0,0,0,2021
4946,"D M I Engineering College, Aralvaimozhi Village, Thovalai, Kanyakumari District 629301",KANYAKUMARI,SELF FINANCING COLLEGES TIER 3,EE,Electrical and Electronics Engineering,135876.0,,,,,,,0,0,0,0,0,0,0,2021
4946,"D M I Engineering College, Aralvaimozhi Village, Thovalai, Kanyakumari District 629301",KANYAKUMARI,SELF FINANCING COLLEGES TIER 3,ME,Mechanical Engineering,133198.0,,,,,,,1,0,0,0,0,0,0,2021
4948,"Rajas Institute of Technology , Ozhuginasery, Nagercoil, Kanyakumari District 629001",KANYAKUMARI,SELF FINANCING COLLEGES TIER 3,CE,CIVIL ENGINEERING,,,,,,,,0,0,0,0,0,0,0,2021
4948,"Rajas Institute of Technology , Ozhuginasery, Nagercoil, Kanyakumari District 629001",KANYAKUMARI,SELF FINANCING COLLEGES TIER 3,CS,Computer Science and Engineering,134278.0,,,,,,,1,0,0,0,0,0,0,2021
4948,"Rajas Institute of Technology , Ozhuginasery, Nagercoil, Kanyakumari District 629001",KANYAKUMARI,SELF FINANCING COLLEGES TIER 3,EC,ELECTRONICS AND COMMUNICATION ENGINEERING,121986.0,,,,,,,1,0,0,0,0,0,0,2021
4948,"Rajas Institute of Technology , Ozhuginasery, Nagercoil, Kanyakumari District 629001",KANYAKUMARI,SELF FINANCING COLLEGES TIER 3,EE,Electrical and Electronics Engineering,123733.0,,,,,,,1,0,0,0,0,0,0,2021
4948,"Rajas Institute of Technology , Ozhuginasery, Nagercoil, Kanyakumari District 629001",KANYAKUMARI,SELF FINANCING COLLEGES TIER 3,FT,FASHION TECHNOLOGY,130219.0,,,,,,,1,0,0,0,0,0,0,2021
4949,"PSN Institute of Technology and Science,Melathediyoor, Tirunelveli-627 152",TIRUNELVELI,SELF FINANCING COLLEGES TIER 3,CE,CIVIL ENGINEERING,133059.0,,,,136253.0,,,0,0,0,0,1,0,0,2021
4949,"PSN Institute of Technology and Science,Melathediyoor, Tirunelveli-627 152",TIRUNELVELI,SELF FINANCING COLLEGES TIER 3,CS,Computer Science and Engineering,88668.0,125284.0,107347.0,,133846.0,,,0,0,0,0,1,0,0,2021
4949,"PSN Institute of Technology and Science,Melathediyoor, Tirunelveli-627 152",TIRUNELVELI,SELF FINANCING COLLEGES TIER 3,EC,ELECTRONICS AND COMMUNICATION ENGINEERING,135668.0,,,,,,,0,0,0,0,0,0,0,2021
4949,"PSN Institute of Technology and Science,Melathediyoor, Tirunelveli-627 152",TIRUNELVELI,SELF FINANCING COLLEGES TIER 3,EE,Electrical and Electronics Engineering,136863.0,,,,,,,1,0,0,0,0,0,0,2021
4949,"PSN Institute of Technology and Science,Melathediyoor, Tirunelveli-627 152",TIRUNELVELI,SELF FINANCING COLLEGES TIER 3,IN,INDUSTRIAL ENGINEERING AND MANAGEMENT,111495.0,,,,,,,1,0,0,0,0,0,0,2021
4949,"PSN Institute of Technology and Science,Melathediyoor, Tirunelveli-627 152",TIRUNELVELI,SELF FINANCING COLLEGES TIER 3,ME,Mechanical Engineering,126605.0,,,,,,,1,0,0,0,0,0,0,2021
4949,"PSN Institute of Technology and Science,Melathediyoor, Tirunelveli-627 152",TIRUNELVELI,SELF FINANCING COLLEGES TIER 3,MU,MECHANICAL AND AUTOMATION ENGINEERING,135185.0,,,,,,,1,0,0,0,0,0,0,2021
4949,"PSN Institute of Technology and Science,Melathediyoor, Tirunelveli-627 152",TIRUNELVELI,SELF FINANCING COLLEGES TIER 3,MZ,Mechatronics Engineering,129218.0,,,,,,,1,0,0,0,0,0,0,2021
4952,"C S I Institute of Technology, Thovalai, Kanyakumari District 629302",KANYAKUMARI,SELF FINANCING COLLEGES TIER 3,CE,CIVIL ENGINEERING,86464.0,,,,,,,1,0,0,0,0,0,0,2021
4952,"C S I Institute of Technology, Thovalai, Kanyakumari District 629302",KANYAKUMARI,SELF FINANCING COLLEGES TIER 3,CS,Computer Science and Engineering,117595.0,132488.0,123860.0,,130993.0,,,0,1,1,0,1,0,0,2021
4952,"C S I Institute of Technology, Thovalai, Kanyakumari District 629302",KANYAKUMARI,SELF FINANCING COLLEGES TIER 3,EC,ELECTRONICS AND COMMUNICATION ENGINEERING,75117.0,,,,,,,1,0,0,0,0,0,0,2021
4952,"C S I Institute of Technology, Thovalai, Kanyakumari District 629302",KANYAKUMARI,SELF FINANCING COLLEGES TIER 3,EE,Electrical and Electronics Engineering,91756.0,,,,,,,1,0,0,0,0,0,0,2021
4952,"C S I Institute of Technology, Thovalai, Kanyakumari District 629302",KANYAKUMARI,SELF FINANCING COLLEGES TIER 3,IT,INFORMATION TECHNOLOGY,110705.0,,,,,,,0,0,0,0,0,0,0,2021
4952,"C S I Institute of Technology, Thovalai, Kanyakumari District 629302",KANYAKUMARI,SELF FINANCING COLLEGES TIER 3,ME,Mechanical Engineering,67477.0,,,,,,,1,0,0,0,0,0,0,2021
4953,"CAPE Institute of Technology, Levingipuram, Tirunelveli District 627114",TIRUNELVELI,SELF FINANCING COLLEGES TIER 3,CE,CIVIL ENGINEERING,127321.0,,,,,,,1,0,0,0,0,0,0,2021
4953,"CAPE Institute of Technology, Levingipuram, Tirunelveli District 627114",TIRUNELVELI,SELF FINANCING COLLEGES TIER 3,CS,Computer Science and Engineering,82868.0,127484.0,87598.0,113180.0,107787.0,,,0,0,1,1,1,0,0,2021
4953,"CAPE Institute of Technology, Levingipuram, Tirunelveli District 627114",TIRUNELVELI,SELF FINANCING COLLEGES TIER 3,EC,ELECTRONICS AND COMMUNICATION ENGINEERING,128545.0,,,,,,,1,0,0,0,0,0,0,2021
4953,"CAPE Institute of Technology, Levingipuram, Tirunelveli District 627114",TIRUNELVELI,SELF FINANCING COLLEGES TIER 3,EE,Electrical and Electronics Engineering,134885.0,,,,,,,1,0,0,0,0,0,0,2021
4953,"CAPE Institute of Technology, Levingipuram, Tirunelveli District 627114",TIRUNELVELI,SELF FINANCING COLLEGES TIER 3,IT,INFORMATION TECHNOLOGY,117634.0,123541.0,,,,,,0,1,0,0,0,0,0,2021
4953,"CAPE Institute of Technology, Levingipuram, Tirunelveli District 627114",TIRUNELVELI,SELF FINANCING COLLEGES TIER 3,ME,Mechanical Engineering,134637.0,,,,,,,1,0,0,0,0,0,0,2021
4954,"Dr. Sivanthi Aditanar College of Engineering, Tiruchendur, Thoothukudi District 628215",TUTICORIN,SELF FINANCING COLLEGES TIER 3,CE,CIVIL ENGINEERING,121843.0,,,,,,,1,0,0,0,0,0,0,2021
4954,"Dr. Sivanthi Aditanar College of Engineering, Tiruchendur, Thoothukudi District 628215",TUTICORIN,SELF FINANCING COLLEGES TIER 3,CS,Computer Science and Engineering,34792.0,44955.0,58829.0,,125191.0,,,0,0,0,0,1,0,0,2021
4954,"Dr. Sivanthi Aditanar College of Engineering, Tiruchendur, Thoothukudi District 628215",TUTICORIN,SELF FINANCING COLLEGES TIER 3,EC,ELECTRONICS AND COMMUNICATION ENGINEERING,49362.0,57663.0,,51326.0,106146.0,,,0,0,0,0,1,0,0,2021
4954,"Dr. Sivanthi Aditanar College of Engineering, Tiruchendur, Thoothukudi District 628215",TUTICORIN,SELF FINANCING COLLEGES TIER 3,EE,Electrical and Electronics Engineering,85886.0,118452.0,97553.0,,117167.0,,,0,0,0,0,1,0,0,2021
4954,"Dr. Sivanthi Aditanar College of Engineering, Tiruchendur, Thoothukudi District 628215",TUTICORIN,SELF FINANCING COLLEGES TIER 3,IT,INFORMATION TECHNOLOGY,39133.0,46742.0,74254.0,,115745.0,,,0,0,0,0,1,0,0,2021
4954,"Dr. Sivanthi Aditanar College of Engineering, Tiruchendur, Thoothukudi District 628215",TUTICORIN,SELF FINANCING COLLEGES TIER 3,ME,Mechanical Engineering,118310.0,132136.0,119694.0,,,,,0,1,0,0,0,0,0,2021
4955,"Francis Xavier Engineering College (Autonomous), Vannarpettai, Tirunelveli District 627003",TIRUNELVELI,SELF FINANCING COLLEGES TIER 3,AD,Artificial Intelligence and Data Science,40788.0,48741.0,45240.0,69455.0,118032.0,114010.0,,0,0,0,0,0,0,0,2021
4955,"Francis Xavier Engineering College (Autonomous), Vannarpettai, Tirunelveli District 627003",TIRUNELVELI,SELF FINANCING COLLEGES TIER 3,CB,COMPUTER SCIENCE AND BUSSINESS SYSTEM,50337.0,65496.0,59194.0,77086.0,97054.0,,,0,0,0,0,0,0,0,2021
4955,"Francis Xavier Engineering College (Autonomous), Vannarpettai, Tirunelveli District 627003",TIRUNELVELI,SELF FINANCING COLLEGES TIER 3,CE,CIVIL ENGINEERING,90299.0,121567.0,124133.0,,126029.0,,,0,0,0,0,1,0,0,2021
4955,"Francis Xavier Engineering College (Autonomous), Vannarpettai, Tirunelveli District 627003",TIRUNELVELI,SELF FINANCING COLLEGES TIER 3,CS,Computer Science and Engineering,27571.0,36594.0,32893.0,,57418.0,59459.0,,0,0,0,0,0,1,0,2021
4955,"Francis Xavier Engineering College (Autonomous), Vannarpettai, Tirunelveli District 627003",TIRUNELVELI,SELF FINANCING COLLEGES TIER 3,EC,ELECTRONICS AND COMMUNICATION ENGINEERING,48696.0,62198.0,53798.0,82060.0,118189.0,,,0,0,0,0,0,0,0,2021
4955,"Francis Xavier Engineering College (Autonomous), Vannarpettai, Tirunelveli District 627003",TIRUNELVELI,SELF FINANCING COLLEGES TIER 3,EE,Electrical and Electronics Engineering,69795.0,93026.0,79668.0,88045.0,130409.0,,,0,0,0,1,1,0,0,2021
4955,"Francis Xavier Engineering College (Autonomous), Vannarpettai, Tirunelveli District 627003",TIRUNELVELI,SELF FINANCING COLLEGES TIER 3,IT,INFORMATION TECHNOLOGY,34173.0,44358.0,,39581.0,82110.0,69323.0,,0,0,0,0,0,0,0,2021
4955,"Francis Xavier Engineering College (Autonomous), Vannarpettai, Tirunelveli District 627003",TIRUNELVELI,SELF FINANCING COLLEGES TIER 3,ME,Mechanical Engineering,93373.0,135149.0,108687.0,,129675.0,127175.0,,0,0,0,0,1,1,0,2021
4956,"Jayamatha Engineering College, Aralvaimozhi, Kanyakumari District - 629301",KANYAKUMARI,SELF FINANCING COLLEGES TIER 3,CE,CIVIL ENGINEERING,,,,,,,,0,0,0,0,0,0,0,2021
4956,"Jayamatha Engineering College, Aralvaimozhi, Kanyakumari District - 629301",KANYAKUMARI,SELF FINANCING COLLEGES TIER 3,CS,Computer Science and Engineering,82502.0,,,,,,,1,0,0,0,0,0,0,2021
4956,"Jayamatha Engineering College, Aralvaimozhi, Kanyakumari District - 629301",KANYAKUMARI,SELF FINANCING COLLEGES TIER 3,EC,ELECTRONICS AND COMMUNICATION ENGINEERING,,,,,,,,0,0,0,0,0,0,0,2021
4956,"Jayamatha Engineering College, Aralvaimozhi, Kanyakumari District - 629301",KANYAKUMARI,SELF FINANCING COLLEGES TIER 3,EE,Electrical and Electronics Engineering,,,,,,,,0,0,0,0,0,0,0,2021
4956,"Jayamatha Engineering College, Aralvaimozhi, Kanyakumari District - 629301",KANYAKUMARI,SELF FINANCING COLLEGES TIER 3,IC,INSTRUMENTATION AND CONTROL ENGINEERING,,,,,,,,0,0,0,0,0,0,0,2021
4956,"Jayamatha Engineering College, Aralvaimozhi, Kanyakumari District - 629301",KANYAKUMARI,SELF FINANCING COLLEGES TIER 3,ME,Mechanical Engineering,,,,,,,,0,0,0,0,0,0,0,2021
4957,"Jayaraj Annapackiam CSI College of Engineering, Nazareth, Thoothukudi District 628617",TUTICORIN,SELF FINANCING COLLEGES TIER 3,CS,Computer Science and Engineering,74307.0,111351.0,132628.0,106386.0,133353.0,,,0,0,1,0,1,0,0,2021
4957,"Jayaraj Annapackiam CSI College of Engineering, Nazareth, Thoothukudi District 628617",TUTICORIN,SELF FINANCING COLLEGES TIER 3,EC,ELECTRONICS AND COMMUNICATION ENGINEERING,131817.0,,,,,,,0,0,0,0,0,0,0,2021
4957,"Jayaraj Annapackiam CSI College of Engineering, Nazareth, Thoothukudi District 628617",TUTICORIN,SELF FINANCING COLLEGES TIER 3,IT,INFORMATION TECHNOLOGY,96889.0,130102.0,,,121502.0,,,0,0,0,0,1,0,0,2021
4957,"Jayaraj Annapackiam CSI College of Engineering, Nazareth, Thoothukudi District 628617",TUTICORIN,SELF FINANCING COLLEGES TIER 3,ME,Mechanical Engineering,110642.0,134584.0,125996.0,121435.0,,,,0,1,1,1,0,0,0,2021
4959,"Kamaraj College of Engineering and Technology (Autonomous), Virudhunagar District 626001",VIRUDHUNAGAR,SELF FINANCING COLLEGES TIER 3,AD,Artificial Intelligence and Data Science,41219.0,46085.0,47483.0,53060.0,128550.0,,,0,0,0,0,1,0,0,2021
4959,"Kamaraj College of Engineering and Technology (Autonomous), Virudhunagar District 626001",VIRUDHUNAGAR,SELF FINANCING COLLEGES TIER 3,BT,BIO TECHNOLOGY,56318.0,71802.0,93419.0,61165.0,135705.0,,,0,0,0,0,1,0,0,2021
4959,"Kamaraj College of Engineering and Technology (Autonomous), Virudhunagar District 626001",VIRUDHUNAGAR,SELF FINANCING COLLEGES TIER 3,CE,CIVIL ENGINEERING,93224.0,122322.0,,112467.0,,,,0,0,0,0,0,0,0,2021
4959,"Kamaraj College of Engineering and Technology (Autonomous), Virudhunagar District 626001",VIRUDHUNAGAR,SELF FINANCING COLLEGES TIER 3,CS,Computer Science and Engineering,30815.0,40117.0,43578.0,41541.0,114020.0,,,0,0,0,0,0,0,0,2021
4959,"Kamaraj College of Engineering and Technology (Autonomous), Virudhunagar District 626001",VIRUDHUNAGAR,SELF FINANCING COLLEGES TIER 3,EC,ELECTRONICS AND COMMUNICATION ENGINEERING,45298.0,50135.0,67399.0,45987.0,91950.0,,,0,0,0,0,1,0,0,2021
4959,"Kamaraj College of Engineering and Technology (Autonomous), Virudhunagar District 626001",VIRUDHUNAGAR,SELF FINANCING COLLEGES TIER 3,EE,Electrical and Electronics Engineering,53217.0,61021.0,109146.0,59250.0,107728.0,,,0,0,0,0,1,0,0,2021
4959,"Kamaraj College of Engineering and Technology (Autonomous), Virudhunagar District 626001",VIRUDHUNAGAR,SELF FINANCING COLLEGES TIER 3,IT,INFORMATION TECHNOLOGY,38198.0,44707.0,,58107.0,130134.0,,,0,0,0,0,1,0,0,2021
4959,"Kamaraj College of Engineering and Technology (Autonomous), Virudhunagar District 626001",VIRUDHUNAGAR,SELF FINANCING COLLEGES TIER 3,ME,Mechanical Engineering,89815.0,109171.0,103016.0,,,,,0,0,0,0,0,0,0,2021
4959,"Kamaraj College of Engineering and Technology (Autonomous), Virudhunagar District 626001",VIRUDHUNAGAR,SELF FINANCING COLLEGES TIER 3,MZ,Mechatronics Engineering,69483.0,88387.0,89043.0,,136287.0,,,0,0,0,0,0,0,0,2021
4960,"Mepco Schlenk Engineering College (Autonomous), Sivakasi, Virudhunagar District 626005",VIRUDHUNAGAR,SELF FINANCING COLLEGES TIER 1,AD,Artificial Intelligence and Data Science,13710.0,15765.0,16607.0,23528.0,75624.0,,,0,0,0,0,0,0,0,2021
4960,"Mepco Schlenk Engineering College (Autonomous), Sivakasi, Virudhunagar District 626005",VIRUDHUNAGAR,SELF FINANCING COLLEGES TIER 1,BM,BIO MEDICAL ENGINEERING,22769.0,34089.0,36823.0,,131149.0,,,0,0,0,0,0,0,0,2021
4960,"Mepco Schlenk Engineering College (Autonomous), Sivakasi, Virudhunagar District 626005",VIRUDHUNAGAR,SELF FINANCING COLLEGES TIER 1,BT,BIO TECHNOLOGY,22381.0,32363.0,,50195.0,125354.0,,,0,0,0,0,0,0,0,2021
4960,"Mepco Schlenk Engineering College (Autonomous), Sivakasi, Virudhunagar District 626005",VIRUDHUNAGAR,SELF FINANCING COLLEGES TIER 1,CE,CIVIL ENGINEERING,42594.0,64979.0,69841.0,51061.0,134393.0,,,0,0,0,0,0,0,0,2021
4960,"Mepco Schlenk Engineering College (Autonomous), Sivakasi, Virudhunagar District 626005",VIRUDHUNAGAR,SELF FINANCING COLLEGES TIER 1,CS,Computer Science and Engineering,8788.0,11879.0,17481.0,17715.0,47990.0,127717.0,,0,0,0,0,0,0,0,2021
4960,"Mepco Schlenk Engineering College (Autonomous), Sivakasi, Virudhunagar District 626005",VIRUDHUNAGAR,SELF FINANCING COLLEGES TIER 1,EC,ELECTRONICS AND COMMUNICATION ENGINEERING,14630.0,18074.0,22836.0,21815.0,86046.0,85808.0,,0,0,0,0,0,1,0,2021
4960,"Mepco Schlenk Engineering College (Autonomous), Sivakasi, Virudhunagar District 626005",VIRUDHUNAGAR,SELF FINANCING COLLEGES TIER 1,EE,Electrical and Electronics Engineering,23818.0,30554.0,37915.0,30830.0,129695.0,,,0,0,0,0,0,0,0,2021
4960,"Mepco Schlenk Engineering College (Autonomous), Sivakasi, Virudhunagar District 626005",VIRUDHUNAGAR,SELF FINANCING COLLEGES TIER 1,IT,INFORMATION TECHNOLOGY,11480.0,14163.0,12412.0,,54025.0,,,0,0,0,0,0,0,0,2021
4960,"Mepco Schlenk Engineering College (Autonomous), Sivakasi, Virudhunagar District 626005",VIRUDHUNAGAR,SELF FINANCING COLLEGES TIER 1,ME,Mechanical Engineering,37839.0,49494.0,69804.0,47380.0,135147.0,,,0,0,0,0,0,0,0,2021
4961,"Nellai College of Engineering (Formerly National College of Engineering), Maruthakulam Post, Tirunelveli District 627151",TIRUNELVELI,SELF FINANCING COLLEGES TIER 3,CE,CIVIL ENGINEERING,,,,,,,,0,0,0,0,0,0,0,2021
4961,"Nellai College of Engineering (Formerly National College of Engineering), Maruthakulam Post, Tirunelveli District 627151",TIRUNELVELI,SELF FINANCING COLLEGES TIER 3,CS,Computer Science and Engineering,120749.0,120795.0,123787.0,,132752.0,,,0,1,0,0,1,0,0,2021
4961,"Nellai College of Engineering (Formerly National College of Engineering), Maruthakulam Post, Tirunelveli District 627151",TIRUNELVELI,SELF FINANCING COLLEGES TIER 3,EC,ELECTRONICS AND COMMUNICATION ENGINEERING,131872.0,,,,,,,1,0,0,0,0,0,0,2021
4961,"Nellai College of Engineering (Formerly National College of Engineering), Maruthakulam Post, Tirunelveli District 627151",TIRUNELVELI,SELF FINANCING COLLEGES TIER 3,EE,Electrical and Electronics Engineering,129201.0,,,,,,,1,0,0,0,0,0,0,2021
4961,"Nellai College of Engineering (Formerly National College of Engineering), Maruthakulam Post, Tirunelveli District 627151",TIRUNELVELI,SELF FINANCING COLLEGES TIER 3,ME,Mechanical Engineering,115440.0,,,,,,,1,0,0,0,0,0,0,2021
4962,"National Engineering College (Autonomous), Kovilpatti, Thoothukudi District 628503",TUTICORIN,SELF FINANCING COLLEGES TIER 2,CE,CIVIL ENGINEERING,65176.0,85378.0,,66176.0,130756.0,,,0,0,0,0,0,0,0,2021
4962,"National Engineering College (Autonomous), Kovilpatti, Thoothukudi District 628503",TUTICORIN,SELF FINANCING COLLEGES TIER 2,CS,Computer Science and Engineering,14552.0,20759.0,23825.0,40028.0,75450.0,47208.0,,0,0,0,0,0,1,0,2021
4962,"National Engineering College (Autonomous), Kovilpatti, Thoothukudi District 628503",TUTICORIN,SELF FINANCING COLLEGES TIER 2,EC,ELECTRONICS AND COMMUNICATION ENGINEERING,24129.0,28927.0,35043.0,36397.0,114428.0,,,0,0,0,0,0,0,0,2021
4962,"National Engineering College (Autonomous), Kovilpatti, Thoothukudi District 628503",TUTICORIN,SELF FINANCING COLLEGES TIER 2,EE,Electrical and Electronics Engineering,30417.0,38999.0,32185.0,45394.0,88894.0,,,0,0,0,0,0,0,0,2021
4962,"National Engineering College (Autonomous), Kovilpatti, Thoothukudi District 628503",TUTICORIN,SELF FINANCING COLLEGES TIER 2,IT,INFORMATION TECHNOLOGY,21409.0,24970.0,27117.0,35506.0,75787.0,,,0,0,0,0,0,0,0,2021
4962,"National Engineering College (Autonomous), Kovilpatti, Thoothukudi District 628503",TUTICORIN,SELF FINANCING COLLEGES TIER 2,ME,Mechanical Engineering,56410.0,67561.0,59536.0,,104303.0,76981.0,,0,0,0,0,0,0,0,2021
4964,"PSN College of Engineering and Technology (Autonomous),Melathediyoor, Tirunelveli-627 152",TIRUNELVELI,SELF FINANCING COLLEGES TIER 3,AE,AERONAUTICAL ENGINEERING,133313.0,,,,,,,1,0,0,0,0,0,0,2021
4964,"PSN College of Engineering and Technology (Autonomous),Melathediyoor, Tirunelveli-627 152",TIRUNELVELI,SELF FINANCING COLLEGES TIER 3,CE,CIVIL ENGINEERING,107306.0,,,,,,,1,0,0,0,0,0,0,2021
4964,"PSN College of Engineering and Technology (Autonomous),Melathediyoor, Tirunelveli-627 152",TIRUNELVELI,SELF FINANCING COLLEGES TIER 3,CS,Computer Science and Engineering,79884.0,121280.0,95937.0,112767.0,131105.0,136551.0,,0,0,1,0,0,0,0,2021
4964,"PSN College of Engineering and Technology (Autonomous),Melathediyoor, Tirunelveli-627 152",TIRUNELVELI,SELF FINANCING COLLEGES TIER 3,EC,ELECTRONICS AND COMMUNICATION ENGINEERING,125078.0,136516.0,,,136112.0,132584.0,,0,1,0,0,1,1,0,2021
4964,"PSN College of Engineering and Technology (Autonomous),Melathediyoor, Tirunelveli-627 152",TIRUNELVELI,SELF FINANCING COLLEGES TIER 3,EE,Electrical and Electronics Engineering,131871.0,,,,,,,1,0,0,0,0,0,0,2021
4964,"PSN College of Engineering and Technology (Autonomous),Melathediyoor, Tirunelveli-627 152",TIRUNELVELI,SELF FINANCING COLLEGES TIER 3,ME,Mechanical Engineering,135700.0,,,,,,,1,0,0,0,0,0,0,2021
4964,"PSN College of Engineering and Technology (Autonomous),Melathediyoor, Tirunelveli-627 152",TIRUNELVELI,SELF FINANCING COLLEGES TIER 3,MR,MARINE ENGINEERING,86254.0,130611.0,120712.0,94223.0,120818.0,,,0,1,1,1,0,0,0,2021
4964,"PSN College of Engineering and Technology (Autonomous),Melathediyoor, Tirunelveli-627 152",TIRUNELVELI,SELF FINANCING COLLEGES TIER 3,MU,MECHANICAL AND AUTOMATION ENGINEERING,136126.0,,,,,,,1,0,0,0,0,0,0,2021
4965,"P S R Engineering College (Autonomous), Appayanaickenpatti, Sevalpatti, Virudhunagar District 626140",VIRUDHUNAGAR,SELF FINANCING COLLEGES TIER 3,BM,BIO MEDICAL ENGINEERING,63710.0,117478.0,89211.0,72807.0,119034.0,,,0,1,1,0,1,0,0,2021
4965,"P S R Engineering College (Autonomous), Appayanaickenpatti, Sevalpatti, Virudhunagar District 626140",VIRUDHUNAGAR,SELF FINANCING COLLEGES TIER 3,BT,BIO TECHNOLOGY,47390.0,109882.0,71011.0,,134527.0,,,0,0,0,0,1,0,0,2021
4965,"P S R Engineering College (Autonomous), Appayanaickenpatti, Sevalpatti, Virudhunagar District 626140",VIRUDHUNAGAR,SELF FINANCING COLLEGES TIER 3,CE,CIVIL ENGINEERING,136954.0,,,,,,,1,0,0,0,0,0,0,2021
4965,"P S R Engineering College (Autonomous), Appayanaickenpatti, Sevalpatti, Virudhunagar District 626140",VIRUDHUNAGAR,SELF FINANCING COLLEGES TIER 3,CS,Computer Science and Engineering,39188.0,56699.0,83003.0,79175.0,128843.0,,,0,0,1,0,1,0,0,2021
4965,"P S R Engineering College (Autonomous), Appayanaickenpatti, Sevalpatti, Virudhunagar District 626140",VIRUDHUNAGAR,SELF FINANCING COLLEGES TIER 3,EC,ELECTRONICS AND COMMUNICATION ENGINEERING,62072.0,83434.0,119076.0,82130.0,122000.0,,,0,0,1,0,1,0,0,2021
4965,"P S R Engineering College (Autonomous), Appayanaickenpatti, Sevalpatti, Virudhunagar District 626140",VIRUDHUNAGAR,SELF FINANCING COLLEGES TIER 3,EE,Electrical and Electronics Engineering,95870.0,116643.0,,,,,,0,0,0,0,0,0,0,2021
4965,"P S R Engineering College (Autonomous), Appayanaickenpatti, Sevalpatti, Virudhunagar District 626140",VIRUDHUNAGAR,SELF FINANCING COLLEGES TIER 3,ME,Mechanical Engineering,100175.0,129602.0,112301.0,,,,,0,1,1,0,0,0,0,2021
4966,"PET Engineering College, Vallioor Post, Tirunelveli District 627117",TIRUNELVELI,SELF FINANCING COLLEGES TIER 3,CE,CIVIL ENGINEERING,131363.0,,,,,,,1,0,0,0,0,0,0,2021
4966,"PET Engineering College, Vallioor Post, Tirunelveli District 627117",TIRUNELVELI,SELF FINANCING COLLEGES TIER 3,CS,Computer Science and Engineering,60330.0,96876.0,63331.0,,96382.0,,,0,0,0,0,1,0,0,2021
4966,"PET Engineering College, Vallioor Post, Tirunelveli District 627117",TIRUNELVELI,SELF FINANCING COLLEGES TIER 3,EC,ELECTRONICS AND COMMUNICATION ENGINEERING,109276.0,136718.0,127628.0,130336.0,,,,0,1,0,1,0,0,0,2021
4966,"PET Engineering College, Vallioor Post, Tirunelveli District 627117",TIRUNELVELI,SELF FINANCING COLLEGES TIER 3,EE,Electrical and Electronics Engineering,100042.0,,,,,,,1,0,0,0,0,0,0,2021
4966,"PET Engineering College, Vallioor Post, Tirunelveli District 627117",TIRUNELVELI,SELF FINANCING COLLEGES TIER 3,ME,Mechanical Engineering,131404.0,,,,,,,1,0,0,0,0,0,0,2021
4967,"S Veerasamy Chettiar College of Engineering and Technology, Puliangudi Post, Tenkasi District 627855",TENKASI,SELF FINANCING COLLEGES TIER 3,CE,CIVIL ENGINEERING,90377.0,,,,,,,1,0,0,0,0,0,0,2021
4967,"S Veerasamy Chettiar College of Engineering and Technology, Puliangudi Post, Tenkasi District 627855",TENKASI,SELF FINANCING COLLEGES TIER 3,CS,Computer Science and Engineering,92976.0,117318.0,113929.0,,135447.0,,,0,1,0,0,1,0,0,2021
4967,"S Veerasamy Chettiar College of Engineering and Technology, Puliangudi Post, Tenkasi District 627855",TENKASI,SELF FINANCING COLLEGES TIER 3,EC,ELECTRONICS AND COMMUNICATION ENGINEERING,126721.0,,,,,,,1,0,0,0,0,0,0,2021
4967,"S Veerasamy Chettiar College of Engineering and Technology, Puliangudi Post, Tenkasi District 627855",TENKASI,SELF FINANCING COLLEGES TIER 3,EE,Electrical and Electronics Engineering,136627.0,,,,,,,1,0,0,0,0,0,0,2021
4967,"S Veerasamy Chettiar College of Engineering and Technology, Puliangudi Post, Tenkasi District 627855",TENKASI,SELF FINANCING COLLEGES TIER 3,ME,Mechanical Engineering,131663.0,,,,,,,1,0,0,0,0,0,0,2021
4968,"Sardar Raja College of Engineering, Alangulam, Tenkasi District 627808",TENKASI,SELF FINANCING COLLEGES TIER 3,CE,CIVIL ENGINEERING,118043.0,,,,,,,1,0,0,0,0,0,0,2021
4968,"Sardar Raja College of Engineering, Alangulam, Tenkasi District 627808",TENKASI,SELF FINANCING COLLEGES TIER 3,CS,Computer Science and Engineering,130351.0,130573.0,,,,,,0,1,0,0,0,0,0,2021
4968,"Sardar Raja College of Engineering, Alangulam, Tenkasi District 627808",TENKASI,SELF FINANCING COLLEGES TIER 3,EC,ELECTRONICS AND COMMUNICATION ENGINEERING,104857.0,,,,,,,1,0,0,0,0,0,0,2021
4968,"Sardar Raja College of Engineering, Alangulam, Tenkasi District 627808",TENKASI,SELF FINANCING COLLEGES TIER 3,EE,Electrical and Electronics Engineering,119045.0,,,,,,,1,0,0,0,0,0,0,2021
4968,"Sardar Raja College of Engineering, Alangulam, Tenkasi District 627808",TENKASI,SELF FINANCING COLLEGES TIER 3,ME,Mechanical Engineering,,,,,,,,0,0,0,0,0,0,0,2021
4969,"SCAD College of Engineering and Technology, Cheranmahadevi, Tirunelveli District 627414",TIRUNELVELI,SELF FINANCING COLLEGES TIER 3,CE,CIVIL ENGINEERING,126481.0,,,,,,,1,0,0,0,0,0,0,2021
4969,"SCAD College of Engineering and Technology, Cheranmahadevi, Tirunelveli District 627414",TIRUNELVELI,SELF FINANCING COLLEGES TIER 3,CS,Computer Science and Engineering,78748.0,129176.0,103238.0,121674.0,133802.0,,,0,0,0,0,1,0,0,2021
4969,"SCAD College of Engineering and Technology, Cheranmahadevi, Tirunelveli District 627414",TIRUNELVELI,SELF FINANCING COLLEGES TIER 3,EC,ELECTRONICS AND COMMUNICATION ENGINEERING,129042.0,129839.0,,,135973.0,,,0,1,0,0,1,0,0,2021
4969,"SCAD College of Engineering and Technology, Cheranmahadevi, Tirunelveli District 627414",TIRUNELVELI,SELF FINANCING COLLEGES TIER 3,EE,Electrical and Electronics Engineering,110453.0,132469.0,121876.0,,128898.0,,,0,1,0,0,1,0,0,2021
4969,"SCAD College of Engineering and Technology, Cheranmahadevi, Tirunelveli District 627414",TIRUNELVELI,SELF FINANCING COLLEGES TIER 3,ME,Mechanical Engineering,136589.0,,,,,,,1,0,0,0,0,0,0,2021
4970,"Sree Sowdambika College of Engineering, Aruppukkottai Taluk, Virudhunagar District 626134",VIRUDHUNAGAR,SELF FINANCING COLLEGES TIER 3,CE,CIVIL ENGINEERING,115628.0,,,,,,,1,0,0,0,0,0,0,2021
4970,"Sree Sowdambika College of Engineering, Aruppukkottai Taluk, Virudhunagar District 626134",VIRUDHUNAGAR,SELF FINANCING COLLEGES TIER 3,CS,Computer Science and Engineering,82083.0,116207.0,111239.0,116804.0,114609.0,,,0,1,1,0,1,0,0,2021
4970,"Sree Sowdambika College of Engineering, Aruppukkottai Taluk, Virudhunagar District 626134",VIRUDHUNAGAR,SELF FINANCING COLLEGES TIER 3,EC,ELECTRONICS AND COMMUNICATION ENGINEERING,128595.0,,,,,,,1,0,0,0,0,0,0,2021
4970,"Sree Sowdambika College of Engineering, Aruppukkottai Taluk, Virudhunagar District 626134",VIRUDHUNAGAR,SELF FINANCING COLLEGES TIER 3,EE,Electrical and Electronics Engineering,127340.0,,,,,,,0,0,0,0,0,0,0,2021
4970,"Sree Sowdambika College of Engineering, Aruppukkottai Taluk, Virudhunagar District 626134",VIRUDHUNAGAR,SELF FINANCING COLLEGES TIER 3,ME,Mechanical Engineering,131475.0,,,,,,,1,0,0,0,0,0,0,2021
4971,"St. Xavier's Catholic College of Engineering, Chunkankadai, Nagercoil, Kanyakumari District 629807",KANYAKUMARI,SELF FINANCING COLLEGES TIER 3,CE,CIVIL ENGINEERING,92539.0,111507.0,113255.0,,,,,0,0,0,0,0,0,0,2021
4971,"St. Xavier's Catholic College of Engineering, Chunkankadai, Nagercoil, Kanyakumari District 629807",KANYAKUMARI,SELF FINANCING COLLEGES TIER 3,CS,Computer Science and Engineering,18003.0,33039.0,19859.0,57488.0,131567.0,,,0,0,0,0,0,0,0,2021
4971,"St. Xavier's Catholic College of Engineering, Chunkankadai, Nagercoil, Kanyakumari District 629807",KANYAKUMARI,SELF FINANCING COLLEGES TIER 3,EC,ELECTRONICS AND COMMUNICATION ENGINEERING,35781.0,50204.0,50206.0,68602.0,103476.0,,,0,0,0,0,1,0,0,2021
4971,"St. Xavier's Catholic College of Engineering, Chunkankadai, Nagercoil, Kanyakumari District 629807",KANYAKUMARI,SELF FINANCING COLLEGES TIER 3,EE,Electrical and Electronics Engineering,48188.0,61521.0,,117172.0,,,,0,0,0,0,0,0,0,2021
4971,"St. Xavier's Catholic College of Engineering, Chunkankadai, Nagercoil, Kanyakumari District 629807",KANYAKUMARI,SELF FINANCING COLLEGES TIER 3,IT,INFORMATION TECHNOLOGY,28959.0,44556.0,57091.0,,125995.0,,,0,0,0,0,1,0,0,2021
4971,"St. Xavier's Catholic College of Engineering, Chunkankadai, Nagercoil, Kanyakumari District 629807",KANYAKUMARI,SELF FINANCING COLLEGES TIER 3,ME,Mechanical Engineering,67228.0,88808.0,87544.0,126966.0,126101.0,,,0,0,0,0,1,0,0,2021
4972,"AMRITA College of Engineering and Technology, Erachakulam Post, Kanyakumari District 629902",KANYAKUMARI,SELF FINANCING COLLEGES TIER 3,CE,CIVIL ENGINEERING,113510.0,,,,,,,1,0,0,0,0,0,0,2021
4972,"AMRITA College of Engineering and Technology, Erachakulam Post, Kanyakumari District 629902",KANYAKUMARI,SELF FINANCING COLLEGES TIER 3,CS,Computer Science and Engineering,58898.0,82811.0,71929.0,95913.0,121296.0,108076.0,,0,0,1,0,1,1,0,2021
4972,"AMRITA College of Engineering and Technology, Erachakulam Post, Kanyakumari District 629902",KANYAKUMARI,SELF FINANCING COLLEGES TIER 3,EC,ELECTRONICS AND COMMUNICATION ENGINEERING,93443.0,121927.0,,119777.0,99055.0,,,0,1,0,1,1,0,0,2021
4972,"AMRITA College of Engineering and Technology, Erachakulam Post, Kanyakumari District 629902",KANYAKUMARI,SELF FINANCING COLLEGES TIER 3,EE,Electrical and Electronics Engineering,135011.0,,,,,,,1,0,0,0,0,0,0,2021
4972,"AMRITA College of Engineering and Technology, Erachakulam Post, Kanyakumari District 629902",KANYAKUMARI,SELF FINANCING COLLEGES TIER 3,ME,Mechanical Engineering,120687.0,132369.0,,131245.0,,,,0,1,0,0,0,0,0,2021
4975,"Dr. G U Pope College of Engineering, Sawyerpuram, Thoothukudi District 628251",TUTICORIN,SELF FINANCING COLLEGES TIER 3,CE,CIVIL ENGINEERING,98960.0,,,,,,,1,0,0,0,0,0,0,2021
4975,"Dr. G U Pope College of Engineering, Sawyerpuram, Thoothukudi District 628251",TUTICORIN,SELF FINANCING COLLEGES TIER 3,CS,Computer Science and Engineering,94371.0,130994.0,,,126539.0,,,0,0,0,0,1,0,0,2021
4975,"Dr. G U Pope College of Engineering, Sawyerpuram, Thoothukudi District 628251",TUTICORIN,SELF FINANCING COLLEGES TIER 3,EC,ELECTRONICS AND COMMUNICATION ENGINEERING,120238.0,136715.0,,,131984.0,,,0,1,0,0,1,0,0,2021
4975,"Dr. G U Pope College of Engineering, Sawyerpuram, Thoothukudi District 628251",TUTICORIN,SELF FINANCING COLLEGES TIER 3,EE,Electrical and Electronics Engineering,118433.0,,,,,,,1,0,0,0,0,0,0,2021
4975,"Dr. G U Pope College of Engineering, Sawyerpuram, Thoothukudi District 628251",TUTICORIN,SELF FINANCING COLLEGES TIER 3,ME,Mechanical Engineering,133840.0,,,,,,,1,0,0,0,0,0,0,2021
4976,"Infant Jesus College of Engineering, Thoothukudi Highway (NH7/A), Thoothukudi District 628851",TUTICORIN,SELF FINANCING COLLEGES TIER 3,AE,AERONAUTICAL ENGINEERING,127064.0,,,,,,,1,0,0,0,0,0,0,2021
4976,"Infant Jesus College of Engineering, Thoothukudi Highway (NH7/A), Thoothukudi District 628851",TUTICORIN,SELF FINANCING COLLEGES TIER 3,AG,Agricultural Engineering,116644.0,,,,,,,1,0,0,0,0,0,0,2021
4976,"Infant Jesus College of Engineering, Thoothukudi Highway (NH7/A), Thoothukudi District 628851",TUTICORIN,SELF FINANCING COLLEGES TIER 3,CS,Computer Science and Engineering,135089.0,,,,,,,1,0,0,0,0,0,0,2021
4976,"Infant Jesus College of Engineering, Thoothukudi Highway (NH7/A), Thoothukudi District 628851",TUTICORIN,SELF FINANCING COLLEGES TIER 3,EC,ELECTRONICS AND COMMUNICATION ENGINEERING,,,,,,,,0,0,0,0,0,0,0,2021
4976,"Infant Jesus College of Engineering, Thoothukudi Highway (NH7/A), Thoothukudi District 628851",TUTICORIN,SELF FINANCING COLLEGES TIER 3,ME,Mechanical Engineering,,,,,,,,0,0,0,0,0,0,0,2021
4977,"Narayanaguru College of Engineering, Manjalumoodu, Kanyakumari District 629151",KANYAKUMARI,SELF FINANCING COLLEGES TIER 3,AU,AUTOMOBILE ENGINEERING,,,,,,,,0,0,0,0,0,0,0,2021
4977,"Narayanaguru College of Engineering, Manjalumoodu, Kanyakumari District 629151",KANYAKUMARI,SELF FINANCING COLLEGES TIER 3,CE,CIVIL ENGINEERING,,,,,,,,0,0,0,0,0,0,0,2021
4977,"Narayanaguru College of Engineering, Manjalumoodu, Kanyakumari District 629151",KANYAKUMARI,SELF FINANCING COLLEGES TIER 3,CS,Computer Science and Engineering,132135.0,,,,,,,1,0,0,0,0,0,0,2021
4977,"Narayanaguru College of Engineering, Manjalumoodu, Kanyakumari District 629151",KANYAKUMARI,SELF FINANCING COLLEGES TIER 3,EC,ELECTRONICS AND COMMUNICATION ENGINEERING,,,,,,,,0,0,0,0,0,0,0,2021
4977,"Narayanaguru College of Engineering, Manjalumoodu, Kanyakumari District 629151",KANYAKUMARI,SELF FINANCING COLLEGES TIER 3,EE,Electrical and Electronics Engineering,,,,,,,,0,0,0,0,0,0,0,2021
4977,"Narayanaguru College of Engineering, Manjalumoodu, Kanyakumari District 629151",KANYAKUMARI,SELF FINANCING COLLEGES TIER 3,ME,Mechanical Engineering,136330.0,,,,,,,1,0,0,0,0,0,0,2021
4978,"Udaya School of Engineering, Ammandivilai Post, Kanyakumari District 629204",KANYAKUMARI,SELF FINANCING COLLEGES TIER 3,AE,AERONAUTICAL ENGINEERING,119403.0,,,,,,,1,0,0,0,0,0,0,2021
4978,"Udaya School of Engineering, Ammandivilai Post, Kanyakumari District 629204",KANYAKUMARI,SELF FINANCING COLLEGES TIER 3,BM,BIO MEDICAL ENGINEERING,91579.0,136356.0,116962.0,100602.0,124137.0,117870.0,,0,1,1,0,0,0,0,2021
4978,"Udaya School of Engineering, Ammandivilai Post, Kanyakumari District 629204",KANYAKUMARI,SELF FINANCING COLLEGES TIER 3,BT,BIO TECHNOLOGY,110473.0,111229.0,,,129505.0,,,0,1,0,0,1,0,0,2021
4978,"Udaya School of Engineering, Ammandivilai Post, Kanyakumari District 629204",KANYAKUMARI,SELF FINANCING COLLEGES TIER 3,CE,CIVIL ENGINEERING,71087.0,,,,,,,1,0,0,0,0,0,0,2021
4978,"Udaya School of Engineering, Ammandivilai Post, Kanyakumari District 629204",KANYAKUMARI,SELF FINANCING COLLEGES TIER 3,CS,Computer Science and Engineering,112370.0,135741.0,,115512.0,136934.0,129211.0,,0,1,0,0,1,0,0,2021
4978,"Udaya School of Engineering, Ammandivilai Post, Kanyakumari District 629204",KANYAKUMARI,SELF FINANCING COLLEGES TIER 3,EC,ELECTRONICS AND COMMUNICATION ENGINEERING,,,,,,,,0,0,0,0,0,0,0,2021
4978,"Udaya School of Engineering, Ammandivilai Post, Kanyakumari District 629204",KANYAKUMARI,SELF FINANCING COLLEGES TIER 3,EE,Electrical and Electronics Engineering,132693.0,,,,,,,1,0,0,0,0,0,0,2021
4978,"Udaya School of Engineering, Ammandivilai Post, Kanyakumari District 629204",KANYAKUMARI,SELF FINANCING COLLEGES TIER 3,ME,Mechanical Engineering,136475.0,,,,,,,1,0,0,0,0,0,0,2021
4979,"V.P.Muthaiah Pillai Meenakshi Ammal Engineering College for Women, Krishnakoil,Virudhunagar-626 190",VIRUDHUNAGAR,SELF FINANCING COLLEGES TIER 3,CE,CIVIL ENGINEERING,,,,,,,,0,0,0,0,0,0,0,2021
4979,"V.P.Muthaiah Pillai Meenakshi Ammal Engineering College for Women, Krishnakoil,Virudhunagar-626 190",VIRUDHUNAGAR,SELF FINANCING COLLEGES TIER 3,CS,Computer Science and Engineering,134386.0,,,,,,,1,0,0,0,0,0,0,2021
4979,"V.P.Muthaiah Pillai Meenakshi Ammal Engineering College for Women, Krishnakoil,Virudhunagar-626 190",VIRUDHUNAGAR,SELF FINANCING COLLEGES TIER 3,EC,ELECTRONICS AND COMMUNICATION ENGINEERING,87828.0,,,,,,,1,0,0,0,0,0,0,2021
4979,"V.P.Muthaiah Pillai Meenakshi Ammal Engineering College for Women, Krishnakoil,Virudhunagar-626 190",VIRUDHUNAGAR,SELF FINANCING COLLEGES TIER 3,EE,Electrical and Electronics Engineering,55525.0,,,,,,,1,0,0,0,0,0,0,2021
4979,"V.P.Muthaiah Pillai Meenakshi Ammal Engineering College for Women, Krishnakoil,Virudhunagar-626 190",VIRUDHUNAGAR,SELF FINANCING COLLEGES TIER 3,IT,INFORMATION TECHNOLOGY,97284.0,,,,,,,1,0,0,0,0,0,0,2021
4980,"Einstein College of Engineering, Seethaparpanallur, Tirunelveli District 627012",TIRUNELVELI,SELF FINANCING COLLEGES TIER 3,CE,CIVIL ENGINEERING,114383.0,124035.0,,,,,,0,1,0,0,0,0,0,2021
4980,"Einstein College of Engineering, Seethaparpanallur, Tirunelveli District 627012",TIRUNELVELI,SELF FINANCING COLLEGES TIER 3,CS,Computer Science and Engineering,83667.0,111759.0,128606.0,102915.0,122480.0,90648.0,,0,0,0,0,1,1,0,2021
4980,"Einstein College of Engineering, Seethaparpanallur, Tirunelveli District 627012",TIRUNELVELI,SELF FINANCING COLLEGES TIER 3,EC,ELECTRONICS AND COMMUNICATION ENGINEERING,67220.0,136006.0,,101705.0,107433.0,,,0,1,0,0,1,0,0,2021
4980,"Einstein College of Engineering, Seethaparpanallur, Tirunelveli District 627012",TIRUNELVELI,SELF FINANCING COLLEGES TIER 3,EE,Electrical and Electronics Engineering,126573.0,,,,,,,1,0,0,0,0,0,0,2021
4980,"Einstein College of Engineering, Seethaparpanallur, Tirunelveli District 627012",TIRUNELVELI,SELF FINANCING COLLEGES TIER 3,ME,Mechanical Engineering,119337.0,136346.0,,,,,,0,1,0,0,0,0,0,2021
4981,"Ponjesly College of Engineering, Vettornimadam Post, Nagercoil, Kanyakumari District 629003",KANYAKUMARI,SELF FINANCING COLLEGES TIER 3,CE,CIVIL ENGINEERING,126144.0,,,,,,,1,0,0,0,0,0,0,2021
4981,"Ponjesly College of Engineering, Vettornimadam Post, Nagercoil, Kanyakumari District 629003",KANYAKUMARI,SELF FINANCING COLLEGES TIER 3,CS,Computer Science and Engineering,41628.0,50261.0,69936.0,47622.0,132949.0,,,0,0,0,0,1,0,0,2021
4981,"Ponjesly College of Engineering, Vettornimadam Post, Nagercoil, Kanyakumari District 629003",KANYAKUMARI,SELF FINANCING COLLEGES TIER 3,EC,ELECTRONICS AND COMMUNICATION ENGINEERING,61072.0,74572.0,87634.0,,136967.0,,,0,0,0,0,1,0,0,2021
4981,"Ponjesly College of Engineering, Vettornimadam Post, Nagercoil, Kanyakumari District 629003",KANYAKUMARI,SELF FINANCING COLLEGES TIER 3,EE,Electrical and Electronics Engineering,103542.0,130404.0,,,,,,0,1,0,0,0,0,0,2021
4981,"Ponjesly College of Engineering, Vettornimadam Post, Nagercoil, Kanyakumari District 629003",KANYAKUMARI,SELF FINANCING COLLEGES TIER 3,IT,INFORMATION TECHNOLOGY,52796.0,66367.0,77204.0,75410.0,135250.0,,,0,0,0,0,1,0,0,2021
4981,"Ponjesly College of Engineering, Vettornimadam Post, Nagercoil, Kanyakumari District 629003",KANYAKUMARI,SELF FINANCING COLLEGES TIER 3,ME,Mechanical Engineering,84896.0,122356.0,122971.0,,,,,0,0,0,0,0,0,0,2021
4982,"Vins Christian College of Engineering, Chunkankadai Post, Nagercoil, Kanyakumari District 629807",KANYAKUMARI,SELF FINANCING COLLEGES TIER 3,CE,CIVIL ENGINEERING,,,,,,,,0,0,0,0,0,0,0,2021
4982,"Vins Christian College of Engineering, Chunkankadai Post, Nagercoil, Kanyakumari District 629807",KANYAKUMARI,SELF FINANCING COLLEGES TIER 3,CS,Computer Science and Engineering,118493.0,123740.0,,,,,,0,1,0,0,0,0,0,2021
4982,"Vins Christian College of Engineering, Chunkankadai Post, Nagercoil, Kanyakumari District 629807",KANYAKUMARI,SELF FINANCING COLLEGES TIER 3,EC,ELECTRONICS AND COMMUNICATION ENGINEERING,110114.0,,,,,,,1,0,0,0,0,0,0,2021
4982,"Vins Christian College of Engineering, Chunkankadai Post, Nagercoil, Kanyakumari District 629807",KANYAKUMARI,SELF FINANCING COLLEGES TIER 3,EE,Electrical and Electronics Engineering,103051.0,,,,,,,1,0,0,0,0,0,0,2021
4982,"Vins Christian College of Engineering, Chunkankadai Post, Nagercoil, Kanyakumari District 629807",KANYAKUMARI,SELF FINANCING COLLEGES TIER 3,ME,Mechanical Engineering,124713.0,,,,,,,1,0,0,0,0,0,0,2021
4983,"Lord Jegannath College of Engineering and Technology, Kumarapuram, Thoppur Post, Kanyakumari District 629402",KANYAKUMARI,SELF FINANCING COLLEGES TIER 3,AE,AERONAUTICAL ENGINEERING,121903.0,,,,,,,1,0,0,0,0,0,0,2021
4983,"Lord Jegannath College of Engineering and Technology, Kumarapuram, Thoppur Post, Kanyakumari District 629402",KANYAKUMARI,SELF FINANCING COLLEGES TIER 3,CE,CIVIL ENGINEERING,,,,,,,,0,0,0,0,0,0,0,2021
4983,"Lord Jegannath College of Engineering and Technology, Kumarapuram, Thoppur Post, Kanyakumari District 629402",KANYAKUMARI,SELF FINANCING COLLEGES TIER 3,CS,Computer Science and Engineering,114484.0,,130748.0,,,,,0,0,0,0,0,0,0,2021
4983,"Lord Jegannath College of Engineering and Technology, Kumarapuram, Thoppur Post, Kanyakumari District 629402",KANYAKUMARI,SELF FINANCING COLLEGES TIER 3,EC,ELECTRONICS AND COMMUNICATION ENGINEERING,,,,,,,,0,0,0,0,0,0,0,2021
4983,"Lord Jegannath College of Engineering and Technology, Kumarapuram, Thoppur Post, Kanyakumari District 629402",KANYAKUMARI,SELF FINANCING COLLEGES TIER 3,EE,Electrical and Electronics Engineering,,,,,,,,0,0,0,0,0,0,0,2021
4983,"Lord Jegannath College of Engineering and Technology, Kumarapuram, Thoppur Post, Kanyakumari District 629402",KANYAKUMARI,SELF FINANCING COLLEGES TIER 3,ME,Mechanical Engineering,90418.0,,,,,,,1,0,0,0,0,0,0,2021
4983,"Lord Jegannath College of Engineering and Technology, Kumarapuram, Thoppur Post, Kanyakumari District 629402",KANYAKUMARI,SELF FINANCING COLLEGES TIER 3,RM,ROBOTICS AND AUTOMATION,111096.0,,,,,,,1,0,0,0,0,0,0,2021
4984,"Marthandam College of Engineering & Technology, Kuttakuzhi, Veeyanoor Post, Kanyakumari District 629177",KANYAKUMARI,SELF FINANCING COLLEGES TIER 3,CE,CIVIL ENGINEERING,,,,,,,,0,0,0,0,0,0,0,2021
4984,"Marthandam College of Engineering & Technology, Kuttakuzhi, Veeyanoor Post, Kanyakumari District 629177",KANYAKUMARI,SELF FINANCING COLLEGES TIER 3,CS,Computer Science and Engineering,102463.0,136132.0,,121146.0,136648.0,,,0,1,0,0,1,0,0,2021
4984,"Marthandam College of Engineering & Technology, Kuttakuzhi, Veeyanoor Post, Kanyakumari District 629177",KANYAKUMARI,SELF FINANCING COLLEGES TIER 3,EC,ELECTRONICS AND COMMUNICATION ENGINEERING,105283.0,,,,,,,1,0,0,0,0,0,0,2021
4984,"Marthandam College of Engineering & Technology, Kuttakuzhi, Veeyanoor Post, Kanyakumari District 629177",KANYAKUMARI,SELF FINANCING COLLEGES TIER 3,EE,Electrical and Electronics Engineering,123264.0,,,,,,,1,0,0,0,0,0,0,2021
4984,"Marthandam College of Engineering & Technology, Kuttakuzhi, Veeyanoor Post, Kanyakumari District 629177",KANYAKUMARI,SELF FINANCING COLLEGES TIER 3,IT,INFORMATION TECHNOLOGY,125307.0,,,,,,,0,0,0,0,0,0,0,2021
4984,"Marthandam College of Engineering & Technology, Kuttakuzhi, Veeyanoor Post, Kanyakumari District 629177",KANYAKUMARI,SELF FINANCING COLLEGES TIER 3,ME,Mechanical Engineering,132149.0,,,,,,,1,0,0,0,0,0,0,2021
4989,"PSN Engineering College, Melathediyoor, Tirunelveli District 627152",TIRUNELVELI,SELF FINANCING COLLEGES TIER 3,AU,AUTOMOBILE ENGINEERING,,,,,,,,0,0,0,0,0,0,0,2021
4989,"PSN Engineering College, Melathediyoor, Tirunelveli District 627152",TIRUNELVELI,SELF FINANCING COLLEGES TIER 3,CE,CIVIL ENGINEERING,,,,,,,,0,0,0,0,0,0,0,2021
4989,"PSN Engineering College, Melathediyoor, Tirunelveli District 627152",TIRUNELVELI,SELF FINANCING COLLEGES TIER 3,CS,Computer Science and Engineering,77793.0,126003.0,,,136506.0,131057.0,,0,0,0,0,0,1,0,2021
4989,"PSN Engineering College, Melathediyoor, Tirunelveli District 627152",TIRUNELVELI,SELF FINANCING COLLEGES TIER 3,EC,ELECTRONICS AND COMMUNICATION ENGINEERING,135691.0,,,,,,,1,0,0,0,0,0,0,2021
4989,"PSN Engineering College, Melathediyoor, Tirunelveli District 627152",TIRUNELVELI,SELF FINANCING COLLEGES TIER 3,IT,INFORMATION TECHNOLOGY,103363.0,135500.0,110296.0,,,,,0,1,1,0,0,0,0,2021
4989,"PSN Engineering College, Melathediyoor, Tirunelveli District 627152",TIRUNELVELI,SELF FINANCING COLLEGES TIER 3,ME,Mechanical Engineering,136138.0,,,,,,,1,0,0,0,0,0,0,2021
4989,"PSN Engineering College, Melathediyoor, Tirunelveli District 627152",TIRUNELVELI,SELF FINANCING COLLEGES TIER 3,MU,MECHANICAL AND AUTOMATION ENGINEERING,136323.0,,,,,,,1,0,0,0,0,0,0,2021
4992,"Bethlahem Institute of Engineering, Karungal, Kanyakumari District 629157",KANYAKUMARI,SELF FINANCING COLLEGES TIER 3,AU,AUTOMOBILE ENGINEERING,117693.0,,,,,,,1,0,0,0,0,0,0,2021
4992,"Bethlahem Institute of Engineering, Karungal, Kanyakumari District 629157",KANYAKUMARI,SELF FINANCING COLLEGES TIER 3,CE,CIVIL ENGINEERING,121276.0,,,,,,,0,0,0,0,0,0,0,2021
4992,"Bethlahem Institute of Engineering, Karungal, Kanyakumari District 629157",KANYAKUMARI,SELF FINANCING COLLEGES TIER 3,CS,Computer Science and Engineering,80946.0,117330.0,,,127534.0,,,0,0,0,0,1,0,0,2021
4992,"Bethlahem Institute of Engineering, Karungal, Kanyakumari District 629157",KANYAKUMARI,SELF FINANCING COLLEGES TIER 3,EC,ELECTRONICS AND COMMUNICATION ENGINEERING,117002.0,128041.0,,,,,,0,1,0,0,0,0,0,2021
4992,"Bethlahem Institute of Engineering, Karungal, Kanyakumari District 629157",KANYAKUMARI,SELF FINANCING COLLEGES TIER 3,EE,Electrical and Electronics Engineering,128713.0,,,,,,,1,0,0,0,0,0,0,2021
4992,"Bethlahem Institute of Engineering, Karungal, Kanyakumari District 629157",KANYAKUMARI,SELF FINANCING COLLEGES TIER 3,IT,INFORMATION TECHNOLOGY,100995.0,123429.0,116196.0,,,,,0,1,0,0,0,0,0,2021
4992,"Bethlahem Institute of Engineering, Karungal, Kanyakumari District 629157",KANYAKUMARI,SELF FINANCING COLLEGES TIER 3,ME,Mechanical Engineering,132208.0,,,,,,,1,0,0,0,0,0,0,2021
4993,"Loyola Institute of Technology and Science, Loyola Nagar, P B No.2, Thovalai, Kanyakumari District 629302",KANYAKUMARI,SELF FINANCING COLLEGES TIER 3,AG,Agricultural Engineering,92248.0,136065.0,,,124773.0,,,0,1,0,0,1,0,0,2021
4993,"Loyola Institute of Technology and Science, Loyola Nagar, P B No.2, Thovalai, Kanyakumari District 629302",KANYAKUMARI,SELF FINANCING COLLEGES TIER 3,BM,BIO MEDICAL ENGINEERING,85436.0,129292.0,94615.0,,136773.0,,,0,1,1,0,0,0,0,2021
4993,"Loyola Institute of Technology and Science, Loyola Nagar, P B No.2, Thovalai, Kanyakumari District 629302",KANYAKUMARI,SELF FINANCING COLLEGES TIER 3,CE,CIVIL ENGINEERING,136795.0,,,,,,,1,0,0,0,0,0,0,2021
4993,"Loyola Institute of Technology and Science, Loyola Nagar, P B No.2, Thovalai, Kanyakumari District 629302",KANYAKUMARI,SELF FINANCING COLLEGES TIER 3,CS,Computer Science and Engineering,82448.0,125064.0,121198.0,,116776.0,,,0,0,0,0,1,0,0,2021
4993,"Loyola Institute of Technology and Science, Loyola Nagar, P B No.2, Thovalai, Kanyakumari District 629302",KANYAKUMARI,SELF FINANCING COLLEGES TIER 3,EC,ELECTRONICS AND COMMUNICATION ENGINEERING,128922.0,131702.0,,,136283.0,129916.0,,0,1,0,0,1,1,0,2021
4993,"Loyola Institute of Technology and Science, Loyola Nagar, P B No.2, Thovalai, Kanyakumari District 629302",KANYAKUMARI,SELF FINANCING COLLEGES TIER 3,EE,Electrical and Electronics Engineering,72608.0,,,,,,,1,0,0,0,0,0,0,2021
4993,"Loyola Institute of Technology and Science, Loyola Nagar, P B No.2, Thovalai, Kanyakumari District 629302",KANYAKUMARI,SELF FINANCING COLLEGES TIER 3,IT,INFORMATION TECHNOLOGY,116764.0,131830.0,118356.0,,130415.0,,,0,1,0,0,1,0,0,2021
4993,"Loyola Institute of Technology and Science, Loyola Nagar, P B No.2, Thovalai, Kanyakumari District 629302",KANYAKUMARI,SELF FINANCING COLLEGES TIER 3,ME,Mechanical Engineering,117828.0,124076.0,,,,,,0,1,0,0,0,0,0,2021
4993,"Loyola Institute of Technology and Science, Loyola Nagar, P B No.2, Thovalai, Kanyakumari District 629302",KANYAKUMARI,SELF FINANCING COLLEGES TIER 3,RM,ROBOTICS AND AUTOMATION,92040.0,,,,,,,1,0,0,0,0,0,0,2021
4994,"J P College of Engineering, College Road, Ayakudy, Tenkasi Taluk, Tenkasi District 627852",TENKASI,SELF FINANCING COLLEGES TIER 3,CE,CIVIL ENGINEERING,132668.0,,,,,,,1,0,0,0,0,0,0,2021
4994,"J P College of Engineering, College Road, Ayakudy, Tenkasi Taluk, Tenkasi District 627852",TENKASI,SELF FINANCING COLLEGES TIER 3,CS,Computer Science and Engineering,79362.0,121617.0,97562.0,,124550.0,101057.0,,0,0,0,0,1,1,0,2021
4994,"J P College of Engineering, College Road, Ayakudy, Tenkasi Taluk, Tenkasi District 627852",TENKASI,SELF FINANCING COLLEGES TIER 3,EC,ELECTRONICS AND COMMUNICATION ENGINEERING,103335.0,132590.0,136421.0,,117926.0,,,0,1,0,0,1,0,0,2021
4994,"J P College of Engineering, College Road, Ayakudy, Tenkasi Taluk, Tenkasi District 627852",TENKASI,SELF FINANCING COLLEGES TIER 3,EE,Electrical and Electronics Engineering,128354.0,134363.0,,,132238.0,,,0,1,0,0,1,0,0,2021
4994,"J P College of Engineering, College Road, Ayakudy, Tenkasi Taluk, Tenkasi District 627852",TENKASI,SELF FINANCING COLLEGES TIER 3,ME,Mechanical Engineering,136111.0,,,,,,,1,0,0,0,0,0,0,2021
4995,"P.S.R.R College of Engineering (Formerly P S R Rengasamy College of Engineering for Women), Appayanaickenpatti, Sevalpatti, Virudhunagar District 626140",VIRUDHUNAGAR,SELF FINANCING COLLEGES TIER 3,CS,Computer Science and Engineering,119274.0,,,,,,,0,0,0,0,0,0,0,2021
4995,"P.S.R.R College of Engineering (Formerly P S R Rengasamy College of Engineering for Women), Appayanaickenpatti, Sevalpatti, Virudhunagar District 626140",VIRUDHUNAGAR,SELF FINANCING COLLEGES TIER 3,EC,ELECTRONICS AND COMMUNICATION ENGINEERING,135476.0,,,,,,,1,0,0,0,0,0,0,2021
4995,"P.S.R.R College of Engineering (Formerly P S R Rengasamy College of Engineering for Women), Appayanaickenpatti, Sevalpatti, Virudhunagar District 626140",VIRUDHUNAGAR,SELF FINANCING COLLEGES TIER 3,EE,Electrical and Electronics Engineering,131115.0,,,,,,,1,0,0,0,0,0,0,2021
4996,"Sri Vidya College of Engineering and Technology, Sivakasi Main Road, P Kumaralinapuram, Virudhunagar District 626005",VIRUDHUNAGAR,SELF FINANCING COLLEGES TIER 3,CE,CIVIL ENGINEERING,125595.0,,,,,,,1,0,0,0,0,0,0,2021
4996,"Sri Vidya College of Engineering and Technology, Sivakasi Main Road, P Kumaralinapuram, Virudhunagar District 626005",VIRUDHUNAGAR,SELF FINANCING COLLEGES TIER 3,CS,Computer Science and Engineering,125839.0,133392.0,,129971.0,,,,0,1,0,0,0,0,0,2021
4996,"Sri Vidya College of Engineering and Technology, Sivakasi Main Road, P Kumaralinapuram, Virudhunagar District 626005",VIRUDHUNAGAR,SELF FINANCING COLLEGES TIER 3,EC,ELECTRONICS AND COMMUNICATION ENGINEERING,119850.0,,,,,,,1,0,0,0,0,0,0,2021
4996,"Sri Vidya College of Engineering and Technology, Sivakasi Main Road, P Kumaralinapuram, Virudhunagar District 626005",VIRUDHUNAGAR,SELF FINANCING COLLEGES TIER 3,EE,Electrical and Electronics Engineering,132887.0,,,,,,,1,0,0,0,0,0,0,2021
4996,"Sri Vidya College of Engineering and Technology, Sivakasi Main Road, P Kumaralinapuram, Virudhunagar District 626005",VIRUDHUNAGAR,SELF FINANCING COLLEGES TIER 3,ME,Mechanical Engineering,85683.0,,,,,,,1,0,0,0,0,0,0,2021
4998,"Mahakavi Bharathiyar College of Engineering and Technology, Vasudevanallur, Tenkasi District 627758",TENKASI,SELF FINANCING COLLEGES TIER 3,CE,CIVIL ENGINEERING,,,,,,,,0,0,0,0,0,0,0,2021
4998,"Mahakavi Bharathiyar College of Engineering and Technology, Vasudevanallur, Tenkasi District 627758",TENKASI,SELF FINANCING COLLEGES TIER 3,CS,Computer Science and Engineering,,,,,,,,0,0,0,0,0,0,0,2021
4998,"Mahakavi Bharathiyar College of Engineering and Technology, Vasudevanallur, Tenkasi District 627758",TENKASI,SELF FINANCING COLLEGES TIER 3,EC,ELECTRONICS AND COMMUNICATION ENGINEERING,,,,,,,,0,0,0,0,0,0,0,2021
4998,"Mahakavi Bharathiyar College of Engineering and Technology, Vasudevanallur, Tenkasi District 627758",TENKASI,SELF FINANCING COLLEGES TIER 3,EE,Electrical and Electronics Engineering,,,,,,,,0,0,0,0,0,0,0,2021
4998,"Mahakavi Bharathiyar College of Engineering and Technology, Vasudevanallur, Tenkasi District 627758",TENKASI,SELF FINANCING COLLEGES TIER 3,ME,Mechanical Engineering,,,,,,,,0,0,0,0,0,0,0,2021
4999,"Annai Vailankanni College of Engineering, Pothaiyadi Salai, Pottalkulam, Azhagappapuram, Kanyakumari District 629401",KANYAKUMARI,SELF FINANCING COLLEGES TIER 3,AD,Artificial Intelligence and Data Science,82608.0,135291.0,120197.0,,132354.0,109711.0,,0,0,1,0,1,0,0,2021
4999,"Annai Vailankanni College of Engineering, Pothaiyadi Salai, Pottalkulam, Azhagappapuram, Kanyakumari District 629401",KANYAKUMARI,SELF FINANCING COLLEGES TIER 3,CE,CIVIL ENGINEERING,134292.0,,,,,,,1,0,0,0,0,0,0,2021
4999,"Annai Vailankanni College of Engineering, Pothaiyadi Salai, Pottalkulam, Azhagappapuram, Kanyakumari District 629401",KANYAKUMARI,SELF FINANCING COLLEGES TIER 3,CS,Computer Science and Engineering,103172.0,133072.0,,114400.0,118658.0,,,0,0,0,0,1,0,0,2021
4999,"Annai Vailankanni College of Engineering, Pothaiyadi Salai, Pottalkulam, Azhagappapuram, Kanyakumari District 629401",KANYAKUMARI,SELF FINANCING COLLEGES TIER 3,EC,ELECTRONICS AND COMMUNICATION ENGINEERING,89499.0,,,,,,,1,0,0,0,0,0,0,2021
4999,"Annai Vailankanni College of Engineering, Pothaiyadi Salai, Pottalkulam, Azhagappapuram, Kanyakumari District 629401",KANYAKUMARI,SELF FINANCING COLLEGES TIER 3,ME,Mechanical Engineering,136348.0,,,,,,,1,0,0,0,0,0,0,2021
5502,"Sri Raajaraajan College of Engineering & Technology, Amaravathi Village, Amaravathi Pudur Post, Karaikudi, Sivagangai District 630301",SIVAGANGAI,SELF FINANCING COLLEGES TIER 3,CE,CIVIL ENGINEERING,129517.0,,,,,,,1,0,0,0,0,0,0,2021
5502,"Sri Raajaraajan College of Engineering & Technology, Amaravathi Village, Amaravathi Pudur Post, Karaikudi, Sivagangai District 630301",SIVAGANGAI,SELF FINANCING COLLEGES TIER 3,CS,Computer Science and Engineering,70575.0,99509.0,,101446.0,117368.0,,,0,0,0,0,0,0,0,2021
5502,"Sri Raajaraajan College of Engineering & Technology, Amaravathi Village, Amaravathi Pudur Post, Karaikudi, Sivagangai District 630301",SIVAGANGAI,SELF FINANCING COLLEGES TIER 3,EC,ELECTRONICS AND COMMUNICATION ENGINEERING,114067.0,127182.0,129286.0,,121758.0,,,0,1,0,0,1,0,0,2021
5502,"Sri Raajaraajan College of Engineering & Technology, Amaravathi Village, Amaravathi Pudur Post, Karaikudi, Sivagangai District 630301",SIVAGANGAI,SELF FINANCING COLLEGES TIER 3,EE,Electrical and Electronics Engineering,59022.0,,,,,,,1,0,0,0,0,0,0,2021
5502,"Sri Raajaraajan College of Engineering & Technology, Amaravathi Village, Amaravathi Pudur Post, Karaikudi, Sivagangai District 630301",SIVAGANGAI,SELF FINANCING COLLEGES TIER 3,ME,Mechanical Engineering,123591.0,,,,,,,0,0,0,0,0,0,0,2021
5530,"SSM Institute of Engineering and Technology, Kuttathupatti Village, Sindalaigundu Post, Dindigul District 624002",DINDIGUL,SELF FINANCING COLLEGES TIER 3,AU,AUTOMOBILE ENGINEERING,133480.0,,,,,,,1,0,0,0,0,0,0,2021
5530,"SSM Institute of Engineering and Technology, Kuttathupatti Village, Sindalaigundu Post, Dindigul District 624002",DINDIGUL,SELF FINANCING COLLEGES TIER 3,CE,CIVIL ENGINEERING,112854.0,136404.0,,,,,,0,1,0,0,0,0,0,2021
5530,"SSM Institute of Engineering and Technology, Kuttathupatti Village, Sindalaigundu Post, Dindigul District 624002",DINDIGUL,SELF FINANCING COLLEGES TIER 3,CS,Computer Science and Engineering,39945.0,53534.0,96032.0,,131810.0,,,0,0,0,0,1,0,0,2021
5530,"SSM Institute of Engineering and Technology, Kuttathupatti Village, Sindalaigundu Post, Dindigul District 624002",DINDIGUL,SELF FINANCING COLLEGES TIER 3,EC,ELECTRONICS AND COMMUNICATION ENGINEERING,60323.0,77220.0,80471.0,90715.0,61621.0,106952.0,,0,0,0,0,1,1,0,2021
5530,"SSM Institute of Engineering and Technology, Kuttathupatti Village, Sindalaigundu Post, Dindigul District 624002",DINDIGUL,SELF FINANCING COLLEGES TIER 3,EE,Electrical and Electronics Engineering,88390.0,113404.0,,96122.0,,,,0,0,0,0,0,0,0,2021
5530,"SSM Institute of Engineering and Technology, Kuttathupatti Village, Sindalaigundu Post, Dindigul District 624002",DINDIGUL,SELF FINANCING COLLEGES TIER 3,ME,Mechanical Engineering,106628.0,133415.0,121571.0,120292.0,,,,0,1,1,0,0,0,0,2021
5532,"Vaigai College of Engineering, Therkutheru, Melur Taluk, Madurai District 625122",MADURAI,SELF FINANCING COLLEGES TIER 3,CE,CIVIL ENGINEERING,99947.0,131061.0,133100.0,,114313.0,,,0,1,1,0,1,0,0,2021
5532,"Vaigai College of Engineering, Therkutheru, Melur Taluk, Madurai District 625122",MADURAI,SELF FINANCING COLLEGES TIER 3,CS,Computer Science and Engineering,52400.0,84082.0,64582.0,55721.0,116939.0,91508.0,,0,0,0,0,1,0,0,2021
5532,"Vaigai College of Engineering, Therkutheru, Melur Taluk, Madurai District 625122",MADURAI,SELF FINANCING COLLEGES TIER 3,EC,ELECTRONICS AND COMMUNICATION ENGINEERING,60873.0,98219.0,65355.0,80841.0,87819.0,,,0,0,0,0,1,0,0,2021
5532,"Vaigai College of Engineering, Therkutheru, Melur Taluk, Madurai District 625122",MADURAI,SELF FINANCING COLLEGES TIER 3,EE,Electrical and Electronics Engineering,82678.0,132447.0,100800.0,110123.0,95747.0,,,0,1,0,0,1,0,0,2021
5532,"Vaigai College of Engineering, Therkutheru, Melur Taluk, Madurai District 625122",MADURAI,SELF FINANCING COLLEGES TIER 3,ME,Mechanical Engineering,108590.0,121360.0,130875.0,,109365.0,,,0,1,1,0,1,0,0,2021
5533,"Karaikudi Institute of Technology and Karaikudi Institute of Management, KIT & KIM Technical Campus, Keeranipatti, Thalakkuvur, Karaikudi, Sivagangai District 630307",SIVAGANGAI,SELF FINANCING COLLEGES TIER 3,CE,CIVIL ENGINEERING,136643.0,,,,,,,1,0,0,0,0,0,0,2021
5533,"Karaikudi Institute of Technology and Karaikudi Institute of Management, KIT & KIM Technical Campus, Keeranipatti, Thalakkuvur, Karaikudi, Sivagangai District 630307",SIVAGANGAI,SELF FINANCING COLLEGES TIER 3,CS,Computer Science and Engineering,136546.0,,,,,,,1,0,0,0,0,0,0,2021
5533,"Karaikudi Institute of Technology and Karaikudi Institute of Management, KIT & KIM Technical Campus, Keeranipatti, Thalakkuvur, Karaikudi, Sivagangai District 630307",SIVAGANGAI,SELF FINANCING COLLEGES TIER 3,EC,ELECTRONICS AND COMMUNICATION ENGINEERING,,,,,,,,0,0,0,0,0,0,0,2021
5533,"Karaikudi Institute of Technology and Karaikudi Institute of Management, KIT & KIM Technical Campus, Keeranipatti, Thalakkuvur, Karaikudi, Sivagangai District 630307",SIVAGANGAI,SELF FINANCING COLLEGES TIER 3,EE,Electrical and Electronics Engineering,,,,,,,,0,0,0,0,0,0,0,2021
5533,"Karaikudi Institute of Technology and Karaikudi Institute of Management, KIT & KIM Technical Campus, Keeranipatti, Thalakkuvur, Karaikudi, Sivagangai District 630307",SIVAGANGAI,SELF FINANCING COLLEGES TIER 3,ME,Mechanical Engineering,108791.0,,,,,,,1,0,0,0,0,0,0,2021
5536,"Mangayarkarasi College of Engineering, First Street, Mangayarkarasi Nagar, Paravai, Madurai District 625402",MADURAI,SELF FINANCING COLLEGES TIER 3,AG,Agricultural Engineering,86684.0,133727.0,102709.0,96456.0,132769.0,131250.0,,0,1,0,1,0,0,0,2021
5536,"Mangayarkarasi College of Engineering, First Street, Mangayarkarasi Nagar, Paravai, Madurai District 625402",MADURAI,SELF FINANCING COLLEGES TIER 3,CS,Computer Science and Engineering,79166.0,110553.0,100366.0,81263.0,126772.0,,131430.0,0,0,1,0,0,0,0,2021
5536,"Mangayarkarasi College of Engineering, First Street, Mangayarkarasi Nagar, Paravai, Madurai District 625402",MADURAI,SELF FINANCING COLLEGES TIER 3,EC,ELECTRONICS AND COMMUNICATION ENGINEERING,82081.0,124536.0,116241.0,102556.0,133836.0,105394.0,,0,0,0,0,1,0,0,2021
5536,"Mangayarkarasi College of Engineering, First Street, Mangayarkarasi Nagar, Paravai, Madurai District 625402",MADURAI,SELF FINANCING COLLEGES TIER 3,EE,Electrical and Electronics Engineering,113467.0,133767.0,123178.0,136502.0,135082.0,,,0,1,0,0,1,0,0,2021
5536,"Mangayarkarasi College of Engineering, First Street, Mangayarkarasi Nagar, Paravai, Madurai District 625402",MADURAI,SELF FINANCING COLLEGES TIER 3,ME,Mechanical Engineering,114047.0,134825.0,132710.0,,131722.0,,,0,1,0,0,1,0,0,2021
5537,"Jainee College of Engineering and Technology, Dindigul-Theni Main Road (Near Vakkampatti), Dindigul District 624303",DINDIGUL,SELF FINANCING COLLEGES TIER 3,CE,CIVIL ENGINEERING,,,,,,,,0,0,0,0,0,0,0,2021
5537,"Jainee College of Engineering and Technology, Dindigul-Theni Main Road (Near Vakkampatti), Dindigul District 624303",DINDIGUL,SELF FINANCING COLLEGES TIER 3,CS,Computer Science and Engineering,,,,,,,,0,0,0,0,0,0,0,2021
5537,"Jainee College of Engineering and Technology, Dindigul-Theni Main Road (Near Vakkampatti), Dindigul District 624303",DINDIGUL,SELF FINANCING COLLEGES TIER 3,EC,ELECTRONICS AND COMMUNICATION ENGINEERING,,,,,,,,0,0,0,0,0,0,0,2021
5537,"Jainee College of Engineering and Technology, Dindigul-Theni Main Road (Near Vakkampatti), Dindigul District 624303",DINDIGUL,SELF FINANCING COLLEGES TIER 3,EE,Electrical and Electronics Engineering,,,,,,,,0,0,0,0,0,0,0,2021
5537,"Jainee College of Engineering and Technology, Dindigul-Theni Main Road (Near Vakkampatti), Dindigul District 624303",DINDIGUL,SELF FINANCING COLLEGES TIER 3,ME,Mechanical Engineering,,,,,,,,0,0,0,0,0,0,0,2021
5703,"Christian College of Engineering and Technology, Oddanchatram, Dindigul District 624619",DINDIGUL,SELF FINANCING COLLEGES TIER 3,CE,CIVIL ENGINEERING,118389.0,,,,,,,1,0,0,0,0,0,0,2021
5703,"Christian College of Engineering and Technology, Oddanchatram, Dindigul District 624619",DINDIGUL,SELF FINANCING COLLEGES TIER 3,CS,Computer Science and Engineering,91636.0,130243.0,,107394.0,129884.0,132781.0,,0,0,0,0,1,0,0,2021
5703,"Christian College of Engineering and Technology, Oddanchatram, Dindigul District 624619",DINDIGUL,SELF FINANCING COLLEGES TIER 3,EC,ELECTRONICS AND COMMUNICATION ENGINEERING,129207.0,,,,130769.0,,,0,0,0,0,1,0,0,2021
5703,"Christian College of Engineering and Technology, Oddanchatram, Dindigul District 624619",DINDIGUL,SELF FINANCING COLLEGES TIER 3,EE,Electrical and Electronics Engineering,131618.0,,,,,,,1,0,0,0,0,0,0,2021
5703,"Christian College of Engineering and Technology, Oddanchatram, Dindigul District 624619",DINDIGUL,SELF FINANCING COLLEGES TIER 3,IT,INFORMATION TECHNOLOGY,71417.0,114467.0,,91972.0,101552.0,,87010.0,0,1,0,0,0,0,0,2021
5703,"Christian College of Engineering and Technology, Oddanchatram, Dindigul District 624619",DINDIGUL,SELF FINANCING COLLEGES TIER 3,ME,Mechanical Engineering,129166.0,,,,,,,1,0,0,0,0,0,0,2021
5720,"Sri Subramanya College of Engineering and Technology, Sukkamanaickanpatti, Palani, Dindigul District 624615",DINDIGUL,SELF FINANCING COLLEGES TIER 3,CE,CIVIL ENGINEERING,,,,,,,,0,0,0,0,0,0,0,2021
5720,"Sri Subramanya College of Engineering and Technology, Sukkamanaickanpatti, Palani, Dindigul District 624615",DINDIGUL,SELF FINANCING COLLEGES TIER 3,CS,Computer Science and Engineering,79033.0,,,,,,,1,0,0,0,0,0,0,2021
5720,"Sri Subramanya College of Engineering and Technology, Sukkamanaickanpatti, Palani, Dindigul District 624615",DINDIGUL,SELF FINANCING COLLEGES TIER 3,EC,ELECTRONICS AND COMMUNICATION ENGINEERING,,,,,,,,0,0,0,0,0,0,0,2021
5720,"Sri Subramanya College of Engineering and Technology, Sukkamanaickanpatti, Palani, Dindigul District 624615",DINDIGUL,SELF FINANCING COLLEGES TIER 3,EE,Electrical and Electronics Engineering,,,,,,,,0,0,0,0,0,0,0,2021
5720,"Sri Subramanya College of Engineering and Technology, Sukkamanaickanpatti, Palani, Dindigul District 624615",DINDIGUL,SELF FINANCING COLLEGES TIER 3,ME,Mechanical Engineering,,,,,,,,0,0,0,0,0,0,0,2021
5832,"N P R College of Engineering and Technology, Natham, Dindigul District 624003",DINDIGUL,SELF FINANCING COLLEGES TIER 3,CE,CIVIL ENGINEERING,136447.0,,,,,,,1,0,0,0,0,0,0,2021
5832,"N P R College of Engineering and Technology, Natham, Dindigul District 624003",DINDIGUL,SELF FINANCING COLLEGES TIER 3,CS,Computer Science and Engineering,54125.0,66159.0,74515.0,55965.0,123571.0,128312.0,,0,0,0,0,0,1,0,2021
5832,"N P R College of Engineering and Technology, Natham, Dindigul District 624003",DINDIGUL,SELF FINANCING COLLEGES TIER 3,EC,ELECTRONICS AND COMMUNICATION ENGINEERING,85475.0,119667.0,92622.0,98862.0,125525.0,112322.0,,0,0,0,0,1,1,0,2021
5832,"N P R College of Engineering and Technology, Natham, Dindigul District 624003",DINDIGUL,SELF FINANCING COLLEGES TIER 3,EE,Electrical and Electronics Engineering,129301.0,132837.0,,135790.0,136547.0,136096.0,,0,1,0,0,1,0,0,2021
5832,"N P R College of Engineering and Technology, Natham, Dindigul District 624003",DINDIGUL,SELF FINANCING COLLEGES TIER 3,ME,Mechanical Engineering,118737.0,133356.0,,,134587.0,,,0,1,0,0,1,0,0,2021
5842,"Madurai Institute of Engineering and Technology, Pottapalayam Village, Manamadurai Taluk, Sivagangai District 630611",SIVAGANGAI,SELF FINANCING COLLEGES TIER 3,CE,CIVIL ENGINEERING,,,,,,,,0,0,0,0,0,0,0,2021
5842,"Madurai Institute of Engineering and Technology, Pottapalayam Village, Manamadurai Taluk, Sivagangai District 630611",SIVAGANGAI,SELF FINANCING COLLEGES TIER 3,CS,Computer Science and Engineering,136445.0,,,,,,,1,0,0,0,0,0,0,2021
5842,"Madurai Institute of Engineering and Technology, Pottapalayam Village, Manamadurai Taluk, Sivagangai District 630611",SIVAGANGAI,SELF FINANCING COLLEGES TIER 3,EC,ELECTRONICS AND COMMUNICATION ENGINEERING,,,,,,,,0,0,0,0,0,0,0,2021
5842,"Madurai Institute of Engineering and Technology, Pottapalayam Village, Manamadurai Taluk, Sivagangai District 630611",SIVAGANGAI,SELF FINANCING COLLEGES TIER 3,EE,Electrical and Electronics Engineering,122551.0,,,,,,,1,0,0,0,0,0,0,2021
5842,"Madurai Institute of Engineering and Technology, Pottapalayam Village, Manamadurai Taluk, Sivagangai District 630611",SIVAGANGAI,SELF FINANCING COLLEGES TIER 3,IT,INFORMATION TECHNOLOGY,136090.0,,,,,,,1,0,0,0,0,0,0,2021
5842,"Madurai Institute of Engineering and Technology, Pottapalayam Village, Manamadurai Taluk, Sivagangai District 630611",SIVAGANGAI,SELF FINANCING COLLEGES TIER 3,ME,Mechanical Engineering,136941.0,,,,,,,1,0,0,0,0,0,0,2021
5862,"R V S Educational Trustâ€™s Groups of Institutions (Integrated Campus), N Paraipatti Post, Vedasandur Taluk, Dindigul District 624005",DINDIGUL,SELF FINANCING COLLEGES TIER 3,AE,AERONAUTICAL ENGINEERING,128542.0,,,,,,,1,0,0,0,0,0,0,2021
5862,"R V S Educational Trustâ€™s Groups of Institutions (Integrated Campus), N Paraipatti Post, Vedasandur Taluk, Dindigul District 624005",DINDIGUL,SELF FINANCING COLLEGES TIER 3,AG,Agricultural Engineering,97472.0,,106159.0,,104350.0,109359.0,,0,0,0,0,0,0,0,2021
5862,"R V S Educational Trustâ€™s Groups of Institutions (Integrated Campus), N Paraipatti Post, Vedasandur Taluk, Dindigul District 624005",DINDIGUL,SELF FINANCING COLLEGES TIER 3,AU,AUTOMOBILE ENGINEERING,123504.0,,,,,,,1,0,0,0,0,0,0,2021
5862,"R V S Educational Trustâ€™s Groups of Institutions (Integrated Campus), N Paraipatti Post, Vedasandur Taluk, Dindigul District 624005",DINDIGUL,SELF FINANCING COLLEGES TIER 3,BM,BIO MEDICAL ENGINEERING,123351.0,129586.0,,,,,,0,1,0,0,0,0,0,2021
5862,"R V S Educational Trustâ€™s Groups of Institutions (Integrated Campus), N Paraipatti Post, Vedasandur Taluk, Dindigul District 624005",DINDIGUL,SELF FINANCING COLLEGES TIER 3,CE,CIVIL ENGINEERING,135641.0,,,,,,,0,0,0,0,0,0,0,2021
5862,"R V S Educational Trustâ€™s Groups of Institutions (Integrated Campus), N Paraipatti Post, Vedasandur Taluk, Dindigul District 624005",DINDIGUL,SELF FINANCING COLLEGES TIER 3,CS,Computer Science and Engineering,91777.0,103663.0,99781.0,94484.0,106337.0,,,0,0,0,0,0,0,0,2021
5865,"Nadar Saraswathi College of Engineering and Technology, Vadupudupatti, Annanji Post, Theni District 625531",THENI,SELF FINANCING COLLEGES TIER 3,CE,CIVIL ENGINEERING,92686.0,96566.0,129027.0,93619.0,131736.0,,,0,1,0,0,1,0,0,2021
5865,"Nadar Saraswathi College of Engineering and Technology, Vadupudupatti, Annanji Post, Theni District 625531",THENI,SELF FINANCING COLLEGES TIER 3,CS,Computer Science and Engineering,47591.0,76334.0,101795.0,47926.0,111895.0,100245.0,,0,0,0,0,1,0,0,2021
5865,"Nadar Saraswathi College of Engineering and Technology, Vadupudupatti, Annanji Post, Theni District 625531",THENI,SELF FINANCING COLLEGES TIER 3,EC,ELECTRONICS AND COMMUNICATION ENGINEERING,103519.0,125539.0,114036.0,106560.0,,,,0,1,1,0,0,0,0,2021
5865,"Nadar Saraswathi College of Engineering and Technology, Vadupudupatti, Annanji Post, Theni District 625531",THENI,SELF FINANCING COLLEGES TIER 3,EE,Electrical and Electronics Engineering,104723.0,126060.0,,128664.0,109165.0,120786.0,,0,1,0,0,1,0,0,2021
5865,"Nadar Saraswathi College of Engineering and Technology, Vadupudupatti, Annanji Post, Theni District 625531",THENI,SELF FINANCING COLLEGES TIER 3,ME,Mechanical Engineering,120049.0,132004.0,123081.0,135554.0,130074.0,136436.0,,0,1,1,1,1,1,0,2021
5902,"Bharath Niketan Engineering College, Thimmarasanaickanoor, Aundipatti, Theni District 625536",THENI,SELF FINANCING COLLEGES TIER 3,CE,CIVIL ENGINEERING,135634.0,,,,,,,1,0,0,0,0,0,0,2021
5902,"Bharath Niketan Engineering College, Thimmarasanaickanoor, Aundipatti, Theni District 625536",THENI,SELF FINANCING COLLEGES TIER 3,CS,Computer Science and Engineering,110124.0,135161.0,128856.0,123339.0,121832.0,,,0,1,0,0,1,0,0,2021
5902,"Bharath Niketan Engineering College, Thimmarasanaickanoor, Aundipatti, Theni District 625536",THENI,SELF FINANCING COLLEGES TIER 3,EC,ELECTRONICS AND COMMUNICATION ENGINEERING,134783.0,,,,,,,1,0,0,0,0,0,0,2021
5902,"Bharath Niketan Engineering College, Thimmarasanaickanoor, Aundipatti, Theni District 625536",THENI,SELF FINANCING COLLEGES TIER 3,EE,Electrical and Electronics Engineering,124575.0,,,,,,,1,0,0,0,0,0,0,2021
5902,"Bharath Niketan Engineering College, Thimmarasanaickanoor, Aundipatti, Theni District 625536",THENI,SELF FINANCING COLLEGES TIER 3,IT,INFORMATION TECHNOLOGY,89451.0,,103905.0,,122798.0,,,0,0,0,0,1,0,0,2021
5902,"Bharath Niketan Engineering College, Thimmarasanaickanoor, Aundipatti, Theni District 625536",THENI,SELF FINANCING COLLEGES TIER 3,ME,Mechanical Engineering,129387.0,132547.0,,,,,,0,1,0,0,0,0,0,2021
5904,"K L N College of Engineering (Autonomous), Pottapalayam, Sivagangai District 630611",SIVAGANGAI,SELF FINANCING COLLEGES TIER 3,AD,Artificial Intelligence and Data Science,37352.0,43179.0,,62790.0,83767.0,,,0,0,0,0,0,0,0,2021
5904,"K L N College of Engineering (Autonomous), Pottapalayam, Sivagangai District 630611",SIVAGANGAI,SELF FINANCING COLLEGES TIER 3,CS,Computer Science and Engineering,28373.0,35312.0,37121.0,31181.0,100520.0,55790.0,,0,0,0,0,0,1,0,2021
5904,"K L N College of Engineering (Autonomous), Pottapalayam, Sivagangai District 630611",SIVAGANGAI,SELF FINANCING COLLEGES TIER 3,EC,ELECTRONICS AND COMMUNICATION ENGINEERING,46981.0,56374.0,61214.0,47895.0,116968.0,,,0,0,0,0,1,0,0,2021
5904,"K L N College of Engineering (Autonomous), Pottapalayam, Sivagangai District 630611",SIVAGANGAI,SELF FINANCING COLLEGES TIER 3,EE,Electrical and Electronics Engineering,74299.0,91888.0,105744.0,80880.0,,,,0,0,0,0,0,0,0,2021
5904,"K L N College of Engineering (Autonomous), Pottapalayam, Sivagangai District 630611",SIVAGANGAI,SELF FINANCING COLLEGES TIER 3,IT,INFORMATION TECHNOLOGY,40613.0,46889.0,42081.0,51785.0,100113.0,96738.0,,0,0,0,0,1,1,0,2021
5904,"K L N College of Engineering (Autonomous), Pottapalayam, Sivagangai District 630611",SIVAGANGAI,SELF FINANCING COLLEGES TIER 3,ME,Mechanical Engineering,91822.0,121576.0,134198.0,135834.0,,,,0,0,0,1,0,0,0,2021
5907,"Mohamed Sathak Engineering College, Kilakarai, Ramanathapuram District 623806",RAMANATHAPURAM,SELF FINANCING COLLEGES TIER 3,AE,AERONAUTICAL ENGINEERING,73900.0,,,,,,,1,0,0,0,0,0,0,2021
5907,"Mohamed Sathak Engineering College, Kilakarai, Ramanathapuram District 623806",RAMANATHAPURAM,SELF FINANCING COLLEGES TIER 3,CE,CIVIL ENGINEERING,123535.0,,,,,,,1,0,0,0,0,0,0,2021
5907,"Mohamed Sathak Engineering College, Kilakarai, Ramanathapuram District 623806",RAMANATHAPURAM,SELF FINANCING COLLEGES TIER 3,CH,CHEMICAL ENGINEERING,101808.0,,,,,,,1,0,0,0,0,0,0,2021
5907,"Mohamed Sathak Engineering College, Kilakarai, Ramanathapuram District 623806",RAMANATHAPURAM,SELF FINANCING COLLEGES TIER 3,CS,Computer Science and Engineering,64866.0,108107.0,74483.0,108336.0,128905.0,,,0,0,0,0,1,0,0,2021
5907,"Mohamed Sathak Engineering College, Kilakarai, Ramanathapuram District 623806",RAMANATHAPURAM,SELF FINANCING COLLEGES TIER 3,EC,ELECTRONICS AND COMMUNICATION ENGINEERING,134903.0,,,,,,,1,0,0,0,0,0,0,2021
5907,"Mohamed Sathak Engineering College, Kilakarai, Ramanathapuram District 623806",RAMANATHAPURAM,SELF FINANCING COLLEGES TIER 3,EE,Electrical and Electronics Engineering,129545.0,,,,,,,1,0,0,0,0,0,0,2021
5907,"Mohamed Sathak Engineering College, Kilakarai, Ramanathapuram District 623806",RAMANATHAPURAM,SELF FINANCING COLLEGES TIER 3,IT,INFORMATION TECHNOLOGY,75847.0,106402.0,79345.0,116439.0,117811.0,,,0,0,0,0,1,0,0,2021
5907,"Mohamed Sathak Engineering College, Kilakarai, Ramanathapuram District 623806",RAMANATHAPURAM,SELF FINANCING COLLEGES TIER 3,ME,Mechanical Engineering,136262.0,,,,,,,1,0,0,0,0,0,0,2021
5907,"Mohamed Sathak Engineering College, Kilakarai, Ramanathapuram District 623806",RAMANATHAPURAM,SELF FINANCING COLLEGES TIER 3,MR,MARINE ENGINEERING,51243.0,92918.0,98633.0,,74413.0,,,0,0,0,0,0,0,0,2021
5910,"P S N A Colllege of Engineering and Technology, Dindigul District 624622",DINDIGUL,SELF FINANCING COLLEGES TIER 3,AD,Artificial Intelligence and Data Science,27503.0,34800.0,,40458.0,133451.0,,,0,0,0,0,0,0,0,2021
5910,"P S N A Colllege of Engineering and Technology, Dindigul District 624622",DINDIGUL,SELF FINANCING COLLEGES TIER 3,BM,BIO MEDICAL ENGINEERING,39915.0,55811.0,58292.0,,134804.0,92565.0,,0,0,0,0,1,0,0,2021
5910,"P S N A Colllege of Engineering and Technology, Dindigul District 624622",DINDIGUL,SELF FINANCING COLLEGES TIER 3,CB,COMPUTER SCIENCE AND BUSSINESS SYSTEM,25809.0,34282.0,38272.0,35366.0,133597.0,,,0,0,0,0,1,0,0,2021
5910,"P S N A Colllege of Engineering and Technology, Dindigul District 624622",DINDIGUL,SELF FINANCING COLLEGES TIER 3,CE,CIVIL ENGINEERING,79496.0,100238.0,129809.0,91304.0,134969.0,,,0,0,0,0,1,0,0,2021
5910,"P S N A Colllege of Engineering and Technology, Dindigul District 624622",DINDIGUL,SELF FINANCING COLLEGES TIER 3,CS,Computer Science and Engineering,22396.0,28014.0,25148.0,31075.0,105342.0,122273.0,,0,0,0,0,0,1,0,2021
5910,"P S N A Colllege of Engineering and Technology, Dindigul District 624622",DINDIGUL,SELF FINANCING COLLEGES TIER 3,EC,ELECTRONICS AND COMMUNICATION ENGINEERING,37926.0,44416.0,49725.0,43257.0,136468.0,,,0,0,0,0,1,0,0,2021
5910,"P S N A Colllege of Engineering and Technology, Dindigul District 624622",DINDIGUL,SELF FINANCING COLLEGES TIER 3,EE,Electrical and Electronics Engineering,46856.0,54935.0,58050.0,47949.0,101813.0,,,0,0,0,0,1,0,0,2021
5910,"P S N A Colllege of Engineering and Technology, Dindigul District 624622",DINDIGUL,SELF FINANCING COLLEGES TIER 3,IT,INFORMATION TECHNOLOGY,28934.0,33176.0,33270.0,33114.0,113562.0,70208.0,,0,0,0,0,0,0,0,2021
5910,"P S N A Colllege of Engineering and Technology, Dindigul District 624622",DINDIGUL,SELF FINANCING COLLEGES TIER 3,ME,Mechanical Engineering,65556.0,85178.0,74199.0,73968.0,113290.0,,,0,0,0,0,1,0,0,2021
5911,"P T R College of Engineering and Technology, Austinpatty Post, Madurai District 625008",MADURAI,SELF FINANCING COLLEGES TIER 3,CE,CIVIL ENGINEERING,,,,,,,,0,0,0,0,0,0,0,2021
5911,"P T R College of Engineering and Technology, Austinpatty Post, Madurai District 625008",MADURAI,SELF FINANCING COLLEGES TIER 3,CS,Computer Science and Engineering,90516.0,111300.0,104867.0,98636.0,97459.0,,,0,0,0,0,1,0,0,2021
5911,"P T R College of Engineering and Technology, Austinpatty Post, Madurai District 625008",MADURAI,SELF FINANCING COLLEGES TIER 3,EC,ELECTRONICS AND COMMUNICATION ENGINEERING,129005.0,,,,,,,1,0,0,0,0,0,0,2021
5911,"P T R College of Engineering and Technology, Austinpatty Post, Madurai District 625008",MADURAI,SELF FINANCING COLLEGES TIER 3,EE,Electrical and Electronics Engineering,133947.0,,,,,,,1,0,0,0,0,0,0,2021
5911,"P T R College of Engineering and Technology, Austinpatty Post, Madurai District 625008",MADURAI,SELF FINANCING COLLEGES TIER 3,ME,Mechanical Engineering,,,,,,,,0,0,0,0,0,0,0,2021
5912,"Pandian Saraswathi Yadav Engineering College, Thirumansolai Post, Sivagangai District 630 561",SIVAGANGAI,SELF FINANCING COLLEGES TIER 3,CE,CIVIL ENGINEERING,128221.0,,,,,,,1,0,0,0,0,0,0,2021
5912,"Pandian Saraswathi Yadav Engineering College, Thirumansolai Post, Sivagangai District 630 561",SIVAGANGAI,SELF FINANCING COLLEGES TIER 3,CS,Computer Science and Engineering,93377.0,127624.0,105002.0,134185.0,128011.0,,,0,1,1,0,1,0,0,2021
5912,"Pandian Saraswathi Yadav Engineering College, Thirumansolai Post, Sivagangai District 630 561",SIVAGANGAI,SELF FINANCING COLLEGES TIER 3,EC,ELECTRONICS AND COMMUNICATION ENGINEERING,125591.0,,,,,,,1,0,0,0,0,0,0,2021
5912,"Pandian Saraswathi Yadav Engineering College, Thirumansolai Post, Sivagangai District 630 561",SIVAGANGAI,SELF FINANCING COLLEGES TIER 3,EE,Electrical and Electronics Engineering,133110.0,,,,,,,0,0,0,0,0,0,0,2021
5912,"Pandian Saraswathi Yadav Engineering College, Thirumansolai Post, Sivagangai District 630 561",SIVAGANGAI,SELF FINANCING COLLEGES TIER 3,ME,Mechanical Engineering,134339.0,,,,,,,1,0,0,0,0,0,0,2021
5913,"R V S College of Engineering, N Paraipatti Post, Dindigul District 624005",DINDIGUL,SELF FINANCING COLLEGES TIER 3,CS,Computer Science and Engineering,69949.0,92982.0,,71232.0,101433.0,104315.0,,0,0,0,0,0,0,0,2021
5913,"R V S College of Engineering, N Paraipatti Post, Dindigul District 624005",DINDIGUL,SELF FINANCING COLLEGES TIER 3,EC,ELECTRONICS AND COMMUNICATION ENGINEERING,105832.0,125962.0,,,130772.0,128544.0,,0,1,0,0,1,0,0,2021
5913,"R V S College of Engineering, N Paraipatti Post, Dindigul District 624005",DINDIGUL,SELF FINANCING COLLEGES TIER 3,EE,Electrical and Electronics Engineering,135841.0,,,,,,,1,0,0,0,0,0,0,2021
5913,"R V S College of Engineering, N Paraipatti Post, Dindigul District 624005",DINDIGUL,SELF FINANCING COLLEGES TIER 3,ME,Mechanical Engineering,134494.0,,,,,,,1,0,0,0,0,0,0,2021
5913,"R V S College of Engineering, N Paraipatti Post, Dindigul District 624005",DINDIGUL,SELF FINANCING COLLEGES TIER 3,PD,PETRO CHEMICAL ENGINEERING,131976.0,,,,,,,1,0,0,0,0,0,0,2021
5913,"R V S College of Engineering, N Paraipatti Post, Dindigul District 624005",DINDIGUL,SELF FINANCING COLLEGES TIER 3,TX,TEXTILE TECHNOLOGY,93798.0,123455.0,,105120.0,,122610.0,,0,1,0,0,0,0,0,2021
5914,"Solamalai College of Engineering, Veerapanjan, Madurai District 625020",MADURAI,SELF FINANCING COLLEGES TIER 3,CE,CIVIL ENGINEERING,126544.0,131288.0,,,,,,0,1,0,0,0,0,0,2021
5914,"Solamalai College of Engineering, Veerapanjan, Madurai District 625020",MADURAI,SELF FINANCING COLLEGES TIER 3,CS,Computer Science and Engineering,78803.0,119410.0,88401.0,106477.0,127553.0,,,0,0,0,0,1,0,0,2021
5914,"Solamalai College of Engineering, Veerapanjan, Madurai District 625020",MADURAI,SELF FINANCING COLLEGES TIER 3,EC,ELECTRONICS AND COMMUNICATION ENGINEERING,128530.0,,,,,,,0,0,0,0,0,0,0,2021
5914,"Solamalai College of Engineering, Veerapanjan, Madurai District 625020",MADURAI,SELF FINANCING COLLEGES TIER 3,EE,Electrical and Electronics Engineering,134656.0,,,,,,,1,0,0,0,0,0,0,2021
5914,"Solamalai College of Engineering, Veerapanjan, Madurai District 625020",MADURAI,SELF FINANCING COLLEGES TIER 3,ME,Mechanical Engineering,133144.0,,,,,,,1,0,0,0,0,0,0,2021
5915,"SACS-M A V M M Engineering College, Kidaripatty Post, Madurai District 625001",MADURAI,SELF FINANCING COLLEGES TIER 3,CE,CIVIL ENGINEERING,118330.0,,,,,,,1,0,0,0,0,0,0,2021
5915,"SACS-M A V M M Engineering College, Kidaripatty Post, Madurai District 625001",MADURAI,SELF FINANCING COLLEGES TIER 3,CS,Computer Science and Engineering,69347.0,107795.0,81145.0,,118096.0,79462.0,,0,0,0,0,0,0,0,2021
5915,"SACS-M A V M M Engineering College, Kidaripatty Post, Madurai District 625001",MADURAI,SELF FINANCING COLLEGES TIER 3,EC,ELECTRONICS AND COMMUNICATION ENGINEERING,112203.0,136249.0,,124099.0,136838.0,136862.0,,0,1,0,0,1,1,0,2021
5915,"SACS-M A V M M Engineering College, Kidaripatty Post, Madurai District 625001",MADURAI,SELF FINANCING COLLEGES TIER 3,EE,Electrical and Electronics Engineering,135496.0,,,,,,,1,0,0,0,0,0,0,2021
5915,"SACS-M A V M M Engineering College, Kidaripatty Post, Madurai District 625001",MADURAI,SELF FINANCING COLLEGES TIER 3,ME,Mechanical Engineering,135122.0,,,,,,,1,0,0,0,0,0,0,2021
5919,"St. Michael College of Engineering and Technology, Kalayarkoil, Sivagangai District 630551",SIVAGANGAI,SELF FINANCING COLLEGES TIER 3,BT,BIO TECHNOLOGY,95666.0,106126.0,,,130559.0,,,0,1,0,0,1,0,0,2021
5919,"St. Michael College of Engineering and Technology, Kalayarkoil, Sivagangai District 630551",SIVAGANGAI,SELF FINANCING COLLEGES TIER 3,CH,CHEMICAL ENGINEERING,117516.0,,,,,,,1,0,0,0,0,0,0,2021
5919,"St. Michael College of Engineering and Technology, Kalayarkoil, Sivagangai District 630551",SIVAGANGAI,SELF FINANCING COLLEGES TIER 3,CS,Computer Science and Engineering,108665.0,118498.0,128647.0,113686.0,132265.0,130617.0,,0,1,0,1,1,0,0,2021
5919,"St. Michael College of Engineering and Technology, Kalayarkoil, Sivagangai District 630551",SIVAGANGAI,SELF FINANCING COLLEGES TIER 3,EC,ELECTRONICS AND COMMUNICATION ENGINEERING,130592.0,,,,,,,1,0,0,0,0,0,0,2021
5919,"St. Michael College of Engineering and Technology, Kalayarkoil, Sivagangai District 630551",SIVAGANGAI,SELF FINANCING COLLEGES TIER 3,EE,Electrical and Electronics Engineering,135761.0,,,,,,,0,0,0,0,0,0,0,2021
5919,"St. Michael College of Engineering and Technology, Kalayarkoil, Sivagangai District 630551",SIVAGANGAI,SELF FINANCING COLLEGES TIER 3,ME,Mechanical Engineering,122734.0,,,,,,,1,0,0,0,0,0,0,2021
5921,"Syed Ammal Engineering College, Achuthan Vayal Post, Ramanathapuram District 623502",RAMANATHAPURAM,SELF FINANCING COLLEGES TIER 3,AD,Artificial Intelligence and Data Science,49218.0,107174.0,83777.0,,88034.0,,,0,0,0,0,1,0,0,2021
5921,"Syed Ammal Engineering College, Achuthan Vayal Post, Ramanathapuram District 623502",RAMANATHAPURAM,SELF FINANCING COLLEGES TIER 3,CB,COMPUTER SCIENCE AND BUSSINESS SYSTEM,86974.0,117155.0,97534.0,,94623.0,,,0,0,0,0,1,0,0,2021
5921,"Syed Ammal Engineering College, Achuthan Vayal Post, Ramanathapuram District 623502",RAMANATHAPURAM,SELF FINANCING COLLEGES TIER 3,CE,CIVIL ENGINEERING,123497.0,,,,,,,1,0,0,0,0,0,0,2021
5921,"Syed Ammal Engineering College, Achuthan Vayal Post, Ramanathapuram District 623502",RAMANATHAPURAM,SELF FINANCING COLLEGES TIER 3,CS,Computer Science and Engineering,73914.0,97072.0,77125.0,87038.0,123258.0,,,0,0,0,0,1,0,0,2021
5921,"Syed Ammal Engineering College, Achuthan Vayal Post, Ramanathapuram District 623502",RAMANATHAPURAM,SELF FINANCING COLLEGES TIER 3,EC,ELECTRONICS AND COMMUNICATION ENGINEERING,73505.0,124744.0,109748.0,100732.0,82964.0,97634.0,,0,1,0,0,1,1,0,2021
5921,"Syed Ammal Engineering College, Achuthan Vayal Post, Ramanathapuram District 623502",RAMANATHAPURAM,SELF FINANCING COLLEGES TIER 3,EE,Electrical and Electronics Engineering,130078.0,,,,,,,1,0,0,0,0,0,0,2021
5921,"Syed Ammal Engineering College, Achuthan Vayal Post, Ramanathapuram District 623502",RAMANATHAPURAM,SELF FINANCING COLLEGES TIER 3,ME,Mechanical Engineering,133733.0,,,,,,,1,0,0,0,0,0,0,2021
5924,"Ganapathy Chettiar College of Engineering and Technology, Melakavanur Post, Paramakudi, Ramanathapuram District 623706",RAMANATHAPURAM,SELF FINANCING COLLEGES TIER 3,CE,CIVIL ENGINEERING,,,,,,,,0,0,0,0,0,0,0,2021
5924,"Ganapathy Chettiar College of Engineering and Technology, Melakavanur Post, Paramakudi, Ramanathapuram District 623706",RAMANATHAPURAM,SELF FINANCING COLLEGES TIER 3,CS,Computer Science and Engineering,112847.0,,,,,,,1,0,0,0,0,0,0,2021
5924,"Ganapathy Chettiar College of Engineering and Technology, Melakavanur Post, Paramakudi, Ramanathapuram District 623706",RAMANATHAPURAM,SELF FINANCING COLLEGES TIER 3,EC,ELECTRONICS AND COMMUNICATION ENGINEERING,,,,,,,,0,0,0,0,0,0,0,2021
5924,"Ganapathy Chettiar College of Engineering and Technology, Melakavanur Post, Paramakudi, Ramanathapuram District 623706",RAMANATHAPURAM,SELF FINANCING COLLEGES TIER 3,EE,Electrical and Electronics Engineering,107890.0,,,,,,,1,0,0,0,0,0,0,2021
5924,"Ganapathy Chettiar College of Engineering and Technology, Melakavanur Post, Paramakudi, Ramanathapuram District 623706",RAMANATHAPURAM,SELF FINANCING COLLEGES TIER 3,IT,INFORMATION TECHNOLOGY,,,,,,,,0,0,0,0,0,0,0,2021
5924,"Ganapathy Chettiar College of Engineering and Technology, Melakavanur Post, Paramakudi, Ramanathapuram District 623706",RAMANATHAPURAM,SELF FINANCING COLLEGES TIER 3,ME,Mechanical Engineering,117180.0,,,,,,,1,0,0,0,0,0,0,2021
5930,"SBM College of Engineering and Technology, Thamaraipady, T N Paraipatti Pirivu, Dindigul District 624005",DINDIGUL,SELF FINANCING COLLEGES TIER 3,CE,CIVIL ENGINEERING,136245.0,,,,,,,1,0,0,0,0,0,0,2021
5930,"SBM College of Engineering and Technology, Thamaraipady, T N Paraipatti Pirivu, Dindigul District 624005",DINDIGUL,SELF FINANCING COLLEGES TIER 3,CS,Computer Science and Engineering,101741.0,120667.0,,,136063.0,109651.0,,0,1,0,0,1,1,0,2021
5930,"SBM College of Engineering and Technology, Thamaraipady, T N Paraipatti Pirivu, Dindigul District 624005",DINDIGUL,SELF FINANCING COLLEGES TIER 3,EC,ELECTRONICS AND COMMUNICATION ENGINEERING,107784.0,,,,,,,1,0,0,0,0,0,0,2021
5930,"SBM College of Engineering and Technology, Thamaraipady, T N Paraipatti Pirivu, Dindigul District 624005",DINDIGUL,SELF FINANCING COLLEGES TIER 3,EE,Electrical and Electronics Engineering,136694.0,,,,,,,1,0,0,0,0,0,0,2021
5930,"SBM College of Engineering and Technology, Thamaraipady, T N Paraipatti Pirivu, Dindigul District 624005",DINDIGUL,SELF FINANCING COLLEGES TIER 3,ME,Mechanical Engineering,136963.0,,,,,,,1,0,0,0,0,0,0,2021
5935,"Fatima Michael College of Engineering and Technology, Sengottai Village, Sivagangai Main Road, Madurai District 625020",MADURAI,SELF FINANCING COLLEGES TIER 3,AU,AUTOMOBILE ENGINEERING,118809.0,,,,123510.0,131888.0,,0,0,0,0,1,0,0,2021
5935,"Fatima Michael College of Engineering and Technology, Sengottai Village, Sivagangai Main Road, Madurai District 625020",MADURAI,SELF FINANCING COLLEGES TIER 3,CE,CIVIL ENGINEERING,133117.0,,,,,,,1,0,0,0,0,0,0,2021
5935,"Fatima Michael College of Engineering and Technology, Sengottai Village, Sivagangai Main Road, Madurai District 625020",MADURAI,SELF FINANCING COLLEGES TIER 3,CS,Computer Science and Engineering,98811.0,128670.0,101872.0,,135301.0,133035.0,,0,1,0,0,1,0,0,2021
5935,"Fatima Michael College of Engineering and Technology, Sengottai Village, Sivagangai Main Road, Madurai District 625020",MADURAI,SELF FINANCING COLLEGES TIER 3,EC,ELECTRONICS AND COMMUNICATION ENGINEERING,90853.0,131799.0,,106155.0,124704.0,115858.0,,0,1,0,0,1,0,0,2021
5935,"Fatima Michael College of Engineering and Technology, Sengottai Village, Sivagangai Main Road, Madurai District 625020",MADURAI,SELF FINANCING COLLEGES TIER 3,EE,Electrical and Electronics Engineering,132977.0,134279.0,,,,,,0,1,0,0,0,0,0,2021
5935,"Fatima Michael College of Engineering and Technology, Sengottai Village, Sivagangai Main Road, Madurai District 625020",MADURAI,SELF FINANCING COLLEGES TIER 3,ME,Mechanical Engineering,136336.0,,,,,,,1,0,0,0,0,0,0,2021
5942,"Ultra College of Engineering and Technology, Kodikulam, 1 Bit Village, Madurai-Chennai Highway, Madurai District 625104",MADURAI,SELF FINANCING COLLEGES TIER 3,CE,CIVIL ENGINEERING,128391.0,,,,,,,1,0,0,0,0,0,0,2021
5942,"Ultra College of Engineering and Technology, Kodikulam, 1 Bit Village, Madurai-Chennai Highway, Madurai District 625104",MADURAI,SELF FINANCING COLLEGES TIER 3,CS,Computer Science and Engineering,87798.0,134006.0,93941.0,122144.0,132396.0,,,0,1,0,0,1,0,0,2021
5942,"Ultra College of Engineering and Technology, Kodikulam, 1 Bit Village, Madurai-Chennai Highway, Madurai District 625104",MADURAI,SELF FINANCING COLLEGES TIER 3,EC,ELECTRONICS AND COMMUNICATION ENGINEERING,107805.0,135666.0,123142.0,,,,,0,1,0,0,0,0,0,2021
5942,"Ultra College of Engineering and Technology, Kodikulam, 1 Bit Village, Madurai-Chennai Highway, Madurai District 625104",MADURAI,SELF FINANCING COLLEGES TIER 3,EE,Electrical and Electronics Engineering,132958.0,,,,,,,1,0,0,0,0,0,0,2021
5942,"Ultra College of Engineering and Technology, Kodikulam, 1 Bit Village, Madurai-Chennai Highway, Madurai District 625104",MADURAI,SELF FINANCING COLLEGES TIER 3,IT,INFORMATION TECHNOLOGY,103388.0,128320.0,117644.0,,133209.0,,,0,1,0,0,1,0,0,2021
5942,"Ultra College of Engineering and Technology, Kodikulam, 1 Bit Village, Madurai-Chennai Highway, Madurai District 625104",MADURAI,SELF FINANCING COLLEGES TIER 3,ME,Mechanical Engineering,106539.0,,,,,,,1,0,0,0,0,0,0,2021
5986,"Velammal College of Engineering and Technology, Madurai District 625009",MADURAI,SELF FINANCING COLLEGES TIER 1,CE,CIVIL ENGINEERING,41641.0,72345.0,,65643.0,131704.0,,,0,0,0,0,0,0,0,2021
5986,"Velammal College of Engineering and Technology, Madurai District 625009",MADURAI,SELF FINANCING COLLEGES TIER 1,CS,Computer Science and Engineering,10384.0,14212.0,15248.0,19587.0,65232.0,85005.0,,0,0,0,0,0,0,0,2021
5986,"Velammal College of Engineering and Technology, Madurai District 625009",MADURAI,SELF FINANCING COLLEGES TIER 1,EC,ELECTRONICS AND COMMUNICATION ENGINEERING,18244.0,21574.0,29241.0,35108.0,121225.0,,,0,0,0,0,0,0,0,2021
5986,"Velammal College of Engineering and Technology, Madurai District 625009",MADURAI,SELF FINANCING COLLEGES TIER 1,EE,Electrical and Electronics Engineering,24398.0,30677.0,33389.0,29492.0,97411.0,114374.0,,0,0,0,0,0,1,0,2021
5986,"Velammal College of Engineering and Technology, Madurai District 625009",MADURAI,SELF FINANCING COLLEGES TIER 1,IT,INFORMATION TECHNOLOGY,15558.0,18900.0,21985.0,19592.0,97441.0,108041.0,,0,0,0,0,0,1,0,2021
5986,"Velammal College of Engineering and Technology, Madurai District 625009",MADURAI,SELF FINANCING COLLEGES TIER 1,ME,Mechanical Engineering,44561.0,60248.0,47759.0,,127955.0,87122.0,,0,0,0,0,1,0,0,2021
5988,"Theni Kammavar Sangam College of Technology, Theni Main Road, Koduvillarpatti Post, Theni District 625534",THENI,SELF FINANCING COLLEGES TIER 3,CE,CIVIL ENGINEERING,109991.0,,,,,,,1,0,0,0,0,0,0,2021
5988,"Theni Kammavar Sangam College of Technology, Theni Main Road, Koduvillarpatti Post, Theni District 625534",THENI,SELF FINANCING COLLEGES TIER 3,CS,Computer Science and Engineering,78504.0,104215.0,135754.0,84075.0,134883.0,136797.0,,0,0,1,0,1,1,0,2021
5988,"Theni Kammavar Sangam College of Technology, Theni Main Road, Koduvillarpatti Post, Theni District 625534",THENI,SELF FINANCING COLLEGES TIER 3,EC,ELECTRONICS AND COMMUNICATION ENGINEERING,98684.0,118241.0,129328.0,116902.0,,135209.0,,0,1,1,0,0,0,0,2021
5988,"Theni Kammavar Sangam College of Technology, Theni Main Road, Koduvillarpatti Post, Theni District 625534",THENI,SELF FINANCING COLLEGES TIER 3,EE,Electrical and Electronics Engineering,127929.0,,,,,,,1,0,0,0,0,0,0,2021
5988,"Theni Kammavar Sangam College of Technology, Theni Main Road, Koduvillarpatti Post, Theni District 625534",THENI,SELF FINANCING COLLEGES TIER 3,ME,Mechanical Engineering,107499.0,,,,,,,1,0,0,0,0,0,0,2021
5990,"Latha Mathavan Engineering College, Kidaripatti Post, Alagarkoil (Via), Melur Taluk, Madurai District 625301",MADURAI,SELF FINANCING COLLEGES TIER 3,CE,CIVIL ENGINEERING,135525.0,,,,,,,1,0,0,0,0,0,0,2021
5990,"Latha Mathavan Engineering College, Kidaripatti Post, Alagarkoil (Via), Melur Taluk, Madurai District 625301",MADURAI,SELF FINANCING COLLEGES TIER 3,CS,Computer Science and Engineering,104507.0,124432.0,125020.0,,119182.0,,,0,0,0,0,1,0,0,2021
5990,"Latha Mathavan Engineering College, Kidaripatti Post, Alagarkoil (Via), Melur Taluk, Madurai District 625301",MADURAI,SELF FINANCING COLLEGES TIER 3,EC,ELECTRONICS AND COMMUNICATION ENGINEERING,126038.0,,,,,,,1,0,0,0,0,0,0,2021
5990,"Latha Mathavan Engineering College, Kidaripatti Post, Alagarkoil (Via), Melur Taluk, Madurai District 625301",MADURAI,SELF FINANCING COLLEGES TIER 3,EE,Electrical and Electronics Engineering,118722.0,,,,,,,1,0,0,0,0,0,0,2021
5990,"Latha Mathavan Engineering College, Kidaripatti Post, Alagarkoil (Via), Melur Taluk, Madurai District 625301",MADURAI,SELF FINANCING COLLEGES TIER 3,ME,Mechanical Engineering,135136.0,,,,,,,1,0,0,0,0,0,0,2021
